{
  "version": 1,
  "method": "plan_scale_plus_correspondences",
  "plan_image": "YOUR_TOPVIEW_SKATE.png",
  "source_frame": "input_skate_1.MOV@frame0",
  "invert_plan_y": false,
  "meters_per_plan_pixel": 0.05431190417740396,
  "plan_origin_pixel": [
    160.875,
    523.41
  ],
  "scale_reference": {
    "plan_point_1": [
      160.875,
      523.41
    ],
    "plan_point_2": [
      308.155,
      525.676
    ],
    "distance_m": 8.0
  },
  "image_points": [
    [
      436.056,
      645.634
    ],
    [
      209.577,
      726.761
    ],
    [
      672.676,
      1064.789
    ],
    [
      1074.93,
      1680.0
    ],
    [
      750.423,
      794.366
    ],
    [
      30.423,
      1281.127
    ],
    [
      341.408,
      632.113
    ]
  ],
  "plan_points_px": [
    [
      305.889,
      40.785
    ],
    [
      188.065,
      405.586
    ],
    [
      310.421,
      530.208
    ],
    [
      308.155,
      928.996
    ],
    [
      389.725,
      312.687
    ],
    [
      201.66,
      956.187
    ],
    [
      235.648,
      176.736
    ]
  ],
  "world_points": [
    [
      7.875986,
      -26.212283
    ],
    [
      1.476741,
      -6.399246
    ],
    [
      8.122128,
      0.369212
    ],
    [
      7.999057,
      22.028148
    ],
    [
      12.429279,
      -11.444767
    ],
    [
      2.215111,
      23.504943
    ],
    [
      4.061064,
      -18.828525
    ]
  ],
  "homography_matrix": [
    [
      -0.042529649649077114,
      -0.01841710912387368,
      20.74932778079177
    ],
    [
      0.047986213978483135,
      -0.09309057500329503,
      65.04336240438026
    ],
    [
      -0.001793953623806289,
      -0.0025001647884777965,
      0.9999999999999999
    ]
  ],
  "diagnostics": {
    "n_pairs": 7,
    "n_inliers": 5,
    "cam_display_scale": 0.295833,
    "top_display_scale": 0.441336,
    "mean_reprojection_error_m": 3.7572,
    "median_reprojection_error_m": 1.3803,
    "max_reprojection_error_m": 14.5663
  }
}