{
  "version": 1,
  "method": "plan_scale_plus_correspondences",
  "plan_image": "top-view.png",
  "source_frame": "input_macba.MOV@frame0",
  "invert_plan_y": false,
  "meters_per_plan_pixel": 0.07663839629915188,
  "plan_origin_pixel": [
    579.996,
    258.03
  ],
  "scale_reference": {
    "plan_point_1": [
      579.996,
      258.03
    ],
    "plan_point_2": [
      625.665,
      258.03
    ],
    "distance_m": 3.5
  },
  "image_points": [
    [
      480.0,
      692.958
    ],
    [
      452.958,
      774.085
    ],
    [
      415.775,
      899.155
    ],
    [
      331.268,
      1122.254
    ],
    [
      922.817,
      1129.014
    ],
    [
      824.789,
      889.014
    ]
  ],
  "plan_points_px": [
    [
      532.044,
      278.581
    ],
    [
      532.044,
      360.785
    ],
    [
      532.044,
      445.273
    ],
    [
      529.761,
      525.194
    ],
    [
      600.548,
      527.477
    ],
    [
      600.548,
      445.273
    ]
  ],
  "world_points": [
    [
      -3.674964,
      1.574996
    ],
    [
      -3.674964,
      7.874978
    ],
    [
      -3.674964,
      14.350003
    ],
    [
      -3.84993,
      20.475021
    ],
    [
      1.575072,
      20.649986
    ],
    [
      1.575072,
      14.350003
    ]
  ],
  "homography_matrix": [
    [
      -0.018010819631815046,
      0.0034429556091172915,
      9.468099885973189
    ],
    [
      -0.005459029868394369,
      -0.09050930690783408,
      63.98265602055614
    ],
    [
      -0.00026345838189001256,
      -0.0025251050625155888,
      1.0
    ]
  ],
  "diagnostics": {
    "n_pairs": 6,
    "n_inliers": 6,
    "cam_display_scale": 0.295833,
    "top_display_scale": 0.437934,
    "mean_reprojection_error_m": 0.048,
    "median_reprojection_error_m": 0.0337,
    "max_reprojection_error_m": 0.0972
  }
}