trajectory_id,recording_id,split,n_rows,n_train_windows,n_eval_windows
esplanade_espanya_01__112,esplanade_espanya_01,test,2799,2789,2780
esplanade_espanya_01__1122,esplanade_espanya_01,test,289,279,270
esplanade_espanya_01__118,esplanade_espanya_01,test,1747,1737,1728
esplanade_espanya_01__1247,esplanade_espanya_01,test,143,133,124
esplanade_espanya_01__1279,esplanade_espanya_01,test,301,291,282
esplanade_espanya_01__1290,esplanade_espanya_01,test,923,913,904
esplanade_espanya_01__132,esplanade_espanya_01,test,19,9,0
esplanade_espanya_01__1348,esplanade_espanya_01,test,789,779,770
esplanade_espanya_01__1387,esplanade_espanya_01,test,2163,2153,2144
esplanade_espanya_01__1422,esplanade_espanya_01,test,19,9,0
esplanade_espanya_01__1822,esplanade_espanya_01,test,392,382,373
esplanade_espanya_01__1840,esplanade_espanya_01,test,83,73,64
esplanade_espanya_01__1877,esplanade_espanya_01,test,427,417,408
esplanade_espanya_01__1882,esplanade_espanya_01,test,215,205,196
esplanade_espanya_01__1890,esplanade_espanya_01,test,415,405,396
esplanade_espanya_01__1954,esplanade_espanya_01,test,550,540,531
esplanade_espanya_01__1996,esplanade_espanya_01,test,801,791,782
esplanade_espanya_01__20,esplanade_espanya_01,test,320,310,301
esplanade_espanya_01__2069,esplanade_espanya_01,test,814,804,795
esplanade_espanya_01__2147,esplanade_espanya_01,test,95,85,76
esplanade_espanya_01__2190,esplanade_espanya_01,test,714,704,695
esplanade_espanya_01__2236,esplanade_espanya_01,test,326,316,307
esplanade_espanya_01__2360,esplanade_espanya_01,test,509,499,490
esplanade_espanya_01__257,esplanade_espanya_01,test,76,66,57
esplanade_espanya_01__2756,esplanade_espanya_01,test,117,107,98
esplanade_espanya_01__2820,esplanade_espanya_01,test,86,76,67
esplanade_espanya_01__2849,esplanade_espanya_01,test,866,856,847
esplanade_espanya_01__2882,esplanade_espanya_01,test,24,14,5
esplanade_espanya_01__2930,esplanade_espanya_01,test,102,92,83
esplanade_espanya_01__2938,esplanade_espanya_01,test,12,2,0
esplanade_espanya_01__2964,esplanade_espanya_01,test,39,29,20
esplanade_espanya_01__3007,esplanade_espanya_01,test,84,74,65
esplanade_espanya_01__3037,esplanade_espanya_01,test,886,876,867
esplanade_espanya_01__3138,esplanade_espanya_01,test,99,89,80
esplanade_espanya_01__3160,esplanade_espanya_01,test,390,380,371
esplanade_espanya_01__3165,esplanade_espanya_01,test,143,133,124
esplanade_espanya_01__3235,esplanade_espanya_01,test,54,44,35
esplanade_espanya_01__3318,esplanade_espanya_01,test,50,40,31
esplanade_espanya_01__3703,esplanade_espanya_01,test,146,136,127
esplanade_espanya_01__3939,esplanade_espanya_01,test,791,781,772
esplanade_espanya_01__4152,esplanade_espanya_01,test,420,410,401
esplanade_espanya_01__4214,esplanade_espanya_01,test,221,211,202
esplanade_espanya_01__4235,esplanade_espanya_01,test,18,8,0
esplanade_espanya_01__4271,esplanade_espanya_01,test,224,214,205
esplanade_espanya_01__4345,esplanade_espanya_01,test,42,32,23
esplanade_espanya_01__516,esplanade_espanya_01,test,1692,1682,1673
esplanade_espanya_01__585,esplanade_espanya_01,test,3678,3668,3659
esplanade_espanya_01__632,esplanade_espanya_01,test,1524,1514,1505
esplanade_espanya_01__704,esplanade_espanya_01,test,116,106,97
esplanade_espanya_01__750,esplanade_espanya_01,test,259,249,240
esplanade_espanya_01__813,esplanade_espanya_01,test,36,26,17
esplanade_espanya_01__843,esplanade_espanya_01,test,2147,2137,2128
esplanade_espanya_01__1,esplanade_espanya_01,train,3675,3665,3656
esplanade_espanya_01__1013,esplanade_espanya_01,train,118,108,99
esplanade_espanya_01__102,esplanade_espanya_01,train,3898,3888,3879
esplanade_espanya_01__1029,esplanade_espanya_01,train,305,295,286
esplanade_espanya_01__1036,esplanade_espanya_01,train,186,176,167
esplanade_espanya_01__1046,esplanade_espanya_01,train,179,169,160
esplanade_espanya_01__105,esplanade_espanya_01,train,4873,4863,4854
esplanade_espanya_01__1061,esplanade_espanya_01,train,210,200,191
esplanade_espanya_01__1077,esplanade_espanya_01,train,19,9,0
esplanade_espanya_01__109,esplanade_espanya_01,train,2072,2062,2053
esplanade_espanya_01__11,esplanade_espanya_01,train,1776,1766,1757
esplanade_espanya_01__1108,esplanade_espanya_01,train,134,124,115
esplanade_espanya_01__1111,esplanade_espanya_01,train,1892,1882,1873
esplanade_espanya_01__1133,esplanade_espanya_01,train,933,923,914
esplanade_espanya_01__1137,esplanade_espanya_01,train,4669,4659,4650
esplanade_espanya_01__1155,esplanade_espanya_01,train,65,55,46
esplanade_espanya_01__117,esplanade_espanya_01,train,2360,2350,2341
esplanade_espanya_01__1190,esplanade_espanya_01,train,371,361,352
esplanade_espanya_01__1191,esplanade_espanya_01,train,58,48,39
esplanade_espanya_01__12,esplanade_espanya_01,train,1796,1786,1777
esplanade_espanya_01__120,esplanade_espanya_01,train,36,26,17
esplanade_espanya_01__1212,esplanade_espanya_01,train,39,29,20
esplanade_espanya_01__1215,esplanade_espanya_01,train,55,45,36
esplanade_espanya_01__1229,esplanade_espanya_01,train,496,486,477
esplanade_espanya_01__1254,esplanade_espanya_01,train,28,18,9
esplanade_espanya_01__1258,esplanade_espanya_01,train,40,30,21
esplanade_espanya_01__13,esplanade_espanya_01,train,2122,2112,2103
esplanade_espanya_01__1300,esplanade_espanya_01,train,381,371,362
esplanade_espanya_01__1311,esplanade_espanya_01,train,1482,1472,1463
esplanade_espanya_01__1313,esplanade_espanya_01,train,50,40,31
esplanade_espanya_01__1318,esplanade_espanya_01,train,24,14,5
esplanade_espanya_01__1355,esplanade_espanya_01,train,46,36,27
esplanade_espanya_01__1376,esplanade_espanya_01,train,124,114,105
esplanade_espanya_01__1379,esplanade_espanya_01,train,67,57,48
esplanade_espanya_01__1382,esplanade_espanya_01,train,34,24,15
esplanade_espanya_01__1385,esplanade_espanya_01,train,11,1,0
esplanade_espanya_01__1395,esplanade_espanya_01,train,66,56,47
esplanade_espanya_01__14,esplanade_espanya_01,train,1329,1319,1310
esplanade_espanya_01__140,esplanade_espanya_01,train,1767,1757,1748
esplanade_espanya_01__1400,esplanade_espanya_01,train,17,7,0
esplanade_espanya_01__1406,esplanade_espanya_01,train,84,74,65
esplanade_espanya_01__1408,esplanade_espanya_01,train,184,174,165
esplanade_espanya_01__1413,esplanade_espanya_01,train,230,220,211
esplanade_espanya_01__1426,esplanade_espanya_01,train,52,42,33
esplanade_espanya_01__1431,esplanade_espanya_01,train,490,480,471
esplanade_espanya_01__1432,esplanade_espanya_01,train,1766,1756,1747
esplanade_espanya_01__1436,esplanade_espanya_01,train,50,40,31
esplanade_espanya_01__1451,esplanade_espanya_01,train,63,53,44
esplanade_espanya_01__15,esplanade_espanya_01,train,1126,1116,1107
esplanade_espanya_01__1504,esplanade_espanya_01,train,187,177,168
esplanade_espanya_01__151,esplanade_espanya_01,train,23,13,4
esplanade_espanya_01__1522,esplanade_espanya_01,train,289,279,270
esplanade_espanya_01__1534,esplanade_espanya_01,train,30,20,11
esplanade_espanya_01__1550,esplanade_espanya_01,train,2047,2037,2028
esplanade_espanya_01__1557,esplanade_espanya_01,train,1986,1976,1967
esplanade_espanya_01__1564,esplanade_espanya_01,train,314,304,295
esplanade_espanya_01__1584,esplanade_espanya_01,train,47,37,28
esplanade_espanya_01__1587,esplanade_espanya_01,train,2093,2083,2074
esplanade_espanya_01__1592,esplanade_espanya_01,train,42,32,23
esplanade_espanya_01__1597,esplanade_espanya_01,train,3613,3603,3594
esplanade_espanya_01__16,esplanade_espanya_01,train,1853,1843,1834
esplanade_espanya_01__1623,esplanade_espanya_01,train,50,40,31
esplanade_espanya_01__1638,esplanade_espanya_01,train,20,10,1
esplanade_espanya_01__164,esplanade_espanya_01,train,26,16,7
esplanade_espanya_01__1640,esplanade_espanya_01,train,1836,1826,1817
esplanade_espanya_01__1658,esplanade_espanya_01,train,79,69,60
esplanade_espanya_01__1682,esplanade_espanya_01,train,98,88,79
esplanade_espanya_01__1698,esplanade_espanya_01,train,111,101,92
esplanade_espanya_01__1702,esplanade_espanya_01,train,31,21,12
esplanade_espanya_01__1703,esplanade_espanya_01,train,99,89,80
esplanade_espanya_01__1707,esplanade_espanya_01,train,50,40,31
esplanade_espanya_01__1746,esplanade_espanya_01,train,227,217,208
esplanade_espanya_01__1753,esplanade_espanya_01,train,279,269,260
esplanade_espanya_01__1768,esplanade_espanya_01,train,84,74,65
esplanade_espanya_01__18,esplanade_espanya_01,train,1367,1357,1348
esplanade_espanya_01__180,esplanade_espanya_01,train,72,62,53
esplanade_espanya_01__1818,esplanade_espanya_01,train,371,361,352
esplanade_espanya_01__182,esplanade_espanya_01,train,3220,3210,3201
esplanade_espanya_01__1837,esplanade_espanya_01,train,386,376,367
esplanade_espanya_01__1847,esplanade_espanya_01,train,614,604,595
esplanade_espanya_01__1862,esplanade_espanya_01,train,289,279,270
esplanade_espanya_01__1868,esplanade_espanya_01,train,1242,1232,1223
esplanade_espanya_01__1887,esplanade_espanya_01,train,29,19,10
esplanade_espanya_01__1891,esplanade_espanya_01,train,373,363,354
esplanade_espanya_01__1893,esplanade_espanya_01,train,159,149,140
esplanade_espanya_01__1906,esplanade_espanya_01,train,1426,1416,1407
esplanade_espanya_01__1908,esplanade_espanya_01,train,20,10,1
esplanade_espanya_01__1914,esplanade_espanya_01,train,856,846,837
esplanade_espanya_01__1916,esplanade_espanya_01,train,2319,2309,2300
esplanade_espanya_01__1922,esplanade_espanya_01,train,183,173,164
esplanade_espanya_01__1929,esplanade_espanya_01,train,181,171,162
esplanade_espanya_01__1939,esplanade_espanya_01,train,1407,1397,1388
esplanade_espanya_01__1946,esplanade_espanya_01,train,3276,3266,3257
esplanade_espanya_01__1955,esplanade_espanya_01,train,827,817,808
esplanade_espanya_01__1959,esplanade_espanya_01,train,363,353,344
esplanade_espanya_01__1965,esplanade_espanya_01,train,320,310,301
esplanade_espanya_01__1969,esplanade_espanya_01,train,496,486,477
esplanade_espanya_01__1980,esplanade_espanya_01,train,216,206,197
esplanade_espanya_01__1981,esplanade_espanya_01,train,1304,1294,1285
esplanade_espanya_01__1994,esplanade_espanya_01,train,99,89,80
esplanade_espanya_01__1998,esplanade_espanya_01,train,215,205,196
esplanade_espanya_01__1999,esplanade_espanya_01,train,362,352,343
esplanade_espanya_01__2,esplanade_espanya_01,train,2980,2970,2961
esplanade_espanya_01__201,esplanade_espanya_01,train,23,13,4
esplanade_espanya_01__2014,esplanade_espanya_01,train,526,516,507
esplanade_espanya_01__2019,esplanade_espanya_01,train,714,704,695
esplanade_espanya_01__2023,esplanade_espanya_01,train,654,644,635
esplanade_espanya_01__2028,esplanade_espanya_01,train,133,123,114
esplanade_espanya_01__203,esplanade_espanya_01,train,2797,2787,2778
esplanade_espanya_01__2031,esplanade_espanya_01,train,297,287,278
esplanade_espanya_01__2040,esplanade_espanya_01,train,1238,1228,1219
esplanade_espanya_01__205,esplanade_espanya_01,train,15,5,0
esplanade_espanya_01__2050,esplanade_espanya_01,train,412,402,393
esplanade_espanya_01__2056,esplanade_espanya_01,train,113,103,94
esplanade_espanya_01__2057,esplanade_espanya_01,train,1075,1065,1056
esplanade_espanya_01__2061,esplanade_espanya_01,train,894,884,875
esplanade_espanya_01__2064,esplanade_espanya_01,train,169,159,150
esplanade_espanya_01__2067,esplanade_espanya_01,train,1717,1707,1698
esplanade_espanya_01__2068,esplanade_espanya_01,train,24,14,5
esplanade_espanya_01__2070,esplanade_espanya_01,train,508,498,489
esplanade_espanya_01__2078,esplanade_espanya_01,train,887,877,868
esplanade_espanya_01__2079,esplanade_espanya_01,train,3279,3269,3260
esplanade_espanya_01__2086,esplanade_espanya_01,train,695,685,676
esplanade_espanya_01__2092,esplanade_espanya_01,train,361,351,342
esplanade_espanya_01__2095,esplanade_espanya_01,train,28,18,9
esplanade_espanya_01__21,esplanade_espanya_01,train,2039,2029,2020
esplanade_espanya_01__2100,esplanade_espanya_01,train,3232,3222,3213
esplanade_espanya_01__2104,esplanade_espanya_01,train,102,92,83
esplanade_espanya_01__2117,esplanade_espanya_01,train,14,4,0
esplanade_espanya_01__2118,esplanade_espanya_01,train,68,58,49
esplanade_espanya_01__2127,esplanade_espanya_01,train,87,77,68
esplanade_espanya_01__2128,esplanade_espanya_01,train,285,275,266
esplanade_espanya_01__2129,esplanade_espanya_01,train,1210,1200,1191
esplanade_espanya_01__2131,esplanade_espanya_01,train,169,159,150
esplanade_espanya_01__2139,esplanade_espanya_01,train,79,69,60
esplanade_espanya_01__2142,esplanade_espanya_01,train,295,285,276
esplanade_espanya_01__2143,esplanade_espanya_01,train,42,32,23
esplanade_espanya_01__2145,esplanade_espanya_01,train,13,3,0
esplanade_espanya_01__2152,esplanade_espanya_01,train,666,656,647
esplanade_espanya_01__2153,esplanade_espanya_01,train,525,515,506
esplanade_espanya_01__2155,esplanade_espanya_01,train,588,578,569
esplanade_espanya_01__216,esplanade_espanya_01,train,10,0,0
esplanade_espanya_01__2173,esplanade_espanya_01,train,191,181,172
esplanade_espanya_01__2175,esplanade_espanya_01,train,25,15,6
esplanade_espanya_01__22,esplanade_espanya_01,train,806,796,787
esplanade_espanya_01__2201,esplanade_espanya_01,train,19,9,0
esplanade_espanya_01__2203,esplanade_espanya_01,train,1193,1183,1174
esplanade_espanya_01__2219,esplanade_espanya_01,train,759,749,740
esplanade_espanya_01__2249,esplanade_espanya_01,train,38,28,19
esplanade_espanya_01__2267,esplanade_espanya_01,train,2811,2801,2792
esplanade_espanya_01__2285,esplanade_espanya_01,train,634,624,615
esplanade_espanya_01__23,esplanade_espanya_01,train,111,101,92
esplanade_espanya_01__2301,esplanade_espanya_01,train,151,141,132
esplanade_espanya_01__2309,esplanade_espanya_01,train,321,311,302
esplanade_espanya_01__2313,esplanade_espanya_01,train,252,242,233
esplanade_espanya_01__2321,esplanade_espanya_01,train,231,221,212
esplanade_espanya_01__2329,esplanade_espanya_01,train,1391,1381,1372
esplanade_espanya_01__2340,esplanade_espanya_01,train,1214,1204,1195
esplanade_espanya_01__2346,esplanade_espanya_01,train,48,38,29
esplanade_espanya_01__2351,esplanade_espanya_01,train,1575,1565,1556
esplanade_espanya_01__2353,esplanade_espanya_01,train,240,230,221
esplanade_espanya_01__2362,esplanade_espanya_01,train,69,59,50
esplanade_espanya_01__2364,esplanade_espanya_01,train,32,22,13
esplanade_espanya_01__2384,esplanade_espanya_01,train,581,571,562
esplanade_espanya_01__24,esplanade_espanya_01,train,127,117,108
esplanade_espanya_01__2419,esplanade_espanya_01,train,529,519,510
esplanade_espanya_01__2428,esplanade_espanya_01,train,2357,2347,2338
esplanade_espanya_01__2430,esplanade_espanya_01,train,665,655,646
esplanade_espanya_01__2437,esplanade_espanya_01,train,2794,2784,2775
esplanade_espanya_01__2444,esplanade_espanya_01,train,14,4,0
esplanade_espanya_01__2458,esplanade_espanya_01,train,31,21,12
esplanade_espanya_01__2459,esplanade_espanya_01,train,59,49,40
esplanade_espanya_01__246,esplanade_espanya_01,train,18,8,0
esplanade_espanya_01__2471,esplanade_espanya_01,train,110,100,91
esplanade_espanya_01__2478,esplanade_espanya_01,train,83,73,64
esplanade_espanya_01__2495,esplanade_espanya_01,train,95,85,76
esplanade_espanya_01__25,esplanade_espanya_01,train,233,223,214
esplanade_espanya_01__2500,esplanade_espanya_01,train,384,374,365
esplanade_espanya_01__2517,esplanade_espanya_01,train,134,124,115
esplanade_espanya_01__2522,esplanade_espanya_01,train,2660,2650,2641
esplanade_espanya_01__253,esplanade_espanya_01,train,705,695,686
esplanade_espanya_01__2532,esplanade_espanya_01,train,919,909,900
esplanade_espanya_01__2543,esplanade_espanya_01,train,286,276,267
esplanade_espanya_01__2546,esplanade_espanya_01,train,32,22,13
esplanade_espanya_01__2553,esplanade_espanya_01,train,664,654,645
esplanade_espanya_01__2570,esplanade_espanya_01,train,13,3,0
esplanade_espanya_01__2575,esplanade_espanya_01,train,26,16,7
esplanade_espanya_01__2579,esplanade_espanya_01,train,67,57,48
esplanade_espanya_01__258,esplanade_espanya_01,train,27,17,8
esplanade_espanya_01__2589,esplanade_espanya_01,train,122,112,103
esplanade_espanya_01__2594,esplanade_espanya_01,train,12,2,0
esplanade_espanya_01__2599,esplanade_espanya_01,train,543,533,524
esplanade_espanya_01__26,esplanade_espanya_01,train,2183,2173,2164
esplanade_espanya_01__2601,esplanade_espanya_01,train,209,199,190
esplanade_espanya_01__2620,esplanade_espanya_01,train,1062,1052,1043
esplanade_espanya_01__2632,esplanade_espanya_01,train,18,8,0
esplanade_espanya_01__2633,esplanade_espanya_01,train,57,47,38
esplanade_espanya_01__2635,esplanade_espanya_01,train,348,338,329
esplanade_espanya_01__2638,esplanade_espanya_01,train,2520,2510,2501
esplanade_espanya_01__2656,esplanade_espanya_01,train,524,514,505
esplanade_espanya_01__2659,esplanade_espanya_01,train,21,11,2
esplanade_espanya_01__2700,esplanade_espanya_01,train,796,786,777
esplanade_espanya_01__2713,esplanade_espanya_01,train,159,149,140
esplanade_espanya_01__2714,esplanade_espanya_01,train,10,0,0
esplanade_espanya_01__2719,esplanade_espanya_01,train,300,290,281
esplanade_espanya_01__2729,esplanade_espanya_01,train,32,22,13
esplanade_espanya_01__2736,esplanade_espanya_01,train,80,70,61
esplanade_espanya_01__2740,esplanade_espanya_01,train,351,341,332
esplanade_espanya_01__2748,esplanade_espanya_01,train,226,216,207
esplanade_espanya_01__2751,esplanade_espanya_01,train,22,12,3
esplanade_espanya_01__2755,esplanade_espanya_01,train,173,163,154
esplanade_espanya_01__2763,esplanade_espanya_01,train,118,108,99
esplanade_espanya_01__2778,esplanade_espanya_01,train,1732,1722,1713
esplanade_espanya_01__278,esplanade_espanya_01,train,81,71,62
esplanade_espanya_01__2812,esplanade_espanya_01,train,201,191,182
esplanade_espanya_01__2828,esplanade_espanya_01,train,106,96,87
esplanade_espanya_01__2855,esplanade_espanya_01,train,42,32,23
esplanade_espanya_01__2880,esplanade_espanya_01,train,620,610,601
esplanade_espanya_01__29,esplanade_espanya_01,train,588,578,569
esplanade_espanya_01__2908,esplanade_espanya_01,train,2231,2221,2212
esplanade_espanya_01__2917,esplanade_espanya_01,train,1931,1921,1912
esplanade_espanya_01__2921,esplanade_espanya_01,train,24,14,5
esplanade_espanya_01__2925,esplanade_espanya_01,train,15,5,0
esplanade_espanya_01__2929,esplanade_espanya_01,train,85,75,66
esplanade_espanya_01__2943,esplanade_espanya_01,train,22,12,3
esplanade_espanya_01__2963,esplanade_espanya_01,train,66,56,47
esplanade_espanya_01__2965,esplanade_espanya_01,train,2188,2178,2169
esplanade_espanya_01__2971,esplanade_espanya_01,train,36,26,17
esplanade_espanya_01__2975,esplanade_espanya_01,train,101,91,82
esplanade_espanya_01__2993,esplanade_espanya_01,train,11,1,0
esplanade_espanya_01__2998,esplanade_espanya_01,train,22,12,3
esplanade_espanya_01__3003,esplanade_espanya_01,train,388,378,369
esplanade_espanya_01__3006,esplanade_espanya_01,train,75,65,56
esplanade_espanya_01__3032,esplanade_espanya_01,train,2088,2078,2069
esplanade_espanya_01__3041,esplanade_espanya_01,train,74,64,55
esplanade_espanya_01__307,esplanade_espanya_01,train,1747,1737,1728
esplanade_espanya_01__3077,esplanade_espanya_01,train,199,189,180
esplanade_espanya_01__3086,esplanade_espanya_01,train,43,33,24
esplanade_espanya_01__3094,esplanade_espanya_01,train,37,27,18
esplanade_espanya_01__312,esplanade_espanya_01,train,26,16,7
esplanade_espanya_01__3120,esplanade_espanya_01,train,34,24,15
esplanade_espanya_01__3121,esplanade_espanya_01,train,1975,1965,1956
esplanade_espanya_01__3149,esplanade_espanya_01,train,189,179,170
esplanade_espanya_01__3176,esplanade_espanya_01,train,76,66,57
esplanade_espanya_01__3184,esplanade_espanya_01,train,260,250,241
esplanade_espanya_01__3187,esplanade_espanya_01,train,46,36,27
esplanade_espanya_01__3203,esplanade_espanya_01,train,1864,1854,1845
esplanade_espanya_01__3218,esplanade_espanya_01,train,1852,1842,1833
esplanade_espanya_01__3225,esplanade_espanya_01,train,318,308,299
esplanade_espanya_01__3232,esplanade_espanya_01,train,97,87,78
esplanade_espanya_01__3245,esplanade_espanya_01,train,60,50,41
esplanade_espanya_01__3274,esplanade_espanya_01,train,30,20,11
esplanade_espanya_01__3286,esplanade_espanya_01,train,47,37,28
esplanade_espanya_01__3293,esplanade_espanya_01,train,62,52,43
esplanade_espanya_01__3295,esplanade_espanya_01,train,81,71,62
esplanade_espanya_01__3316,esplanade_espanya_01,train,231,221,212
esplanade_espanya_01__332,esplanade_espanya_01,train,273,263,254
esplanade_espanya_01__3335,esplanade_espanya_01,train,99,89,80
esplanade_espanya_01__3354,esplanade_espanya_01,train,10,0,0
esplanade_espanya_01__3361,esplanade_espanya_01,train,770,760,751
esplanade_espanya_01__3362,esplanade_espanya_01,train,247,237,228
esplanade_espanya_01__3367,esplanade_espanya_01,train,878,868,859
esplanade_espanya_01__3384,esplanade_espanya_01,train,263,253,244
esplanade_espanya_01__3388,esplanade_espanya_01,train,179,169,160
esplanade_espanya_01__3389,esplanade_espanya_01,train,81,71,62
esplanade_espanya_01__3415,esplanade_espanya_01,train,62,52,43
esplanade_espanya_01__3420,esplanade_espanya_01,train,164,154,145
esplanade_espanya_01__3424,esplanade_espanya_01,train,84,74,65
esplanade_espanya_01__3443,esplanade_espanya_01,train,11,1,0
esplanade_espanya_01__3449,esplanade_espanya_01,train,36,26,17
esplanade_espanya_01__3456,esplanade_espanya_01,train,157,147,138
esplanade_espanya_01__3481,esplanade_espanya_01,train,71,61,52
esplanade_espanya_01__3485,esplanade_espanya_01,train,291,281,272
esplanade_espanya_01__3486,esplanade_espanya_01,train,286,276,267
esplanade_espanya_01__3507,esplanade_espanya_01,train,747,737,728
esplanade_espanya_01__3518,esplanade_espanya_01,train,29,19,10
esplanade_espanya_01__3535,esplanade_espanya_01,train,91,81,72
esplanade_espanya_01__354,esplanade_espanya_01,train,74,64,55
esplanade_espanya_01__3545,esplanade_espanya_01,train,47,37,28
esplanade_espanya_01__3553,esplanade_espanya_01,train,346,336,327
esplanade_espanya_01__357,esplanade_espanya_01,train,63,53,44
esplanade_espanya_01__3579,esplanade_espanya_01,train,14,4,0
esplanade_espanya_01__3591,esplanade_espanya_01,train,48,38,29
esplanade_espanya_01__3668,esplanade_espanya_01,train,126,116,107
esplanade_espanya_01__3696,esplanade_espanya_01,train,128,118,109
esplanade_espanya_01__3699,esplanade_espanya_01,train,166,156,147
esplanade_espanya_01__3701,esplanade_espanya_01,train,85,75,66
esplanade_espanya_01__3721,esplanade_espanya_01,train,70,60,51
esplanade_espanya_01__3726,esplanade_espanya_01,train,1144,1134,1125
esplanade_espanya_01__3730,esplanade_espanya_01,train,116,106,97
esplanade_espanya_01__3741,esplanade_espanya_01,train,1122,1112,1103
esplanade_espanya_01__3742,esplanade_espanya_01,train,54,44,35
esplanade_espanya_01__3749,esplanade_espanya_01,train,122,112,103
esplanade_espanya_01__3759,esplanade_espanya_01,train,32,22,13
esplanade_espanya_01__3769,esplanade_espanya_01,train,113,103,94
esplanade_espanya_01__3772,esplanade_espanya_01,train,55,45,36
esplanade_espanya_01__378,esplanade_espanya_01,train,15,5,0
esplanade_espanya_01__3794,esplanade_espanya_01,train,21,11,2
esplanade_espanya_01__380,esplanade_espanya_01,train,11,1,0
esplanade_espanya_01__3828,esplanade_espanya_01,train,57,47,38
esplanade_espanya_01__3835,esplanade_espanya_01,train,64,54,45
esplanade_espanya_01__3839,esplanade_espanya_01,train,109,99,90
esplanade_espanya_01__3860,esplanade_espanya_01,train,99,89,80
esplanade_espanya_01__3861,esplanade_espanya_01,train,283,273,264
esplanade_espanya_01__3862,esplanade_espanya_01,train,299,289,280
esplanade_espanya_01__3873,esplanade_espanya_01,train,232,222,213
esplanade_espanya_01__3879,esplanade_espanya_01,train,31,21,12
esplanade_espanya_01__3880,esplanade_espanya_01,train,85,75,66
esplanade_espanya_01__3886,esplanade_espanya_01,train,75,65,56
esplanade_espanya_01__389,esplanade_espanya_01,train,56,46,37
esplanade_espanya_01__3894,esplanade_espanya_01,train,76,66,57
esplanade_espanya_01__3898,esplanade_espanya_01,train,697,687,678
esplanade_espanya_01__390,esplanade_espanya_01,train,22,12,3
esplanade_espanya_01__3907,esplanade_espanya_01,train,552,542,533
esplanade_espanya_01__3914,esplanade_espanya_01,train,29,19,10
esplanade_espanya_01__3923,esplanade_espanya_01,train,102,92,83
esplanade_espanya_01__3928,esplanade_espanya_01,train,16,6,0
esplanade_espanya_01__3948,esplanade_espanya_01,train,11,1,0
esplanade_espanya_01__3954,esplanade_espanya_01,train,14,4,0
esplanade_espanya_01__3960,esplanade_espanya_01,train,11,1,0
esplanade_espanya_01__3991,esplanade_espanya_01,train,21,11,2
esplanade_espanya_01__3994,esplanade_espanya_01,train,155,145,136
esplanade_espanya_01__4,esplanade_espanya_01,train,1277,1267,1258
esplanade_espanya_01__4010,esplanade_espanya_01,train,248,238,229
esplanade_espanya_01__4027,esplanade_espanya_01,train,76,66,57
esplanade_espanya_01__4055,esplanade_espanya_01,train,93,83,74
esplanade_espanya_01__4056,esplanade_espanya_01,train,19,9,0
esplanade_espanya_01__4079,esplanade_espanya_01,train,392,382,373
esplanade_espanya_01__4081,esplanade_espanya_01,train,53,43,34
esplanade_espanya_01__4084,esplanade_espanya_01,train,586,576,567
esplanade_espanya_01__4104,esplanade_espanya_01,train,354,344,335
esplanade_espanya_01__4111,esplanade_espanya_01,train,401,391,382
esplanade_espanya_01__4131,esplanade_espanya_01,train,34,24,15
esplanade_espanya_01__4141,esplanade_espanya_01,train,26,16,7
esplanade_espanya_01__4145,esplanade_espanya_01,train,426,416,407
esplanade_espanya_01__4147,esplanade_espanya_01,train,165,155,146
esplanade_espanya_01__4167,esplanade_espanya_01,train,43,33,24
esplanade_espanya_01__417,esplanade_espanya_01,train,55,45,36
esplanade_espanya_01__4173,esplanade_espanya_01,train,21,11,2
esplanade_espanya_01__4176,esplanade_espanya_01,train,32,22,13
esplanade_espanya_01__4180,esplanade_espanya_01,train,371,361,352
esplanade_espanya_01__4183,esplanade_espanya_01,train,25,15,6
esplanade_espanya_01__4198,esplanade_espanya_01,train,27,17,8
esplanade_espanya_01__4208,esplanade_espanya_01,train,311,301,292
esplanade_espanya_01__421,esplanade_espanya_01,train,468,458,449
esplanade_espanya_01__4210,esplanade_espanya_01,train,35,25,16
esplanade_espanya_01__4242,esplanade_espanya_01,train,11,1,0
esplanade_espanya_01__4245,esplanade_espanya_01,train,28,18,9
esplanade_espanya_01__4256,esplanade_espanya_01,train,120,110,101
esplanade_espanya_01__4257,esplanade_espanya_01,train,233,223,214
esplanade_espanya_01__4273,esplanade_espanya_01,train,58,48,39
esplanade_espanya_01__4279,esplanade_espanya_01,train,186,176,167
esplanade_espanya_01__4288,esplanade_espanya_01,train,191,181,172
esplanade_espanya_01__4289,esplanade_espanya_01,train,157,147,138
esplanade_espanya_01__4290,esplanade_espanya_01,train,178,168,159
esplanade_espanya_01__4293,esplanade_espanya_01,train,130,120,111
esplanade_espanya_01__4320,esplanade_espanya_01,train,145,135,126
esplanade_espanya_01__4330,esplanade_espanya_01,train,126,116,107
esplanade_espanya_01__4335,esplanade_espanya_01,train,122,112,103
esplanade_espanya_01__4336,esplanade_espanya_01,train,59,49,40
esplanade_espanya_01__4346,esplanade_espanya_01,train,41,31,22
esplanade_espanya_01__4364,esplanade_espanya_01,train,17,7,0
esplanade_espanya_01__476,esplanade_espanya_01,train,310,300,291
esplanade_espanya_01__481,esplanade_espanya_01,train,52,42,33
esplanade_espanya_01__514,esplanade_espanya_01,train,29,19,10
esplanade_espanya_01__518,esplanade_espanya_01,train,144,134,125
esplanade_espanya_01__521,esplanade_espanya_01,train,75,65,56
esplanade_espanya_01__523,esplanade_espanya_01,train,53,43,34
esplanade_espanya_01__525,esplanade_espanya_01,train,413,403,394
esplanade_espanya_01__55,esplanade_espanya_01,train,1918,1908,1899
esplanade_espanya_01__555,esplanade_espanya_01,train,12,2,0
esplanade_espanya_01__558,esplanade_espanya_01,train,40,30,21
esplanade_espanya_01__59,esplanade_espanya_01,train,2562,2552,2543
esplanade_espanya_01__591,esplanade_espanya_01,train,302,292,283
esplanade_espanya_01__6,esplanade_espanya_01,train,1696,1686,1677
esplanade_espanya_01__608,esplanade_espanya_01,train,876,866,857
esplanade_espanya_01__609,esplanade_espanya_01,train,19,9,0
esplanade_espanya_01__619,esplanade_espanya_01,train,21,11,2
esplanade_espanya_01__623,esplanade_espanya_01,train,916,906,897
esplanade_espanya_01__644,esplanade_espanya_01,train,46,36,27
esplanade_espanya_01__65,esplanade_espanya_01,train,2117,2107,2098
esplanade_espanya_01__650,esplanade_espanya_01,train,34,24,15
esplanade_espanya_01__657,esplanade_espanya_01,train,20,10,1
esplanade_espanya_01__662,esplanade_espanya_01,train,56,46,37
esplanade_espanya_01__670,esplanade_espanya_01,train,1889,1879,1870
esplanade_espanya_01__7,esplanade_espanya_01,train,872,862,853
esplanade_espanya_01__708,esplanade_espanya_01,train,3101,3091,3082
esplanade_espanya_01__714,esplanade_espanya_01,train,190,180,171
esplanade_espanya_01__720,esplanade_espanya_01,train,22,12,3
esplanade_espanya_01__723,esplanade_espanya_01,train,42,32,23
esplanade_espanya_01__727,esplanade_espanya_01,train,19,9,0
esplanade_espanya_01__740,esplanade_espanya_01,train,384,374,365
esplanade_espanya_01__788,esplanade_espanya_01,train,76,66,57
esplanade_espanya_01__799,esplanade_espanya_01,train,2978,2968,2959
esplanade_espanya_01__8,esplanade_espanya_01,train,580,570,561
esplanade_espanya_01__805,esplanade_espanya_01,train,327,317,308
esplanade_espanya_01__817,esplanade_espanya_01,train,3488,3478,3469
esplanade_espanya_01__818,esplanade_espanya_01,train,408,398,389
esplanade_espanya_01__819,esplanade_espanya_01,train,36,26,17
esplanade_espanya_01__826,esplanade_espanya_01,train,4190,4180,4171
esplanade_espanya_01__828,esplanade_espanya_01,train,82,72,63
esplanade_espanya_01__835,esplanade_espanya_01,train,29,19,10
esplanade_espanya_01__839,esplanade_espanya_01,train,16,6,0
esplanade_espanya_01__853,esplanade_espanya_01,train,47,37,28
esplanade_espanya_01__868,esplanade_espanya_01,train,55,45,36
esplanade_espanya_01__894,esplanade_espanya_01,train,898,888,879
esplanade_espanya_01__899,esplanade_espanya_01,train,103,93,84
esplanade_espanya_01__9,esplanade_espanya_01,train,1080,1070,1061
esplanade_espanya_01__921,esplanade_espanya_01,train,49,39,30
esplanade_espanya_01__923,esplanade_espanya_01,train,111,101,92
esplanade_espanya_01__928,esplanade_espanya_01,train,113,103,94
esplanade_espanya_01__939,esplanade_espanya_01,train,2305,2295,2286
esplanade_espanya_01__954,esplanade_espanya_01,train,33,23,14
esplanade_espanya_01__960,esplanade_espanya_01,train,16,6,0
esplanade_espanya_01__964,esplanade_espanya_01,train,154,144,135
esplanade_espanya_01__979,esplanade_espanya_01,train,44,34,25
esplanade_espanya_01__980,esplanade_espanya_01,train,212,202,193
esplanade_espanya_01__99,esplanade_espanya_01,train,390,380,371
esplanade_espanya_01__10,esplanade_espanya_01,val,2656,2646,2637
esplanade_espanya_01__108,esplanade_espanya_01,val,2334,2324,2315
esplanade_espanya_01__1132,esplanade_espanya_01,val,527,517,508
esplanade_espanya_01__1173,esplanade_espanya_01,val,36,26,17
esplanade_espanya_01__1347,esplanade_espanya_01,val,71,61,52
esplanade_espanya_01__1483,esplanade_espanya_01,val,61,51,42
esplanade_espanya_01__150,esplanade_espanya_01,val,5235,5225,5216
esplanade_espanya_01__1524,esplanade_espanya_01,val,417,407,398
esplanade_espanya_01__155,esplanade_espanya_01,val,98,88,79
esplanade_espanya_01__1562,esplanade_espanya_01,val,22,12,3
esplanade_espanya_01__1579,esplanade_espanya_01,val,1213,1203,1194
esplanade_espanya_01__1677,esplanade_espanya_01,val,64,54,45
esplanade_espanya_01__17,esplanade_espanya_01,val,5039,5029,5020
esplanade_espanya_01__1805,esplanade_espanya_01,val,290,280,271
esplanade_espanya_01__1829,esplanade_espanya_01,val,3662,3652,3643
esplanade_espanya_01__1884,esplanade_espanya_01,val,146,136,127
esplanade_espanya_01__1898,esplanade_espanya_01,val,106,96,87
esplanade_espanya_01__19,esplanade_espanya_01,val,999,989,980
esplanade_espanya_01__192,esplanade_espanya_01,val,35,25,16
esplanade_espanya_01__1921,esplanade_espanya_01,val,258,248,239
esplanade_espanya_01__1926,esplanade_espanya_01,val,71,61,52
esplanade_espanya_01__2005,esplanade_espanya_01,val,270,260,251
esplanade_espanya_01__2065,esplanade_espanya_01,val,210,200,191
esplanade_espanya_01__2096,esplanade_espanya_01,val,59,49,40
esplanade_espanya_01__2133,esplanade_espanya_01,val,86,76,67
esplanade_espanya_01__2170,esplanade_espanya_01,val,531,521,512
esplanade_espanya_01__2287,esplanade_espanya_01,val,176,166,157
esplanade_espanya_01__2334,esplanade_espanya_01,val,138,128,119
esplanade_espanya_01__2343,esplanade_espanya_01,val,915,905,896
esplanade_espanya_01__2441,esplanade_espanya_01,val,888,878,869
esplanade_espanya_01__2452,esplanade_espanya_01,val,297,287,278
esplanade_espanya_01__2453,esplanade_espanya_01,val,17,7,0
esplanade_espanya_01__2848,esplanade_espanya_01,val,25,15,6
esplanade_espanya_01__2861,esplanade_espanya_01,val,105,95,86
esplanade_espanya_01__3,esplanade_espanya_01,val,765,755,746
esplanade_espanya_01__3000,esplanade_espanya_01,val,40,30,21
esplanade_espanya_01__3019,esplanade_espanya_01,val,141,131,122
esplanade_espanya_01__3101,esplanade_espanya_01,val,111,101,92
esplanade_espanya_01__3122,esplanade_espanya_01,val,31,21,12
esplanade_espanya_01__3290,esplanade_espanya_01,val,78,68,59
esplanade_espanya_01__3473,esplanade_espanya_01,val,149,139,130
esplanade_espanya_01__3744,esplanade_espanya_01,val,10,0,0
esplanade_espanya_01__4041,esplanade_espanya_01,val,64,54,45
esplanade_espanya_01__4072,esplanade_espanya_01,val,140,130,121
esplanade_espanya_01__4278,esplanade_espanya_01,val,216,206,197
esplanade_espanya_01__4282,esplanade_espanya_01,val,179,169,160
esplanade_espanya_01__4310,esplanade_espanya_01,val,34,24,15
esplanade_espanya_01__5,esplanade_espanya_01,val,2766,2756,2747
esplanade_espanya_01__556,esplanade_espanya_01,val,77,67,58
esplanade_espanya_01__718,esplanade_espanya_01,val,755,745,736
esplanade_espanya_01__790,esplanade_espanya_01,val,21,11,2
esplanade_espanya_01__922,esplanade_espanya_01,val,76,66,57
placa_catalunya_01__1093,placa_catalunya_01,test,236,226,217
placa_catalunya_01__1124,placa_catalunya_01,test,41,31,22
placa_catalunya_01__1195,placa_catalunya_01,test,370,360,351
placa_catalunya_01__1248,placa_catalunya_01,test,34,24,15
placa_catalunya_01__126,placa_catalunya_01,test,42,32,23
placa_catalunya_01__1269,placa_catalunya_01,test,1637,1627,1618
placa_catalunya_01__1271,placa_catalunya_01,test,20,10,1
placa_catalunya_01__135,placa_catalunya_01,test,46,36,27
placa_catalunya_01__1386,placa_catalunya_01,test,66,56,47
placa_catalunya_01__1396,placa_catalunya_01,test,11,1,0
placa_catalunya_01__14,placa_catalunya_01,test,24,14,5
placa_catalunya_01__1468,placa_catalunya_01,test,37,27,18
placa_catalunya_01__1514,placa_catalunya_01,test,10,0,0
placa_catalunya_01__1575,placa_catalunya_01,test,787,777,768
placa_catalunya_01__1687,placa_catalunya_01,test,271,261,252
placa_catalunya_01__1702,placa_catalunya_01,test,14,4,0
placa_catalunya_01__174,placa_catalunya_01,test,80,70,61
placa_catalunya_01__1744,placa_catalunya_01,test,47,37,28
placa_catalunya_01__1749,placa_catalunya_01,test,127,117,108
placa_catalunya_01__175,placa_catalunya_01,test,61,51,42
placa_catalunya_01__1819,placa_catalunya_01,test,59,49,40
placa_catalunya_01__1846,placa_catalunya_01,test,122,112,103
placa_catalunya_01__1870,placa_catalunya_01,test,16,6,0
placa_catalunya_01__190,placa_catalunya_01,test,1240,1230,1221
placa_catalunya_01__1913,placa_catalunya_01,test,84,74,65
placa_catalunya_01__2007,placa_catalunya_01,test,27,17,8
placa_catalunya_01__2148,placa_catalunya_01,test,236,226,217
placa_catalunya_01__2209,placa_catalunya_01,test,185,175,166
placa_catalunya_01__2344,placa_catalunya_01,test,51,41,32
placa_catalunya_01__2562,placa_catalunya_01,test,34,24,15
placa_catalunya_01__26,placa_catalunya_01,test,329,319,310
placa_catalunya_01__2612,placa_catalunya_01,test,77,67,58
placa_catalunya_01__264,placa_catalunya_01,test,814,804,795
placa_catalunya_01__2651,placa_catalunya_01,test,191,181,172
placa_catalunya_01__2717,placa_catalunya_01,test,1670,1660,1651
placa_catalunya_01__2735,placa_catalunya_01,test,16,6,0
placa_catalunya_01__2750,placa_catalunya_01,test,170,160,151
placa_catalunya_01__279,placa_catalunya_01,test,113,103,94
placa_catalunya_01__293,placa_catalunya_01,test,203,193,184
placa_catalunya_01__3044,placa_catalunya_01,test,63,53,44
placa_catalunya_01__3084,placa_catalunya_01,test,367,357,348
placa_catalunya_01__3092,placa_catalunya_01,test,258,248,239
placa_catalunya_01__3106,placa_catalunya_01,test,32,22,13
placa_catalunya_01__3171,placa_catalunya_01,test,34,24,15
placa_catalunya_01__327,placa_catalunya_01,test,104,94,85
placa_catalunya_01__3271,placa_catalunya_01,test,300,290,281
placa_catalunya_01__3389,placa_catalunya_01,test,10,0,0
placa_catalunya_01__3420,placa_catalunya_01,test,291,281,272
placa_catalunya_01__3494,placa_catalunya_01,test,292,282,273
placa_catalunya_01__3503,placa_catalunya_01,test,119,109,100
placa_catalunya_01__3544,placa_catalunya_01,test,21,11,2
placa_catalunya_01__3571,placa_catalunya_01,test,16,6,0
placa_catalunya_01__36,placa_catalunya_01,test,108,98,89
placa_catalunya_01__3639,placa_catalunya_01,test,59,49,40
placa_catalunya_01__3728,placa_catalunya_01,test,323,313,304
placa_catalunya_01__3752,placa_catalunya_01,test,165,155,146
placa_catalunya_01__3780,placa_catalunya_01,test,64,54,45
placa_catalunya_01__3783,placa_catalunya_01,test,316,306,297
placa_catalunya_01__3825,placa_catalunya_01,test,18,8,0
placa_catalunya_01__3827,placa_catalunya_01,test,481,471,462
placa_catalunya_01__3833,placa_catalunya_01,test,210,200,191
placa_catalunya_01__384,placa_catalunya_01,test,273,263,254
placa_catalunya_01__3854,placa_catalunya_01,test,50,40,31
placa_catalunya_01__3941,placa_catalunya_01,test,482,472,463
placa_catalunya_01__4034,placa_catalunya_01,test,18,8,0
placa_catalunya_01__4150,placa_catalunya_01,test,78,68,59
placa_catalunya_01__416,placa_catalunya_01,test,73,63,54
placa_catalunya_01__4170,placa_catalunya_01,test,375,365,356
placa_catalunya_01__4186,placa_catalunya_01,test,11,1,0
placa_catalunya_01__425,placa_catalunya_01,test,115,105,96
placa_catalunya_01__4321,placa_catalunya_01,test,41,31,22
placa_catalunya_01__4347,placa_catalunya_01,test,29,19,10
placa_catalunya_01__4362,placa_catalunya_01,test,2044,2034,2025
placa_catalunya_01__4381,placa_catalunya_01,test,30,20,11
placa_catalunya_01__4412,placa_catalunya_01,test,10,0,0
placa_catalunya_01__4491,placa_catalunya_01,test,239,229,220
placa_catalunya_01__4517,placa_catalunya_01,test,282,272,263
placa_catalunya_01__4559,placa_catalunya_01,test,56,46,37
placa_catalunya_01__4591,placa_catalunya_01,test,258,248,239
placa_catalunya_01__4624,placa_catalunya_01,test,25,15,6
placa_catalunya_01__4671,placa_catalunya_01,test,2277,2267,2258
placa_catalunya_01__4703,placa_catalunya_01,test,260,250,241
placa_catalunya_01__4742,placa_catalunya_01,test,974,964,955
placa_catalunya_01__4761,placa_catalunya_01,test,143,133,124
placa_catalunya_01__4884,placa_catalunya_01,test,36,26,17
placa_catalunya_01__4946,placa_catalunya_01,test,69,59,50
placa_catalunya_01__5036,placa_catalunya_01,test,29,19,10
placa_catalunya_01__5099,placa_catalunya_01,test,599,589,580
placa_catalunya_01__5100,placa_catalunya_01,test,701,691,682
placa_catalunya_01__513,placa_catalunya_01,test,20,10,1
placa_catalunya_01__5149,placa_catalunya_01,test,33,23,14
placa_catalunya_01__5156,placa_catalunya_01,test,285,275,266
placa_catalunya_01__5180,placa_catalunya_01,test,16,6,0
placa_catalunya_01__5224,placa_catalunya_01,test,194,184,175
placa_catalunya_01__5277,placa_catalunya_01,test,221,211,202
placa_catalunya_01__5350,placa_catalunya_01,test,333,323,314
placa_catalunya_01__5358,placa_catalunya_01,test,211,201,192
placa_catalunya_01__5477,placa_catalunya_01,test,545,535,526
placa_catalunya_01__5484,placa_catalunya_01,test,82,72,63
placa_catalunya_01__5515,placa_catalunya_01,test,71,61,52
placa_catalunya_01__5566,placa_catalunya_01,test,96,86,77
placa_catalunya_01__5573,placa_catalunya_01,test,22,12,3
placa_catalunya_01__560,placa_catalunya_01,test,47,37,28
placa_catalunya_01__5639,placa_catalunya_01,test,682,672,663
placa_catalunya_01__5667,placa_catalunya_01,test,228,218,209
placa_catalunya_01__5725,placa_catalunya_01,test,40,30,21
placa_catalunya_01__577,placa_catalunya_01,test,148,138,129
placa_catalunya_01__5829,placa_catalunya_01,test,360,350,341
placa_catalunya_01__5844,placa_catalunya_01,test,182,172,163
placa_catalunya_01__5854,placa_catalunya_01,test,64,54,45
placa_catalunya_01__5876,placa_catalunya_01,test,84,74,65
placa_catalunya_01__5906,placa_catalunya_01,test,48,38,29
placa_catalunya_01__6014,placa_catalunya_01,test,286,276,267
placa_catalunya_01__676,placa_catalunya_01,test,15,5,0
placa_catalunya_01__698,placa_catalunya_01,test,38,28,19
placa_catalunya_01__699,placa_catalunya_01,test,98,88,79
placa_catalunya_01__727,placa_catalunya_01,test,143,133,124
placa_catalunya_01__749,placa_catalunya_01,test,15,5,0
placa_catalunya_01__766,placa_catalunya_01,test,45,35,26
placa_catalunya_01__77,placa_catalunya_01,test,2405,2395,2386
placa_catalunya_01__773,placa_catalunya_01,test,11,1,0
placa_catalunya_01__782,placa_catalunya_01,test,25,15,6
placa_catalunya_01__787,placa_catalunya_01,test,945,935,926
placa_catalunya_01__860,placa_catalunya_01,test,124,114,105
placa_catalunya_01__947,placa_catalunya_01,test,52,42,33
placa_catalunya_01__1,placa_catalunya_01,train,200,190,181
placa_catalunya_01__10,placa_catalunya_01,train,864,854,845
placa_catalunya_01__100,placa_catalunya_01,train,59,49,40
placa_catalunya_01__1000,placa_catalunya_01,train,11,1,0
placa_catalunya_01__101,placa_catalunya_01,train,736,726,717
placa_catalunya_01__1015,placa_catalunya_01,train,19,9,0
placa_catalunya_01__102,placa_catalunya_01,train,10,0,0
placa_catalunya_01__1029,placa_catalunya_01,train,743,733,724
placa_catalunya_01__1030,placa_catalunya_01,train,174,164,155
placa_catalunya_01__1038,placa_catalunya_01,train,13,3,0
placa_catalunya_01__1041,placa_catalunya_01,train,12,2,0
placa_catalunya_01__1045,placa_catalunya_01,train,1237,1227,1218
placa_catalunya_01__1048,placa_catalunya_01,train,340,330,321
placa_catalunya_01__1051,placa_catalunya_01,train,10,0,0
placa_catalunya_01__1058,placa_catalunya_01,train,66,56,47
placa_catalunya_01__106,placa_catalunya_01,train,32,22,13
placa_catalunya_01__1061,placa_catalunya_01,train,86,76,67
placa_catalunya_01__1072,placa_catalunya_01,train,35,25,16
placa_catalunya_01__1083,placa_catalunya_01,train,53,43,34
placa_catalunya_01__1092,placa_catalunya_01,train,420,410,401
placa_catalunya_01__11,placa_catalunya_01,train,575,565,556
placa_catalunya_01__1102,placa_catalunya_01,train,14,4,0
placa_catalunya_01__1107,placa_catalunya_01,train,830,820,811
placa_catalunya_01__1108,placa_catalunya_01,train,760,750,741
placa_catalunya_01__111,placa_catalunya_01,train,15,5,0
placa_catalunya_01__1111,placa_catalunya_01,train,10,0,0
placa_catalunya_01__1116,placa_catalunya_01,train,116,106,97
placa_catalunya_01__1119,placa_catalunya_01,train,11,1,0
placa_catalunya_01__112,placa_catalunya_01,train,81,71,62
placa_catalunya_01__113,placa_catalunya_01,train,213,203,194
placa_catalunya_01__1155,placa_catalunya_01,train,14,4,0
placa_catalunya_01__1159,placa_catalunya_01,train,1138,1128,1119
placa_catalunya_01__1161,placa_catalunya_01,train,324,314,305
placa_catalunya_01__1166,placa_catalunya_01,train,876,866,857
placa_catalunya_01__1173,placa_catalunya_01,train,432,422,413
placa_catalunya_01__1175,placa_catalunya_01,train,320,310,301
placa_catalunya_01__1178,placa_catalunya_01,train,45,35,26
placa_catalunya_01__1180,placa_catalunya_01,train,984,974,965
placa_catalunya_01__1182,placa_catalunya_01,train,336,326,317
placa_catalunya_01__1194,placa_catalunya_01,train,84,74,65
placa_catalunya_01__1199,placa_catalunya_01,train,853,843,834
placa_catalunya_01__12,placa_catalunya_01,train,92,82,73
placa_catalunya_01__1200,placa_catalunya_01,train,267,257,248
placa_catalunya_01__1211,placa_catalunya_01,train,494,484,475
placa_catalunya_01__1215,placa_catalunya_01,train,436,426,417
placa_catalunya_01__1229,placa_catalunya_01,train,434,424,415
placa_catalunya_01__1255,placa_catalunya_01,train,79,69,60
placa_catalunya_01__1268,placa_catalunya_01,train,52,42,33
placa_catalunya_01__1274,placa_catalunya_01,train,10,0,0
placa_catalunya_01__1275,placa_catalunya_01,train,356,346,337
placa_catalunya_01__1282,placa_catalunya_01,train,10,0,0
placa_catalunya_01__1287,placa_catalunya_01,train,689,679,670
placa_catalunya_01__130,placa_catalunya_01,train,137,127,118
placa_catalunya_01__1302,placa_catalunya_01,train,15,5,0
placa_catalunya_01__1309,placa_catalunya_01,train,187,177,168
placa_catalunya_01__1315,placa_catalunya_01,train,65,55,46
placa_catalunya_01__1316,placa_catalunya_01,train,58,48,39
placa_catalunya_01__1327,placa_catalunya_01,train,30,20,11
placa_catalunya_01__1334,placa_catalunya_01,train,4163,4153,4144
placa_catalunya_01__1349,placa_catalunya_01,train,5930,5920,5911
placa_catalunya_01__1359,placa_catalunya_01,train,236,226,217
placa_catalunya_01__1363,placa_catalunya_01,train,22,12,3
placa_catalunya_01__1366,placa_catalunya_01,train,279,269,260
placa_catalunya_01__1368,placa_catalunya_01,train,399,389,380
placa_catalunya_01__1377,placa_catalunya_01,train,554,544,535
placa_catalunya_01__1379,placa_catalunya_01,train,14,4,0
placa_catalunya_01__1384,placa_catalunya_01,train,37,27,18
placa_catalunya_01__1388,placa_catalunya_01,train,94,84,75
placa_catalunya_01__139,placa_catalunya_01,train,828,818,809
placa_catalunya_01__1390,placa_catalunya_01,train,284,274,265
placa_catalunya_01__1398,placa_catalunya_01,train,28,18,9
placa_catalunya_01__1399,placa_catalunya_01,train,57,47,38
placa_catalunya_01__1408,placa_catalunya_01,train,20,10,1
placa_catalunya_01__1414,placa_catalunya_01,train,47,37,28
placa_catalunya_01__1418,placa_catalunya_01,train,905,895,886
placa_catalunya_01__1437,placa_catalunya_01,train,135,125,116
placa_catalunya_01__1438,placa_catalunya_01,train,68,58,49
placa_catalunya_01__144,placa_catalunya_01,train,161,151,142
placa_catalunya_01__1443,placa_catalunya_01,train,290,280,271
placa_catalunya_01__1448,placa_catalunya_01,train,59,49,40
placa_catalunya_01__1450,placa_catalunya_01,train,96,86,77
placa_catalunya_01__1462,placa_catalunya_01,train,33,23,14
placa_catalunya_01__1475,placa_catalunya_01,train,138,128,119
placa_catalunya_01__1483,placa_catalunya_01,train,538,528,519
placa_catalunya_01__1488,placa_catalunya_01,train,34,24,15
placa_catalunya_01__1493,placa_catalunya_01,train,14,4,0
placa_catalunya_01__1499,placa_catalunya_01,train,19,9,0
placa_catalunya_01__15,placa_catalunya_01,train,8688,8678,8669
placa_catalunya_01__1506,placa_catalunya_01,train,149,139,130
placa_catalunya_01__1525,placa_catalunya_01,train,75,65,56
placa_catalunya_01__1529,placa_catalunya_01,train,153,143,134
placa_catalunya_01__1534,placa_catalunya_01,train,758,748,739
placa_catalunya_01__1536,placa_catalunya_01,train,28,18,9
placa_catalunya_01__1567,placa_catalunya_01,train,34,24,15
placa_catalunya_01__1569,placa_catalunya_01,train,22,12,3
placa_catalunya_01__1577,placa_catalunya_01,train,29,19,10
placa_catalunya_01__1578,placa_catalunya_01,train,251,241,232
placa_catalunya_01__1583,placa_catalunya_01,train,205,195,186
placa_catalunya_01__159,placa_catalunya_01,train,425,415,406
placa_catalunya_01__1593,placa_catalunya_01,train,131,121,112
placa_catalunya_01__1598,placa_catalunya_01,train,19,9,0
placa_catalunya_01__1599,placa_catalunya_01,train,10,0,0
placa_catalunya_01__16,placa_catalunya_01,train,128,118,109
placa_catalunya_01__1605,placa_catalunya_01,train,17,7,0
placa_catalunya_01__1608,placa_catalunya_01,train,262,252,243
placa_catalunya_01__1615,placa_catalunya_01,train,15,5,0
placa_catalunya_01__1618,placa_catalunya_01,train,134,124,115
placa_catalunya_01__162,placa_catalunya_01,train,30,20,11
placa_catalunya_01__1620,placa_catalunya_01,train,1044,1034,1025
placa_catalunya_01__1632,placa_catalunya_01,train,170,160,151
placa_catalunya_01__1634,placa_catalunya_01,train,556,546,537
placa_catalunya_01__1636,placa_catalunya_01,train,289,279,270
placa_catalunya_01__1640,placa_catalunya_01,train,69,59,50
placa_catalunya_01__1641,placa_catalunya_01,train,143,133,124
placa_catalunya_01__1651,placa_catalunya_01,train,1358,1348,1339
placa_catalunya_01__1653,placa_catalunya_01,train,203,193,184
placa_catalunya_01__1657,placa_catalunya_01,train,241,231,222
placa_catalunya_01__1659,placa_catalunya_01,train,26,16,7
placa_catalunya_01__1663,placa_catalunya_01,train,33,23,14
placa_catalunya_01__1664,placa_catalunya_01,train,292,282,273
placa_catalunya_01__1666,placa_catalunya_01,train,22,12,3
placa_catalunya_01__1686,placa_catalunya_01,train,11,1,0
placa_catalunya_01__1712,placa_catalunya_01,train,22,12,3
placa_catalunya_01__1723,placa_catalunya_01,train,937,927,918
placa_catalunya_01__1729,placa_catalunya_01,train,2561,2551,2542
placa_catalunya_01__1743,placa_catalunya_01,train,122,112,103
placa_catalunya_01__1745,placa_catalunya_01,train,23,13,4
placa_catalunya_01__1750,placa_catalunya_01,train,14,4,0
placa_catalunya_01__1753,placa_catalunya_01,train,151,141,132
placa_catalunya_01__1754,placa_catalunya_01,train,1741,1731,1722
placa_catalunya_01__1758,placa_catalunya_01,train,272,262,253
placa_catalunya_01__1759,placa_catalunya_01,train,10,0,0
placa_catalunya_01__1761,placa_catalunya_01,train,98,88,79
placa_catalunya_01__1762,placa_catalunya_01,train,179,169,160
placa_catalunya_01__1764,placa_catalunya_01,train,83,73,64
placa_catalunya_01__1767,placa_catalunya_01,train,281,271,262
placa_catalunya_01__1768,placa_catalunya_01,train,19,9,0
placa_catalunya_01__1784,placa_catalunya_01,train,33,23,14
placa_catalunya_01__1785,placa_catalunya_01,train,47,37,28
placa_catalunya_01__1786,placa_catalunya_01,train,683,673,664
placa_catalunya_01__1788,placa_catalunya_01,train,236,226,217
placa_catalunya_01__18,placa_catalunya_01,train,558,548,539
placa_catalunya_01__1804,placa_catalunya_01,train,40,30,21
placa_catalunya_01__1810,placa_catalunya_01,train,86,76,67
placa_catalunya_01__1817,placa_catalunya_01,train,583,573,564
placa_catalunya_01__1824,placa_catalunya_01,train,69,59,50
placa_catalunya_01__1836,placa_catalunya_01,train,32,22,13
placa_catalunya_01__1837,placa_catalunya_01,train,29,19,10
placa_catalunya_01__1840,placa_catalunya_01,train,303,293,284
placa_catalunya_01__1847,placa_catalunya_01,train,33,23,14
placa_catalunya_01__1852,placa_catalunya_01,train,44,34,25
placa_catalunya_01__1856,placa_catalunya_01,train,66,56,47
placa_catalunya_01__1857,placa_catalunya_01,train,85,75,66
placa_catalunya_01__188,placa_catalunya_01,train,629,619,610
placa_catalunya_01__1886,placa_catalunya_01,train,210,200,191
placa_catalunya_01__189,placa_catalunya_01,train,67,57,48
placa_catalunya_01__1894,placa_catalunya_01,train,73,63,54
placa_catalunya_01__1895,placa_catalunya_01,train,30,20,11
placa_catalunya_01__1897,placa_catalunya_01,train,89,79,70
placa_catalunya_01__19,placa_catalunya_01,train,1289,1279,1270
placa_catalunya_01__1902,placa_catalunya_01,train,49,39,30
placa_catalunya_01__1916,placa_catalunya_01,train,1220,1210,1201
placa_catalunya_01__1921,placa_catalunya_01,train,309,299,290
placa_catalunya_01__1929,placa_catalunya_01,train,35,25,16
placa_catalunya_01__193,placa_catalunya_01,train,825,815,806
placa_catalunya_01__1933,placa_catalunya_01,train,48,38,29
placa_catalunya_01__194,placa_catalunya_01,train,85,75,66
placa_catalunya_01__1942,placa_catalunya_01,train,10,0,0
placa_catalunya_01__1948,placa_catalunya_01,train,13,3,0
placa_catalunya_01__195,placa_catalunya_01,train,62,52,43
placa_catalunya_01__196,placa_catalunya_01,train,16,6,0
placa_catalunya_01__1962,placa_catalunya_01,train,50,40,31
placa_catalunya_01__1965,placa_catalunya_01,train,229,219,210
placa_catalunya_01__1986,placa_catalunya_01,train,47,37,28
placa_catalunya_01__1989,placa_catalunya_01,train,121,111,102
placa_catalunya_01__1991,placa_catalunya_01,train,13,3,0
placa_catalunya_01__1995,placa_catalunya_01,train,214,204,195
placa_catalunya_01__2,placa_catalunya_01,train,5451,5441,5432
placa_catalunya_01__202,placa_catalunya_01,train,103,93,84
placa_catalunya_01__2024,placa_catalunya_01,train,10,0,0
placa_catalunya_01__2029,placa_catalunya_01,train,148,138,129
placa_catalunya_01__2040,placa_catalunya_01,train,114,104,95
placa_catalunya_01__2041,placa_catalunya_01,train,24,14,5
placa_catalunya_01__2042,placa_catalunya_01,train,63,53,44
placa_catalunya_01__2043,placa_catalunya_01,train,38,28,19
placa_catalunya_01__2046,placa_catalunya_01,train,63,53,44
placa_catalunya_01__205,placa_catalunya_01,train,120,110,101
placa_catalunya_01__2064,placa_catalunya_01,train,383,373,364
placa_catalunya_01__2069,placa_catalunya_01,train,36,26,17
placa_catalunya_01__2077,placa_catalunya_01,train,20,10,1
placa_catalunya_01__2086,placa_catalunya_01,train,34,24,15
placa_catalunya_01__2088,placa_catalunya_01,train,11,1,0
placa_catalunya_01__2089,placa_catalunya_01,train,19,9,0
placa_catalunya_01__2090,placa_catalunya_01,train,19,9,0
placa_catalunya_01__21,placa_catalunya_01,train,56,46,37
placa_catalunya_01__2104,placa_catalunya_01,train,280,270,261
placa_catalunya_01__2107,placa_catalunya_01,train,56,46,37
placa_catalunya_01__2112,placa_catalunya_01,train,37,27,18
placa_catalunya_01__2120,placa_catalunya_01,train,79,69,60
placa_catalunya_01__2126,placa_catalunya_01,train,12,2,0
placa_catalunya_01__2132,placa_catalunya_01,train,16,6,0
placa_catalunya_01__2133,placa_catalunya_01,train,98,88,79
placa_catalunya_01__2147,placa_catalunya_01,train,381,371,362
placa_catalunya_01__2160,placa_catalunya_01,train,1008,998,989
placa_catalunya_01__217,placa_catalunya_01,train,187,177,168
placa_catalunya_01__2171,placa_catalunya_01,train,42,32,23
placa_catalunya_01__2172,placa_catalunya_01,train,17,7,0
placa_catalunya_01__2176,placa_catalunya_01,train,196,186,177
placa_catalunya_01__218,placa_catalunya_01,train,36,26,17
placa_catalunya_01__2185,placa_catalunya_01,train,96,86,77
placa_catalunya_01__2193,placa_catalunya_01,train,1186,1176,1167
placa_catalunya_01__2196,placa_catalunya_01,train,52,42,33
placa_catalunya_01__2197,placa_catalunya_01,train,217,207,198
placa_catalunya_01__2199,placa_catalunya_01,train,1022,1012,1003
placa_catalunya_01__22,placa_catalunya_01,train,3224,3214,3205
placa_catalunya_01__2225,placa_catalunya_01,train,94,84,75
placa_catalunya_01__2231,placa_catalunya_01,train,234,224,215
placa_catalunya_01__2234,placa_catalunya_01,train,5442,5432,5423
placa_catalunya_01__2241,placa_catalunya_01,train,48,38,29
placa_catalunya_01__2244,placa_catalunya_01,train,151,141,132
placa_catalunya_01__2246,placa_catalunya_01,train,24,14,5
placa_catalunya_01__2251,placa_catalunya_01,train,46,36,27
placa_catalunya_01__2254,placa_catalunya_01,train,22,12,3
placa_catalunya_01__2257,placa_catalunya_01,train,14,4,0
placa_catalunya_01__2262,placa_catalunya_01,train,39,29,20
placa_catalunya_01__2271,placa_catalunya_01,train,17,7,0
placa_catalunya_01__2278,placa_catalunya_01,train,59,49,40
placa_catalunya_01__2285,placa_catalunya_01,train,26,16,7
placa_catalunya_01__23,placa_catalunya_01,train,46,36,27
placa_catalunya_01__2308,placa_catalunya_01,train,79,69,60
placa_catalunya_01__231,placa_catalunya_01,train,326,316,307
placa_catalunya_01__2318,placa_catalunya_01,train,22,12,3
placa_catalunya_01__2319,placa_catalunya_01,train,25,15,6
placa_catalunya_01__2322,placa_catalunya_01,train,287,277,268
placa_catalunya_01__2324,placa_catalunya_01,train,325,315,306
placa_catalunya_01__2333,placa_catalunya_01,train,156,146,137
placa_catalunya_01__2336,placa_catalunya_01,train,115,105,96
placa_catalunya_01__2343,placa_catalunya_01,train,11,1,0
placa_catalunya_01__2345,placa_catalunya_01,train,270,260,251
placa_catalunya_01__235,placa_catalunya_01,train,1741,1731,1722
placa_catalunya_01__2351,placa_catalunya_01,train,333,323,314
placa_catalunya_01__2357,placa_catalunya_01,train,927,917,908
placa_catalunya_01__2358,placa_catalunya_01,train,2248,2238,2229
placa_catalunya_01__2371,placa_catalunya_01,train,46,36,27
placa_catalunya_01__2377,placa_catalunya_01,train,333,323,314
placa_catalunya_01__2384,placa_catalunya_01,train,265,255,246
placa_catalunya_01__2390,placa_catalunya_01,train,364,354,345
placa_catalunya_01__2393,placa_catalunya_01,train,270,260,251
placa_catalunya_01__2396,placa_catalunya_01,train,224,214,205
placa_catalunya_01__24,placa_catalunya_01,train,267,257,248
placa_catalunya_01__2403,placa_catalunya_01,train,53,43,34
placa_catalunya_01__241,placa_catalunya_01,train,126,116,107
placa_catalunya_01__2418,placa_catalunya_01,train,71,61,52
placa_catalunya_01__2421,placa_catalunya_01,train,22,12,3
placa_catalunya_01__2424,placa_catalunya_01,train,370,360,351
placa_catalunya_01__2426,placa_catalunya_01,train,122,112,103
placa_catalunya_01__2427,placa_catalunya_01,train,29,19,10
placa_catalunya_01__2431,placa_catalunya_01,train,16,6,0
placa_catalunya_01__2433,placa_catalunya_01,train,1709,1699,1690
placa_catalunya_01__2440,placa_catalunya_01,train,270,260,251
placa_catalunya_01__2441,placa_catalunya_01,train,34,24,15
placa_catalunya_01__2443,placa_catalunya_01,train,238,228,219
placa_catalunya_01__2447,placa_catalunya_01,train,302,292,283
placa_catalunya_01__2451,placa_catalunya_01,train,1928,1918,1909
placa_catalunya_01__2457,placa_catalunya_01,train,42,32,23
placa_catalunya_01__2460,placa_catalunya_01,train,47,37,28
placa_catalunya_01__2464,placa_catalunya_01,train,455,445,436
placa_catalunya_01__2478,placa_catalunya_01,train,240,230,221
placa_catalunya_01__2487,placa_catalunya_01,train,110,100,91
placa_catalunya_01__25,placa_catalunya_01,train,75,65,56
placa_catalunya_01__2500,placa_catalunya_01,train,315,305,296
placa_catalunya_01__2501,placa_catalunya_01,train,25,15,6
placa_catalunya_01__2506,placa_catalunya_01,train,71,61,52
placa_catalunya_01__2507,placa_catalunya_01,train,258,248,239
placa_catalunya_01__251,placa_catalunya_01,train,786,776,767
placa_catalunya_01__2519,placa_catalunya_01,train,12,2,0
placa_catalunya_01__2526,placa_catalunya_01,train,176,166,157
placa_catalunya_01__2527,placa_catalunya_01,train,15,5,0
placa_catalunya_01__2529,placa_catalunya_01,train,1186,1176,1167
placa_catalunya_01__2532,placa_catalunya_01,train,51,41,32
placa_catalunya_01__2540,placa_catalunya_01,train,2161,2151,2142
placa_catalunya_01__2543,placa_catalunya_01,train,13,3,0
placa_catalunya_01__255,placa_catalunya_01,train,112,102,93
placa_catalunya_01__2553,placa_catalunya_01,train,68,58,49
placa_catalunya_01__2558,placa_catalunya_01,train,648,638,629
placa_catalunya_01__2559,placa_catalunya_01,train,69,59,50
placa_catalunya_01__256,placa_catalunya_01,train,13,3,0
placa_catalunya_01__2561,placa_catalunya_01,train,83,73,64
placa_catalunya_01__2568,placa_catalunya_01,train,28,18,9
placa_catalunya_01__2570,placa_catalunya_01,train,242,232,223
placa_catalunya_01__2573,placa_catalunya_01,train,27,17,8
placa_catalunya_01__2575,placa_catalunya_01,train,57,47,38
placa_catalunya_01__2580,placa_catalunya_01,train,67,57,48
placa_catalunya_01__2585,placa_catalunya_01,train,61,51,42
placa_catalunya_01__2587,placa_catalunya_01,train,590,580,571
placa_catalunya_01__2588,placa_catalunya_01,train,109,99,90
placa_catalunya_01__2589,placa_catalunya_01,train,10,0,0
placa_catalunya_01__259,placa_catalunya_01,train,43,33,24
placa_catalunya_01__2593,placa_catalunya_01,train,228,218,209
placa_catalunya_01__2596,placa_catalunya_01,train,62,52,43
placa_catalunya_01__2599,placa_catalunya_01,train,56,46,37
placa_catalunya_01__2606,placa_catalunya_01,train,81,71,62
placa_catalunya_01__2620,placa_catalunya_01,train,299,289,280
placa_catalunya_01__2623,placa_catalunya_01,train,22,12,3
placa_catalunya_01__2625,placa_catalunya_01,train,54,44,35
placa_catalunya_01__2626,placa_catalunya_01,train,38,28,19
placa_catalunya_01__2631,placa_catalunya_01,train,690,680,671
placa_catalunya_01__2636,placa_catalunya_01,train,82,72,63
placa_catalunya_01__2653,placa_catalunya_01,train,121,111,102
placa_catalunya_01__2659,placa_catalunya_01,train,21,11,2
placa_catalunya_01__266,placa_catalunya_01,train,23,13,4
placa_catalunya_01__2661,placa_catalunya_01,train,249,239,230
placa_catalunya_01__2662,placa_catalunya_01,train,89,79,70
placa_catalunya_01__2667,placa_catalunya_01,train,88,78,69
placa_catalunya_01__2687,placa_catalunya_01,train,291,281,272
placa_catalunya_01__2694,placa_catalunya_01,train,326,316,307
placa_catalunya_01__2695,placa_catalunya_01,train,79,69,60
placa_catalunya_01__270,placa_catalunya_01,train,74,64,55
placa_catalunya_01__2700,placa_catalunya_01,train,1790,1780,1771
placa_catalunya_01__2711,placa_catalunya_01,train,17,7,0
placa_catalunya_01__272,placa_catalunya_01,train,51,41,32
placa_catalunya_01__2725,placa_catalunya_01,train,264,254,245
placa_catalunya_01__2727,placa_catalunya_01,train,14,4,0
placa_catalunya_01__2733,placa_catalunya_01,train,1229,1219,1210
placa_catalunya_01__2736,placa_catalunya_01,train,740,730,721
placa_catalunya_01__2738,placa_catalunya_01,train,34,24,15
placa_catalunya_01__2747,placa_catalunya_01,train,36,26,17
placa_catalunya_01__2752,placa_catalunya_01,train,734,724,715
placa_catalunya_01__2757,placa_catalunya_01,train,495,485,476
placa_catalunya_01__2769,placa_catalunya_01,train,217,207,198
placa_catalunya_01__2780,placa_catalunya_01,train,29,19,10
placa_catalunya_01__2784,placa_catalunya_01,train,24,14,5
placa_catalunya_01__2785,placa_catalunya_01,train,31,21,12
placa_catalunya_01__2794,placa_catalunya_01,train,35,25,16
placa_catalunya_01__2795,placa_catalunya_01,train,140,130,121
placa_catalunya_01__2796,placa_catalunya_01,train,347,337,328
placa_catalunya_01__28,placa_catalunya_01,train,150,140,131
placa_catalunya_01__280,placa_catalunya_01,train,38,28,19
placa_catalunya_01__2806,placa_catalunya_01,train,13,3,0
placa_catalunya_01__2829,placa_catalunya_01,train,199,189,180
placa_catalunya_01__2833,placa_catalunya_01,train,295,285,276
placa_catalunya_01__2836,placa_catalunya_01,train,128,118,109
placa_catalunya_01__2837,placa_catalunya_01,train,294,284,275
placa_catalunya_01__2838,placa_catalunya_01,train,254,244,235
placa_catalunya_01__2850,placa_catalunya_01,train,2031,2021,2012
placa_catalunya_01__2861,placa_catalunya_01,train,804,794,785
placa_catalunya_01__2865,placa_catalunya_01,train,1015,1005,996
placa_catalunya_01__287,placa_catalunya_01,train,338,328,319
placa_catalunya_01__2874,placa_catalunya_01,train,486,476,467
placa_catalunya_01__2889,placa_catalunya_01,train,198,188,179
placa_catalunya_01__289,placa_catalunya_01,train,12,2,0
placa_catalunya_01__29,placa_catalunya_01,train,12,2,0
placa_catalunya_01__2921,placa_catalunya_01,train,30,20,11
placa_catalunya_01__2928,placa_catalunya_01,train,29,19,10
placa_catalunya_01__2929,placa_catalunya_01,train,143,133,124
placa_catalunya_01__2945,placa_catalunya_01,train,1736,1726,1717
placa_catalunya_01__2953,placa_catalunya_01,train,45,35,26
placa_catalunya_01__2954,placa_catalunya_01,train,166,156,147
placa_catalunya_01__2958,placa_catalunya_01,train,34,24,15
placa_catalunya_01__2968,placa_catalunya_01,train,30,20,11
placa_catalunya_01__2994,placa_catalunya_01,train,276,266,257
placa_catalunya_01__2996,placa_catalunya_01,train,42,32,23
placa_catalunya_01__3,placa_catalunya_01,train,297,287,278
placa_catalunya_01__3002,placa_catalunya_01,train,210,200,191
placa_catalunya_01__3012,placa_catalunya_01,train,35,25,16
placa_catalunya_01__3013,placa_catalunya_01,train,306,296,287
placa_catalunya_01__3025,placa_catalunya_01,train,372,362,353
placa_catalunya_01__3028,placa_catalunya_01,train,146,136,127
placa_catalunya_01__3032,placa_catalunya_01,train,12,2,0
placa_catalunya_01__304,placa_catalunya_01,train,36,26,17
placa_catalunya_01__3041,placa_catalunya_01,train,12,2,0
placa_catalunya_01__3042,placa_catalunya_01,train,325,315,306
placa_catalunya_01__3046,placa_catalunya_01,train,12,2,0
placa_catalunya_01__305,placa_catalunya_01,train,37,27,18
placa_catalunya_01__3055,placa_catalunya_01,train,209,199,190
placa_catalunya_01__3062,placa_catalunya_01,train,11,1,0
placa_catalunya_01__3064,placa_catalunya_01,train,64,54,45
placa_catalunya_01__3065,placa_catalunya_01,train,17,7,0
placa_catalunya_01__3069,placa_catalunya_01,train,303,293,284
placa_catalunya_01__3072,placa_catalunya_01,train,48,38,29
placa_catalunya_01__3073,placa_catalunya_01,train,84,74,65
placa_catalunya_01__3074,placa_catalunya_01,train,25,15,6
placa_catalunya_01__3077,placa_catalunya_01,train,203,193,184
placa_catalunya_01__3078,placa_catalunya_01,train,355,345,336
placa_catalunya_01__3085,placa_catalunya_01,train,28,18,9
placa_catalunya_01__3086,placa_catalunya_01,train,158,148,139
placa_catalunya_01__309,placa_catalunya_01,train,143,133,124
placa_catalunya_01__3102,placa_catalunya_01,train,70,60,51
placa_catalunya_01__3104,placa_catalunya_01,train,14,4,0
placa_catalunya_01__3105,placa_catalunya_01,train,29,19,10
placa_catalunya_01__3118,placa_catalunya_01,train,524,514,505
placa_catalunya_01__3127,placa_catalunya_01,train,175,165,156
placa_catalunya_01__3143,placa_catalunya_01,train,37,27,18
placa_catalunya_01__3147,placa_catalunya_01,train,171,161,152
placa_catalunya_01__3149,placa_catalunya_01,train,26,16,7
placa_catalunya_01__3153,placa_catalunya_01,train,247,237,228
placa_catalunya_01__3155,placa_catalunya_01,train,36,26,17
placa_catalunya_01__3156,placa_catalunya_01,train,167,157,148
placa_catalunya_01__3164,placa_catalunya_01,train,298,288,279
placa_catalunya_01__3172,placa_catalunya_01,train,431,421,412
placa_catalunya_01__3174,placa_catalunya_01,train,225,215,206
placa_catalunya_01__3176,placa_catalunya_01,train,169,159,150
placa_catalunya_01__3179,placa_catalunya_01,train,336,326,317
placa_catalunya_01__318,placa_catalunya_01,train,46,36,27
placa_catalunya_01__3181,placa_catalunya_01,train,422,412,403
placa_catalunya_01__3184,placa_catalunya_01,train,337,327,318
placa_catalunya_01__3185,placa_catalunya_01,train,885,875,866
placa_catalunya_01__319,placa_catalunya_01,train,252,242,233
placa_catalunya_01__3195,placa_catalunya_01,train,48,38,29
placa_catalunya_01__3197,placa_catalunya_01,train,377,367,358
placa_catalunya_01__3198,placa_catalunya_01,train,423,413,404
placa_catalunya_01__3200,placa_catalunya_01,train,115,105,96
placa_catalunya_01__3204,placa_catalunya_01,train,416,406,397
placa_catalunya_01__3205,placa_catalunya_01,train,31,21,12
placa_catalunya_01__3211,placa_catalunya_01,train,335,325,316
placa_catalunya_01__3214,placa_catalunya_01,train,242,232,223
placa_catalunya_01__3218,placa_catalunya_01,train,675,665,656
placa_catalunya_01__3232,placa_catalunya_01,train,10,0,0
placa_catalunya_01__3240,placa_catalunya_01,train,120,110,101
placa_catalunya_01__3241,placa_catalunya_01,train,626,616,607
placa_catalunya_01__3244,placa_catalunya_01,train,175,165,156
placa_catalunya_01__3254,placa_catalunya_01,train,269,259,250
placa_catalunya_01__3259,placa_catalunya_01,train,23,13,4
placa_catalunya_01__3260,placa_catalunya_01,train,53,43,34
placa_catalunya_01__3261,placa_catalunya_01,train,21,11,2
placa_catalunya_01__3270,placa_catalunya_01,train,30,20,11
placa_catalunya_01__3272,placa_catalunya_01,train,258,248,239
placa_catalunya_01__3274,placa_catalunya_01,train,235,225,216
placa_catalunya_01__3283,placa_catalunya_01,train,946,936,927
placa_catalunya_01__3285,placa_catalunya_01,train,312,302,293
placa_catalunya_01__3286,placa_catalunya_01,train,28,18,9
placa_catalunya_01__3296,placa_catalunya_01,train,14,4,0
placa_catalunya_01__3297,placa_catalunya_01,train,481,471,462
placa_catalunya_01__3303,placa_catalunya_01,train,201,191,182
placa_catalunya_01__3306,placa_catalunya_01,train,12,2,0
placa_catalunya_01__3307,placa_catalunya_01,train,175,165,156
placa_catalunya_01__331,placa_catalunya_01,train,2233,2223,2214
placa_catalunya_01__3321,placa_catalunya_01,train,12,2,0
placa_catalunya_01__3322,placa_catalunya_01,train,81,71,62
placa_catalunya_01__3327,placa_catalunya_01,train,61,51,42
placa_catalunya_01__3330,placa_catalunya_01,train,1133,1123,1114
placa_catalunya_01__3339,placa_catalunya_01,train,10,0,0
placa_catalunya_01__334,placa_catalunya_01,train,201,191,182
placa_catalunya_01__3340,placa_catalunya_01,train,39,29,20
placa_catalunya_01__3344,placa_catalunya_01,train,18,8,0
placa_catalunya_01__335,placa_catalunya_01,train,86,76,67
placa_catalunya_01__3351,placa_catalunya_01,train,10,0,0
placa_catalunya_01__3356,placa_catalunya_01,train,3657,3647,3638
placa_catalunya_01__3360,placa_catalunya_01,train,77,67,58
placa_catalunya_01__3361,placa_catalunya_01,train,230,220,211
placa_catalunya_01__3367,placa_catalunya_01,train,280,270,261
placa_catalunya_01__3374,placa_catalunya_01,train,725,715,706
placa_catalunya_01__3378,placa_catalunya_01,train,52,42,33
placa_catalunya_01__338,placa_catalunya_01,train,173,163,154
placa_catalunya_01__3387,placa_catalunya_01,train,17,7,0
placa_catalunya_01__3388,placa_catalunya_01,train,269,259,250
placa_catalunya_01__3409,placa_catalunya_01,train,16,6,0
placa_catalunya_01__3419,placa_catalunya_01,train,10,0,0
placa_catalunya_01__3424,placa_catalunya_01,train,19,9,0
placa_catalunya_01__3425,placa_catalunya_01,train,32,22,13
placa_catalunya_01__3428,placa_catalunya_01,train,1058,1048,1039
placa_catalunya_01__3452,placa_catalunya_01,train,175,165,156
placa_catalunya_01__3453,placa_catalunya_01,train,18,8,0
placa_catalunya_01__3458,placa_catalunya_01,train,270,260,251
placa_catalunya_01__3468,placa_catalunya_01,train,61,51,42
placa_catalunya_01__348,placa_catalunya_01,train,83,73,64
placa_catalunya_01__3484,placa_catalunya_01,train,39,29,20
placa_catalunya_01__3506,placa_catalunya_01,train,3187,3177,3168
placa_catalunya_01__3513,placa_catalunya_01,train,686,676,667
placa_catalunya_01__3526,placa_catalunya_01,train,37,27,18
placa_catalunya_01__3531,placa_catalunya_01,train,50,40,31
placa_catalunya_01__354,placa_catalunya_01,train,69,59,50
placa_catalunya_01__3546,placa_catalunya_01,train,51,41,32
placa_catalunya_01__3549,placa_catalunya_01,train,103,93,84
placa_catalunya_01__3555,placa_catalunya_01,train,35,25,16
placa_catalunya_01__3557,placa_catalunya_01,train,426,416,407
placa_catalunya_01__3572,placa_catalunya_01,train,304,294,285
placa_catalunya_01__3575,placa_catalunya_01,train,58,48,39
placa_catalunya_01__3579,placa_catalunya_01,train,50,40,31
placa_catalunya_01__3585,placa_catalunya_01,train,65,55,46
placa_catalunya_01__359,placa_catalunya_01,train,19,9,0
placa_catalunya_01__3604,placa_catalunya_01,train,215,205,196
placa_catalunya_01__361,placa_catalunya_01,train,12,2,0
placa_catalunya_01__3617,placa_catalunya_01,train,167,157,148
placa_catalunya_01__3618,placa_catalunya_01,train,34,24,15
placa_catalunya_01__3632,placa_catalunya_01,train,38,28,19
placa_catalunya_01__3641,placa_catalunya_01,train,338,328,319
placa_catalunya_01__3644,placa_catalunya_01,train,13,3,0
placa_catalunya_01__3645,placa_catalunya_01,train,12,2,0
placa_catalunya_01__3647,placa_catalunya_01,train,298,288,279
placa_catalunya_01__3658,placa_catalunya_01,train,1111,1101,1092
placa_catalunya_01__366,placa_catalunya_01,train,298,288,279
placa_catalunya_01__3674,placa_catalunya_01,train,334,324,315
placa_catalunya_01__3691,placa_catalunya_01,train,452,442,433
placa_catalunya_01__3695,placa_catalunya_01,train,158,148,139
placa_catalunya_01__3697,placa_catalunya_01,train,44,34,25
placa_catalunya_01__37,placa_catalunya_01,train,1496,1486,1477
placa_catalunya_01__3723,placa_catalunya_01,train,13,3,0
placa_catalunya_01__3741,placa_catalunya_01,train,345,335,326
placa_catalunya_01__3746,placa_catalunya_01,train,66,56,47
placa_catalunya_01__3753,placa_catalunya_01,train,726,716,707
placa_catalunya_01__3756,placa_catalunya_01,train,140,130,121
placa_catalunya_01__3758,placa_catalunya_01,train,368,358,349
placa_catalunya_01__3765,placa_catalunya_01,train,320,310,301
placa_catalunya_01__3768,placa_catalunya_01,train,378,368,359
placa_catalunya_01__3771,placa_catalunya_01,train,94,84,75
placa_catalunya_01__3777,placa_catalunya_01,train,132,122,113
placa_catalunya_01__3778,placa_catalunya_01,train,111,101,92
placa_catalunya_01__3790,placa_catalunya_01,train,63,53,44
placa_catalunya_01__3797,placa_catalunya_01,train,384,374,365
placa_catalunya_01__3801,placa_catalunya_01,train,57,47,38
placa_catalunya_01__3808,placa_catalunya_01,train,183,173,164
placa_catalunya_01__3811,placa_catalunya_01,train,215,205,196
placa_catalunya_01__3813,placa_catalunya_01,train,129,119,110
placa_catalunya_01__3816,placa_catalunya_01,train,18,8,0
placa_catalunya_01__3821,placa_catalunya_01,train,475,465,456
placa_catalunya_01__3835,placa_catalunya_01,train,123,113,104
placa_catalunya_01__3838,placa_catalunya_01,train,23,13,4
placa_catalunya_01__3846,placa_catalunya_01,train,78,68,59
placa_catalunya_01__3856,placa_catalunya_01,train,381,371,362
placa_catalunya_01__3857,placa_catalunya_01,train,112,102,93
placa_catalunya_01__3858,placa_catalunya_01,train,262,252,243
placa_catalunya_01__3864,placa_catalunya_01,train,59,49,40
placa_catalunya_01__3867,placa_catalunya_01,train,489,479,470
placa_catalunya_01__3870,placa_catalunya_01,train,354,344,335
placa_catalunya_01__3871,placa_catalunya_01,train,495,485,476
placa_catalunya_01__3875,placa_catalunya_01,train,32,22,13
placa_catalunya_01__388,placa_catalunya_01,train,12,2,0
placa_catalunya_01__3881,placa_catalunya_01,train,63,53,44
placa_catalunya_01__3885,placa_catalunya_01,train,40,30,21
placa_catalunya_01__3888,placa_catalunya_01,train,18,8,0
placa_catalunya_01__3894,placa_catalunya_01,train,326,316,307
placa_catalunya_01__3907,placa_catalunya_01,train,1172,1162,1153
placa_catalunya_01__3908,placa_catalunya_01,train,320,310,301
placa_catalunya_01__3931,placa_catalunya_01,train,52,42,33
placa_catalunya_01__3942,placa_catalunya_01,train,486,476,467
placa_catalunya_01__3966,placa_catalunya_01,train,82,72,63
placa_catalunya_01__3969,placa_catalunya_01,train,785,775,766
placa_catalunya_01__398,placa_catalunya_01,train,41,31,22
placa_catalunya_01__3981,placa_catalunya_01,train,310,300,291
placa_catalunya_01__3984,placa_catalunya_01,train,311,301,292
placa_catalunya_01__3986,placa_catalunya_01,train,3246,3236,3227
placa_catalunya_01__3988,placa_catalunya_01,train,322,312,303
placa_catalunya_01__3999,placa_catalunya_01,train,68,58,49
placa_catalunya_01__4,placa_catalunya_01,train,23,13,4
placa_catalunya_01__4008,placa_catalunya_01,train,239,229,220
placa_catalunya_01__4014,placa_catalunya_01,train,91,81,72
placa_catalunya_01__4015,placa_catalunya_01,train,418,408,399
placa_catalunya_01__4016,placa_catalunya_01,train,582,572,563
placa_catalunya_01__4021,placa_catalunya_01,train,134,124,115
placa_catalunya_01__4024,placa_catalunya_01,train,191,181,172
placa_catalunya_01__4036,placa_catalunya_01,train,464,454,445
placa_catalunya_01__4048,placa_catalunya_01,train,77,67,58
placa_catalunya_01__4049,placa_catalunya_01,train,20,10,1
placa_catalunya_01__405,placa_catalunya_01,train,256,246,237
placa_catalunya_01__4053,placa_catalunya_01,train,506,496,487
placa_catalunya_01__4056,placa_catalunya_01,train,164,154,145
placa_catalunya_01__4080,placa_catalunya_01,train,399,389,380
placa_catalunya_01__4087,placa_catalunya_01,train,590,580,571
placa_catalunya_01__4089,placa_catalunya_01,train,13,3,0
placa_catalunya_01__4104,placa_catalunya_01,train,589,579,570
placa_catalunya_01__4109,placa_catalunya_01,train,360,350,341
placa_catalunya_01__4112,placa_catalunya_01,train,72,62,53
placa_catalunya_01__4116,placa_catalunya_01,train,31,21,12
placa_catalunya_01__4125,placa_catalunya_01,train,830,820,811
placa_catalunya_01__4133,placa_catalunya_01,train,424,414,405
placa_catalunya_01__4134,placa_catalunya_01,train,572,562,553
placa_catalunya_01__4145,placa_catalunya_01,train,429,419,410
placa_catalunya_01__4146,placa_catalunya_01,train,100,90,81
placa_catalunya_01__4157,placa_catalunya_01,train,1223,1213,1204
placa_catalunya_01__4160,placa_catalunya_01,train,74,64,55
placa_catalunya_01__4161,placa_catalunya_01,train,319,309,300
placa_catalunya_01__4169,placa_catalunya_01,train,35,25,16
placa_catalunya_01__4184,placa_catalunya_01,train,36,26,17
placa_catalunya_01__4188,placa_catalunya_01,train,1719,1709,1700
placa_catalunya_01__4190,placa_catalunya_01,train,76,66,57
placa_catalunya_01__4191,placa_catalunya_01,train,293,283,274
placa_catalunya_01__4193,placa_catalunya_01,train,766,756,747
placa_catalunya_01__4198,placa_catalunya_01,train,530,520,511
placa_catalunya_01__4203,placa_catalunya_01,train,31,21,12
placa_catalunya_01__4221,placa_catalunya_01,train,29,19,10
placa_catalunya_01__4225,placa_catalunya_01,train,231,221,212
placa_catalunya_01__4237,placa_catalunya_01,train,124,114,105
placa_catalunya_01__4251,placa_catalunya_01,train,144,134,125
placa_catalunya_01__4265,placa_catalunya_01,train,174,164,155
placa_catalunya_01__4272,placa_catalunya_01,train,240,230,221
placa_catalunya_01__4273,placa_catalunya_01,train,153,143,134
placa_catalunya_01__4281,placa_catalunya_01,train,759,749,740
placa_catalunya_01__4285,placa_catalunya_01,train,192,182,173
placa_catalunya_01__4286,placa_catalunya_01,train,26,16,7
placa_catalunya_01__4290,placa_catalunya_01,train,298,288,279
placa_catalunya_01__4295,placa_catalunya_01,train,16,6,0
placa_catalunya_01__4296,placa_catalunya_01,train,53,43,34
placa_catalunya_01__4311,placa_catalunya_01,train,185,175,166
placa_catalunya_01__4313,placa_catalunya_01,train,1789,1779,1770
placa_catalunya_01__4318,placa_catalunya_01,train,14,4,0
placa_catalunya_01__4322,placa_catalunya_01,train,15,5,0
placa_catalunya_01__4327,placa_catalunya_01,train,60,50,41
placa_catalunya_01__4342,placa_catalunya_01,train,63,53,44
placa_catalunya_01__4344,placa_catalunya_01,train,613,603,594
placa_catalunya_01__4354,placa_catalunya_01,train,651,641,632
placa_catalunya_01__4357,placa_catalunya_01,train,18,8,0
placa_catalunya_01__4369,placa_catalunya_01,train,208,198,189
placa_catalunya_01__4372,placa_catalunya_01,train,10,0,0
placa_catalunya_01__4377,placa_catalunya_01,train,544,534,525
placa_catalunya_01__4401,placa_catalunya_01,train,357,347,338
placa_catalunya_01__4403,placa_catalunya_01,train,601,591,582
placa_catalunya_01__4405,placa_catalunya_01,train,263,253,244
placa_catalunya_01__4415,placa_catalunya_01,train,26,16,7
placa_catalunya_01__4417,placa_catalunya_01,train,116,106,97
placa_catalunya_01__4419,placa_catalunya_01,train,10,0,0
placa_catalunya_01__4423,placa_catalunya_01,train,2332,2322,2313
placa_catalunya_01__4426,placa_catalunya_01,train,42,32,23
placa_catalunya_01__4432,placa_catalunya_01,train,102,92,83
placa_catalunya_01__4438,placa_catalunya_01,train,10,0,0
placa_catalunya_01__444,placa_catalunya_01,train,22,12,3
placa_catalunya_01__4460,placa_catalunya_01,train,214,204,195
placa_catalunya_01__4461,placa_catalunya_01,train,890,880,871
placa_catalunya_01__4462,placa_catalunya_01,train,489,479,470
placa_catalunya_01__4469,placa_catalunya_01,train,327,317,308
placa_catalunya_01__4493,placa_catalunya_01,train,62,52,43
placa_catalunya_01__4494,placa_catalunya_01,train,220,210,201
placa_catalunya_01__4495,placa_catalunya_01,train,25,15,6
placa_catalunya_01__4496,placa_catalunya_01,train,93,83,74
placa_catalunya_01__4501,placa_catalunya_01,train,86,76,67
placa_catalunya_01__4510,placa_catalunya_01,train,224,214,205
placa_catalunya_01__4521,placa_catalunya_01,train,238,228,219
placa_catalunya_01__4522,placa_catalunya_01,train,325,315,306
placa_catalunya_01__4524,placa_catalunya_01,train,562,552,543
placa_catalunya_01__4527,placa_catalunya_01,train,128,118,109
placa_catalunya_01__4531,placa_catalunya_01,train,39,29,20
placa_catalunya_01__4539,placa_catalunya_01,train,25,15,6
placa_catalunya_01__4546,placa_catalunya_01,train,49,39,30
placa_catalunya_01__4549,placa_catalunya_01,train,292,282,273
placa_catalunya_01__4576,placa_catalunya_01,train,1405,1395,1386
placa_catalunya_01__4588,placa_catalunya_01,train,19,9,0
placa_catalunya_01__4599,placa_catalunya_01,train,363,353,344
placa_catalunya_01__460,placa_catalunya_01,train,91,81,72
placa_catalunya_01__4615,placa_catalunya_01,train,20,10,1
placa_catalunya_01__4617,placa_catalunya_01,train,359,349,340
placa_catalunya_01__4618,placa_catalunya_01,train,82,72,63
placa_catalunya_01__4619,placa_catalunya_01,train,63,53,44
placa_catalunya_01__4625,placa_catalunya_01,train,46,36,27
placa_catalunya_01__4629,placa_catalunya_01,train,114,104,95
placa_catalunya_01__463,placa_catalunya_01,train,152,142,133
placa_catalunya_01__4640,placa_catalunya_01,train,70,60,51
placa_catalunya_01__4647,placa_catalunya_01,train,42,32,23
placa_catalunya_01__4648,placa_catalunya_01,train,1366,1356,1347
placa_catalunya_01__4656,placa_catalunya_01,train,36,26,17
placa_catalunya_01__4659,placa_catalunya_01,train,68,58,49
placa_catalunya_01__4661,placa_catalunya_01,train,42,32,23
placa_catalunya_01__4662,placa_catalunya_01,train,38,28,19
placa_catalunya_01__4668,placa_catalunya_01,train,41,31,22
placa_catalunya_01__4673,placa_catalunya_01,train,149,139,130
placa_catalunya_01__4680,placa_catalunya_01,train,793,783,774
placa_catalunya_01__469,placa_catalunya_01,train,14,4,0
placa_catalunya_01__4691,placa_catalunya_01,train,19,9,0
placa_catalunya_01__4697,placa_catalunya_01,train,31,21,12
placa_catalunya_01__470,placa_catalunya_01,train,412,402,393
placa_catalunya_01__4705,placa_catalunya_01,train,308,298,289
placa_catalunya_01__473,placa_catalunya_01,train,75,65,56
placa_catalunya_01__4735,placa_catalunya_01,train,33,23,14
placa_catalunya_01__4736,placa_catalunya_01,train,128,118,109
placa_catalunya_01__4739,placa_catalunya_01,train,58,48,39
placa_catalunya_01__4744,placa_catalunya_01,train,24,14,5
placa_catalunya_01__4748,placa_catalunya_01,train,15,5,0
placa_catalunya_01__475,placa_catalunya_01,train,1414,1404,1395
placa_catalunya_01__4756,placa_catalunya_01,train,47,37,28
placa_catalunya_01__4759,placa_catalunya_01,train,844,834,825
placa_catalunya_01__4766,placa_catalunya_01,train,760,750,741
placa_catalunya_01__4769,placa_catalunya_01,train,59,49,40
placa_catalunya_01__4773,placa_catalunya_01,train,20,10,1
placa_catalunya_01__4774,placa_catalunya_01,train,49,39,30
placa_catalunya_01__4783,placa_catalunya_01,train,249,239,230
placa_catalunya_01__4798,placa_catalunya_01,train,31,21,12
placa_catalunya_01__4801,placa_catalunya_01,train,194,184,175
placa_catalunya_01__4809,placa_catalunya_01,train,40,30,21
placa_catalunya_01__4810,placa_catalunya_01,train,11,1,0
placa_catalunya_01__4843,placa_catalunya_01,train,232,222,213
placa_catalunya_01__4844,placa_catalunya_01,train,21,11,2
placa_catalunya_01__4857,placa_catalunya_01,train,300,290,281
placa_catalunya_01__4861,placa_catalunya_01,train,134,124,115
placa_catalunya_01__4876,placa_catalunya_01,train,342,332,323
placa_catalunya_01__488,placa_catalunya_01,train,37,27,18
placa_catalunya_01__4888,placa_catalunya_01,train,14,4,0
placa_catalunya_01__4900,placa_catalunya_01,train,55,45,36
placa_catalunya_01__4904,placa_catalunya_01,train,68,58,49
placa_catalunya_01__4910,placa_catalunya_01,train,177,167,158
placa_catalunya_01__4920,placa_catalunya_01,train,18,8,0
placa_catalunya_01__4923,placa_catalunya_01,train,670,660,651
placa_catalunya_01__4925,placa_catalunya_01,train,25,15,6
placa_catalunya_01__4930,placa_catalunya_01,train,247,237,228
placa_catalunya_01__4933,placa_catalunya_01,train,1145,1135,1126
placa_catalunya_01__4940,placa_catalunya_01,train,200,190,181
placa_catalunya_01__4945,placa_catalunya_01,train,19,9,0
placa_catalunya_01__4948,placa_catalunya_01,train,11,1,0
placa_catalunya_01__4950,placa_catalunya_01,train,289,279,270
placa_catalunya_01__4952,placa_catalunya_01,train,37,27,18
placa_catalunya_01__4959,placa_catalunya_01,train,292,282,273
placa_catalunya_01__496,placa_catalunya_01,train,19,9,0
placa_catalunya_01__4968,placa_catalunya_01,train,17,7,0
placa_catalunya_01__4974,placa_catalunya_01,train,12,2,0
placa_catalunya_01__4976,placa_catalunya_01,train,436,426,417
placa_catalunya_01__4984,placa_catalunya_01,train,24,14,5
placa_catalunya_01__4987,placa_catalunya_01,train,172,162,153
placa_catalunya_01__4993,placa_catalunya_01,train,93,83,74
placa_catalunya_01__5,placa_catalunya_01,train,26,16,7
placa_catalunya_01__5006,placa_catalunya_01,train,37,27,18
placa_catalunya_01__5012,placa_catalunya_01,train,19,9,0
placa_catalunya_01__5020,placa_catalunya_01,train,119,109,100
placa_catalunya_01__5029,placa_catalunya_01,train,251,241,232
placa_catalunya_01__5030,placa_catalunya_01,train,63,53,44
placa_catalunya_01__5038,placa_catalunya_01,train,20,10,1
placa_catalunya_01__5041,placa_catalunya_01,train,12,2,0
placa_catalunya_01__5046,placa_catalunya_01,train,52,42,33
placa_catalunya_01__5051,placa_catalunya_01,train,21,11,2
placa_catalunya_01__5073,placa_catalunya_01,train,236,226,217
placa_catalunya_01__5079,placa_catalunya_01,train,220,210,201
placa_catalunya_01__5081,placa_catalunya_01,train,33,23,14
placa_catalunya_01__5087,placa_catalunya_01,train,17,7,0
placa_catalunya_01__5089,placa_catalunya_01,train,240,230,221
placa_catalunya_01__5093,placa_catalunya_01,train,37,27,18
placa_catalunya_01__5095,placa_catalunya_01,train,191,181,172
placa_catalunya_01__51,placa_catalunya_01,train,3380,3370,3361
placa_catalunya_01__5103,placa_catalunya_01,train,559,549,540
placa_catalunya_01__5104,placa_catalunya_01,train,74,64,55
placa_catalunya_01__5113,placa_catalunya_01,train,235,225,216
placa_catalunya_01__5114,placa_catalunya_01,train,17,7,0
placa_catalunya_01__5116,placa_catalunya_01,train,211,201,192
placa_catalunya_01__5138,placa_catalunya_01,train,833,823,814
placa_catalunya_01__514,placa_catalunya_01,train,213,203,194
placa_catalunya_01__5140,placa_catalunya_01,train,448,438,429
placa_catalunya_01__5146,placa_catalunya_01,train,29,19,10
placa_catalunya_01__5155,placa_catalunya_01,train,518,508,499
placa_catalunya_01__5161,placa_catalunya_01,train,10,0,0
placa_catalunya_01__5165,placa_catalunya_01,train,1338,1328,1319
placa_catalunya_01__517,placa_catalunya_01,train,1525,1515,1506
placa_catalunya_01__5174,placa_catalunya_01,train,11,1,0
placa_catalunya_01__5177,placa_catalunya_01,train,174,164,155
placa_catalunya_01__5194,placa_catalunya_01,train,320,310,301
placa_catalunya_01__5226,placa_catalunya_01,train,35,25,16
placa_catalunya_01__5227,placa_catalunya_01,train,63,53,44
placa_catalunya_01__524,placa_catalunya_01,train,191,181,172
placa_catalunya_01__5244,placa_catalunya_01,train,25,15,6
placa_catalunya_01__5249,placa_catalunya_01,train,1139,1129,1120
placa_catalunya_01__5252,placa_catalunya_01,train,45,35,26
placa_catalunya_01__5254,placa_catalunya_01,train,384,374,365
placa_catalunya_01__5261,placa_catalunya_01,train,1187,1177,1168
placa_catalunya_01__5265,placa_catalunya_01,train,394,384,375
placa_catalunya_01__5268,placa_catalunya_01,train,242,232,223
placa_catalunya_01__5269,placa_catalunya_01,train,54,44,35
placa_catalunya_01__5274,placa_catalunya_01,train,134,124,115
placa_catalunya_01__528,placa_catalunya_01,train,13,3,0
placa_catalunya_01__5282,placa_catalunya_01,train,157,147,138
placa_catalunya_01__5283,placa_catalunya_01,train,47,37,28
placa_catalunya_01__5286,placa_catalunya_01,train,35,25,16
placa_catalunya_01__5289,placa_catalunya_01,train,256,246,237
placa_catalunya_01__5304,placa_catalunya_01,train,52,42,33
placa_catalunya_01__5305,placa_catalunya_01,train,32,22,13
placa_catalunya_01__5314,placa_catalunya_01,train,165,155,146
placa_catalunya_01__5315,placa_catalunya_01,train,110,100,91
placa_catalunya_01__5319,placa_catalunya_01,train,547,537,528
placa_catalunya_01__5320,placa_catalunya_01,train,30,20,11
placa_catalunya_01__5325,placa_catalunya_01,train,1064,1054,1045
placa_catalunya_01__5330,placa_catalunya_01,train,1045,1035,1026
placa_catalunya_01__5331,placa_catalunya_01,train,29,19,10
placa_catalunya_01__534,placa_catalunya_01,train,42,32,23
placa_catalunya_01__5340,placa_catalunya_01,train,306,296,287
placa_catalunya_01__5355,placa_catalunya_01,train,980,970,961
placa_catalunya_01__536,placa_catalunya_01,train,12,2,0
placa_catalunya_01__5363,placa_catalunya_01,train,57,47,38
placa_catalunya_01__5364,placa_catalunya_01,train,15,5,0
placa_catalunya_01__5369,placa_catalunya_01,train,113,103,94
placa_catalunya_01__5370,placa_catalunya_01,train,387,377,368
placa_catalunya_01__5371,placa_catalunya_01,train,33,23,14
placa_catalunya_01__5380,placa_catalunya_01,train,208,198,189
placa_catalunya_01__5385,placa_catalunya_01,train,34,24,15
placa_catalunya_01__5391,placa_catalunya_01,train,33,23,14
placa_catalunya_01__5402,placa_catalunya_01,train,15,5,0
placa_catalunya_01__5406,placa_catalunya_01,train,345,335,326
placa_catalunya_01__541,placa_catalunya_01,train,28,18,9
placa_catalunya_01__5411,placa_catalunya_01,train,333,323,314
placa_catalunya_01__5422,placa_catalunya_01,train,862,852,843
placa_catalunya_01__5424,placa_catalunya_01,train,36,26,17
placa_catalunya_01__5426,placa_catalunya_01,train,67,57,48
placa_catalunya_01__5432,placa_catalunya_01,train,30,20,11
placa_catalunya_01__5454,placa_catalunya_01,train,35,25,16
placa_catalunya_01__5456,placa_catalunya_01,train,17,7,0
placa_catalunya_01__546,placa_catalunya_01,train,36,26,17
placa_catalunya_01__5465,placa_catalunya_01,train,41,31,22
placa_catalunya_01__547,placa_catalunya_01,train,167,157,148
placa_catalunya_01__5473,placa_catalunya_01,train,75,65,56
placa_catalunya_01__5475,placa_catalunya_01,train,23,13,4
placa_catalunya_01__5486,placa_catalunya_01,train,861,851,842
placa_catalunya_01__5489,placa_catalunya_01,train,10,0,0
placa_catalunya_01__5505,placa_catalunya_01,train,80,70,61
placa_catalunya_01__5514,placa_catalunya_01,train,78,68,59
placa_catalunya_01__5517,placa_catalunya_01,train,375,365,356
placa_catalunya_01__5519,placa_catalunya_01,train,28,18,9
placa_catalunya_01__5523,placa_catalunya_01,train,24,14,5
placa_catalunya_01__5534,placa_catalunya_01,train,722,712,703
placa_catalunya_01__5545,placa_catalunya_01,train,16,6,0
placa_catalunya_01__5549,placa_catalunya_01,train,11,1,0
placa_catalunya_01__5555,placa_catalunya_01,train,43,33,24
placa_catalunya_01__5571,placa_catalunya_01,train,22,12,3
placa_catalunya_01__5576,placa_catalunya_01,train,293,283,274
placa_catalunya_01__5577,placa_catalunya_01,train,94,84,75
placa_catalunya_01__5578,placa_catalunya_01,train,30,20,11
placa_catalunya_01__558,placa_catalunya_01,train,158,148,139
placa_catalunya_01__5599,placa_catalunya_01,train,259,249,240
placa_catalunya_01__5602,placa_catalunya_01,train,144,134,125
placa_catalunya_01__5606,placa_catalunya_01,train,824,814,805
placa_catalunya_01__5607,placa_catalunya_01,train,732,722,713
placa_catalunya_01__5613,placa_catalunya_01,train,18,8,0
placa_catalunya_01__5614,placa_catalunya_01,train,338,328,319
placa_catalunya_01__5615,placa_catalunya_01,train,98,88,79
placa_catalunya_01__5619,placa_catalunya_01,train,262,252,243
placa_catalunya_01__5625,placa_catalunya_01,train,742,732,723
placa_catalunya_01__563,placa_catalunya_01,train,243,233,224
placa_catalunya_01__5631,placa_catalunya_01,train,67,57,48
placa_catalunya_01__5638,placa_catalunya_01,train,47,37,28
placa_catalunya_01__5641,placa_catalunya_01,train,97,87,78
placa_catalunya_01__5662,placa_catalunya_01,train,57,47,38
placa_catalunya_01__5668,placa_catalunya_01,train,340,330,321
placa_catalunya_01__567,placa_catalunya_01,train,712,702,693
placa_catalunya_01__5676,placa_catalunya_01,train,78,68,59
placa_catalunya_01__5680,placa_catalunya_01,train,42,32,23
placa_catalunya_01__5691,placa_catalunya_01,train,13,3,0
placa_catalunya_01__570,placa_catalunya_01,train,269,259,250
placa_catalunya_01__5707,placa_catalunya_01,train,396,386,377
placa_catalunya_01__5715,placa_catalunya_01,train,151,141,132
placa_catalunya_01__5723,placa_catalunya_01,train,33,23,14
placa_catalunya_01__5735,placa_catalunya_01,train,10,0,0
placa_catalunya_01__574,placa_catalunya_01,train,97,87,78
placa_catalunya_01__5743,placa_catalunya_01,train,34,24,15
placa_catalunya_01__5744,placa_catalunya_01,train,268,258,249
placa_catalunya_01__5749,placa_catalunya_01,train,249,239,230
placa_catalunya_01__5755,placa_catalunya_01,train,138,128,119
placa_catalunya_01__5767,placa_catalunya_01,train,44,34,25
placa_catalunya_01__5773,placa_catalunya_01,train,20,10,1
placa_catalunya_01__5776,placa_catalunya_01,train,10,0,0
placa_catalunya_01__5786,placa_catalunya_01,train,26,16,7
placa_catalunya_01__5788,placa_catalunya_01,train,127,117,108
placa_catalunya_01__5802,placa_catalunya_01,train,20,10,1
placa_catalunya_01__5808,placa_catalunya_01,train,10,0,0
placa_catalunya_01__5809,placa_catalunya_01,train,43,33,24
placa_catalunya_01__5812,placa_catalunya_01,train,579,569,560
placa_catalunya_01__5823,placa_catalunya_01,train,60,50,41
placa_catalunya_01__5824,placa_catalunya_01,train,71,61,52
placa_catalunya_01__5831,placa_catalunya_01,train,487,477,468
placa_catalunya_01__5841,placa_catalunya_01,train,48,38,29
placa_catalunya_01__5846,placa_catalunya_01,train,24,14,5
placa_catalunya_01__585,placa_catalunya_01,train,27,17,8
placa_catalunya_01__5850,placa_catalunya_01,train,488,478,469
placa_catalunya_01__5852,placa_catalunya_01,train,22,12,3
placa_catalunya_01__5853,placa_catalunya_01,train,188,178,169
placa_catalunya_01__5856,placa_catalunya_01,train,17,7,0
placa_catalunya_01__5860,placa_catalunya_01,train,408,398,389
placa_catalunya_01__5867,placa_catalunya_01,train,55,45,36
placa_catalunya_01__5870,placa_catalunya_01,train,20,10,1
placa_catalunya_01__5872,placa_catalunya_01,train,18,8,0
placa_catalunya_01__5873,placa_catalunya_01,train,27,17,8
placa_catalunya_01__5875,placa_catalunya_01,train,468,458,449
placa_catalunya_01__5888,placa_catalunya_01,train,323,313,304
placa_catalunya_01__5898,placa_catalunya_01,train,429,419,410
placa_catalunya_01__5901,placa_catalunya_01,train,29,19,10
placa_catalunya_01__5913,placa_catalunya_01,train,29,19,10
placa_catalunya_01__5916,placa_catalunya_01,train,108,98,89
placa_catalunya_01__5919,placa_catalunya_01,train,18,8,0
placa_catalunya_01__5922,placa_catalunya_01,train,430,420,411
placa_catalunya_01__5923,placa_catalunya_01,train,77,67,58
placa_catalunya_01__5938,placa_catalunya_01,train,18,8,0
placa_catalunya_01__5940,placa_catalunya_01,train,49,39,30
placa_catalunya_01__5941,placa_catalunya_01,train,48,38,29
placa_catalunya_01__5947,placa_catalunya_01,train,237,227,218
placa_catalunya_01__5955,placa_catalunya_01,train,24,14,5
placa_catalunya_01__5957,placa_catalunya_01,train,105,95,86
placa_catalunya_01__5968,placa_catalunya_01,train,48,38,29
placa_catalunya_01__5969,placa_catalunya_01,train,352,342,333
placa_catalunya_01__5970,placa_catalunya_01,train,337,327,318
placa_catalunya_01__5973,placa_catalunya_01,train,39,29,20
placa_catalunya_01__5975,placa_catalunya_01,train,36,26,17
placa_catalunya_01__5978,placa_catalunya_01,train,27,17,8
placa_catalunya_01__5979,placa_catalunya_01,train,320,310,301
placa_catalunya_01__5982,placa_catalunya_01,train,312,302,293
placa_catalunya_01__6,placa_catalunya_01,train,610,600,591
placa_catalunya_01__6005,placa_catalunya_01,train,48,38,29
placa_catalunya_01__6007,placa_catalunya_01,train,26,16,7
placa_catalunya_01__602,placa_catalunya_01,train,80,70,61
placa_catalunya_01__6027,placa_catalunya_01,train,267,257,248
placa_catalunya_01__6036,placa_catalunya_01,train,12,2,0
placa_catalunya_01__6037,placa_catalunya_01,train,27,17,8
placa_catalunya_01__6038,placa_catalunya_01,train,237,227,218
placa_catalunya_01__6045,placa_catalunya_01,train,217,207,198
placa_catalunya_01__6047,placa_catalunya_01,train,11,1,0
placa_catalunya_01__6050,placa_catalunya_01,train,183,173,164
placa_catalunya_01__6056,placa_catalunya_01,train,20,10,1
placa_catalunya_01__6065,placa_catalunya_01,train,61,51,42
placa_catalunya_01__6074,placa_catalunya_01,train,166,156,147
placa_catalunya_01__6077,placa_catalunya_01,train,166,156,147
placa_catalunya_01__6079,placa_catalunya_01,train,162,152,143
placa_catalunya_01__6088,placa_catalunya_01,train,26,16,7
placa_catalunya_01__6089,placa_catalunya_01,train,43,33,24
placa_catalunya_01__609,placa_catalunya_01,train,18,8,0
placa_catalunya_01__61,placa_catalunya_01,train,218,208,199
placa_catalunya_01__6114,placa_catalunya_01,train,127,117,108
placa_catalunya_01__6116,placa_catalunya_01,train,46,36,27
placa_catalunya_01__6134,placa_catalunya_01,train,57,47,38
placa_catalunya_01__6139,placa_catalunya_01,train,33,23,14
placa_catalunya_01__614,placa_catalunya_01,train,50,40,31
placa_catalunya_01__6142,placa_catalunya_01,train,62,52,43
placa_catalunya_01__6146,placa_catalunya_01,train,26,16,7
placa_catalunya_01__6150,placa_catalunya_01,train,61,51,42
placa_catalunya_01__6151,placa_catalunya_01,train,60,50,41
placa_catalunya_01__6152,placa_catalunya_01,train,42,32,23
placa_catalunya_01__6153,placa_catalunya_01,train,30,20,11
placa_catalunya_01__6154,placa_catalunya_01,train,42,32,23
placa_catalunya_01__6157,placa_catalunya_01,train,44,34,25
placa_catalunya_01__616,placa_catalunya_01,train,1810,1800,1791
placa_catalunya_01__6160,placa_catalunya_01,train,40,30,21
placa_catalunya_01__6165,placa_catalunya_01,train,23,13,4
placa_catalunya_01__6166,placa_catalunya_01,train,22,12,3
placa_catalunya_01__6167,placa_catalunya_01,train,23,13,4
placa_catalunya_01__6169,placa_catalunya_01,train,18,8,0
placa_catalunya_01__621,placa_catalunya_01,train,593,583,574
placa_catalunya_01__628,placa_catalunya_01,train,1075,1065,1056
placa_catalunya_01__629,placa_catalunya_01,train,20,10,1
placa_catalunya_01__639,placa_catalunya_01,train,132,122,113
placa_catalunya_01__641,placa_catalunya_01,train,1314,1304,1295
placa_catalunya_01__642,placa_catalunya_01,train,4343,4333,4324
placa_catalunya_01__647,placa_catalunya_01,train,444,434,425
placa_catalunya_01__648,placa_catalunya_01,train,249,239,230
placa_catalunya_01__657,placa_catalunya_01,train,11,1,0
placa_catalunya_01__663,placa_catalunya_01,train,203,193,184
placa_catalunya_01__672,placa_catalunya_01,train,11,1,0
placa_catalunya_01__682,placa_catalunya_01,train,452,442,433
placa_catalunya_01__687,placa_catalunya_01,train,68,58,49
placa_catalunya_01__692,placa_catalunya_01,train,42,32,23
placa_catalunya_01__693,placa_catalunya_01,train,14,4,0
placa_catalunya_01__694,placa_catalunya_01,train,227,217,208
placa_catalunya_01__697,placa_catalunya_01,train,22,12,3
placa_catalunya_01__7,placa_catalunya_01,train,600,590,581
placa_catalunya_01__714,placa_catalunya_01,train,415,405,396
placa_catalunya_01__715,placa_catalunya_01,train,37,27,18
placa_catalunya_01__716,placa_catalunya_01,train,728,718,709
placa_catalunya_01__718,placa_catalunya_01,train,43,33,24
placa_catalunya_01__719,placa_catalunya_01,train,52,42,33
placa_catalunya_01__720,placa_catalunya_01,train,404,394,385
placa_catalunya_01__73,placa_catalunya_01,train,1882,1872,1863
placa_catalunya_01__732,placa_catalunya_01,train,243,233,224
placa_catalunya_01__748,placa_catalunya_01,train,60,50,41
placa_catalunya_01__75,placa_catalunya_01,train,430,420,411
placa_catalunya_01__762,placa_catalunya_01,train,46,36,27
placa_catalunya_01__777,placa_catalunya_01,train,13,3,0
placa_catalunya_01__78,placa_catalunya_01,train,25,15,6
placa_catalunya_01__780,placa_catalunya_01,train,14,4,0
placa_catalunya_01__786,placa_catalunya_01,train,17,7,0
placa_catalunya_01__788,placa_catalunya_01,train,907,897,888
placa_catalunya_01__789,placa_catalunya_01,train,17,7,0
placa_catalunya_01__792,placa_catalunya_01,train,20,10,1
placa_catalunya_01__793,placa_catalunya_01,train,60,50,41
placa_catalunya_01__803,placa_catalunya_01,train,112,102,93
placa_catalunya_01__807,placa_catalunya_01,train,180,170,161
placa_catalunya_01__808,placa_catalunya_01,train,283,273,264
placa_catalunya_01__815,placa_catalunya_01,train,437,427,418
placa_catalunya_01__816,placa_catalunya_01,train,25,15,6
placa_catalunya_01__817,placa_catalunya_01,train,571,561,552
placa_catalunya_01__821,placa_catalunya_01,train,104,94,85
placa_catalunya_01__830,placa_catalunya_01,train,13,3,0
placa_catalunya_01__831,placa_catalunya_01,train,39,29,20
placa_catalunya_01__832,placa_catalunya_01,train,123,113,104
placa_catalunya_01__840,placa_catalunya_01,train,21,11,2
placa_catalunya_01__841,placa_catalunya_01,train,286,276,267
placa_catalunya_01__843,placa_catalunya_01,train,135,125,116
placa_catalunya_01__855,placa_catalunya_01,train,861,851,842
placa_catalunya_01__858,placa_catalunya_01,train,303,293,284
placa_catalunya_01__861,placa_catalunya_01,train,505,495,486
placa_catalunya_01__871,placa_catalunya_01,train,59,49,40
placa_catalunya_01__876,placa_catalunya_01,train,20,10,1
placa_catalunya_01__88,placa_catalunya_01,train,166,156,147
placa_catalunya_01__888,placa_catalunya_01,train,57,47,38
placa_catalunya_01__892,placa_catalunya_01,train,275,265,256
placa_catalunya_01__898,placa_catalunya_01,train,168,158,149
placa_catalunya_01__899,placa_catalunya_01,train,23,13,4
placa_catalunya_01__9,placa_catalunya_01,train,1184,1174,1165
placa_catalunya_01__906,placa_catalunya_01,train,647,637,628
placa_catalunya_01__907,placa_catalunya_01,train,34,24,15
placa_catalunya_01__913,placa_catalunya_01,train,161,151,142
placa_catalunya_01__917,placa_catalunya_01,train,273,263,254
placa_catalunya_01__918,placa_catalunya_01,train,23,13,4
placa_catalunya_01__919,placa_catalunya_01,train,22,12,3
placa_catalunya_01__93,placa_catalunya_01,train,449,439,430
placa_catalunya_01__933,placa_catalunya_01,train,40,30,21
placa_catalunya_01__934,placa_catalunya_01,train,65,55,46
placa_catalunya_01__940,placa_catalunya_01,train,84,74,65
placa_catalunya_01__945,placa_catalunya_01,train,45,35,26
placa_catalunya_01__946,placa_catalunya_01,train,121,111,102
placa_catalunya_01__967,placa_catalunya_01,train,160,150,141
placa_catalunya_01__973,placa_catalunya_01,train,926,916,907
placa_catalunya_01__974,placa_catalunya_01,train,709,699,690
placa_catalunya_01__98,placa_catalunya_01,train,30,20,11
placa_catalunya_01__988,placa_catalunya_01,train,213,203,194
placa_catalunya_01__991,placa_catalunya_01,train,57,47,38
placa_catalunya_01__998,placa_catalunya_01,train,1088,1078,1069
placa_catalunya_01__1036,placa_catalunya_01,val,46,36,27
placa_catalunya_01__1067,placa_catalunya_01,val,344,334,325
placa_catalunya_01__114,placa_catalunya_01,val,39,29,20
placa_catalunya_01__1187,placa_catalunya_01,val,15,5,0
placa_catalunya_01__1226,placa_catalunya_01,val,105,95,86
placa_catalunya_01__13,placa_catalunya_01,val,148,138,129
placa_catalunya_01__1324,placa_catalunya_01,val,240,230,221
placa_catalunya_01__1333,placa_catalunya_01,val,132,122,113
placa_catalunya_01__1346,placa_catalunya_01,val,248,238,229
placa_catalunya_01__1370,placa_catalunya_01,val,338,328,319
placa_catalunya_01__1403,placa_catalunya_01,val,10,0,0
placa_catalunya_01__1467,placa_catalunya_01,val,351,341,332
placa_catalunya_01__1510,placa_catalunya_01,val,140,130,121
placa_catalunya_01__1517,placa_catalunya_01,val,38,28,19
placa_catalunya_01__1545,placa_catalunya_01,val,2040,2030,2021
placa_catalunya_01__1562,placa_catalunya_01,val,14,4,0
placa_catalunya_01__1622,placa_catalunya_01,val,195,185,176
placa_catalunya_01__17,placa_catalunya_01,val,6271,6261,6252
placa_catalunya_01__1867,placa_catalunya_01,val,511,501,492
placa_catalunya_01__1883,placa_catalunya_01,val,1545,1535,1526
placa_catalunya_01__1891,placa_catalunya_01,val,160,150,141
placa_catalunya_01__1910,placa_catalunya_01,val,12,2,0
placa_catalunya_01__1923,placa_catalunya_01,val,370,360,351
placa_catalunya_01__1983,placa_catalunya_01,val,784,774,765
placa_catalunya_01__20,placa_catalunya_01,val,74,64,55
placa_catalunya_01__2074,placa_catalunya_01,val,370,360,351
placa_catalunya_01__2181,placa_catalunya_01,val,65,55,46
placa_catalunya_01__220,placa_catalunya_01,val,148,138,129
placa_catalunya_01__2203,placa_catalunya_01,val,34,24,15
placa_catalunya_01__2217,placa_catalunya_01,val,20,10,1
placa_catalunya_01__2238,placa_catalunya_01,val,59,49,40
placa_catalunya_01__2273,placa_catalunya_01,val,58,48,39
placa_catalunya_01__2274,placa_catalunya_01,val,64,54,45
placa_catalunya_01__2283,placa_catalunya_01,val,55,45,36
placa_catalunya_01__2287,placa_catalunya_01,val,417,407,398
placa_catalunya_01__2288,placa_catalunya_01,val,400,390,381
placa_catalunya_01__2326,placa_catalunya_01,val,312,302,293
placa_catalunya_01__240,placa_catalunya_01,val,869,859,850
placa_catalunya_01__2407,placa_catalunya_01,val,267,257,248
placa_catalunya_01__2446,placa_catalunya_01,val,37,27,18
placa_catalunya_01__2505,placa_catalunya_01,val,916,906,897
placa_catalunya_01__2563,placa_catalunya_01,val,11,1,0
placa_catalunya_01__2621,placa_catalunya_01,val,20,10,1
placa_catalunya_01__2634,placa_catalunya_01,val,316,306,297
placa_catalunya_01__2648,placa_catalunya_01,val,105,95,86
placa_catalunya_01__2726,placa_catalunya_01,val,696,686,677
placa_catalunya_01__2776,placa_catalunya_01,val,264,254,245
placa_catalunya_01__2822,placa_catalunya_01,val,54,44,35
placa_catalunya_01__2832,placa_catalunya_01,val,39,29,20
placa_catalunya_01__2914,placa_catalunya_01,val,171,161,152
placa_catalunya_01__2916,placa_catalunya_01,val,258,248,239
placa_catalunya_01__2917,placa_catalunya_01,val,104,94,85
placa_catalunya_01__2960,placa_catalunya_01,val,327,317,308
placa_catalunya_01__3058,placa_catalunya_01,val,93,83,74
placa_catalunya_01__3206,placa_catalunya_01,val,34,24,15
placa_catalunya_01__3239,placa_catalunya_01,val,40,30,21
placa_catalunya_01__3252,placa_catalunya_01,val,62,52,43
placa_catalunya_01__3316,placa_catalunya_01,val,19,9,0
placa_catalunya_01__34,placa_catalunya_01,val,629,619,610
placa_catalunya_01__3405,placa_catalunya_01,val,24,14,5
placa_catalunya_01__3441,placa_catalunya_01,val,885,875,866
placa_catalunya_01__3538,placa_catalunya_01,val,57,47,38
placa_catalunya_01__3560,placa_catalunya_01,val,492,482,473
placa_catalunya_01__3574,placa_catalunya_01,val,205,195,186
placa_catalunya_01__3601,placa_catalunya_01,val,26,16,7
placa_catalunya_01__3607,placa_catalunya_01,val,48,38,29
placa_catalunya_01__368,placa_catalunya_01,val,96,86,77
placa_catalunya_01__3719,placa_catalunya_01,val,18,8,0
placa_catalunya_01__3769,placa_catalunya_01,val,73,63,54
placa_catalunya_01__3782,placa_catalunya_01,val,279,269,260
placa_catalunya_01__3839,placa_catalunya_01,val,378,368,359
placa_catalunya_01__3924,placa_catalunya_01,val,45,35,26
placa_catalunya_01__4246,placa_catalunya_01,val,175,165,156
placa_catalunya_01__4307,placa_catalunya_01,val,23,13,4
placa_catalunya_01__4325,placa_catalunya_01,val,162,152,143
placa_catalunya_01__4378,placa_catalunya_01,val,199,189,180
placa_catalunya_01__4421,placa_catalunya_01,val,12,2,0
placa_catalunya_01__4444,placa_catalunya_01,val,161,151,142
placa_catalunya_01__4457,placa_catalunya_01,val,2735,2725,2716
placa_catalunya_01__45,placa_catalunya_01,val,228,218,209
placa_catalunya_01__4655,placa_catalunya_01,val,152,142,133
placa_catalunya_01__4669,placa_catalunya_01,val,29,19,10
placa_catalunya_01__4694,placa_catalunya_01,val,55,45,36
placa_catalunya_01__47,placa_catalunya_01,val,772,762,753
placa_catalunya_01__4717,placa_catalunya_01,val,248,238,229
placa_catalunya_01__4729,placa_catalunya_01,val,28,18,9
placa_catalunya_01__4764,placa_catalunya_01,val,169,159,150
placa_catalunya_01__4816,placa_catalunya_01,val,54,44,35
placa_catalunya_01__4882,placa_catalunya_01,val,324,314,305
placa_catalunya_01__4912,placa_catalunya_01,val,33,23,14
placa_catalunya_01__5094,placa_catalunya_01,val,42,32,23
placa_catalunya_01__5101,placa_catalunya_01,val,772,762,753
placa_catalunya_01__5145,placa_catalunya_01,val,780,770,761
placa_catalunya_01__5171,placa_catalunya_01,val,440,430,421
placa_catalunya_01__5190,placa_catalunya_01,val,34,24,15
placa_catalunya_01__5203,placa_catalunya_01,val,163,153,144
placa_catalunya_01__5233,placa_catalunya_01,val,24,14,5
placa_catalunya_01__5332,placa_catalunya_01,val,408,398,389
placa_catalunya_01__5476,placa_catalunya_01,val,57,47,38
placa_catalunya_01__5513,placa_catalunya_01,val,45,35,26
placa_catalunya_01__553,placa_catalunya_01,val,214,204,195
placa_catalunya_01__5541,placa_catalunya_01,val,17,7,0
placa_catalunya_01__5581,placa_catalunya_01,val,112,102,93
placa_catalunya_01__5608,placa_catalunya_01,val,25,15,6
placa_catalunya_01__5643,placa_catalunya_01,val,242,232,223
placa_catalunya_01__5792,placa_catalunya_01,val,168,158,149
placa_catalunya_01__5800,placa_catalunya_01,val,268,258,249
placa_catalunya_01__5801,placa_catalunya_01,val,79,69,60
placa_catalunya_01__5835,placa_catalunya_01,val,195,185,176
placa_catalunya_01__5912,placa_catalunya_01,val,437,427,418
placa_catalunya_01__5921,placa_catalunya_01,val,118,108,99
placa_catalunya_01__593,placa_catalunya_01,val,21,11,2
placa_catalunya_01__5935,placa_catalunya_01,val,356,346,337
placa_catalunya_01__6011,placa_catalunya_01,val,215,205,196
placa_catalunya_01__6103,placa_catalunya_01,val,35,25,16
placa_catalunya_01__6105,placa_catalunya_01,val,60,50,41
placa_catalunya_01__6108,placa_catalunya_01,val,38,28,19
placa_catalunya_01__6133,placa_catalunya_01,val,88,78,69
placa_catalunya_01__6161,placa_catalunya_01,val,40,30,21
placa_catalunya_01__658,placa_catalunya_01,val,17,7,0
placa_catalunya_01__775,placa_catalunya_01,val,16,6,0
placa_catalunya_01__835,placa_catalunya_01,val,13,3,0
placa_catalunya_01__852,placa_catalunya_01,val,33,23,14
placa_catalunya_01__926,placa_catalunya_01,val,10,0,0
placa_catalunya_01__955,placa_catalunya_01,val,63,53,44
placa_catalunya_01__972,placa_catalunya_01,val,93,83,74
placa_espanya_01__1094,placa_espanya_01,test,159,149,140
placa_espanya_01__122,placa_espanya_01,test,1136,1126,1117
placa_espanya_01__1238,placa_espanya_01,test,98,88,79
placa_espanya_01__1259,placa_espanya_01,test,268,258,249
placa_espanya_01__1298,placa_espanya_01,test,22,12,3
placa_espanya_01__1322,placa_espanya_01,test,21,11,2
placa_espanya_01__1391,placa_espanya_01,test,65,55,46
placa_espanya_01__1416,placa_espanya_01,test,1015,1005,996
placa_espanya_01__1486,placa_espanya_01,test,1434,1424,1415
placa_espanya_01__1569,placa_espanya_01,test,10,0,0
placa_espanya_01__1598,placa_espanya_01,test,51,41,32
placa_espanya_01__1613,placa_espanya_01,test,29,19,10
placa_espanya_01__1631,placa_espanya_01,test,193,183,174
placa_espanya_01__1647,placa_espanya_01,test,276,266,257
placa_espanya_01__1720,placa_espanya_01,test,30,20,11
placa_espanya_01__1811,placa_espanya_01,test,19,9,0
placa_espanya_01__1814,placa_espanya_01,test,144,134,125
placa_espanya_01__1846,placa_espanya_01,test,100,90,81
placa_espanya_01__1976,placa_espanya_01,test,180,170,161
placa_espanya_01__2013,placa_espanya_01,test,37,27,18
placa_espanya_01__2031,placa_espanya_01,test,12,2,0
placa_espanya_01__2058,placa_espanya_01,test,41,31,22
placa_espanya_01__206,placa_espanya_01,test,36,26,17
placa_espanya_01__2197,placa_espanya_01,test,87,77,68
placa_espanya_01__2242,placa_espanya_01,test,16,6,0
placa_espanya_01__2506,placa_espanya_01,test,191,181,172
placa_espanya_01__2539,placa_espanya_01,test,137,127,118
placa_espanya_01__2753,placa_espanya_01,test,20,10,1
placa_espanya_01__2902,placa_espanya_01,test,108,98,89
placa_espanya_01__2974,placa_espanya_01,test,493,483,474
placa_espanya_01__3,placa_espanya_01,test,1659,1649,1640
placa_espanya_01__3016,placa_espanya_01,test,209,199,190
placa_espanya_01__3048,placa_espanya_01,test,90,80,71
placa_espanya_01__3174,placa_espanya_01,test,255,245,236
placa_espanya_01__3185,placa_espanya_01,test,160,150,141
placa_espanya_01__33,placa_espanya_01,test,499,489,480
placa_espanya_01__3347,placa_espanya_01,test,35,25,16
placa_espanya_01__3563,placa_espanya_01,test,100,90,81
placa_espanya_01__3580,placa_espanya_01,test,441,431,422
placa_espanya_01__36,placa_espanya_01,test,435,425,416
placa_espanya_01__3601,placa_espanya_01,test,186,176,167
placa_espanya_01__3790,placa_espanya_01,test,699,689,680
placa_espanya_01__3813,placa_espanya_01,test,39,29,20
placa_espanya_01__3912,placa_espanya_01,test,717,707,698
placa_espanya_01__4050,placa_espanya_01,test,260,250,241
placa_espanya_01__4394,placa_espanya_01,test,1511,1501,1492
placa_espanya_01__4563,placa_espanya_01,test,49,39,30
placa_espanya_01__4580,placa_espanya_01,test,59,49,40
placa_espanya_01__4659,placa_espanya_01,test,12,2,0
placa_espanya_01__4687,placa_espanya_01,test,34,24,15
placa_espanya_01__47,placa_espanya_01,test,71,61,52
placa_espanya_01__4943,placa_espanya_01,test,764,754,745
placa_espanya_01__5004,placa_espanya_01,test,132,122,113
placa_espanya_01__5123,placa_espanya_01,test,11,1,0
placa_espanya_01__5226,placa_espanya_01,test,172,162,153
placa_espanya_01__5297,placa_espanya_01,test,59,49,40
placa_espanya_01__5309,placa_espanya_01,test,154,144,135
placa_espanya_01__5417,placa_espanya_01,test,72,62,53
placa_espanya_01__5454,placa_espanya_01,test,126,116,107
placa_espanya_01__5470,placa_espanya_01,test,392,382,373
placa_espanya_01__5597,placa_espanya_01,test,66,56,47
placa_espanya_01__5676,placa_espanya_01,test,15,5,0
placa_espanya_01__5704,placa_espanya_01,test,16,6,0
placa_espanya_01__5876,placa_espanya_01,test,27,17,8
placa_espanya_01__588,placa_espanya_01,test,132,122,113
placa_espanya_01__5925,placa_espanya_01,test,645,635,626
placa_espanya_01__5967,placa_espanya_01,test,151,141,132
placa_espanya_01__6164,placa_espanya_01,test,14,4,0
placa_espanya_01__6193,placa_espanya_01,test,936,926,917
placa_espanya_01__6258,placa_espanya_01,test,520,510,501
placa_espanya_01__6268,placa_espanya_01,test,706,696,687
placa_espanya_01__6402,placa_espanya_01,test,16,6,0
placa_espanya_01__6476,placa_espanya_01,test,48,38,29
placa_espanya_01__6486,placa_espanya_01,test,43,33,24
placa_espanya_01__6600,placa_espanya_01,test,62,52,43
placa_espanya_01__6681,placa_espanya_01,test,201,191,182
placa_espanya_01__6688,placa_espanya_01,test,32,22,13
placa_espanya_01__6732,placa_espanya_01,test,24,14,5
placa_espanya_01__6832,placa_espanya_01,test,160,150,141
placa_espanya_01__6947,placa_espanya_01,test,128,118,109
placa_espanya_01__6965,placa_espanya_01,test,119,109,100
placa_espanya_01__832,placa_espanya_01,test,247,237,228
placa_espanya_01__967,placa_espanya_01,test,53,43,34
placa_espanya_01__1,placa_espanya_01,train,432,422,413
placa_espanya_01__10,placa_espanya_01,train,1031,1021,1012
placa_espanya_01__1013,placa_espanya_01,train,862,852,843
placa_espanya_01__1016,placa_espanya_01,train,2693,2683,2674
placa_espanya_01__1020,placa_espanya_01,train,71,61,52
placa_espanya_01__1031,placa_espanya_01,train,327,317,308
placa_espanya_01__1032,placa_espanya_01,train,11,1,0
placa_espanya_01__1033,placa_espanya_01,train,109,99,90
placa_espanya_01__1037,placa_espanya_01,train,49,39,30
placa_espanya_01__1047,placa_espanya_01,train,242,232,223
placa_espanya_01__1049,placa_espanya_01,train,432,422,413
placa_espanya_01__1059,placa_espanya_01,train,73,63,54
placa_espanya_01__1085,placa_espanya_01,train,14,4,0
placa_espanya_01__1089,placa_espanya_01,train,134,124,115
placa_espanya_01__1093,placa_espanya_01,train,10,0,0
placa_espanya_01__1096,placa_espanya_01,train,39,29,20
placa_espanya_01__11,placa_espanya_01,train,1722,1712,1703
placa_espanya_01__1106,placa_espanya_01,train,607,597,588
placa_espanya_01__1118,placa_espanya_01,train,94,84,75
placa_espanya_01__1141,placa_espanya_01,train,30,20,11
placa_espanya_01__1147,placa_espanya_01,train,30,20,11
placa_espanya_01__116,placa_espanya_01,train,85,75,66
placa_espanya_01__1187,placa_espanya_01,train,198,188,179
placa_espanya_01__1190,placa_espanya_01,train,33,23,14
placa_espanya_01__12,placa_espanya_01,train,81,71,62
placa_espanya_01__1204,placa_espanya_01,train,252,242,233
placa_espanya_01__1210,placa_espanya_01,train,23,13,4
placa_espanya_01__1218,placa_espanya_01,train,100,90,81
placa_espanya_01__1229,placa_espanya_01,train,50,40,31
placa_espanya_01__1271,placa_espanya_01,train,544,534,525
placa_espanya_01__1276,placa_espanya_01,train,66,56,47
placa_espanya_01__1285,placa_espanya_01,train,319,309,300
placa_espanya_01__129,placa_espanya_01,train,113,103,94
placa_espanya_01__1299,placa_espanya_01,train,127,117,108
placa_espanya_01__13,placa_espanya_01,train,435,425,416
placa_espanya_01__1317,placa_espanya_01,train,122,112,103
placa_espanya_01__1328,placa_espanya_01,train,450,440,431
placa_espanya_01__133,placa_espanya_01,train,15,5,0
placa_espanya_01__1333,placa_espanya_01,train,1151,1141,1132
placa_espanya_01__1338,placa_espanya_01,train,406,396,387
placa_espanya_01__1370,placa_espanya_01,train,927,917,908
placa_espanya_01__1377,placa_espanya_01,train,118,108,99
placa_espanya_01__1380,placa_espanya_01,train,150,140,131
placa_espanya_01__1389,placa_espanya_01,train,74,64,55
placa_espanya_01__1394,placa_espanya_01,train,727,717,708
placa_espanya_01__14,placa_espanya_01,train,79,69,60
placa_espanya_01__1404,placa_espanya_01,train,1592,1582,1573
placa_espanya_01__1412,placa_espanya_01,train,52,42,33
placa_espanya_01__1414,placa_espanya_01,train,86,76,67
placa_espanya_01__1435,placa_espanya_01,train,137,127,118
placa_espanya_01__148,placa_espanya_01,train,132,122,113
placa_espanya_01__15,placa_espanya_01,train,726,716,707
placa_espanya_01__1512,placa_espanya_01,train,118,108,99
placa_espanya_01__1541,placa_espanya_01,train,67,57,48
placa_espanya_01__1543,placa_espanya_01,train,1934,1924,1915
placa_espanya_01__1559,placa_espanya_01,train,44,34,25
placa_espanya_01__1566,placa_espanya_01,train,12,2,0
placa_espanya_01__1575,placa_espanya_01,train,353,343,334
placa_espanya_01__1578,placa_espanya_01,train,10,0,0
placa_espanya_01__1579,placa_espanya_01,train,2398,2388,2379
placa_espanya_01__1580,placa_espanya_01,train,928,918,909
placa_espanya_01__1581,placa_espanya_01,train,20,10,1
placa_espanya_01__1587,placa_espanya_01,train,424,414,405
placa_espanya_01__1597,placa_espanya_01,train,498,488,479
placa_espanya_01__16,placa_espanya_01,train,91,81,72
placa_espanya_01__1602,placa_espanya_01,train,1063,1053,1044
placa_espanya_01__161,placa_espanya_01,train,49,39,30
placa_espanya_01__1611,placa_espanya_01,train,22,12,3
placa_espanya_01__1625,placa_espanya_01,train,106,96,87
placa_espanya_01__166,placa_espanya_01,train,242,232,223
placa_espanya_01__1665,placa_espanya_01,train,81,71,62
placa_espanya_01__1686,placa_espanya_01,train,21,11,2
placa_espanya_01__1693,placa_espanya_01,train,310,300,291
placa_espanya_01__1697,placa_espanya_01,train,254,244,235
placa_espanya_01__17,placa_espanya_01,train,31,21,12
placa_espanya_01__1703,placa_espanya_01,train,128,118,109
placa_espanya_01__1714,placa_espanya_01,train,26,16,7
placa_espanya_01__1719,placa_espanya_01,train,248,238,229
placa_espanya_01__1764,placa_espanya_01,train,252,242,233
placa_espanya_01__1772,placa_espanya_01,train,118,108,99
placa_espanya_01__1786,placa_espanya_01,train,235,225,216
placa_espanya_01__180,placa_espanya_01,train,18,8,0
placa_espanya_01__1800,placa_espanya_01,train,54,44,35
placa_espanya_01__1822,placa_espanya_01,train,1992,1982,1973
placa_espanya_01__1828,placa_espanya_01,train,108,98,89
placa_espanya_01__1830,placa_espanya_01,train,124,114,105
placa_espanya_01__1874,placa_espanya_01,train,73,63,54
placa_espanya_01__1878,placa_espanya_01,train,300,290,281
placa_espanya_01__188,placa_espanya_01,train,72,62,53
placa_espanya_01__1882,placa_espanya_01,train,42,32,23
placa_espanya_01__1887,placa_espanya_01,train,1432,1422,1413
placa_espanya_01__1888,placa_espanya_01,train,85,75,66
placa_espanya_01__1895,placa_espanya_01,train,354,344,335
placa_espanya_01__1903,placa_espanya_01,train,358,348,339
placa_espanya_01__191,placa_espanya_01,train,73,63,54
placa_espanya_01__1910,placa_espanya_01,train,41,31,22
placa_espanya_01__1937,placa_espanya_01,train,39,29,20
placa_espanya_01__194,placa_espanya_01,train,136,126,117
placa_espanya_01__1945,placa_espanya_01,train,63,53,44
placa_espanya_01__1954,placa_espanya_01,train,318,308,299
placa_espanya_01__196,placa_espanya_01,train,67,57,48
placa_espanya_01__1974,placa_espanya_01,train,30,20,11
placa_espanya_01__1980,placa_espanya_01,train,804,794,785
placa_espanya_01__1986,placa_espanya_01,train,57,47,38
placa_espanya_01__1987,placa_espanya_01,train,23,13,4
placa_espanya_01__1996,placa_espanya_01,train,76,66,57
placa_espanya_01__2,placa_espanya_01,train,1992,1982,1973
placa_espanya_01__20,placa_espanya_01,train,815,805,796
placa_espanya_01__200,placa_espanya_01,train,408,398,389
placa_espanya_01__2008,placa_espanya_01,train,65,55,46
placa_espanya_01__2047,placa_espanya_01,train,94,84,75
placa_espanya_01__2048,placa_espanya_01,train,170,160,151
placa_espanya_01__2054,placa_espanya_01,train,196,186,177
placa_espanya_01__2067,placa_espanya_01,train,228,218,209
placa_espanya_01__2068,placa_espanya_01,train,391,381,372
placa_espanya_01__2069,placa_espanya_01,train,25,15,6
placa_espanya_01__2074,placa_espanya_01,train,27,17,8
placa_espanya_01__2075,placa_espanya_01,train,19,9,0
placa_espanya_01__2084,placa_espanya_01,train,215,205,196
placa_espanya_01__2086,placa_espanya_01,train,95,85,76
placa_espanya_01__21,placa_espanya_01,train,89,79,70
placa_espanya_01__210,placa_espanya_01,train,27,17,8
placa_espanya_01__2116,placa_espanya_01,train,76,66,57
placa_espanya_01__217,placa_espanya_01,train,1648,1638,1629
placa_espanya_01__2186,placa_espanya_01,train,287,277,268
placa_espanya_01__219,placa_espanya_01,train,868,858,849
placa_espanya_01__2192,placa_espanya_01,train,56,46,37
placa_espanya_01__22,placa_espanya_01,train,373,363,354
placa_espanya_01__2221,placa_espanya_01,train,132,122,113
placa_espanya_01__2227,placa_espanya_01,train,83,73,64
placa_espanya_01__223,placa_espanya_01,train,92,82,73
placa_espanya_01__2235,placa_espanya_01,train,87,77,68
placa_espanya_01__2236,placa_espanya_01,train,39,29,20
placa_espanya_01__2240,placa_espanya_01,train,99,89,80
placa_espanya_01__2248,placa_espanya_01,train,11,1,0
placa_espanya_01__2262,placa_espanya_01,train,106,96,87
placa_espanya_01__2286,placa_espanya_01,train,508,498,489
placa_espanya_01__23,placa_espanya_01,train,715,705,696
placa_espanya_01__2305,placa_espanya_01,train,96,86,77
placa_espanya_01__2309,placa_espanya_01,train,79,69,60
placa_espanya_01__2342,placa_espanya_01,train,252,242,233
placa_espanya_01__2351,placa_espanya_01,train,10,0,0
placa_espanya_01__236,placa_espanya_01,train,133,123,114
placa_espanya_01__2363,placa_espanya_01,train,136,126,117
placa_espanya_01__238,placa_espanya_01,train,147,137,128
placa_espanya_01__2388,placa_espanya_01,train,400,390,381
placa_espanya_01__24,placa_espanya_01,train,588,578,569
placa_espanya_01__2407,placa_espanya_01,train,401,391,382
placa_espanya_01__241,placa_espanya_01,train,164,154,145
placa_espanya_01__2413,placa_espanya_01,train,20,10,1
placa_espanya_01__2426,placa_espanya_01,train,139,129,120
placa_espanya_01__2429,placa_espanya_01,train,146,136,127
placa_espanya_01__2446,placa_espanya_01,train,19,9,0
placa_espanya_01__2455,placa_espanya_01,train,34,24,15
placa_espanya_01__2459,placa_espanya_01,train,22,12,3
placa_espanya_01__246,placa_espanya_01,train,117,107,98
placa_espanya_01__2513,placa_espanya_01,train,107,97,88
placa_espanya_01__2520,placa_espanya_01,train,133,123,114
placa_espanya_01__2536,placa_espanya_01,train,33,23,14
placa_espanya_01__2548,placa_espanya_01,train,92,82,73
placa_espanya_01__2566,placa_espanya_01,train,99,89,80
placa_espanya_01__2568,placa_espanya_01,train,810,800,791
placa_espanya_01__258,placa_espanya_01,train,284,274,265
placa_espanya_01__2586,placa_espanya_01,train,392,382,373
placa_espanya_01__2588,placa_espanya_01,train,354,344,335
placa_espanya_01__2611,placa_espanya_01,train,366,356,347
placa_espanya_01__2635,placa_espanya_01,train,103,93,84
placa_espanya_01__2653,placa_espanya_01,train,185,175,166
placa_espanya_01__2661,placa_espanya_01,train,162,152,143
placa_espanya_01__2666,placa_espanya_01,train,34,24,15
placa_espanya_01__2669,placa_espanya_01,train,23,13,4
placa_espanya_01__267,placa_espanya_01,train,140,130,121
placa_espanya_01__2689,placa_espanya_01,train,213,203,194
placa_espanya_01__27,placa_espanya_01,train,165,155,146
placa_espanya_01__270,placa_espanya_01,train,33,23,14
placa_espanya_01__2701,placa_espanya_01,train,92,82,73
placa_espanya_01__2704,placa_espanya_01,train,66,56,47
placa_espanya_01__2711,placa_espanya_01,train,21,11,2
placa_espanya_01__2720,placa_espanya_01,train,12,2,0
placa_espanya_01__2738,placa_espanya_01,train,577,567,558
placa_espanya_01__2751,placa_espanya_01,train,75,65,56
placa_espanya_01__2772,placa_espanya_01,train,169,159,150
placa_espanya_01__2783,placa_espanya_01,train,42,32,23
placa_espanya_01__2787,placa_espanya_01,train,219,209,200
placa_espanya_01__2789,placa_espanya_01,train,257,247,238
placa_espanya_01__28,placa_espanya_01,train,265,255,246
placa_espanya_01__2823,placa_espanya_01,train,21,11,2
placa_espanya_01__2824,placa_espanya_01,train,78,68,59
placa_espanya_01__2836,placa_espanya_01,train,12,2,0
placa_espanya_01__2850,placa_espanya_01,train,752,742,733
placa_espanya_01__2855,placa_espanya_01,train,42,32,23
placa_espanya_01__2859,placa_espanya_01,train,176,166,157
placa_espanya_01__2889,placa_espanya_01,train,30,20,11
placa_espanya_01__2928,placa_espanya_01,train,72,62,53
placa_espanya_01__2938,placa_espanya_01,train,550,540,531
placa_espanya_01__2940,placa_espanya_01,train,381,371,362
placa_espanya_01__2948,placa_espanya_01,train,296,286,277
placa_espanya_01__2953,placa_espanya_01,train,30,20,11
placa_espanya_01__2984,placa_espanya_01,train,666,656,647
placa_espanya_01__2988,placa_espanya_01,train,16,6,0
placa_espanya_01__2992,placa_espanya_01,train,10,0,0
placa_espanya_01__2996,placa_espanya_01,train,264,254,245
placa_espanya_01__2997,placa_espanya_01,train,495,485,476
placa_espanya_01__30,placa_espanya_01,train,1056,1046,1037
placa_espanya_01__3010,placa_espanya_01,train,97,87,78
placa_espanya_01__3026,placa_espanya_01,train,2011,2001,1992
placa_espanya_01__3032,placa_espanya_01,train,85,75,66
placa_espanya_01__3034,placa_espanya_01,train,12,2,0
placa_espanya_01__3039,placa_espanya_01,train,49,39,30
placa_espanya_01__3053,placa_espanya_01,train,82,72,63
placa_espanya_01__3055,placa_espanya_01,train,125,115,106
placa_espanya_01__3072,placa_espanya_01,train,91,81,72
placa_espanya_01__3079,placa_espanya_01,train,331,321,312
placa_espanya_01__3093,placa_espanya_01,train,66,56,47
placa_espanya_01__31,placa_espanya_01,train,174,164,155
placa_espanya_01__3116,placa_espanya_01,train,156,146,137
placa_espanya_01__3146,placa_espanya_01,train,341,331,322
placa_espanya_01__3147,placa_espanya_01,train,10,0,0
placa_espanya_01__317,placa_espanya_01,train,149,139,130
placa_espanya_01__3172,placa_espanya_01,train,112,102,93
placa_espanya_01__32,placa_espanya_01,train,265,255,246
placa_espanya_01__3208,placa_espanya_01,train,68,58,49
placa_espanya_01__3209,placa_espanya_01,train,278,268,259
placa_espanya_01__3212,placa_espanya_01,train,13,3,0
placa_espanya_01__3216,placa_espanya_01,train,273,263,254
placa_espanya_01__3218,placa_espanya_01,train,121,111,102
placa_espanya_01__3249,placa_espanya_01,train,92,82,73
placa_espanya_01__3253,placa_espanya_01,train,18,8,0
placa_espanya_01__3272,placa_espanya_01,train,25,15,6
placa_espanya_01__3281,placa_espanya_01,train,858,848,839
placa_espanya_01__3286,placa_espanya_01,train,212,202,193
placa_espanya_01__3299,placa_espanya_01,train,102,92,83
placa_espanya_01__332,placa_espanya_01,train,732,722,713
placa_espanya_01__3332,placa_espanya_01,train,83,73,64
placa_espanya_01__3346,placa_espanya_01,train,1478,1468,1459
placa_espanya_01__3368,placa_espanya_01,train,843,833,824
placa_espanya_01__3389,placa_espanya_01,train,85,75,66
placa_espanya_01__342,placa_espanya_01,train,312,302,293
placa_espanya_01__3423,placa_espanya_01,train,71,61,52
placa_espanya_01__3458,placa_espanya_01,train,226,216,207
placa_espanya_01__3460,placa_espanya_01,train,1314,1304,1295
placa_espanya_01__3472,placa_espanya_01,train,15,5,0
placa_espanya_01__3486,placa_espanya_01,train,671,661,652
placa_espanya_01__349,placa_espanya_01,train,205,195,186
placa_espanya_01__35,placa_espanya_01,train,36,26,17
placa_espanya_01__3522,placa_espanya_01,train,108,98,89
placa_espanya_01__3531,placa_espanya_01,train,354,344,335
placa_espanya_01__354,placa_espanya_01,train,145,135,126
placa_espanya_01__3549,placa_espanya_01,train,159,149,140
placa_espanya_01__3550,placa_espanya_01,train,21,11,2
placa_espanya_01__356,placa_espanya_01,train,14,4,0
placa_espanya_01__3574,placa_espanya_01,train,325,315,306
placa_espanya_01__3640,placa_espanya_01,train,120,110,101
placa_espanya_01__3646,placa_espanya_01,train,17,7,0
placa_espanya_01__3652,placa_espanya_01,train,392,382,373
placa_espanya_01__3677,placa_espanya_01,train,86,76,67
placa_espanya_01__3684,placa_espanya_01,train,275,265,256
placa_espanya_01__37,placa_espanya_01,train,308,298,289
placa_espanya_01__3709,placa_espanya_01,train,86,76,67
placa_espanya_01__3713,placa_espanya_01,train,20,10,1
placa_espanya_01__3720,placa_espanya_01,train,118,108,99
placa_espanya_01__3750,placa_espanya_01,train,425,415,406
placa_espanya_01__3767,placa_espanya_01,train,914,904,895
placa_espanya_01__3774,placa_espanya_01,train,221,211,202
placa_espanya_01__3782,placa_espanya_01,train,93,83,74
placa_espanya_01__3783,placa_espanya_01,train,174,164,155
placa_espanya_01__3792,placa_espanya_01,train,177,167,158
placa_espanya_01__3809,placa_espanya_01,train,188,178,169
placa_espanya_01__3811,placa_espanya_01,train,83,73,64
placa_espanya_01__3816,placa_espanya_01,train,2817,2807,2798
placa_espanya_01__3829,placa_espanya_01,train,40,30,21
placa_espanya_01__384,placa_espanya_01,train,56,46,37
placa_espanya_01__3859,placa_espanya_01,train,139,129,120
placa_espanya_01__3886,placa_espanya_01,train,185,175,166
placa_espanya_01__3920,placa_espanya_01,train,133,123,114
placa_espanya_01__3925,placa_espanya_01,train,163,153,144
placa_espanya_01__3933,placa_espanya_01,train,127,117,108
placa_espanya_01__3939,placa_espanya_01,train,153,143,134
placa_espanya_01__3948,placa_espanya_01,train,361,351,342
placa_espanya_01__396,placa_espanya_01,train,161,151,142
placa_espanya_01__3967,placa_espanya_01,train,11,1,0
placa_espanya_01__3995,placa_espanya_01,train,45,35,26
placa_espanya_01__4,placa_espanya_01,train,1622,1612,1603
placa_espanya_01__4000,placa_espanya_01,train,109,99,90
placa_espanya_01__4002,placa_espanya_01,train,438,428,419
placa_espanya_01__4015,placa_espanya_01,train,110,100,91
placa_espanya_01__4028,placa_espanya_01,train,26,16,7
placa_espanya_01__4038,placa_espanya_01,train,1808,1798,1789
placa_espanya_01__4059,placa_espanya_01,train,148,138,129
placa_espanya_01__406,placa_espanya_01,train,671,661,652
placa_espanya_01__4070,placa_espanya_01,train,127,117,108
placa_espanya_01__408,placa_espanya_01,train,218,208,199
placa_espanya_01__4098,placa_espanya_01,train,248,238,229
placa_espanya_01__4108,placa_espanya_01,train,88,78,69
placa_espanya_01__4109,placa_espanya_01,train,14,4,0
placa_espanya_01__411,placa_espanya_01,train,47,37,28
placa_espanya_01__4118,placa_espanya_01,train,114,104,95
placa_espanya_01__4129,placa_espanya_01,train,404,394,385
placa_espanya_01__4150,placa_espanya_01,train,33,23,14
placa_espanya_01__4154,placa_espanya_01,train,13,3,0
placa_espanya_01__4180,placa_espanya_01,train,340,330,321
placa_espanya_01__4182,placa_espanya_01,train,151,141,132
placa_espanya_01__4189,placa_espanya_01,train,42,32,23
placa_espanya_01__4198,placa_espanya_01,train,945,935,926
placa_espanya_01__4207,placa_espanya_01,train,369,359,350
placa_espanya_01__4212,placa_espanya_01,train,97,87,78
placa_espanya_01__4213,placa_espanya_01,train,14,4,0
placa_espanya_01__4216,placa_espanya_01,train,24,14,5
placa_espanya_01__4232,placa_espanya_01,train,310,300,291
placa_espanya_01__4240,placa_espanya_01,train,453,443,434
placa_espanya_01__4241,placa_espanya_01,train,161,151,142
placa_espanya_01__4250,placa_espanya_01,train,495,485,476
placa_espanya_01__4255,placa_espanya_01,train,163,153,144
placa_espanya_01__4258,placa_espanya_01,train,724,714,705
placa_espanya_01__4259,placa_espanya_01,train,19,9,0
placa_espanya_01__428,placa_espanya_01,train,358,348,339
placa_espanya_01__4286,placa_espanya_01,train,284,274,265
placa_espanya_01__4297,placa_espanya_01,train,105,95,86
placa_espanya_01__4305,placa_espanya_01,train,285,275,266
placa_espanya_01__431,placa_espanya_01,train,39,29,20
placa_espanya_01__4319,placa_espanya_01,train,387,377,368
placa_espanya_01__4326,placa_espanya_01,train,184,174,165
placa_espanya_01__4327,placa_espanya_01,train,59,49,40
placa_espanya_01__4362,placa_espanya_01,train,163,153,144
placa_espanya_01__4370,placa_espanya_01,train,247,237,228
placa_espanya_01__4380,placa_espanya_01,train,547,537,528
placa_espanya_01__4393,placa_espanya_01,train,57,47,38
placa_espanya_01__440,placa_espanya_01,train,16,6,0
placa_espanya_01__4408,placa_espanya_01,train,35,25,16
placa_espanya_01__4410,placa_espanya_01,train,1557,1547,1538
placa_espanya_01__4423,placa_espanya_01,train,115,105,96
placa_espanya_01__4428,placa_espanya_01,train,233,223,214
placa_espanya_01__4431,placa_espanya_01,train,60,50,41
placa_espanya_01__4453,placa_espanya_01,train,65,55,46
placa_espanya_01__4455,placa_espanya_01,train,91,81,72
placa_espanya_01__4457,placa_espanya_01,train,68,58,49
placa_espanya_01__4463,placa_espanya_01,train,113,103,94
placa_espanya_01__4485,placa_espanya_01,train,1072,1062,1053
placa_espanya_01__45,placa_espanya_01,train,160,150,141
placa_espanya_01__4505,placa_espanya_01,train,247,237,228
placa_espanya_01__4506,placa_espanya_01,train,234,224,215
placa_espanya_01__4507,placa_espanya_01,train,26,16,7
placa_espanya_01__4508,placa_espanya_01,train,12,2,0
placa_espanya_01__4514,placa_espanya_01,train,319,309,300
placa_espanya_01__4523,placa_espanya_01,train,2375,2365,2356
placa_espanya_01__4530,placa_espanya_01,train,138,128,119
placa_espanya_01__4542,placa_espanya_01,train,80,70,61
placa_espanya_01__4550,placa_espanya_01,train,44,34,25
placa_espanya_01__4554,placa_espanya_01,train,174,164,155
placa_espanya_01__4567,placa_espanya_01,train,88,78,69
placa_espanya_01__4576,placa_espanya_01,train,31,21,12
placa_espanya_01__4586,placa_espanya_01,train,19,9,0
placa_espanya_01__4587,placa_espanya_01,train,126,116,107
placa_espanya_01__459,placa_espanya_01,train,79,69,60
placa_espanya_01__4593,placa_espanya_01,train,72,62,53
placa_espanya_01__4595,placa_espanya_01,train,119,109,100
placa_espanya_01__4603,placa_espanya_01,train,244,234,225
placa_espanya_01__465,placa_espanya_01,train,200,190,181
placa_espanya_01__4675,placa_espanya_01,train,825,815,806
placa_espanya_01__4696,placa_espanya_01,train,98,88,79
placa_espanya_01__471,placa_espanya_01,train,112,102,93
placa_espanya_01__4715,placa_espanya_01,train,538,528,519
placa_espanya_01__472,placa_espanya_01,train,20,10,1
placa_espanya_01__4723,placa_espanya_01,train,825,815,806
placa_espanya_01__4737,placa_espanya_01,train,11,1,0
placa_espanya_01__4747,placa_espanya_01,train,14,4,0
placa_espanya_01__4752,placa_espanya_01,train,2298,2288,2279
placa_espanya_01__4755,placa_espanya_01,train,59,49,40
placa_espanya_01__4761,placa_espanya_01,train,86,76,67
placa_espanya_01__4783,placa_espanya_01,train,2284,2274,2265
placa_espanya_01__4787,placa_espanya_01,train,184,174,165
placa_espanya_01__4800,placa_espanya_01,train,185,175,166
placa_espanya_01__4808,placa_espanya_01,train,63,53,44
placa_espanya_01__4815,placa_espanya_01,train,114,104,95
placa_espanya_01__4833,placa_espanya_01,train,1951,1941,1932
placa_espanya_01__4834,placa_espanya_01,train,166,156,147
placa_espanya_01__4861,placa_espanya_01,train,102,92,83
placa_espanya_01__4862,placa_espanya_01,train,26,16,7
placa_espanya_01__4872,placa_espanya_01,train,10,0,0
placa_espanya_01__4875,placa_espanya_01,train,65,55,46
placa_espanya_01__4895,placa_espanya_01,train,578,568,559
placa_espanya_01__4899,placa_espanya_01,train,25,15,6
placa_espanya_01__4900,placa_espanya_01,train,26,16,7
placa_espanya_01__4905,placa_espanya_01,train,162,152,143
placa_espanya_01__4909,placa_espanya_01,train,81,71,62
placa_espanya_01__4924,placa_espanya_01,train,129,119,110
placa_espanya_01__4964,placa_espanya_01,train,59,49,40
placa_espanya_01__4965,placa_espanya_01,train,94,84,75
placa_espanya_01__4979,placa_espanya_01,train,779,769,760
placa_espanya_01__4991,placa_espanya_01,train,148,138,129
placa_espanya_01__5,placa_espanya_01,train,32,22,13
placa_espanya_01__5009,placa_espanya_01,train,34,24,15
placa_espanya_01__5014,placa_espanya_01,train,57,47,38
placa_espanya_01__5018,placa_espanya_01,train,13,3,0
placa_espanya_01__502,placa_espanya_01,train,443,433,424
placa_espanya_01__5026,placa_espanya_01,train,85,75,66
placa_espanya_01__5027,placa_espanya_01,train,84,74,65
placa_espanya_01__505,placa_espanya_01,train,61,51,42
placa_espanya_01__5067,placa_espanya_01,train,62,52,43
placa_espanya_01__5068,placa_espanya_01,train,528,518,509
placa_espanya_01__5069,placa_espanya_01,train,174,164,155
placa_espanya_01__5071,placa_espanya_01,train,20,10,1
placa_espanya_01__5075,placa_espanya_01,train,90,80,71
placa_espanya_01__5089,placa_espanya_01,train,73,63,54
placa_espanya_01__5116,placa_espanya_01,train,120,110,101
placa_espanya_01__5120,placa_espanya_01,train,1303,1293,1284
placa_espanya_01__5125,placa_espanya_01,train,159,149,140
placa_espanya_01__5140,placa_espanya_01,train,250,240,231
placa_espanya_01__515,placa_espanya_01,train,85,75,66
placa_espanya_01__5160,placa_espanya_01,train,947,937,928
placa_espanya_01__5168,placa_espanya_01,train,29,19,10
placa_espanya_01__5173,placa_espanya_01,train,130,120,111
placa_espanya_01__5175,placa_espanya_01,train,70,60,51
placa_espanya_01__5181,placa_espanya_01,train,464,454,445
placa_espanya_01__5189,placa_espanya_01,train,2003,1993,1984
placa_espanya_01__5192,placa_espanya_01,train,40,30,21
placa_espanya_01__5211,placa_espanya_01,train,169,159,150
placa_espanya_01__5212,placa_espanya_01,train,390,380,371
placa_espanya_01__5235,placa_espanya_01,train,169,159,150
placa_espanya_01__5237,placa_espanya_01,train,48,38,29
placa_espanya_01__5246,placa_espanya_01,train,14,4,0
placa_espanya_01__5250,placa_espanya_01,train,50,40,31
placa_espanya_01__5267,placa_espanya_01,train,61,51,42
placa_espanya_01__5272,placa_espanya_01,train,247,237,228
placa_espanya_01__5274,placa_espanya_01,train,80,70,61
placa_espanya_01__5303,placa_espanya_01,train,25,15,6
placa_espanya_01__5317,placa_espanya_01,train,45,35,26
placa_espanya_01__5327,placa_espanya_01,train,173,163,154
placa_espanya_01__5329,placa_espanya_01,train,34,24,15
placa_espanya_01__533,placa_espanya_01,train,108,98,89
placa_espanya_01__5330,placa_espanya_01,train,182,172,163
placa_espanya_01__5332,placa_espanya_01,train,81,71,62
placa_espanya_01__5357,placa_espanya_01,train,427,417,408
placa_espanya_01__5387,placa_espanya_01,train,256,246,237
placa_espanya_01__5389,placa_espanya_01,train,503,493,484
placa_espanya_01__5402,placa_espanya_01,train,1785,1775,1766
placa_espanya_01__5455,placa_espanya_01,train,44,34,25
placa_espanya_01__5463,placa_espanya_01,train,76,66,57
placa_espanya_01__5472,placa_espanya_01,train,11,1,0
placa_espanya_01__5505,placa_espanya_01,train,12,2,0
placa_espanya_01__5515,placa_espanya_01,train,88,78,69
placa_espanya_01__5521,placa_espanya_01,train,273,263,254
placa_espanya_01__5533,placa_espanya_01,train,448,438,429
placa_espanya_01__5536,placa_espanya_01,train,494,484,475
placa_espanya_01__5561,placa_espanya_01,train,165,155,146
placa_espanya_01__5568,placa_espanya_01,train,1660,1650,1641
placa_espanya_01__5576,placa_espanya_01,train,134,124,115
placa_espanya_01__5578,placa_espanya_01,train,71,61,52
placa_espanya_01__5598,placa_espanya_01,train,57,47,38
placa_espanya_01__562,placa_espanya_01,train,166,156,147
placa_espanya_01__5626,placa_espanya_01,train,111,101,92
placa_espanya_01__5648,placa_espanya_01,train,46,36,27
placa_espanya_01__566,placa_espanya_01,train,534,524,515
placa_espanya_01__5665,placa_espanya_01,train,45,35,26
placa_espanya_01__5667,placa_espanya_01,train,311,301,292
placa_espanya_01__5671,placa_espanya_01,train,375,365,356
placa_espanya_01__5672,placa_espanya_01,train,20,10,1
placa_espanya_01__5674,placa_espanya_01,train,166,156,147
placa_espanya_01__5686,placa_espanya_01,train,115,105,96
placa_espanya_01__5698,placa_espanya_01,train,79,69,60
placa_espanya_01__5707,placa_espanya_01,train,17,7,0
placa_espanya_01__5721,placa_espanya_01,train,83,73,64
placa_espanya_01__5729,placa_espanya_01,train,52,42,33
placa_espanya_01__5746,placa_espanya_01,train,46,36,27
placa_espanya_01__5762,placa_espanya_01,train,72,62,53
placa_espanya_01__5763,placa_espanya_01,train,18,8,0
placa_espanya_01__5771,placa_espanya_01,train,274,264,255
placa_espanya_01__5776,placa_espanya_01,train,308,298,289
placa_espanya_01__5802,placa_espanya_01,train,33,23,14
placa_espanya_01__5828,placa_espanya_01,train,37,27,18
placa_espanya_01__5829,placa_espanya_01,train,30,20,11
placa_espanya_01__5833,placa_espanya_01,train,50,40,31
placa_espanya_01__5841,placa_espanya_01,train,45,35,26
placa_espanya_01__5842,placa_espanya_01,train,54,44,35
placa_espanya_01__5870,placa_espanya_01,train,621,611,602
placa_espanya_01__5871,placa_espanya_01,train,402,392,383
placa_espanya_01__5872,placa_espanya_01,train,26,16,7
placa_espanya_01__5904,placa_espanya_01,train,26,16,7
placa_espanya_01__5906,placa_espanya_01,train,1342,1332,1323
placa_espanya_01__5907,placa_espanya_01,train,101,91,82
placa_espanya_01__5908,placa_espanya_01,train,135,125,116
placa_espanya_01__5916,placa_espanya_01,train,719,709,700
placa_espanya_01__5921,placa_espanya_01,train,55,45,36
placa_espanya_01__5933,placa_espanya_01,train,208,198,189
placa_espanya_01__5944,placa_espanya_01,train,56,46,37
placa_espanya_01__5956,placa_espanya_01,train,954,944,935
placa_espanya_01__5958,placa_espanya_01,train,1276,1266,1257
placa_espanya_01__5966,placa_espanya_01,train,140,130,121
placa_espanya_01__5972,placa_espanya_01,train,15,5,0
placa_espanya_01__5978,placa_espanya_01,train,121,111,102
placa_espanya_01__6,placa_espanya_01,train,1712,1702,1693
placa_espanya_01__6004,placa_espanya_01,train,203,193,184
placa_espanya_01__6015,placa_espanya_01,train,72,62,53
placa_espanya_01__6023,placa_espanya_01,train,199,189,180
placa_espanya_01__6026,placa_espanya_01,train,85,75,66
placa_espanya_01__6037,placa_espanya_01,train,268,258,249
placa_espanya_01__6043,placa_espanya_01,train,233,223,214
placa_espanya_01__6050,placa_espanya_01,train,206,196,187
placa_espanya_01__6056,placa_espanya_01,train,733,723,714
placa_espanya_01__607,placa_espanya_01,train,150,140,131
placa_espanya_01__6097,placa_espanya_01,train,76,66,57
placa_espanya_01__6101,placa_espanya_01,train,10,0,0
placa_espanya_01__6105,placa_espanya_01,train,96,86,77
placa_espanya_01__6117,placa_espanya_01,train,35,25,16
placa_espanya_01__6123,placa_espanya_01,train,46,36,27
placa_espanya_01__613,placa_espanya_01,train,156,146,137
placa_espanya_01__6130,placa_espanya_01,train,38,28,19
placa_espanya_01__6151,placa_espanya_01,train,166,156,147
placa_espanya_01__6152,placa_espanya_01,train,36,26,17
placa_espanya_01__6155,placa_espanya_01,train,66,56,47
placa_espanya_01__6160,placa_espanya_01,train,28,18,9
placa_espanya_01__6161,placa_espanya_01,train,28,18,9
placa_espanya_01__6196,placa_espanya_01,train,34,24,15
placa_espanya_01__6200,placa_espanya_01,train,105,95,86
placa_espanya_01__6204,placa_espanya_01,train,946,936,927
placa_espanya_01__6212,placa_espanya_01,train,37,27,18
placa_espanya_01__6216,placa_espanya_01,train,938,928,919
placa_espanya_01__6221,placa_espanya_01,train,76,66,57
placa_espanya_01__6244,placa_espanya_01,train,237,227,218
placa_espanya_01__6253,placa_espanya_01,train,141,131,122
placa_espanya_01__6256,placa_espanya_01,train,16,6,0
placa_espanya_01__6261,placa_espanya_01,train,643,633,624
placa_espanya_01__6287,placa_espanya_01,train,259,249,240
placa_espanya_01__6291,placa_espanya_01,train,167,157,148
placa_espanya_01__6293,placa_espanya_01,train,69,59,50
placa_espanya_01__6297,placa_espanya_01,train,94,84,75
placa_espanya_01__6298,placa_espanya_01,train,122,112,103
placa_espanya_01__6299,placa_espanya_01,train,61,51,42
placa_espanya_01__6301,placa_espanya_01,train,80,70,61
placa_espanya_01__6304,placa_espanya_01,train,586,576,567
placa_espanya_01__6309,placa_espanya_01,train,102,92,83
placa_espanya_01__631,placa_espanya_01,train,78,68,59
placa_espanya_01__6313,placa_espanya_01,train,10,0,0
placa_espanya_01__6316,placa_espanya_01,train,131,121,112
placa_espanya_01__632,placa_espanya_01,train,22,12,3
placa_espanya_01__6349,placa_espanya_01,train,56,46,37
placa_espanya_01__6357,placa_espanya_01,train,761,751,742
placa_espanya_01__6363,placa_espanya_01,train,481,471,462
placa_espanya_01__6366,placa_espanya_01,train,57,47,38
placa_espanya_01__6371,placa_espanya_01,train,34,24,15
placa_espanya_01__6373,placa_espanya_01,train,66,56,47
placa_espanya_01__638,placa_espanya_01,train,44,34,25
placa_espanya_01__6394,placa_espanya_01,train,536,526,517
placa_espanya_01__6405,placa_espanya_01,train,66,56,47
placa_espanya_01__6407,placa_espanya_01,train,166,156,147
placa_espanya_01__6408,placa_espanya_01,train,118,108,99
placa_espanya_01__6420,placa_espanya_01,train,165,155,146
placa_espanya_01__6422,placa_espanya_01,train,210,200,191
placa_espanya_01__6429,placa_espanya_01,train,151,141,132
placa_espanya_01__6443,placa_espanya_01,train,540,530,521
placa_espanya_01__6453,placa_espanya_01,train,11,1,0
placa_espanya_01__646,placa_espanya_01,train,319,309,300
placa_espanya_01__6460,placa_espanya_01,train,28,18,9
placa_espanya_01__6463,placa_espanya_01,train,33,23,14
placa_espanya_01__6464,placa_espanya_01,train,64,54,45
placa_espanya_01__6469,placa_espanya_01,train,563,553,544
placa_espanya_01__6472,placa_espanya_01,train,37,27,18
placa_espanya_01__6477,placa_espanya_01,train,25,15,6
placa_espanya_01__6483,placa_espanya_01,train,76,66,57
placa_espanya_01__6494,placa_espanya_01,train,66,56,47
placa_espanya_01__6496,placa_espanya_01,train,130,120,111
placa_espanya_01__6512,placa_espanya_01,train,281,271,262
placa_espanya_01__652,placa_espanya_01,train,109,99,90
placa_espanya_01__6528,placa_espanya_01,train,81,71,62
placa_espanya_01__6542,placa_espanya_01,train,35,25,16
placa_espanya_01__6569,placa_espanya_01,train,88,78,69
placa_espanya_01__6575,placa_espanya_01,train,75,65,56
placa_espanya_01__6589,placa_espanya_01,train,122,112,103
placa_espanya_01__6593,placa_espanya_01,train,14,4,0
placa_espanya_01__6594,placa_espanya_01,train,72,62,53
placa_espanya_01__6602,placa_espanya_01,train,10,0,0
placa_espanya_01__6608,placa_espanya_01,train,96,86,77
placa_espanya_01__661,placa_espanya_01,train,1971,1961,1952
placa_espanya_01__6626,placa_espanya_01,train,58,48,39
placa_espanya_01__6629,placa_espanya_01,train,53,43,34
placa_espanya_01__6633,placa_espanya_01,train,105,95,86
placa_espanya_01__664,placa_espanya_01,train,260,250,241
placa_espanya_01__6672,placa_espanya_01,train,162,152,143
placa_espanya_01__6679,placa_espanya_01,train,101,91,82
placa_espanya_01__6690,placa_espanya_01,train,91,81,72
placa_espanya_01__6695,placa_espanya_01,train,181,171,162
placa_espanya_01__6703,placa_espanya_01,train,17,7,0
placa_espanya_01__6705,placa_espanya_01,train,244,234,225
placa_espanya_01__6719,placa_espanya_01,train,23,13,4
placa_espanya_01__6725,placa_espanya_01,train,161,151,142
placa_espanya_01__6726,placa_espanya_01,train,123,113,104
placa_espanya_01__6733,placa_espanya_01,train,293,283,274
placa_espanya_01__6737,placa_espanya_01,train,84,74,65
placa_espanya_01__6742,placa_espanya_01,train,10,0,0
placa_espanya_01__6752,placa_espanya_01,train,229,219,210
placa_espanya_01__6756,placa_espanya_01,train,10,0,0
placa_espanya_01__6758,placa_espanya_01,train,81,71,62
placa_espanya_01__6760,placa_espanya_01,train,253,243,234
placa_espanya_01__6766,placa_espanya_01,train,177,167,158
placa_espanya_01__6768,placa_espanya_01,train,12,2,0
placa_espanya_01__6782,placa_espanya_01,train,240,230,221
placa_espanya_01__6785,placa_espanya_01,train,215,205,196
placa_espanya_01__68,placa_espanya_01,train,633,623,614
placa_espanya_01__6802,placa_espanya_01,train,222,212,203
placa_espanya_01__6807,placa_espanya_01,train,10,0,0
placa_espanya_01__6850,placa_espanya_01,train,109,99,90
placa_espanya_01__6855,placa_espanya_01,train,55,45,36
placa_espanya_01__6884,placa_espanya_01,train,25,15,6
placa_espanya_01__6895,placa_espanya_01,train,135,125,116
placa_espanya_01__6900,placa_espanya_01,train,137,127,118
placa_espanya_01__6908,placa_espanya_01,train,143,133,124
placa_espanya_01__6915,placa_espanya_01,train,21,11,2
placa_espanya_01__6931,placa_espanya_01,train,31,21,12
placa_espanya_01__6938,placa_espanya_01,train,103,93,84
placa_espanya_01__6952,placa_espanya_01,train,20,10,1
placa_espanya_01__6967,placa_espanya_01,train,84,74,65
placa_espanya_01__6991,placa_espanya_01,train,89,79,70
placa_espanya_01__6992,placa_espanya_01,train,18,8,0
placa_espanya_01__6996,placa_espanya_01,train,89,79,70
placa_espanya_01__6998,placa_espanya_01,train,79,69,60
placa_espanya_01__7,placa_espanya_01,train,18,8,0
placa_espanya_01__7006,placa_espanya_01,train,66,56,47
placa_espanya_01__7009,placa_espanya_01,train,76,66,57
placa_espanya_01__7014,placa_espanya_01,train,61,51,42
placa_espanya_01__7016,placa_espanya_01,train,70,60,51
placa_espanya_01__704,placa_espanya_01,train,39,29,20
placa_espanya_01__7041,placa_espanya_01,train,46,36,27
placa_espanya_01__7050,placa_espanya_01,train,35,25,16
placa_espanya_01__7056,placa_espanya_01,train,14,4,0
placa_espanya_01__712,placa_espanya_01,train,41,31,22
placa_espanya_01__720,placa_espanya_01,train,108,98,89
placa_espanya_01__726,placa_espanya_01,train,32,22,13
placa_espanya_01__728,placa_espanya_01,train,706,696,687
placa_espanya_01__732,placa_espanya_01,train,164,154,145
placa_espanya_01__74,placa_espanya_01,train,135,125,116
placa_espanya_01__759,placa_espanya_01,train,121,111,102
placa_espanya_01__761,placa_espanya_01,train,51,41,32
placa_espanya_01__773,placa_espanya_01,train,603,593,584
placa_espanya_01__774,placa_espanya_01,train,15,5,0
placa_espanya_01__8,placa_espanya_01,train,289,279,270
placa_espanya_01__804,placa_espanya_01,train,49,39,30
placa_espanya_01__806,placa_espanya_01,train,10,0,0
placa_espanya_01__813,placa_espanya_01,train,425,415,406
placa_espanya_01__823,placa_espanya_01,train,77,67,58
placa_espanya_01__831,placa_espanya_01,train,252,242,233
placa_espanya_01__834,placa_espanya_01,train,53,43,34
placa_espanya_01__847,placa_espanya_01,train,75,65,56
placa_espanya_01__849,placa_espanya_01,train,98,88,79
placa_espanya_01__856,placa_espanya_01,train,157,147,138
placa_espanya_01__863,placa_espanya_01,train,41,31,22
placa_espanya_01__865,placa_espanya_01,train,17,7,0
placa_espanya_01__878,placa_espanya_01,train,211,201,192
placa_espanya_01__880,placa_espanya_01,train,603,593,584
placa_espanya_01__9,placa_espanya_01,train,366,356,347
placa_espanya_01__900,placa_espanya_01,train,339,329,320
placa_espanya_01__922,placa_espanya_01,train,12,2,0
placa_espanya_01__936,placa_espanya_01,train,136,126,117
placa_espanya_01__94,placa_espanya_01,train,95,85,76
placa_espanya_01__944,placa_espanya_01,train,93,83,74
placa_espanya_01__950,placa_espanya_01,train,206,196,187
placa_espanya_01__954,placa_espanya_01,train,14,4,0
placa_espanya_01__965,placa_espanya_01,train,111,101,92
placa_espanya_01__969,placa_espanya_01,train,102,92,83
placa_espanya_01__983,placa_espanya_01,train,269,259,250
placa_espanya_01__1088,placa_espanya_01,val,19,9,0
placa_espanya_01__1098,placa_espanya_01,val,137,127,118
placa_espanya_01__1132,placa_espanya_01,val,46,36,27
placa_espanya_01__1137,placa_espanya_01,val,13,3,0
placa_espanya_01__1286,placa_espanya_01,val,2180,2170,2161
placa_espanya_01__1339,placa_espanya_01,val,169,159,150
placa_espanya_01__1363,placa_espanya_01,val,98,88,79
placa_espanya_01__1556,placa_espanya_01,val,80,70,61
placa_espanya_01__1632,placa_espanya_01,val,19,9,0
placa_espanya_01__1661,placa_espanya_01,val,96,86,77
placa_espanya_01__172,placa_espanya_01,val,34,24,15
placa_espanya_01__18,placa_espanya_01,val,787,777,768
placa_espanya_01__1904,placa_espanya_01,val,877,867,858
placa_espanya_01__1936,placa_espanya_01,val,210,200,191
placa_espanya_01__203,placa_espanya_01,val,298,288,279
placa_espanya_01__2115,placa_espanya_01,val,409,399,390
placa_espanya_01__2131,placa_espanya_01,val,106,96,87
placa_espanya_01__2228,placa_espanya_01,val,221,211,202
placa_espanya_01__2233,placa_espanya_01,val,612,602,593
placa_espanya_01__2464,placa_espanya_01,val,307,297,288
placa_espanya_01__25,placa_espanya_01,val,124,114,105
placa_espanya_01__26,placa_espanya_01,val,34,24,15
placa_espanya_01__2648,placa_espanya_01,val,318,308,299
placa_espanya_01__2652,placa_espanya_01,val,198,188,179
placa_espanya_01__2663,placa_espanya_01,val,104,94,85
placa_espanya_01__2718,placa_espanya_01,val,169,159,150
placa_espanya_01__2763,placa_espanya_01,val,96,86,77
placa_espanya_01__2826,placa_espanya_01,val,66,56,47
placa_espanya_01__3110,placa_espanya_01,val,572,562,553
placa_espanya_01__3168,placa_espanya_01,val,42,32,23
placa_espanya_01__3319,placa_espanya_01,val,21,11,2
placa_espanya_01__3363,placa_espanya_01,val,456,446,437
placa_espanya_01__3395,placa_espanya_01,val,132,122,113
placa_espanya_01__34,placa_espanya_01,val,997,987,978
placa_espanya_01__3495,placa_espanya_01,val,65,55,46
placa_espanya_01__3613,placa_espanya_01,val,884,874,865
placa_espanya_01__3630,placa_espanya_01,val,1195,1185,1176
placa_espanya_01__3732,placa_espanya_01,val,236,226,217
placa_espanya_01__3751,placa_espanya_01,val,14,4,0
placa_espanya_01__3895,placa_espanya_01,val,595,585,576
placa_espanya_01__3902,placa_espanya_01,val,377,367,358
placa_espanya_01__40,placa_espanya_01,val,216,206,197
placa_espanya_01__41,placa_espanya_01,val,138,128,119
placa_espanya_01__4188,placa_espanya_01,val,64,54,45
placa_espanya_01__4651,placa_espanya_01,val,17,7,0
placa_espanya_01__4709,placa_espanya_01,val,30,20,11
placa_espanya_01__4788,placa_espanya_01,val,323,313,304
placa_espanya_01__4819,placa_espanya_01,val,155,145,136
placa_espanya_01__4828,placa_espanya_01,val,19,9,0
placa_espanya_01__4831,placa_espanya_01,val,1394,1384,1375
placa_espanya_01__4881,placa_espanya_01,val,44,34,25
placa_espanya_01__5037,placa_espanya_01,val,1410,1400,1391
placa_espanya_01__5038,placa_espanya_01,val,26,16,7
placa_espanya_01__5153,placa_espanya_01,val,614,604,595
placa_espanya_01__5278,placa_espanya_01,val,14,4,0
placa_espanya_01__5449,placa_espanya_01,val,147,137,128
placa_espanya_01__5523,placa_espanya_01,val,191,181,172
placa_espanya_01__5706,placa_espanya_01,val,606,596,587
placa_espanya_01__5738,placa_espanya_01,val,53,43,34
placa_espanya_01__5893,placa_espanya_01,val,215,205,196
placa_espanya_01__5909,placa_espanya_01,val,179,169,160
placa_espanya_01__5914,placa_espanya_01,val,371,361,352
placa_espanya_01__5964,placa_espanya_01,val,748,738,729
placa_espanya_01__6065,placa_espanya_01,val,51,41,32
placa_espanya_01__6066,placa_espanya_01,val,866,856,847
placa_espanya_01__6087,placa_espanya_01,val,974,964,955
placa_espanya_01__6095,placa_espanya_01,val,762,752,743
placa_espanya_01__6112,placa_espanya_01,val,77,67,58
placa_espanya_01__6209,placa_espanya_01,val,12,2,0
placa_espanya_01__6275,placa_espanya_01,val,51,41,32
placa_espanya_01__6321,placa_espanya_01,val,56,46,37
placa_espanya_01__6386,placa_espanya_01,val,209,199,190
placa_espanya_01__647,placa_espanya_01,val,118,108,99
placa_espanya_01__6650,placa_espanya_01,val,60,50,41
placa_espanya_01__6656,placa_espanya_01,val,155,145,136
placa_espanya_01__6797,placa_espanya_01,val,34,24,15
placa_espanya_01__6821,placa_espanya_01,val,186,176,167
placa_espanya_01__7047,placa_espanya_01,val,38,28,19
placa_espanya_01__809,placa_espanya_01,val,42,32,23
placa_espanya_01__886,placa_espanya_01,val,93,83,74
placa_espanya_01__898,placa_espanya_01,val,15,5,0
placa_espanya_01__924,placa_espanya_01,val,84,74,65
red_bridge_combined_01__1024,red_bridge_combined_01,test,51,41,32
red_bridge_combined_01__1067,red_bridge_combined_01,test,58,48,39
red_bridge_combined_01__1086,red_bridge_combined_01,test,325,315,306
red_bridge_combined_01__117,red_bridge_combined_01,test,15,5,0
red_bridge_combined_01__1171,red_bridge_combined_01,test,292,282,273
red_bridge_combined_01__1178,red_bridge_combined_01,test,340,330,321
red_bridge_combined_01__1231,red_bridge_combined_01,test,212,202,193
red_bridge_combined_01__1240,red_bridge_combined_01,test,128,118,109
red_bridge_combined_01__1264,red_bridge_combined_01,test,242,232,223
red_bridge_combined_01__1265,red_bridge_combined_01,test,56,46,37
red_bridge_combined_01__1304,red_bridge_combined_01,test,275,265,256
red_bridge_combined_01__1309,red_bridge_combined_01,test,16,6,0
red_bridge_combined_01__1325,red_bridge_combined_01,test,18,8,0
red_bridge_combined_01__1338,red_bridge_combined_01,test,57,47,38
red_bridge_combined_01__1403,red_bridge_combined_01,test,10,0,0
red_bridge_combined_01__1440,red_bridge_combined_01,test,107,97,88
red_bridge_combined_01__1472,red_bridge_combined_01,test,64,54,45
red_bridge_combined_01__159,red_bridge_combined_01,test,81,71,62
red_bridge_combined_01__1591,red_bridge_combined_01,test,27,17,8
red_bridge_combined_01__1610,red_bridge_combined_01,test,122,112,103
red_bridge_combined_01__1621,red_bridge_combined_01,test,34,24,15
red_bridge_combined_01__1627,red_bridge_combined_01,test,86,76,67
red_bridge_combined_01__1730,red_bridge_combined_01,test,69,59,50
red_bridge_combined_01__1769,red_bridge_combined_01,test,10,0,0
red_bridge_combined_01__1778,red_bridge_combined_01,test,21,11,2
red_bridge_combined_01__183,red_bridge_combined_01,test,88,78,69
red_bridge_combined_01__1832,red_bridge_combined_01,test,18,8,0
red_bridge_combined_01__1920,red_bridge_combined_01,test,13,3,0
red_bridge_combined_01__1965,red_bridge_combined_01,test,56,46,37
red_bridge_combined_01__1968,red_bridge_combined_01,test,62,52,43
red_bridge_combined_01__1969,red_bridge_combined_01,test,167,157,148
red_bridge_combined_01__1994,red_bridge_combined_01,test,58,48,39
red_bridge_combined_01__1996,red_bridge_combined_01,test,80,70,61
red_bridge_combined_01__2000,red_bridge_combined_01,test,28,18,9
red_bridge_combined_01__2029,red_bridge_combined_01,test,17,7,0
red_bridge_combined_01__2039,red_bridge_combined_01,test,452,442,433
red_bridge_combined_01__2072,red_bridge_combined_01,test,235,225,216
red_bridge_combined_01__2149,red_bridge_combined_01,test,43,33,24
red_bridge_combined_01__2190,red_bridge_combined_01,test,261,251,242
red_bridge_combined_01__221,red_bridge_combined_01,test,67,57,48
red_bridge_combined_01__2297,red_bridge_combined_01,test,46,36,27
red_bridge_combined_01__2399,red_bridge_combined_01,test,436,426,417
red_bridge_combined_01__2484,red_bridge_combined_01,test,79,69,60
red_bridge_combined_01__2487,red_bridge_combined_01,test,132,122,113
red_bridge_combined_01__2500,red_bridge_combined_01,test,322,312,303
red_bridge_combined_01__2534,red_bridge_combined_01,test,109,99,90
red_bridge_combined_01__2568,red_bridge_combined_01,test,69,59,50
red_bridge_combined_01__295,red_bridge_combined_01,test,65,55,46
red_bridge_combined_01__32,red_bridge_combined_01,test,24,14,5
red_bridge_combined_01__379,red_bridge_combined_01,test,10,0,0
red_bridge_combined_01__434,red_bridge_combined_01,test,28,18,9
red_bridge_combined_01__522,red_bridge_combined_01,test,489,479,470
red_bridge_combined_01__57,red_bridge_combined_01,test,26,16,7
red_bridge_combined_01__732,red_bridge_combined_01,test,10,0,0
red_bridge_combined_01__758,red_bridge_combined_01,test,32,22,13
red_bridge_combined_01__767,red_bridge_combined_01,test,242,232,223
red_bridge_combined_01__786,red_bridge_combined_01,test,315,305,296
red_bridge_combined_01__836,red_bridge_combined_01,test,46,36,27
red_bridge_combined_01__898,red_bridge_combined_01,test,105,95,86
red_bridge_combined_01__9,red_bridge_combined_01,test,123,113,104
red_bridge_combined_01__1,red_bridge_combined_01,train,287,277,268
red_bridge_combined_01__10,red_bridge_combined_01,train,774,764,755
red_bridge_combined_01__1001,red_bridge_combined_01,train,79,69,60
red_bridge_combined_01__101,red_bridge_combined_01,train,61,51,42
red_bridge_combined_01__1013,red_bridge_combined_01,train,59,49,40
red_bridge_combined_01__1026,red_bridge_combined_01,train,17,7,0
red_bridge_combined_01__1029,red_bridge_combined_01,train,20,10,1
red_bridge_combined_01__1031,red_bridge_combined_01,train,13,3,0
red_bridge_combined_01__1032,red_bridge_combined_01,train,7330,7320,7311
red_bridge_combined_01__1033,red_bridge_combined_01,train,36,26,17
red_bridge_combined_01__1043,red_bridge_combined_01,train,79,69,60
red_bridge_combined_01__1045,red_bridge_combined_01,train,37,27,18
red_bridge_combined_01__1046,red_bridge_combined_01,train,37,27,18
red_bridge_combined_01__1053,red_bridge_combined_01,train,13,3,0
red_bridge_combined_01__1054,red_bridge_combined_01,train,44,34,25
red_bridge_combined_01__1062,red_bridge_combined_01,train,149,139,130
red_bridge_combined_01__1064,red_bridge_combined_01,train,148,138,129
red_bridge_combined_01__1066,red_bridge_combined_01,train,31,21,12
red_bridge_combined_01__1069,red_bridge_combined_01,train,47,37,28
red_bridge_combined_01__1072,red_bridge_combined_01,train,18,8,0
red_bridge_combined_01__1077,red_bridge_combined_01,train,322,312,303
red_bridge_combined_01__1078,red_bridge_combined_01,train,26,16,7
red_bridge_combined_01__1082,red_bridge_combined_01,train,17,7,0
red_bridge_combined_01__1087,red_bridge_combined_01,train,121,111,102
red_bridge_combined_01__1088,red_bridge_combined_01,train,48,38,29
red_bridge_combined_01__1090,red_bridge_combined_01,train,325,315,306
red_bridge_combined_01__11,red_bridge_combined_01,train,74,64,55
red_bridge_combined_01__111,red_bridge_combined_01,train,91,81,72
red_bridge_combined_01__1114,red_bridge_combined_01,train,295,285,276
red_bridge_combined_01__1119,red_bridge_combined_01,train,81,71,62
red_bridge_combined_01__1131,red_bridge_combined_01,train,6063,6053,6044
red_bridge_combined_01__1135,red_bridge_combined_01,train,10,0,0
red_bridge_combined_01__1138,red_bridge_combined_01,train,367,357,348
red_bridge_combined_01__1148,red_bridge_combined_01,train,37,27,18
red_bridge_combined_01__1152,red_bridge_combined_01,train,11,1,0
red_bridge_combined_01__1170,red_bridge_combined_01,train,10,0,0
red_bridge_combined_01__1175,red_bridge_combined_01,train,39,29,20
red_bridge_combined_01__1188,red_bridge_combined_01,train,44,34,25
red_bridge_combined_01__1189,red_bridge_combined_01,train,31,21,12
red_bridge_combined_01__1190,red_bridge_combined_01,train,26,16,7
red_bridge_combined_01__1192,red_bridge_combined_01,train,50,40,31
red_bridge_combined_01__1194,red_bridge_combined_01,train,28,18,9
red_bridge_combined_01__1198,red_bridge_combined_01,train,149,139,130
red_bridge_combined_01__12,red_bridge_combined_01,train,164,154,145
red_bridge_combined_01__1200,red_bridge_combined_01,train,143,133,124
red_bridge_combined_01__1202,red_bridge_combined_01,train,25,15,6
red_bridge_combined_01__1207,red_bridge_combined_01,train,17,7,0
red_bridge_combined_01__1215,red_bridge_combined_01,train,44,34,25
red_bridge_combined_01__1219,red_bridge_combined_01,train,45,35,26
red_bridge_combined_01__1221,red_bridge_combined_01,train,39,29,20
red_bridge_combined_01__1229,red_bridge_combined_01,train,515,505,496
red_bridge_combined_01__1247,red_bridge_combined_01,train,59,49,40
red_bridge_combined_01__1248,red_bridge_combined_01,train,138,128,119
red_bridge_combined_01__1249,red_bridge_combined_01,train,139,129,120
red_bridge_combined_01__1255,red_bridge_combined_01,train,22,12,3
red_bridge_combined_01__1256,red_bridge_combined_01,train,21,11,2
red_bridge_combined_01__126,red_bridge_combined_01,train,60,50,41
red_bridge_combined_01__1260,red_bridge_combined_01,train,36,26,17
red_bridge_combined_01__1261,red_bridge_combined_01,train,205,195,186
red_bridge_combined_01__1262,red_bridge_combined_01,train,33,23,14
red_bridge_combined_01__1263,red_bridge_combined_01,train,47,37,28
red_bridge_combined_01__1273,red_bridge_combined_01,train,106,96,87
red_bridge_combined_01__1276,red_bridge_combined_01,train,24,14,5
red_bridge_combined_01__1277,red_bridge_combined_01,train,182,172,163
red_bridge_combined_01__1286,red_bridge_combined_01,train,28,18,9
red_bridge_combined_01__129,red_bridge_combined_01,train,194,184,175
red_bridge_combined_01__1297,red_bridge_combined_01,train,234,224,215
red_bridge_combined_01__1302,red_bridge_combined_01,train,40,30,21
red_bridge_combined_01__1308,red_bridge_combined_01,train,80,70,61
red_bridge_combined_01__1312,red_bridge_combined_01,train,65,55,46
red_bridge_combined_01__1314,red_bridge_combined_01,train,63,53,44
red_bridge_combined_01__1315,red_bridge_combined_01,train,80,70,61
red_bridge_combined_01__1319,red_bridge_combined_01,train,160,150,141
red_bridge_combined_01__1322,red_bridge_combined_01,train,133,123,114
red_bridge_combined_01__1324,red_bridge_combined_01,train,19,9,0
red_bridge_combined_01__1327,red_bridge_combined_01,train,86,76,67
red_bridge_combined_01__1334,red_bridge_combined_01,train,369,359,350
red_bridge_combined_01__1339,red_bridge_combined_01,train,47,37,28
red_bridge_combined_01__1340,red_bridge_combined_01,train,113,103,94
red_bridge_combined_01__1343,red_bridge_combined_01,train,42,32,23
red_bridge_combined_01__1349,red_bridge_combined_01,train,33,23,14
red_bridge_combined_01__1357,red_bridge_combined_01,train,141,131,122
red_bridge_combined_01__136,red_bridge_combined_01,train,20,10,1
red_bridge_combined_01__1361,red_bridge_combined_01,train,214,204,195
red_bridge_combined_01__1363,red_bridge_combined_01,train,188,178,169
red_bridge_combined_01__1371,red_bridge_combined_01,train,192,182,173
red_bridge_combined_01__1376,red_bridge_combined_01,train,138,128,119
red_bridge_combined_01__1378,red_bridge_combined_01,train,112,102,93
red_bridge_combined_01__1379,red_bridge_combined_01,train,121,111,102
red_bridge_combined_01__1388,red_bridge_combined_01,train,233,223,214
red_bridge_combined_01__1406,red_bridge_combined_01,train,18,8,0
red_bridge_combined_01__1408,red_bridge_combined_01,train,78,68,59
red_bridge_combined_01__1412,red_bridge_combined_01,train,19,9,0
red_bridge_combined_01__1416,red_bridge_combined_01,train,50,40,31
red_bridge_combined_01__1418,red_bridge_combined_01,train,51,41,32
red_bridge_combined_01__142,red_bridge_combined_01,train,19,9,0
red_bridge_combined_01__1420,red_bridge_combined_01,train,211,201,192
red_bridge_combined_01__1424,red_bridge_combined_01,train,58,48,39
red_bridge_combined_01__1431,red_bridge_combined_01,train,27,17,8
red_bridge_combined_01__1433,red_bridge_combined_01,train,36,26,17
red_bridge_combined_01__1449,red_bridge_combined_01,train,36,26,17
red_bridge_combined_01__1459,red_bridge_combined_01,train,68,58,49
red_bridge_combined_01__146,red_bridge_combined_01,train,46,36,27
red_bridge_combined_01__1469,red_bridge_combined_01,train,64,54,45
red_bridge_combined_01__1471,red_bridge_combined_01,train,84,74,65
red_bridge_combined_01__1478,red_bridge_combined_01,train,137,127,118
red_bridge_combined_01__1481,red_bridge_combined_01,train,26,16,7
red_bridge_combined_01__1485,red_bridge_combined_01,train,19,9,0
red_bridge_combined_01__1500,red_bridge_combined_01,train,15,5,0
red_bridge_combined_01__1505,red_bridge_combined_01,train,146,136,127
red_bridge_combined_01__1506,red_bridge_combined_01,train,258,248,239
red_bridge_combined_01__1507,red_bridge_combined_01,train,27,17,8
red_bridge_combined_01__1516,red_bridge_combined_01,train,141,131,122
red_bridge_combined_01__1517,red_bridge_combined_01,train,15,5,0
red_bridge_combined_01__1521,red_bridge_combined_01,train,194,184,175
red_bridge_combined_01__1522,red_bridge_combined_01,train,34,24,15
red_bridge_combined_01__1523,red_bridge_combined_01,train,97,87,78
red_bridge_combined_01__1528,red_bridge_combined_01,train,83,73,64
red_bridge_combined_01__1541,red_bridge_combined_01,train,58,48,39
red_bridge_combined_01__1543,red_bridge_combined_01,train,40,30,21
red_bridge_combined_01__1557,red_bridge_combined_01,train,34,24,15
red_bridge_combined_01__1558,red_bridge_combined_01,train,382,372,363
red_bridge_combined_01__1560,red_bridge_combined_01,train,16,6,0
red_bridge_combined_01__1567,red_bridge_combined_01,train,93,83,74
red_bridge_combined_01__157,red_bridge_combined_01,train,68,58,49
red_bridge_combined_01__1586,red_bridge_combined_01,train,28,18,9
red_bridge_combined_01__1590,red_bridge_combined_01,train,62,52,43
red_bridge_combined_01__1593,red_bridge_combined_01,train,68,58,49
red_bridge_combined_01__160,red_bridge_combined_01,train,127,117,108
red_bridge_combined_01__1608,red_bridge_combined_01,train,64,54,45
red_bridge_combined_01__1612,red_bridge_combined_01,train,27,17,8
red_bridge_combined_01__1618,red_bridge_combined_01,train,282,272,263
red_bridge_combined_01__1619,red_bridge_combined_01,train,28,18,9
red_bridge_combined_01__1638,red_bridge_combined_01,train,68,58,49
red_bridge_combined_01__1640,red_bridge_combined_01,train,92,82,73
red_bridge_combined_01__1642,red_bridge_combined_01,train,57,47,38
red_bridge_combined_01__1643,red_bridge_combined_01,train,18,8,0
red_bridge_combined_01__1646,red_bridge_combined_01,train,37,27,18
red_bridge_combined_01__165,red_bridge_combined_01,train,123,113,104
red_bridge_combined_01__1659,red_bridge_combined_01,train,315,305,296
red_bridge_combined_01__1669,red_bridge_combined_01,train,20,10,1
red_bridge_combined_01__167,red_bridge_combined_01,train,46,36,27
red_bridge_combined_01__1670,red_bridge_combined_01,train,45,35,26
red_bridge_combined_01__1675,red_bridge_combined_01,train,33,23,14
red_bridge_combined_01__1681,red_bridge_combined_01,train,141,131,122
red_bridge_combined_01__1694,red_bridge_combined_01,train,49,39,30
red_bridge_combined_01__1695,red_bridge_combined_01,train,168,158,149
red_bridge_combined_01__1696,red_bridge_combined_01,train,122,112,103
red_bridge_combined_01__1697,red_bridge_combined_01,train,76,66,57
red_bridge_combined_01__1699,red_bridge_combined_01,train,372,362,353
red_bridge_combined_01__1703,red_bridge_combined_01,train,179,169,160
red_bridge_combined_01__1704,red_bridge_combined_01,train,261,251,242
red_bridge_combined_01__1707,red_bridge_combined_01,train,42,32,23
red_bridge_combined_01__1708,red_bridge_combined_01,train,10,0,0
red_bridge_combined_01__171,red_bridge_combined_01,train,339,329,320
red_bridge_combined_01__1711,red_bridge_combined_01,train,498,488,479
red_bridge_combined_01__1720,red_bridge_combined_01,train,31,21,12
red_bridge_combined_01__1721,red_bridge_combined_01,train,21,11,2
red_bridge_combined_01__1722,red_bridge_combined_01,train,76,66,57
red_bridge_combined_01__1727,red_bridge_combined_01,train,22,12,3
red_bridge_combined_01__1731,red_bridge_combined_01,train,136,126,117
red_bridge_combined_01__1734,red_bridge_combined_01,train,171,161,152
red_bridge_combined_01__1735,red_bridge_combined_01,train,108,98,89
red_bridge_combined_01__1738,red_bridge_combined_01,train,44,34,25
red_bridge_combined_01__1742,red_bridge_combined_01,train,12,2,0
red_bridge_combined_01__1754,red_bridge_combined_01,train,163,153,144
red_bridge_combined_01__1758,red_bridge_combined_01,train,183,173,164
red_bridge_combined_01__1763,red_bridge_combined_01,train,39,29,20
red_bridge_combined_01__1765,red_bridge_combined_01,train,25,15,6
red_bridge_combined_01__1770,red_bridge_combined_01,train,39,29,20
red_bridge_combined_01__1771,red_bridge_combined_01,train,49,39,30
red_bridge_combined_01__178,red_bridge_combined_01,train,40,30,21
red_bridge_combined_01__1784,red_bridge_combined_01,train,10,0,0
red_bridge_combined_01__180,red_bridge_combined_01,train,229,219,210
red_bridge_combined_01__1801,red_bridge_combined_01,train,34,24,15
red_bridge_combined_01__1805,red_bridge_combined_01,train,13,3,0
red_bridge_combined_01__1816,red_bridge_combined_01,train,28,18,9
red_bridge_combined_01__1819,red_bridge_combined_01,train,50,40,31
red_bridge_combined_01__1820,red_bridge_combined_01,train,315,305,296
red_bridge_combined_01__1822,red_bridge_combined_01,train,368,358,349
red_bridge_combined_01__1828,red_bridge_combined_01,train,37,27,18
red_bridge_combined_01__1829,red_bridge_combined_01,train,49,39,30
red_bridge_combined_01__1831,red_bridge_combined_01,train,120,110,101
red_bridge_combined_01__1841,red_bridge_combined_01,train,23,13,4
red_bridge_combined_01__1849,red_bridge_combined_01,train,194,184,175
red_bridge_combined_01__1859,red_bridge_combined_01,train,13,3,0
red_bridge_combined_01__1861,red_bridge_combined_01,train,32,22,13
red_bridge_combined_01__1865,red_bridge_combined_01,train,10,0,0
red_bridge_combined_01__1871,red_bridge_combined_01,train,13,3,0
red_bridge_combined_01__1875,red_bridge_combined_01,train,129,119,110
red_bridge_combined_01__1878,red_bridge_combined_01,train,10,0,0
red_bridge_combined_01__1881,red_bridge_combined_01,train,33,23,14
red_bridge_combined_01__1882,red_bridge_combined_01,train,98,88,79
red_bridge_combined_01__1895,red_bridge_combined_01,train,324,314,305
red_bridge_combined_01__1904,red_bridge_combined_01,train,235,225,216
red_bridge_combined_01__1909,red_bridge_combined_01,train,62,52,43
red_bridge_combined_01__1911,red_bridge_combined_01,train,350,340,331
red_bridge_combined_01__1913,red_bridge_combined_01,train,47,37,28
red_bridge_combined_01__1916,red_bridge_combined_01,train,45,35,26
red_bridge_combined_01__1919,red_bridge_combined_01,train,11,1,0
red_bridge_combined_01__1926,red_bridge_combined_01,train,250,240,231
red_bridge_combined_01__1929,red_bridge_combined_01,train,12,2,0
red_bridge_combined_01__193,red_bridge_combined_01,train,28,18,9
red_bridge_combined_01__1954,red_bridge_combined_01,train,20,10,1
red_bridge_combined_01__1958,red_bridge_combined_01,train,25,15,6
red_bridge_combined_01__1960,red_bridge_combined_01,train,36,26,17
red_bridge_combined_01__1962,red_bridge_combined_01,train,64,54,45
red_bridge_combined_01__1964,red_bridge_combined_01,train,40,30,21
red_bridge_combined_01__1972,red_bridge_combined_01,train,40,30,21
red_bridge_combined_01__1976,red_bridge_combined_01,train,30,20,11
red_bridge_combined_01__1980,red_bridge_combined_01,train,20,10,1
red_bridge_combined_01__1988,red_bridge_combined_01,train,54,44,35
red_bridge_combined_01__1990,red_bridge_combined_01,train,39,29,20
red_bridge_combined_01__2,red_bridge_combined_01,train,88,78,69
red_bridge_combined_01__2011,red_bridge_combined_01,train,78,68,59
red_bridge_combined_01__2018,red_bridge_combined_01,train,49,39,30
red_bridge_combined_01__2022,red_bridge_combined_01,train,144,134,125
red_bridge_combined_01__2031,red_bridge_combined_01,train,125,115,106
red_bridge_combined_01__2037,red_bridge_combined_01,train,145,135,126
red_bridge_combined_01__2045,red_bridge_combined_01,train,37,27,18
red_bridge_combined_01__2048,red_bridge_combined_01,train,143,133,124
red_bridge_combined_01__2059,red_bridge_combined_01,train,11,1,0
red_bridge_combined_01__2067,red_bridge_combined_01,train,57,47,38
red_bridge_combined_01__2068,red_bridge_combined_01,train,47,37,28
red_bridge_combined_01__2074,red_bridge_combined_01,train,374,364,355
red_bridge_combined_01__2075,red_bridge_combined_01,train,180,170,161
red_bridge_combined_01__2079,red_bridge_combined_01,train,24,14,5
red_bridge_combined_01__2081,red_bridge_combined_01,train,501,491,482
red_bridge_combined_01__2086,red_bridge_combined_01,train,14,4,0
red_bridge_combined_01__2087,red_bridge_combined_01,train,224,214,205
red_bridge_combined_01__2089,red_bridge_combined_01,train,339,329,320
red_bridge_combined_01__2090,red_bridge_combined_01,train,489,479,470
red_bridge_combined_01__2095,red_bridge_combined_01,train,61,51,42
red_bridge_combined_01__2096,red_bridge_combined_01,train,64,54,45
red_bridge_combined_01__2119,red_bridge_combined_01,train,126,116,107
red_bridge_combined_01__2122,red_bridge_combined_01,train,371,361,352
red_bridge_combined_01__2128,red_bridge_combined_01,train,101,91,82
red_bridge_combined_01__2134,red_bridge_combined_01,train,32,22,13
red_bridge_combined_01__2139,red_bridge_combined_01,train,340,330,321
red_bridge_combined_01__214,red_bridge_combined_01,train,46,36,27
red_bridge_combined_01__2142,red_bridge_combined_01,train,202,192,183
red_bridge_combined_01__2151,red_bridge_combined_01,train,179,169,160
red_bridge_combined_01__2155,red_bridge_combined_01,train,66,56,47
red_bridge_combined_01__2168,red_bridge_combined_01,train,27,17,8
red_bridge_combined_01__217,red_bridge_combined_01,train,41,31,22
red_bridge_combined_01__2171,red_bridge_combined_01,train,23,13,4
red_bridge_combined_01__2175,red_bridge_combined_01,train,353,343,334
red_bridge_combined_01__2177,red_bridge_combined_01,train,107,97,88
red_bridge_combined_01__2183,red_bridge_combined_01,train,187,177,168
red_bridge_combined_01__2185,red_bridge_combined_01,train,104,94,85
red_bridge_combined_01__2202,red_bridge_combined_01,train,115,105,96
red_bridge_combined_01__2209,red_bridge_combined_01,train,338,328,319
red_bridge_combined_01__2213,red_bridge_combined_01,train,105,95,86
red_bridge_combined_01__2214,red_bridge_combined_01,train,233,223,214
red_bridge_combined_01__2219,red_bridge_combined_01,train,55,45,36
red_bridge_combined_01__2220,red_bridge_combined_01,train,45,35,26
red_bridge_combined_01__2224,red_bridge_combined_01,train,185,175,166
red_bridge_combined_01__2227,red_bridge_combined_01,train,252,242,233
red_bridge_combined_01__2235,red_bridge_combined_01,train,265,255,246
red_bridge_combined_01__224,red_bridge_combined_01,train,79,69,60
red_bridge_combined_01__2240,red_bridge_combined_01,train,24,14,5
red_bridge_combined_01__2243,red_bridge_combined_01,train,31,21,12
red_bridge_combined_01__2270,red_bridge_combined_01,train,196,186,177
red_bridge_combined_01__2284,red_bridge_combined_01,train,11,1,0
red_bridge_combined_01__2285,red_bridge_combined_01,train,159,149,140
red_bridge_combined_01__2300,red_bridge_combined_01,train,383,373,364
red_bridge_combined_01__2304,red_bridge_combined_01,train,88,78,69
red_bridge_combined_01__2312,red_bridge_combined_01,train,90,80,71
red_bridge_combined_01__2315,red_bridge_combined_01,train,243,233,224
red_bridge_combined_01__2316,red_bridge_combined_01,train,406,396,387
red_bridge_combined_01__2320,red_bridge_combined_01,train,398,388,379
red_bridge_combined_01__2322,red_bridge_combined_01,train,38,28,19
red_bridge_combined_01__233,red_bridge_combined_01,train,29,19,10
red_bridge_combined_01__2335,red_bridge_combined_01,train,12,2,0
red_bridge_combined_01__2336,red_bridge_combined_01,train,248,238,229
red_bridge_combined_01__2338,red_bridge_combined_01,train,66,56,47
red_bridge_combined_01__234,red_bridge_combined_01,train,11,1,0
red_bridge_combined_01__2348,red_bridge_combined_01,train,175,165,156
red_bridge_combined_01__2354,red_bridge_combined_01,train,142,132,123
red_bridge_combined_01__2359,red_bridge_combined_01,train,138,128,119
red_bridge_combined_01__2362,red_bridge_combined_01,train,151,141,132
red_bridge_combined_01__2365,red_bridge_combined_01,train,349,339,330
red_bridge_combined_01__2366,red_bridge_combined_01,train,264,254,245
red_bridge_combined_01__2369,red_bridge_combined_01,train,28,18,9
red_bridge_combined_01__2385,red_bridge_combined_01,train,234,224,215
red_bridge_combined_01__2397,red_bridge_combined_01,train,17,7,0
red_bridge_combined_01__2400,red_bridge_combined_01,train,35,25,16
red_bridge_combined_01__2402,red_bridge_combined_01,train,72,62,53
red_bridge_combined_01__2413,red_bridge_combined_01,train,186,176,167
red_bridge_combined_01__2416,red_bridge_combined_01,train,73,63,54
red_bridge_combined_01__2421,red_bridge_combined_01,train,106,96,87
red_bridge_combined_01__2423,red_bridge_combined_01,train,75,65,56
red_bridge_combined_01__2425,red_bridge_combined_01,train,24,14,5
red_bridge_combined_01__2436,red_bridge_combined_01,train,161,151,142
red_bridge_combined_01__2437,red_bridge_combined_01,train,120,110,101
red_bridge_combined_01__2443,red_bridge_combined_01,train,11,1,0
red_bridge_combined_01__2444,red_bridge_combined_01,train,356,346,337
red_bridge_combined_01__2447,red_bridge_combined_01,train,130,120,111
red_bridge_combined_01__2462,red_bridge_combined_01,train,17,7,0
red_bridge_combined_01__2465,red_bridge_combined_01,train,41,31,22
red_bridge_combined_01__2468,red_bridge_combined_01,train,129,119,110
red_bridge_combined_01__2473,red_bridge_combined_01,train,18,8,0
red_bridge_combined_01__2488,red_bridge_combined_01,train,139,129,120
red_bridge_combined_01__2490,red_bridge_combined_01,train,307,297,288
red_bridge_combined_01__2492,red_bridge_combined_01,train,74,64,55
red_bridge_combined_01__2495,red_bridge_combined_01,train,165,155,146
red_bridge_combined_01__250,red_bridge_combined_01,train,220,210,201
red_bridge_combined_01__2502,red_bridge_combined_01,train,136,126,117
red_bridge_combined_01__2503,red_bridge_combined_01,train,94,84,75
red_bridge_combined_01__2505,red_bridge_combined_01,train,207,197,188
red_bridge_combined_01__2510,red_bridge_combined_01,train,595,585,576
red_bridge_combined_01__2513,red_bridge_combined_01,train,273,263,254
red_bridge_combined_01__2516,red_bridge_combined_01,train,468,458,449
red_bridge_combined_01__2523,red_bridge_combined_01,train,45,35,26
red_bridge_combined_01__2528,red_bridge_combined_01,train,57,47,38
red_bridge_combined_01__2529,red_bridge_combined_01,train,154,144,135
red_bridge_combined_01__2531,red_bridge_combined_01,train,267,257,248
red_bridge_combined_01__2532,red_bridge_combined_01,train,177,167,158
red_bridge_combined_01__2537,red_bridge_combined_01,train,11,1,0
red_bridge_combined_01__2548,red_bridge_combined_01,train,61,51,42
red_bridge_combined_01__2551,red_bridge_combined_01,train,360,350,341
red_bridge_combined_01__2553,red_bridge_combined_01,train,317,307,298
red_bridge_combined_01__2564,red_bridge_combined_01,train,24,14,5
red_bridge_combined_01__2573,red_bridge_combined_01,train,174,164,155
red_bridge_combined_01__2576,red_bridge_combined_01,train,93,83,74
red_bridge_combined_01__2579,red_bridge_combined_01,train,15,5,0
red_bridge_combined_01__258,red_bridge_combined_01,train,45,35,26
red_bridge_combined_01__26,red_bridge_combined_01,train,20,10,1
red_bridge_combined_01__262,red_bridge_combined_01,train,43,33,24
red_bridge_combined_01__271,red_bridge_combined_01,train,90,80,71
red_bridge_combined_01__272,red_bridge_combined_01,train,218,208,199
red_bridge_combined_01__276,red_bridge_combined_01,train,58,48,39
red_bridge_combined_01__288,red_bridge_combined_01,train,85,75,66
red_bridge_combined_01__299,red_bridge_combined_01,train,51,41,32
red_bridge_combined_01__3,red_bridge_combined_01,train,173,163,154
red_bridge_combined_01__316,red_bridge_combined_01,train,127,117,108
red_bridge_combined_01__322,red_bridge_combined_01,train,51,41,32
red_bridge_combined_01__325,red_bridge_combined_01,train,34,24,15
red_bridge_combined_01__334,red_bridge_combined_01,train,167,157,148
red_bridge_combined_01__349,red_bridge_combined_01,train,16,6,0
red_bridge_combined_01__35,red_bridge_combined_01,train,66,56,47
red_bridge_combined_01__365,red_bridge_combined_01,train,144,134,125
red_bridge_combined_01__368,red_bridge_combined_01,train,174,164,155
red_bridge_combined_01__372,red_bridge_combined_01,train,13,3,0
red_bridge_combined_01__373,red_bridge_combined_01,train,14,4,0
red_bridge_combined_01__378,red_bridge_combined_01,train,14,4,0
red_bridge_combined_01__382,red_bridge_combined_01,train,27,17,8
red_bridge_combined_01__392,red_bridge_combined_01,train,92,82,73
red_bridge_combined_01__4,red_bridge_combined_01,train,25,15,6
red_bridge_combined_01__401,red_bridge_combined_01,train,331,321,312
red_bridge_combined_01__41,red_bridge_combined_01,train,17,7,0
red_bridge_combined_01__417,red_bridge_combined_01,train,20,10,1
red_bridge_combined_01__421,red_bridge_combined_01,train,309,299,290
red_bridge_combined_01__432,red_bridge_combined_01,train,214,204,195
red_bridge_combined_01__435,red_bridge_combined_01,train,35,25,16
red_bridge_combined_01__446,red_bridge_combined_01,train,18,8,0
red_bridge_combined_01__457,red_bridge_combined_01,train,23,13,4
red_bridge_combined_01__464,red_bridge_combined_01,train,21,11,2
red_bridge_combined_01__466,red_bridge_combined_01,train,23,13,4
red_bridge_combined_01__469,red_bridge_combined_01,train,85,75,66
red_bridge_combined_01__47,red_bridge_combined_01,train,47,37,28
red_bridge_combined_01__470,red_bridge_combined_01,train,903,893,884
red_bridge_combined_01__471,red_bridge_combined_01,train,318,308,299
red_bridge_combined_01__473,red_bridge_combined_01,train,29,19,10
red_bridge_combined_01__476,red_bridge_combined_01,train,217,207,198
red_bridge_combined_01__482,red_bridge_combined_01,train,82,72,63
red_bridge_combined_01__487,red_bridge_combined_01,train,25,15,6
red_bridge_combined_01__490,red_bridge_combined_01,train,31,21,12
red_bridge_combined_01__493,red_bridge_combined_01,train,102,92,83
red_bridge_combined_01__498,red_bridge_combined_01,train,30,20,11
red_bridge_combined_01__5,red_bridge_combined_01,train,115,105,96
red_bridge_combined_01__50,red_bridge_combined_01,train,207,197,188
red_bridge_combined_01__500,red_bridge_combined_01,train,21,11,2
red_bridge_combined_01__510,red_bridge_combined_01,train,93,83,74
red_bridge_combined_01__515,red_bridge_combined_01,train,50,40,31
red_bridge_combined_01__52,red_bridge_combined_01,train,39,29,20
red_bridge_combined_01__520,red_bridge_combined_01,train,56,46,37
red_bridge_combined_01__521,red_bridge_combined_01,train,234,224,215
red_bridge_combined_01__524,red_bridge_combined_01,train,87,77,68
red_bridge_combined_01__525,red_bridge_combined_01,train,106,96,87
red_bridge_combined_01__526,red_bridge_combined_01,train,77,67,58
red_bridge_combined_01__531,red_bridge_combined_01,train,256,246,237
red_bridge_combined_01__535,red_bridge_combined_01,train,108,98,89
red_bridge_combined_01__541,red_bridge_combined_01,train,18,8,0
red_bridge_combined_01__543,red_bridge_combined_01,train,95,85,76
red_bridge_combined_01__547,red_bridge_combined_01,train,23,13,4
red_bridge_combined_01__556,red_bridge_combined_01,train,15,5,0
red_bridge_combined_01__562,red_bridge_combined_01,train,93,83,74
red_bridge_combined_01__566,red_bridge_combined_01,train,26,16,7
red_bridge_combined_01__569,red_bridge_combined_01,train,241,231,222
red_bridge_combined_01__574,red_bridge_combined_01,train,418,408,399
red_bridge_combined_01__577,red_bridge_combined_01,train,34,24,15
red_bridge_combined_01__581,red_bridge_combined_01,train,94,84,75
red_bridge_combined_01__584,red_bridge_combined_01,train,44,34,25
red_bridge_combined_01__587,red_bridge_combined_01,train,12,2,0
red_bridge_combined_01__590,red_bridge_combined_01,train,18,8,0
red_bridge_combined_01__594,red_bridge_combined_01,train,12,2,0
red_bridge_combined_01__60,red_bridge_combined_01,train,12,2,0
red_bridge_combined_01__608,red_bridge_combined_01,train,43,33,24
red_bridge_combined_01__612,red_bridge_combined_01,train,102,92,83
red_bridge_combined_01__613,red_bridge_combined_01,train,11,1,0
red_bridge_combined_01__617,red_bridge_combined_01,train,160,150,141
red_bridge_combined_01__621,red_bridge_combined_01,train,242,232,223
red_bridge_combined_01__627,red_bridge_combined_01,train,108,98,89
red_bridge_combined_01__633,red_bridge_combined_01,train,13,3,0
red_bridge_combined_01__634,red_bridge_combined_01,train,16,6,0
red_bridge_combined_01__641,red_bridge_combined_01,train,88,78,69
red_bridge_combined_01__649,red_bridge_combined_01,train,333,323,314
red_bridge_combined_01__65,red_bridge_combined_01,train,34,24,15
red_bridge_combined_01__657,red_bridge_combined_01,train,625,615,606
red_bridge_combined_01__662,red_bridge_combined_01,train,88,78,69
red_bridge_combined_01__669,red_bridge_combined_01,train,37,27,18
red_bridge_combined_01__67,red_bridge_combined_01,train,80,70,61
red_bridge_combined_01__670,red_bridge_combined_01,train,36,26,17
red_bridge_combined_01__676,red_bridge_combined_01,train,22,12,3
red_bridge_combined_01__679,red_bridge_combined_01,train,44,34,25
red_bridge_combined_01__682,red_bridge_combined_01,train,13,3,0
red_bridge_combined_01__683,red_bridge_combined_01,train,85,75,66
red_bridge_combined_01__687,red_bridge_combined_01,train,183,173,164
red_bridge_combined_01__689,red_bridge_combined_01,train,117,107,98
red_bridge_combined_01__690,red_bridge_combined_01,train,30,20,11
red_bridge_combined_01__692,red_bridge_combined_01,train,174,164,155
red_bridge_combined_01__7,red_bridge_combined_01,train,2999,2989,2980
red_bridge_combined_01__705,red_bridge_combined_01,train,35,25,16
red_bridge_combined_01__72,red_bridge_combined_01,train,11,1,0
red_bridge_combined_01__721,red_bridge_combined_01,train,465,455,446
red_bridge_combined_01__726,red_bridge_combined_01,train,21,11,2
red_bridge_combined_01__727,red_bridge_combined_01,train,260,250,241
red_bridge_combined_01__729,red_bridge_combined_01,train,12,2,0
red_bridge_combined_01__73,red_bridge_combined_01,train,30,20,11
red_bridge_combined_01__733,red_bridge_combined_01,train,16,6,0
red_bridge_combined_01__734,red_bridge_combined_01,train,13,3,0
red_bridge_combined_01__744,red_bridge_combined_01,train,235,225,216
red_bridge_combined_01__745,red_bridge_combined_01,train,24,14,5
red_bridge_combined_01__746,red_bridge_combined_01,train,13,3,0
red_bridge_combined_01__75,red_bridge_combined_01,train,160,150,141
red_bridge_combined_01__750,red_bridge_combined_01,train,54,44,35
red_bridge_combined_01__76,red_bridge_combined_01,train,53,43,34
red_bridge_combined_01__760,red_bridge_combined_01,train,159,149,140
red_bridge_combined_01__761,red_bridge_combined_01,train,288,278,269
red_bridge_combined_01__762,red_bridge_combined_01,train,309,299,290
red_bridge_combined_01__782,red_bridge_combined_01,train,11,1,0
red_bridge_combined_01__784,red_bridge_combined_01,train,145,135,126
red_bridge_combined_01__787,red_bridge_combined_01,train,79,69,60
red_bridge_combined_01__811,red_bridge_combined_01,train,52,42,33
red_bridge_combined_01__824,red_bridge_combined_01,train,12,2,0
red_bridge_combined_01__827,red_bridge_combined_01,train,160,150,141
red_bridge_combined_01__829,red_bridge_combined_01,train,11,1,0
red_bridge_combined_01__834,red_bridge_combined_01,train,157,147,138
red_bridge_combined_01__837,red_bridge_combined_01,train,192,182,173
red_bridge_combined_01__838,red_bridge_combined_01,train,12,2,0
red_bridge_combined_01__857,red_bridge_combined_01,train,184,174,165
red_bridge_combined_01__86,red_bridge_combined_01,train,12,2,0
red_bridge_combined_01__865,red_bridge_combined_01,train,428,418,409
red_bridge_combined_01__866,red_bridge_combined_01,train,15,5,0
red_bridge_combined_01__867,red_bridge_combined_01,train,25,15,6
red_bridge_combined_01__872,red_bridge_combined_01,train,145,135,126
red_bridge_combined_01__873,red_bridge_combined_01,train,145,135,126
red_bridge_combined_01__877,red_bridge_combined_01,train,467,457,448
red_bridge_combined_01__896,red_bridge_combined_01,train,241,231,222
red_bridge_combined_01__903,red_bridge_combined_01,train,87,77,68
red_bridge_combined_01__908,red_bridge_combined_01,train,13,3,0
red_bridge_combined_01__910,red_bridge_combined_01,train,387,377,368
red_bridge_combined_01__915,red_bridge_combined_01,train,59,49,40
red_bridge_combined_01__917,red_bridge_combined_01,train,50,40,31
red_bridge_combined_01__923,red_bridge_combined_01,train,33,23,14
red_bridge_combined_01__934,red_bridge_combined_01,train,15,5,0
red_bridge_combined_01__939,red_bridge_combined_01,train,14,4,0
red_bridge_combined_01__940,red_bridge_combined_01,train,20,10,1
red_bridge_combined_01__942,red_bridge_combined_01,train,372,362,353
red_bridge_combined_01__944,red_bridge_combined_01,train,23,13,4
red_bridge_combined_01__948,red_bridge_combined_01,train,263,253,244
red_bridge_combined_01__957,red_bridge_combined_01,train,38,28,19
red_bridge_combined_01__960,red_bridge_combined_01,train,132,122,113
red_bridge_combined_01__966,red_bridge_combined_01,train,124,114,105
red_bridge_combined_01__968,red_bridge_combined_01,train,267,257,248
red_bridge_combined_01__976,red_bridge_combined_01,train,66,56,47
red_bridge_combined_01__977,red_bridge_combined_01,train,188,178,169
red_bridge_combined_01__994,red_bridge_combined_01,train,41,31,22
red_bridge_combined_01__1006,red_bridge_combined_01,val,195,185,176
red_bridge_combined_01__1052,red_bridge_combined_01,val,120,110,101
red_bridge_combined_01__1139,red_bridge_combined_01,val,72,62,53
red_bridge_combined_01__1158,red_bridge_combined_01,val,10,0,0
red_bridge_combined_01__1230,red_bridge_combined_01,val,311,301,292
red_bridge_combined_01__13,red_bridge_combined_01,val,23,13,4
red_bridge_combined_01__1301,red_bridge_combined_01,val,21,11,2
red_bridge_combined_01__1317,red_bridge_combined_01,val,25,15,6
red_bridge_combined_01__1323,red_bridge_combined_01,val,40,30,21
red_bridge_combined_01__1342,red_bridge_combined_01,val,120,110,101
red_bridge_combined_01__1354,red_bridge_combined_01,val,216,206,197
red_bridge_combined_01__139,red_bridge_combined_01,val,615,605,596
red_bridge_combined_01__1413,red_bridge_combined_01,val,12,2,0
red_bridge_combined_01__1450,red_bridge_combined_01,val,81,71,62
red_bridge_combined_01__163,red_bridge_combined_01,val,278,268,259
red_bridge_combined_01__1632,red_bridge_combined_01,val,64,54,45
red_bridge_combined_01__1673,red_bridge_combined_01,val,70,60,51
red_bridge_combined_01__1740,red_bridge_combined_01,val,342,332,323
red_bridge_combined_01__1813,red_bridge_combined_01,val,102,92,83
red_bridge_combined_01__1879,red_bridge_combined_01,val,43,33,24
red_bridge_combined_01__2009,red_bridge_combined_01,val,41,31,22
red_bridge_combined_01__2013,red_bridge_combined_01,val,44,34,25
red_bridge_combined_01__2015,red_bridge_combined_01,val,99,89,80
red_bridge_combined_01__2083,red_bridge_combined_01,val,173,163,154
red_bridge_combined_01__2126,red_bridge_combined_01,val,29,19,10
red_bridge_combined_01__2129,red_bridge_combined_01,val,29,19,10
red_bridge_combined_01__2164,red_bridge_combined_01,val,355,345,336
red_bridge_combined_01__2194,red_bridge_combined_01,val,27,17,8
red_bridge_combined_01__2229,red_bridge_combined_01,val,240,230,221
red_bridge_combined_01__2261,red_bridge_combined_01,val,197,187,178
red_bridge_combined_01__2332,red_bridge_combined_01,val,128,118,109
red_bridge_combined_01__2345,red_bridge_combined_01,val,47,37,28
red_bridge_combined_01__2404,red_bridge_combined_01,val,67,57,48
red_bridge_combined_01__2427,red_bridge_combined_01,val,85,75,66
red_bridge_combined_01__2512,red_bridge_combined_01,val,15,5,0
red_bridge_combined_01__2518,red_bridge_combined_01,val,410,400,391
red_bridge_combined_01__2547,red_bridge_combined_01,val,35,25,16
red_bridge_combined_01__2570,red_bridge_combined_01,val,100,90,81
red_bridge_combined_01__314,red_bridge_combined_01,val,30,20,11
red_bridge_combined_01__33,red_bridge_combined_01,val,766,756,747
red_bridge_combined_01__363,red_bridge_combined_01,val,11,1,0
red_bridge_combined_01__503,red_bridge_combined_01,val,35,25,16
red_bridge_combined_01__539,red_bridge_combined_01,val,17,7,0
red_bridge_combined_01__544,red_bridge_combined_01,val,169,159,150
red_bridge_combined_01__548,red_bridge_combined_01,val,30,20,11
red_bridge_combined_01__603,red_bridge_combined_01,val,32,22,13
red_bridge_combined_01__606,red_bridge_combined_01,val,414,404,395
red_bridge_combined_01__665,red_bridge_combined_01,val,34,24,15
red_bridge_combined_01__701,red_bridge_combined_01,val,41,31,22
red_bridge_combined_01__8,red_bridge_combined_01,val,24,14,5
red_bridge_combined_01__852,red_bridge_combined_01,val,295,285,276
red_bridge_combined_01__87,red_bridge_combined_01,val,130,120,111
red_bridge_combined_01__884,red_bridge_combined_01,val,25,15,6
red_bridge_combined_01__89,red_bridge_combined_01,val,35,25,16
red_bridge_combined_01__894,red_bridge_combined_01,val,122,112,103
red_bridge_combined_01__905,red_bridge_combined_01,val,363,353,344
red_bridge_combined_01__918,red_bridge_combined_01,val,27,17,8
red_bridge_combined_01__921,red_bridge_combined_01,val,391,381,372
red_bridge_combined_01__922,red_bridge_combined_01,val,18,8,0
red_bridge_combined_01__970,red_bridge_combined_01,val,45,35,26
stairs_montjuic_01__100,stairs_montjuic_01,test,18,8,0
stairs_montjuic_01__1073,stairs_montjuic_01,test,267,257,248
stairs_montjuic_01__1093,stairs_montjuic_01,test,575,565,556
stairs_montjuic_01__1100,stairs_montjuic_01,test,18,8,0
stairs_montjuic_01__1165,stairs_montjuic_01,test,49,39,30
stairs_montjuic_01__1205,stairs_montjuic_01,test,171,161,152
stairs_montjuic_01__1261,stairs_montjuic_01,test,494,484,475
stairs_montjuic_01__1332,stairs_montjuic_01,test,22,12,3
stairs_montjuic_01__1366,stairs_montjuic_01,test,14,4,0
stairs_montjuic_01__1445,stairs_montjuic_01,test,479,469,460
stairs_montjuic_01__1473,stairs_montjuic_01,test,147,137,128
stairs_montjuic_01__1480,stairs_montjuic_01,test,20,10,1
stairs_montjuic_01__1512,stairs_montjuic_01,test,1107,1097,1088
stairs_montjuic_01__1528,stairs_montjuic_01,test,239,229,220
stairs_montjuic_01__1636,stairs_montjuic_01,test,36,26,17
stairs_montjuic_01__210,stairs_montjuic_01,test,110,100,91
stairs_montjuic_01__223,stairs_montjuic_01,test,167,157,148
stairs_montjuic_01__245,stairs_montjuic_01,test,123,113,104
stairs_montjuic_01__259,stairs_montjuic_01,test,348,338,329
stairs_montjuic_01__265,stairs_montjuic_01,test,83,73,64
stairs_montjuic_01__290,stairs_montjuic_01,test,151,141,132
stairs_montjuic_01__450,stairs_montjuic_01,test,2416,2406,2397
stairs_montjuic_01__471,stairs_montjuic_01,test,415,405,396
stairs_montjuic_01__484,stairs_montjuic_01,test,43,33,24
stairs_montjuic_01__491,stairs_montjuic_01,test,504,494,485
stairs_montjuic_01__509,stairs_montjuic_01,test,157,147,138
stairs_montjuic_01__540,stairs_montjuic_01,test,491,481,472
stairs_montjuic_01__555,stairs_montjuic_01,test,36,26,17
stairs_montjuic_01__780,stairs_montjuic_01,test,219,209,200
stairs_montjuic_01__806,stairs_montjuic_01,test,41,31,22
stairs_montjuic_01__812,stairs_montjuic_01,test,12,2,0
stairs_montjuic_01__831,stairs_montjuic_01,test,114,104,95
stairs_montjuic_01__91,stairs_montjuic_01,test,112,102,93
stairs_montjuic_01__98,stairs_montjuic_01,test,141,131,122
stairs_montjuic_01__10,stairs_montjuic_01,train,90,80,71
stairs_montjuic_01__1004,stairs_montjuic_01,train,343,333,324
stairs_montjuic_01__1008,stairs_montjuic_01,train,767,757,748
stairs_montjuic_01__1012,stairs_montjuic_01,train,949,939,930
stairs_montjuic_01__1013,stairs_montjuic_01,train,1000,990,981
stairs_montjuic_01__1014,stairs_montjuic_01,train,3321,3311,3302
stairs_montjuic_01__1035,stairs_montjuic_01,train,594,584,575
stairs_montjuic_01__1042,stairs_montjuic_01,train,18,8,0
stairs_montjuic_01__1064,stairs_montjuic_01,train,1994,1984,1975
stairs_montjuic_01__107,stairs_montjuic_01,train,351,341,332
stairs_montjuic_01__1077,stairs_montjuic_01,train,25,15,6
stairs_montjuic_01__1080,stairs_montjuic_01,train,435,425,416
stairs_montjuic_01__1084,stairs_montjuic_01,train,1203,1193,1184
stairs_montjuic_01__1086,stairs_montjuic_01,train,291,281,272
stairs_montjuic_01__1091,stairs_montjuic_01,train,614,604,595
stairs_montjuic_01__1097,stairs_montjuic_01,train,1772,1762,1753
stairs_montjuic_01__11,stairs_montjuic_01,train,1827,1817,1808
stairs_montjuic_01__1101,stairs_montjuic_01,train,193,183,174
stairs_montjuic_01__1103,stairs_montjuic_01,train,1647,1637,1628
stairs_montjuic_01__1105,stairs_montjuic_01,train,500,490,481
stairs_montjuic_01__1107,stairs_montjuic_01,train,112,102,93
stairs_montjuic_01__1111,stairs_montjuic_01,train,706,696,687
stairs_montjuic_01__1121,stairs_montjuic_01,train,280,270,261
stairs_montjuic_01__1135,stairs_montjuic_01,train,62,52,43
stairs_montjuic_01__115,stairs_montjuic_01,train,148,138,129
stairs_montjuic_01__1156,stairs_montjuic_01,train,92,82,73
stairs_montjuic_01__116,stairs_montjuic_01,train,56,46,37
stairs_montjuic_01__1167,stairs_montjuic_01,train,1087,1077,1068
stairs_montjuic_01__1173,stairs_montjuic_01,train,29,19,10
stairs_montjuic_01__1175,stairs_montjuic_01,train,234,224,215
stairs_montjuic_01__1183,stairs_montjuic_01,train,19,9,0
stairs_montjuic_01__1184,stairs_montjuic_01,train,328,318,309
stairs_montjuic_01__1185,stairs_montjuic_01,train,1609,1599,1590
stairs_montjuic_01__1192,stairs_montjuic_01,train,191,181,172
stairs_montjuic_01__12,stairs_montjuic_01,train,224,214,205
stairs_montjuic_01__1202,stairs_montjuic_01,train,95,85,76
stairs_montjuic_01__1213,stairs_montjuic_01,train,264,254,245
stairs_montjuic_01__1215,stairs_montjuic_01,train,135,125,116
stairs_montjuic_01__1217,stairs_montjuic_01,train,121,111,102
stairs_montjuic_01__1222,stairs_montjuic_01,train,10,0,0
stairs_montjuic_01__123,stairs_montjuic_01,train,299,289,280
stairs_montjuic_01__1234,stairs_montjuic_01,train,519,509,500
stairs_montjuic_01__1236,stairs_montjuic_01,train,3036,3026,3017
stairs_montjuic_01__124,stairs_montjuic_01,train,334,324,315
stairs_montjuic_01__1243,stairs_montjuic_01,train,42,32,23
stairs_montjuic_01__1245,stairs_montjuic_01,train,46,36,27
stairs_montjuic_01__1247,stairs_montjuic_01,train,91,81,72
stairs_montjuic_01__125,stairs_montjuic_01,train,149,139,130
stairs_montjuic_01__1252,stairs_montjuic_01,train,898,888,879
stairs_montjuic_01__1263,stairs_montjuic_01,train,10,0,0
stairs_montjuic_01__1264,stairs_montjuic_01,train,31,21,12
stairs_montjuic_01__1272,stairs_montjuic_01,train,162,152,143
stairs_montjuic_01__1273,stairs_montjuic_01,train,190,180,171
stairs_montjuic_01__1274,stairs_montjuic_01,train,300,290,281
stairs_montjuic_01__1278,stairs_montjuic_01,train,36,26,17
stairs_montjuic_01__1279,stairs_montjuic_01,train,342,332,323
stairs_montjuic_01__1288,stairs_montjuic_01,train,94,84,75
stairs_montjuic_01__1295,stairs_montjuic_01,train,43,33,24
stairs_montjuic_01__13,stairs_montjuic_01,train,211,201,192
stairs_montjuic_01__130,stairs_montjuic_01,train,1221,1211,1202
stairs_montjuic_01__1316,stairs_montjuic_01,train,95,85,76
stairs_montjuic_01__1326,stairs_montjuic_01,train,16,6,0
stairs_montjuic_01__1347,stairs_montjuic_01,train,904,894,885
stairs_montjuic_01__1348,stairs_montjuic_01,train,533,523,514
stairs_montjuic_01__135,stairs_montjuic_01,train,171,161,152
stairs_montjuic_01__1359,stairs_montjuic_01,train,521,511,502
stairs_montjuic_01__136,stairs_montjuic_01,train,13,3,0
stairs_montjuic_01__1363,stairs_montjuic_01,train,205,195,186
stairs_montjuic_01__1370,stairs_montjuic_01,train,1092,1082,1073
stairs_montjuic_01__1373,stairs_montjuic_01,train,109,99,90
stairs_montjuic_01__1379,stairs_montjuic_01,train,879,869,860
stairs_montjuic_01__1383,stairs_montjuic_01,train,18,8,0
stairs_montjuic_01__1392,stairs_montjuic_01,train,728,718,709
stairs_montjuic_01__1393,stairs_montjuic_01,train,12,2,0
stairs_montjuic_01__14,stairs_montjuic_01,train,229,219,210
stairs_montjuic_01__1403,stairs_montjuic_01,train,696,686,677
stairs_montjuic_01__1405,stairs_montjuic_01,train,18,8,0
stairs_montjuic_01__1406,stairs_montjuic_01,train,620,610,601
stairs_montjuic_01__1407,stairs_montjuic_01,train,188,178,169
stairs_montjuic_01__141,stairs_montjuic_01,train,679,669,660
stairs_montjuic_01__1412,stairs_montjuic_01,train,433,423,414
stairs_montjuic_01__1413,stairs_montjuic_01,train,538,528,519
stairs_montjuic_01__1417,stairs_montjuic_01,train,516,506,497
stairs_montjuic_01__1422,stairs_montjuic_01,train,49,39,30
stairs_montjuic_01__1424,stairs_montjuic_01,train,188,178,169
stairs_montjuic_01__1429,stairs_montjuic_01,train,29,19,10
stairs_montjuic_01__1431,stairs_montjuic_01,train,848,838,829
stairs_montjuic_01__1433,stairs_montjuic_01,train,791,781,772
stairs_montjuic_01__1437,stairs_montjuic_01,train,42,32,23
stairs_montjuic_01__1448,stairs_montjuic_01,train,296,286,277
stairs_montjuic_01__1450,stairs_montjuic_01,train,539,529,520
stairs_montjuic_01__1452,stairs_montjuic_01,train,19,9,0
stairs_montjuic_01__1455,stairs_montjuic_01,train,19,9,0
stairs_montjuic_01__1461,stairs_montjuic_01,train,646,636,627
stairs_montjuic_01__1472,stairs_montjuic_01,train,26,16,7
stairs_montjuic_01__1474,stairs_montjuic_01,train,347,337,328
stairs_montjuic_01__1481,stairs_montjuic_01,train,1416,1406,1397
stairs_montjuic_01__1488,stairs_montjuic_01,train,192,182,173
stairs_montjuic_01__1492,stairs_montjuic_01,train,24,14,5
stairs_montjuic_01__1494,stairs_montjuic_01,train,253,243,234
stairs_montjuic_01__1495,stairs_montjuic_01,train,143,133,124
stairs_montjuic_01__1507,stairs_montjuic_01,train,26,16,7
stairs_montjuic_01__1510,stairs_montjuic_01,train,42,32,23
stairs_montjuic_01__1514,stairs_montjuic_01,train,26,16,7
stairs_montjuic_01__1515,stairs_montjuic_01,train,1023,1013,1004
stairs_montjuic_01__1518,stairs_montjuic_01,train,49,39,30
stairs_montjuic_01__1520,stairs_montjuic_01,train,1055,1045,1036
stairs_montjuic_01__1523,stairs_montjuic_01,train,179,169,160
stairs_montjuic_01__1525,stairs_montjuic_01,train,924,914,905
stairs_montjuic_01__1526,stairs_montjuic_01,train,253,243,234
stairs_montjuic_01__1527,stairs_montjuic_01,train,17,7,0
stairs_montjuic_01__153,stairs_montjuic_01,train,84,74,65
stairs_montjuic_01__1531,stairs_montjuic_01,train,885,875,866
stairs_montjuic_01__1536,stairs_montjuic_01,train,102,92,83
stairs_montjuic_01__1555,stairs_montjuic_01,train,149,139,130
stairs_montjuic_01__1559,stairs_montjuic_01,train,32,22,13
stairs_montjuic_01__1562,stairs_montjuic_01,train,21,11,2
stairs_montjuic_01__1569,stairs_montjuic_01,train,10,0,0
stairs_montjuic_01__1584,stairs_montjuic_01,train,88,78,69
stairs_montjuic_01__1621,stairs_montjuic_01,train,45,35,26
stairs_montjuic_01__1622,stairs_montjuic_01,train,74,64,55
stairs_montjuic_01__167,stairs_montjuic_01,train,21,11,2
stairs_montjuic_01__168,stairs_montjuic_01,train,226,216,207
stairs_montjuic_01__176,stairs_montjuic_01,train,693,683,674
stairs_montjuic_01__179,stairs_montjuic_01,train,27,17,8
stairs_montjuic_01__180,stairs_montjuic_01,train,341,331,322
stairs_montjuic_01__183,stairs_montjuic_01,train,54,44,35
stairs_montjuic_01__184,stairs_montjuic_01,train,277,267,258
stairs_montjuic_01__19,stairs_montjuic_01,train,289,279,270
stairs_montjuic_01__2,stairs_montjuic_01,train,240,230,221
stairs_montjuic_01__208,stairs_montjuic_01,train,748,738,729
stairs_montjuic_01__224,stairs_montjuic_01,train,201,191,182
stairs_montjuic_01__233,stairs_montjuic_01,train,374,364,355
stairs_montjuic_01__239,stairs_montjuic_01,train,685,675,666
stairs_montjuic_01__246,stairs_montjuic_01,train,18,8,0
stairs_montjuic_01__252,stairs_montjuic_01,train,103,93,84
stairs_montjuic_01__254,stairs_montjuic_01,train,501,491,482
stairs_montjuic_01__255,stairs_montjuic_01,train,564,554,545
stairs_montjuic_01__264,stairs_montjuic_01,train,11,1,0
stairs_montjuic_01__273,stairs_montjuic_01,train,638,628,619
stairs_montjuic_01__29,stairs_montjuic_01,train,471,461,452
stairs_montjuic_01__292,stairs_montjuic_01,train,541,531,522
stairs_montjuic_01__294,stairs_montjuic_01,train,913,903,894
stairs_montjuic_01__3,stairs_montjuic_01,train,412,402,393
stairs_montjuic_01__306,stairs_montjuic_01,train,355,345,336
stairs_montjuic_01__307,stairs_montjuic_01,train,42,32,23
stairs_montjuic_01__308,stairs_montjuic_01,train,13,3,0
stairs_montjuic_01__313,stairs_montjuic_01,train,385,375,366
stairs_montjuic_01__314,stairs_montjuic_01,train,616,606,597
stairs_montjuic_01__316,stairs_montjuic_01,train,95,85,76
stairs_montjuic_01__319,stairs_montjuic_01,train,359,349,340
stairs_montjuic_01__324,stairs_montjuic_01,train,241,231,222
stairs_montjuic_01__343,stairs_montjuic_01,train,1467,1457,1448
stairs_montjuic_01__344,stairs_montjuic_01,train,343,333,324
stairs_montjuic_01__391,stairs_montjuic_01,train,176,166,157
stairs_montjuic_01__393,stairs_montjuic_01,train,64,54,45
stairs_montjuic_01__394,stairs_montjuic_01,train,2285,2275,2266
stairs_montjuic_01__395,stairs_montjuic_01,train,28,18,9
stairs_montjuic_01__398,stairs_montjuic_01,train,328,318,309
stairs_montjuic_01__4,stairs_montjuic_01,train,837,827,818
stairs_montjuic_01__400,stairs_montjuic_01,train,262,252,243
stairs_montjuic_01__403,stairs_montjuic_01,train,26,16,7
stairs_montjuic_01__404,stairs_montjuic_01,train,36,26,17
stairs_montjuic_01__405,stairs_montjuic_01,train,523,513,504
stairs_montjuic_01__406,stairs_montjuic_01,train,782,772,763
stairs_montjuic_01__407,stairs_montjuic_01,train,1067,1057,1048
stairs_montjuic_01__41,stairs_montjuic_01,train,12,2,0
stairs_montjuic_01__416,stairs_montjuic_01,train,143,133,124
stairs_montjuic_01__422,stairs_montjuic_01,train,34,24,15
stairs_montjuic_01__423,stairs_montjuic_01,train,262,252,243
stairs_montjuic_01__425,stairs_montjuic_01,train,370,360,351
stairs_montjuic_01__427,stairs_montjuic_01,train,467,457,448
stairs_montjuic_01__428,stairs_montjuic_01,train,178,168,159
stairs_montjuic_01__433,stairs_montjuic_01,train,43,33,24
stairs_montjuic_01__437,stairs_montjuic_01,train,15,5,0
stairs_montjuic_01__44,stairs_montjuic_01,train,856,846,837
stairs_montjuic_01__443,stairs_montjuic_01,train,23,13,4
stairs_montjuic_01__447,stairs_montjuic_01,train,16,6,0
stairs_montjuic_01__45,stairs_montjuic_01,train,452,442,433
stairs_montjuic_01__455,stairs_montjuic_01,train,297,287,278
stairs_montjuic_01__456,stairs_montjuic_01,train,827,817,808
stairs_montjuic_01__459,stairs_montjuic_01,train,445,435,426
stairs_montjuic_01__46,stairs_montjuic_01,train,531,521,512
stairs_montjuic_01__478,stairs_montjuic_01,train,146,136,127
stairs_montjuic_01__48,stairs_montjuic_01,train,145,135,126
stairs_montjuic_01__481,stairs_montjuic_01,train,12,2,0
stairs_montjuic_01__488,stairs_montjuic_01,train,349,339,330
stairs_montjuic_01__489,stairs_montjuic_01,train,15,5,0
stairs_montjuic_01__49,stairs_montjuic_01,train,63,53,44
stairs_montjuic_01__494,stairs_montjuic_01,train,24,14,5
stairs_montjuic_01__495,stairs_montjuic_01,train,45,35,26
stairs_montjuic_01__5,stairs_montjuic_01,train,132,122,113
stairs_montjuic_01__50,stairs_montjuic_01,train,1566,1556,1547
stairs_montjuic_01__510,stairs_montjuic_01,train,12,2,0
stairs_montjuic_01__513,stairs_montjuic_01,train,48,38,29
stairs_montjuic_01__517,stairs_montjuic_01,train,26,16,7
stairs_montjuic_01__524,stairs_montjuic_01,train,599,589,580
stairs_montjuic_01__527,stairs_montjuic_01,train,88,78,69
stairs_montjuic_01__538,stairs_montjuic_01,train,118,108,99
stairs_montjuic_01__539,stairs_montjuic_01,train,287,277,268
stairs_montjuic_01__559,stairs_montjuic_01,train,26,16,7
stairs_montjuic_01__56,stairs_montjuic_01,train,360,350,341
stairs_montjuic_01__576,stairs_montjuic_01,train,1208,1198,1189
stairs_montjuic_01__578,stairs_montjuic_01,train,1081,1071,1062
stairs_montjuic_01__580,stairs_montjuic_01,train,204,194,185
stairs_montjuic_01__583,stairs_montjuic_01,train,37,27,18
stairs_montjuic_01__588,stairs_montjuic_01,train,16,6,0
stairs_montjuic_01__59,stairs_montjuic_01,train,75,65,56
stairs_montjuic_01__591,stairs_montjuic_01,train,331,321,312
stairs_montjuic_01__6,stairs_montjuic_01,train,198,188,179
stairs_montjuic_01__60,stairs_montjuic_01,train,24,14,5
stairs_montjuic_01__608,stairs_montjuic_01,train,103,93,84
stairs_montjuic_01__62,stairs_montjuic_01,train,124,114,105
stairs_montjuic_01__621,stairs_montjuic_01,train,284,274,265
stairs_montjuic_01__626,stairs_montjuic_01,train,1441,1431,1422
stairs_montjuic_01__628,stairs_montjuic_01,train,740,730,721
stairs_montjuic_01__63,stairs_montjuic_01,train,63,53,44
stairs_montjuic_01__633,stairs_montjuic_01,train,13,3,0
stairs_montjuic_01__653,stairs_montjuic_01,train,79,69,60
stairs_montjuic_01__654,stairs_montjuic_01,train,530,520,511
stairs_montjuic_01__662,stairs_montjuic_01,train,33,23,14
stairs_montjuic_01__671,stairs_montjuic_01,train,450,440,431
stairs_montjuic_01__683,stairs_montjuic_01,train,230,220,211
stairs_montjuic_01__697,stairs_montjuic_01,train,299,289,280
stairs_montjuic_01__7,stairs_montjuic_01,train,135,125,116
stairs_montjuic_01__716,stairs_montjuic_01,train,19,9,0
stairs_montjuic_01__72,stairs_montjuic_01,train,509,499,490
stairs_montjuic_01__725,stairs_montjuic_01,train,50,40,31
stairs_montjuic_01__734,stairs_montjuic_01,train,247,237,228
stairs_montjuic_01__736,stairs_montjuic_01,train,14,4,0
stairs_montjuic_01__747,stairs_montjuic_01,train,350,340,331
stairs_montjuic_01__75,stairs_montjuic_01,train,637,627,618
stairs_montjuic_01__768,stairs_montjuic_01,train,664,654,645
stairs_montjuic_01__788,stairs_montjuic_01,train,45,35,26
stairs_montjuic_01__793,stairs_montjuic_01,train,533,523,514
stairs_montjuic_01__795,stairs_montjuic_01,train,475,465,456
stairs_montjuic_01__8,stairs_montjuic_01,train,244,234,225
stairs_montjuic_01__808,stairs_montjuic_01,train,305,295,286
stairs_montjuic_01__811,stairs_montjuic_01,train,27,17,8
stairs_montjuic_01__813,stairs_montjuic_01,train,257,247,238
stairs_montjuic_01__814,stairs_montjuic_01,train,28,18,9
stairs_montjuic_01__815,stairs_montjuic_01,train,142,132,123
stairs_montjuic_01__82,stairs_montjuic_01,train,205,195,186
stairs_montjuic_01__838,stairs_montjuic_01,train,84,74,65
stairs_montjuic_01__842,stairs_montjuic_01,train,1041,1031,1022
stairs_montjuic_01__844,stairs_montjuic_01,train,248,238,229
stairs_montjuic_01__85,stairs_montjuic_01,train,177,167,158
stairs_montjuic_01__851,stairs_montjuic_01,train,12,2,0
stairs_montjuic_01__861,stairs_montjuic_01,train,3060,3050,3041
stairs_montjuic_01__862,stairs_montjuic_01,train,700,690,681
stairs_montjuic_01__87,stairs_montjuic_01,train,181,171,162
stairs_montjuic_01__873,stairs_montjuic_01,train,13,3,0
stairs_montjuic_01__89,stairs_montjuic_01,train,298,288,279
stairs_montjuic_01__9,stairs_montjuic_01,train,175,165,156
stairs_montjuic_01__901,stairs_montjuic_01,train,136,126,117
stairs_montjuic_01__904,stairs_montjuic_01,train,1008,998,989
stairs_montjuic_01__913,stairs_montjuic_01,train,50,40,31
stairs_montjuic_01__928,stairs_montjuic_01,train,167,157,148
stairs_montjuic_01__931,stairs_montjuic_01,train,425,415,406
stairs_montjuic_01__933,stairs_montjuic_01,train,835,825,816
stairs_montjuic_01__94,stairs_montjuic_01,train,157,147,138
stairs_montjuic_01__963,stairs_montjuic_01,train,56,46,37
stairs_montjuic_01__968,stairs_montjuic_01,train,65,55,46
stairs_montjuic_01__972,stairs_montjuic_01,train,85,75,66
stairs_montjuic_01__977,stairs_montjuic_01,train,20,10,1
stairs_montjuic_01__982,stairs_montjuic_01,train,694,684,675
stairs_montjuic_01__994,stairs_montjuic_01,train,20,10,1
stairs_montjuic_01__1,stairs_montjuic_01,val,5709,5699,5690
stairs_montjuic_01__106,stairs_montjuic_01,val,29,19,10
stairs_montjuic_01__1079,stairs_montjuic_01,val,459,449,440
stairs_montjuic_01__1089,stairs_montjuic_01,val,431,421,412
stairs_montjuic_01__1154,stairs_montjuic_01,val,161,151,142
stairs_montjuic_01__1180,stairs_montjuic_01,val,346,336,327
stairs_montjuic_01__1286,stairs_montjuic_01,val,112,102,93
stairs_montjuic_01__1355,stairs_montjuic_01,val,134,124,115
stairs_montjuic_01__1362,stairs_montjuic_01,val,75,65,56
stairs_montjuic_01__1391,stairs_montjuic_01,val,184,174,165
stairs_montjuic_01__1394,stairs_montjuic_01,val,91,81,72
stairs_montjuic_01__1420,stairs_montjuic_01,val,29,19,10
stairs_montjuic_01__1478,stairs_montjuic_01,val,296,286,277
stairs_montjuic_01__1532,stairs_montjuic_01,val,159,149,140
stairs_montjuic_01__1612,stairs_montjuic_01,val,178,168,159
stairs_montjuic_01__1614,stairs_montjuic_01,val,368,358,349
stairs_montjuic_01__177,stairs_montjuic_01,val,733,723,714
stairs_montjuic_01__181,stairs_montjuic_01,val,55,45,36
stairs_montjuic_01__238,stairs_montjuic_01,val,190,180,171
stairs_montjuic_01__312,stairs_montjuic_01,val,50,40,31
stairs_montjuic_01__325,stairs_montjuic_01,val,208,198,189
stairs_montjuic_01__364,stairs_montjuic_01,val,487,477,468
stairs_montjuic_01__399,stairs_montjuic_01,val,256,246,237
stairs_montjuic_01__483,stairs_montjuic_01,val,201,191,182
stairs_montjuic_01__503,stairs_montjuic_01,val,512,502,493
stairs_montjuic_01__512,stairs_montjuic_01,val,113,103,94
stairs_montjuic_01__645,stairs_montjuic_01,val,336,326,317
stairs_montjuic_01__646,stairs_montjuic_01,val,23,13,4
stairs_montjuic_01__676,stairs_montjuic_01,val,282,272,263
stairs_montjuic_01__684,stairs_montjuic_01,val,3626,3616,3607
stairs_montjuic_01__86,stairs_montjuic_01,val,285,275,266
stairs_montjuic_01__925,stairs_montjuic_01,val,118,108,99
stairs_montjuic_01__934,stairs_montjuic_01,val,210,200,191
