cell_col,cell_row,cell_x,cell_y,observation_count,unique_track_count,mean_speed,median_speed,stop_fraction,density_score,slowness_score,bottleneck_score
-131,-29,-130.5,-28.5,1865.0,15.0,0.6595376850057842,0.21508137994724313,0.5919571045576407,1.0,0.9941811751950613,1.5826937850692422
-131,-30,-130.5,-29.5,60.0,5.0,0.2371831965042056,0.16387800340479744,0.6833333333333333,0.5458202580282904,0.9955664344750366,0.9147238857182737
-53,-22,-52.5,-21.5,444.0,3.0,2.66282759693136,1.9097712839120287,0.16891891891891891,0.8096703008028207,0.9483329309059082,0.8975392069662881
-29,-8,-28.5,-7.5,777.0,13.0,3.810619202597479,3.0326928627873064,0.059202059202059204,0.8838452137186843,0.9179533418463481,0.8593609954200208
-29,-7,-28.5,-6.5,796.0,5.0,3.727302907518789,2.951919493800405,0.038944723618090454,0.8870488234647159,0.9201385895100684,0.8479948425091017
-64,-23,-63.5,-22.5,587.0,9.0,3.8759660049494475,3.0406816669953307,0.0868824531516184,0.8466683394037711,0.917737212248803,0.8445283619751044
-48,-21,-47.5,-20.5,498.0,4.0,3.860090923669061,3.077433039970127,0.07630522088353414,0.8248772339535502,0.9167429383570614,0.813902416208423
-67,-36,-66.5,-35.5,453.0,14.0,3.3885016305264837,2.815625862929778,0.05518763796909492,0.8123288384934749,0.9238258857337568,0.7918659941989656
-47,-21,-46.5,-20.5,357.0,6.0,3.59149229407426,2.838661128067526,0.08403361344537816,0.7807863091967114,0.9232026882621545,0.78139746663463
-30,-7,-29.5,-6.5,511.0,6.0,4.057931805565158,2.963310648582284,0.025440313111545987,0.8282920053028777,0.9198304125120506,0.7812708506949629
-46,-21,-45.5,-20.5,364.0,6.0,3.7438552138176,3.290672763553645,0.08516483516483517,0.7833574082478971,0.9109739378360011,0.7743933578439927
-60,-25,-59.5,-24.5,353.0,13.0,3.4989558791459143,2.682746540394923,0.06232294617563739,0.7792944423546692,0.9274208110509503,0.7677767887139504
-63,-34,-62.5,-33.5,271.0,18.0,3.231480975079452,2.2174465044280223,0.08487084870848709,0.7443089793990837,0.9400090666762729,0.7590376884828353
-57,-27,-56.5,-26.5,220.0,6.0,3.591988643823572,2.761625064575801,0.1409090909090909,0.716739714224638,0.9252868266344786,0.7566392897279655
-64,-33,-63.5,-32.5,232.0,6.0,3.1873221219634322,2.038079978803519,0.10344827586206896,0.7237602790923111,0.944861659628464,0.7545967872842166
-14,-29,-13.5,-28.5,426.0,4.0,4.222173541397177,3.4776535192571023,0.03286384976525822,0.8041879955825123,0.9059153490376572,0.752468425897679
-67,-34,-66.5,-33.5,320.0,8.0,3.4109889661952995,2.8500568415383842,0.0625,0.7663016641001715,0.9228943879330862,0.7514164743406978
-28,-8,-27.5,-7.5,330.0,9.0,4.011290687852189,2.984322626104956,0.06060606060606061,0.7703748286608773,0.9192619531873069,0.7510960436012036
-49,-21,-48.5,-20.5,391.0,4.0,4.316680181904249,3.700927721531652,0.043478260869565216,0.792832810209403,0.8998748751164991,0.7444699054700343
-30,-8,-29.5,-7.5,435.0,14.0,4.900218612899764,4.072813820996242,0.029885057471264367,0.806957441914971,0.8898138458414069,0.739500628413047
-54,-22,-53.5,-21.5,213.0,6.0,3.3365898316596727,2.5573957456756653,0.107981220657277,0.7124661349058035,0.9308120591162645,0.7347821997155747
-53,-5,-52.5,-4.5,329.0,17.0,4.316137982468436,3.208765257335134,0.0425531914893617,0.7699730893164087,0.9131898685177358,0.7330521188416439
-63,-33,-62.5,-32.5,251.0,14.0,3.196417858993423,2.108507054766498,0.05179282868525897,0.7341685760775704,0.9429563212088705,0.728144500025294
-50,-21,-49.5,-20.5,244.0,4.0,3.639667767333358,2.8056397293094832,0.06147540983606557,0.7304281948732598,0.9240960512033547,0.7164808399082918
-52,-5,-51.5,-4.5,324.0,20.0,4.728851629164381,3.402198215630725,0.024691358024691357,0.7679459544897987,0.9079567214359237,0.7144780291298608
-53,-6,-52.5,-5.5,277.0,21.0,4.9636810564847815,3.395157139220746,0.05054151624548736,0.7472059980068946,0.9081472111476685,0.7128691537315761
-58,-30,-57.5,-29.5,288.0,17.0,3.3972718785490787,2.551813472807289,0.017361111111111112,0.7523583985289426,0.9309630822677917,0.7125779265406849
-52,-6,-51.5,-5.5,320.0,25.0,4.947690491609883,3.6241698681966916,0.025,0.7663016641001715,0.90195148677423,0.7084460983840342
-60,-26,-59.5,-25.5,269.0,13.0,3.779581881420129,3.0187627292719528,0.03717472118959108,0.7433290874825325,0.9183302085302756,0.7079978219335781
-41,-3,-40.5,-2.5,331.0,7.0,4.468881494137087,3.917228101604519,0.027190332326283987,0.7707753561201129,0.894023071407622,0.7078275632111614
-53,-7,-52.5,-6.5,358.0,31.0,5.306590711761856,3.878371678915337,0.0111731843575419,0.7811566713672601,0.8950742954430567,0.7070054724195507
-50,-5,-49.5,-4.5,285.0,22.0,4.618532146801175,3.3480891775779202,0.03508771929824561,0.7509729102837384,0.9094205906600762,0.7069133935220574
-132,-28,-131.5,-27.5,78.0,7.0,0.8691306537060384,0.5178856239858937,0.23076923076923078,0.5801523552108097,0.9859890906608958,0.7040294069650255
-59,-31,-58.5,-30.5,273.0,14.0,3.158937444272378,2.49318049888109,0.01098901098901099,0.7452816925558239,0.9325493423296937,0.70264944622399
-54,-10,-53.5,-9.5,295.0,16.0,4.389294541835428,3.7136175572485044,0.030508474576271188,0.7555360656285846,0.8995315635250544,0.7003629683999743
-67,-35,-66.5,-34.5,236.0,10.0,3.567322677855671,2.7182218452510796,0.038135593220338986,0.7260203294388309,0.9264610599841197,0.6982806914219073
-59,-26,-58.5,-25.5,226.0,11.0,3.7994536336341813,2.6839023674506532,0.04424778761061947,0.7202963934598218,0.9273895412351079,0.6975526578965736
-56,-14,-55.5,-13.5,259.0,21.0,4.18401258702225,3.3684002137514617,0.03861003861003861,0.7383181247922889,0.9088710946454532,0.6969447282331692
-58,-15,-57.5,-14.5,246.0,15.0,4.255780730353852,3.553102969568098,0.052845528455284556,0.7315076703481062,0.9038741349953432,0.6961318433316807
-50,-22,-49.5,-21.5,226.0,3.0,3.2626215856637644,2.686298041163985,0.03982300884955752,0.7202963934598218,0.9273247285319761,0.694548382827466
-54,-5,-53.5,-4.5,208.0,11.0,4.07458413041858,3.2138514278044976,0.07211538461538461,0.709327105677858,0.9130522669508473,0.6943584469821821
-11,-21,-10.5,-20.5,236.0,10.0,4.3360477456940165,3.4185889151453015,0.046610169491525424,0.7260203294388309,0.907513286448994,0.6895832818383908
-54,-9,-53.5,-8.5,243.0,19.0,5.430346407348691,3.617655422512546,0.04526748971193416,0.7298851480955966,0.9021277289861157,0.6882559929725617
11,-19,11.5,-18.5,219.0,11.0,5.951150100368607,3.939182783265495,0.0730593607305936,0.7161375601220408,0.8934291081074761,0.6865628460328459
-20,-9,-19.5,-8.5,215.0,11.0,4.094478210491885,3.330761381057359,0.05116279069767442,0.7137012577850227,0.9098893779267075,0.6826137568584382
-18,-21,-17.5,-20.5,267.0,15.0,4.589067548707821,3.952787418679381,0.026217228464419477,0.7423419100573482,0.8930610474690894,0.6803375295679006
-55,-10,-54.5,-9.5,245.0,21.0,6.164135125268776,3.958459927800475,0.04081632653061224,0.7309690296416258,0.8929075830604635,0.6793281074901465
40,-20,40.5,-19.5,166.0,4.0,4.439525920396482,3.4675816044198595,0.10240963855421686,0.6795403594418665,0.9061878352375438,0.6788541622414916
-54,-7,-53.5,-6.5,256.0,26.0,4.985212170539276,3.5767072524124983,0.01953125,0.7367772012837494,0.9032355432839106,0.6784810774713658
-17,-22,-16.5,-21.5,243.0,10.0,4.423414435597903,3.6379790177611366,0.02880658436213992,0.7298851480955966,0.9015778931975085,0.6770044383705549
-5,-16,-4.5,-15.5,208.0,10.0,4.201043613034837,3.148943648781205,0.04326923076923077,0.709327105677858,0.9148082859735394,0.6769756446227021
-68,-36,-67.5,-35.5,205.0,7.0,4.373175513186927,2.9453217141761963,0.03902439024390244,0.707407437269135,0.9203170862434643,0.6764455573649056
-54,-8,-53.5,-7.5,239.0,27.0,4.974255275894269,3.892853544871513,0.03765690376569038,0.7276904741274495,0.8946825021559379,0.6755685342195483
-28,-7,-27.5,-6.5,239.0,8.0,4.813904692876174,3.6588750791470384,0.029288702928870293,0.7276904741274495,0.9010125698750171,0.674861644289193
13,-19,13.5,-18.5,267.0,12.0,5.556097780917699,4.359540916195839,0.0299625468164794,0.7423419100573482,0.8820567134750223,0.6744067715411524
-57,-6,-56.5,-5.5,176.0,6.0,3.6223801272915663,3.0303937221324273,0.06818181818181818,0.6872619973210161,0.9180155429382136,0.6739342771304164
-2,-20,-1.5,-19.5,221.0,10.0,5.302532018485224,3.92403505630614,0.049773755656108594,0.7173391497892996,0.8938389156388912,0.6730998655564439
-55,-9,-54.5,-8.5,218.0,21.0,5.648662494151419,3.942187210163375,0.05045871559633028,0.7155326627111023,0.8933478261584655,0.6714737461937627
-76,-21,-75.5,-20.5,139.0,4.0,2.95341971452508,2.142840171361399,0.08633093525179857,0.656125347386344,0.9420274709731027,0.6714482255222706
-47,-20,-46.5,-19.5,187.0,8.0,4.487164443238653,3.4336883958771143,0.06417112299465241,0.6952672832438705,0.907104784173969,0.6711517406583981
2,-21,2.5,-20.5,205.0,5.0,4.163765659005715,2.96690293066582,0.02926829268292683,0.707407437269135,0.9197332266929008,0.6696688407158369
-12,-22,-11.5,-21.5,174.0,11.0,4.872968029183906,3.7908371190398706,0.08620689655172414,0.6857531770838539,0.8974424607785111,0.6684778134468173
-31,-8,-30.5,-7.5,280.0,9.0,5.3853914995689784,4.688504736117416,0.02142857142857143,0.7486311431960332,0.8731569061753083,0.6676797197065225
-45,-21,-44.5,-20.5,204.0,8.0,3.5897608831279957,3.2029297288654046,0.03431372549019608,0.7067613301447677,0.913347743261788,0.6676690230760848
-29,-11,-28.5,-10.5,190.0,12.0,5.2036676763617224,3.178655376095929,0.04736842105263158,0.6973693021126183,0.9140044630859472,0.6675912223971737
-4,-21,-3.5,-20.5,218.0,10.0,4.159353452285636,3.4166212052378224,0.027522935779816515,0.7155326627111023,0.9075665209931529,0.6672667046569947
-13,-20,-12.5,-19.5,211.0,12.0,4.4749699628955035,3.247274270507294,0.02843601895734597,0.7112194144590309,0.9121480433206182,0.6671849061975623
-53,-9,-52.5,-8.5,200.0,17.0,5.631169162731808,3.4366182534563263,0.04,0.7041449942180632,0.9070255196278654,0.664224578444959
-24,-8,-23.5,-7.5,160.0,9.0,3.9039046538389215,2.5540854081163435,0.05625,0.6746822046313632,0.9309016171910156,0.6633912853715358
-13,-29,-12.5,-28.5,216.0,4.0,4.872940945375053,3.764971314631622,0.032407407407407406,0.7143145371758289,0.8981422358326201,0.6623472239723418
-46,-18,-45.5,-17.5,164.0,7.0,3.3984409121445376,2.605719265355691,0.04878048780487805,0.6779406442827557,0.9295047116599433,0.6608879998225308
-8,-21,-7.5,-20.5,203.0,12.0,4.359667091847226,3.2191062424207364,0.024630541871921183,0.7061120635597986,0.9129101028748969,0.6604940985704482
-32,-9,-31.5,-8.5,225.0,13.0,5.341201634206925,3.808990200088289,0.022222222222222223,0.719710190511806,0.8969513462137984,0.6598904692469836
-52,-7,-51.5,-6.5,287.0,22.0,5.839828954376231,4.717134405547888,0.003484320557491289,0.7518981736243077,0.8723823573478826,0.6582282158302405
-34,-17,-33.5,-16.5,188.0,5.0,3.718481612223112,2.9218917023022897,0.026595744680851064,0.6959716602382853,0.9209509632174048,0.658002466902201
-42,-4,-41.5,-3.5,233.0,9.0,5.177384258579509,4.499360666849723,0.034334763948497854,0.7243289084498622,0.8782740213911017,0.6580016413708802
-10,-20,-9.5,-19.5,266.0,15.0,5.806530690355984,4.675304918245523,0.015037593984962405,0.7418455552660258,0.87351401485516,0.6577570380954063
-18,-4,-17.5,-3.5,230.0,8.0,4.50653216645657,3.4746281815442224,0.004347826086956522,0.7226156620721615,0.9059971967091356,0.6575342326752138
-33,-9,-32.5,-8.5,227.0,9.0,5.162485569506643,4.038786621236696,0.022026431718061675,0.7208800196832668,0.8907344197844047,0.6562560964206379
-75,-31,-74.5,-30.5,127.0,2.0,2.8271710344093273,2.1069343832163483,0.07874015748031496,0.6442271152355715,0.9429988683611543,0.6553405147004405
-31,-9,-30.5,-8.5,270.0,13.0,6.406363964772082,5.363285619018379,0.02962962962962963,0.7438199374021921,0.8549013429076483,0.6547339274663685
-7,-21,-6.5,-20.5,143.0,9.0,4.291861792677634,2.913681176793543,0.07692307692307693,0.6598657285906546,0.9211730912765775,0.6546082878820417
-46,-20,-45.5,-19.5,214.0,8.0,4.9368683905220125,3.978952979077175,0.028037383177570093,0.7130851325399857,0.8923531627981098,0.6541646268252356
-17,-21,-16.5,-20.5,246.0,16.0,5.106577376218092,4.437259627290861,0.016260162601626018,0.7315076703481062,0.8799541067126959,0.6541597343644848
-13,-22,-12.5,-21.5,197.0,10.0,4.010652814695085,3.0577203169311247,0.015228426395939087,0.7021483437796139,0.9172762475715568,0.6538720792088808
-39,-11,-38.5,-10.5,220.0,3.0,4.819344197062862,4.078692275273976,0.022727272727272728,0.716739714224638,0.88965480977992,0.6521430008047853
-11,-20,-10.5,-19.5,198.0,13.0,5.403251309440701,3.847877466864282,0.03535353535353535,0.7028172356328252,0.8958992877205532,0.6519139366880864
-10,-11,-9.5,-10.5,143.0,6.0,3.4845340004168577,2.832796337789488,0.06993006993006994,0.6598657285906546,0.923361354656958,0.651902520948284
-51,-5,-50.5,-4.5,219.0,22.0,6.021370298566883,3.954366115973974,0.0182648401826484,0.7161375601220408,0.893018337295947,0.651204776379112
-45,-20,-44.5,-19.5,199.0,7.0,4.115734964534427,3.323983754473088,0.01507537688442211,0.7034827746305912,0.9100727402507582,0.6498720617000416
-44,-20,-43.5,-19.5,155.0,8.0,3.753550192461524,2.900508231329228,0.05161290322580645,0.670493379255494,0.9215294729486714,0.6497699606151284
-53,-8,-52.5,-7.5,185.0,22.0,4.942434227716212,3.6475682310275532,0.03783783783783784,0.6938472188832813,0.9013184660354354,0.6490402362674149
-56,-10,-55.5,-9.5,209.0,19.0,5.54243162523783,4.042320120175141,0.023923444976076555,0.709960876580712,0.8906388242880569,0.6474459625233961
-22,-26,-21.5,-25.5,147.0,5.0,3.184698330796205,2.534048342079309,0.047619047619047616,0.6635036205949315,0.9314437012008128,0.6474456142283725
-45,-19,-44.5,-18.5,173.0,12.0,3.9242888337426374,3.1978508407992665,0.03468208092485549,0.6849922881702838,0.9134851478100944,0.647431909871868
17,-18,17.5,-17.5,233.0,8.0,6.140467226241642,4.989032471331795,0.030042918454935622,0.7243289084498622,0.8650264104500791,0.6453874358746179
10,-20,10.5,-19.5,239.0,10.0,6.213051110734469,4.733967680500316,0.016736401673640166,0.7276904741274495,0.8719269488979947,0.6451120634647866
-46,-33,-45.5,-32.5,182.0,12.0,3.447290689965544,2.698588394448799,0.005494505494505495,0.6916882322563115,0.9269922245626754,0.6447126329754274
-47,-35,-46.5,-34.5,172.0,12.0,3.8121508015682837,3.1281700721029377,0.029069767441860465,0.6842270137056226,0.9153702955872606,0.6445280920340539
-18,-22,-17.5,-21.5,177.0,12.0,4.723814461926292,3.8509406018400343,0.04519774011299435,0.6880100260716577,0.8958164174796138,0.6441874304967803
-55,-8,-54.5,-7.5,225.0,21.0,5.405544924443367,4.278252446969697,0.008888888888888889,0.719710190511806,0.8842558966921125,0.64206493969053
-55,-7,-54.5,-6.5,193.0,21.0,4.825460398669656,3.9281560559633264,0.025906735751295335,0.699438560909141,0.8937274258621738,0.6413019174550976
-2,-19,-1.5,-18.5,173.0,7.0,4.10675583282842,2.957307728323343,0.017341040462427744,0.6849922881702838,0.9199928158838039,0.6411160993828591
-54,-26,-53.5,-25.5,135.0,5.0,3.0811879917534277,2.2650317878564814,0.044444444444444446,0.6522765343654305,0.9387216915086435,0.6395197375229533
12,-19,12.5,-18.5,245.0,12.0,5.969992649398799,4.888462028082297,0.00816326530612245,0.7309690296416258,0.8677472493714558,0.6394742943562001
-28,-6,-27.5,-5.5,162.0,6.0,3.9300256054915437,2.9029929451294345,0.024691358024691357,0.6763214199215305,0.9214622513495848,0.6385924275760227
-56,-8,-55.5,-7.5,182.0,18.0,5.517682601513805,3.606895895364885,0.02197802197802198,0.6916882322563115,0.9024188178914946,0.6379109928780706
2,-20,2.5,-19.5,158.0,9.0,4.291363618010342,3.2130359501303465,0.0379746835443038,0.673022498619746,0.9130743289337088,0.6378557523459496
-40,-11,-39.5,-10.5,136.0,2.0,3.609011226155544,2.6433744783348376,0.051470588235294115,0.6532492475221707,0.9284859852254558,0.6377513697002035
-8,-20,-7.5,-19.5,195.0,11.0,4.980913249451271,3.683146073671491,0.010256410256410256,0.7008003651757498,0.9003559409050241,0.6374412570172111
-58,-11,-57.5,-10.5,125.0,17.0,4.815114110531842,2.7888876716139412,0.072,0.6421361310439172,0.9245492623966085,0.6364319133295359
-17,-23,-16.5,-22.5,190.0,9.0,4.628933761710214,3.779762895099754,0.015789473684210527,0.6973693021126183,0.8977420635101562,0.6359428787752283
-51,-6,-50.5,-5.5,199.0,23.0,5.556211616685325,3.765517494313149,0.005025125628140704,0.7034827746305912,0.8981274594541181,0.6349921579383987
-38,-10,-37.5,-9.5,180.0,5.0,4.331051783614165,3.7090776295228944,0.022222222222222223,0.6902291543638542,0.8996543870073516,0.6347669686919007
-52,-8,-51.5,-7.5,165.0,20.0,5.848243209825435,3.8064976027841295,0.04242424242424243,0.67874291108646,0.897018781093683,0.6346749325451259
4,-16,4.5,-15.5,120.0,6.0,5.342776613553163,3.477653519257094,0.1,0.6367599005798371,0.9059153490376575,0.6345356243456639
-18,-23,-17.5,-22.5,178.0,8.0,4.880020871498325,3.8727023762265746,0.028089887640449437,0.6887538641630584,0.8952276731046663,0.6339115056497034
-60,-28,-59.5,-27.5,181.0,14.0,5.532665036455223,3.4600427635274698,0.011049723756906077,0.6909606975480417,0.9063917915000332,0.633201337705651
-43,-13,-42.5,-12.5,146.0,8.0,4.6062864090946825,3.2903907830049777,0.04794520547945205,0.6626034493364649,0.9109815665550073,0.6325601905961402
-51,-28,-50.5,-27.5,138.0,6.0,3.932760936964591,3.0011675916586382,0.050724637681159424,0.6551735529732414,0.9188062284591777,0.6325126338627809
10,-21,10.5,-20.5,167.0,5.0,5.370174042574401,4.21712188583658,0.04790419161676647,0.6803330468832022,0.8859097266310335,0.6315861744126482
-64,-35,-63.5,-34.5,175.0,15.0,3.6028659340250617,2.971401184625614,0.0,0.6865097304245308,0.9196115306552123,0.6313222640053999
-45,-3,-44.5,-2.5,164.0,7.0,4.1448452586969635,3.180069338863991,0.018292682926829267,0.6779406442827557,0.9139662096507587,0.6309492588469006
-16,-22,-15.5,-21.5,159.0,9.0,4.6327439757794435,3.614204476783453,0.03773584905660377,0.6738549449330813,0.9022210910828898,0.6309082622773942
-46,-22,-45.5,-21.5,147.0,5.0,4.152998576552553,3.414328191606195,0.047619047619047616,0.6635036205949315,0.9076285563241566,0.6308917300991158
23,-19,23.5,-18.5,207.0,6.0,6.349766880967015,4.912630761618747,0.024154589371980676,0.7086902950947791,0.8670933869764853,0.6293436796024761
26,-17,26.5,-16.5,194.0,9.0,6.182775695212002,4.45410475391945,0.020618556701030927,0.7001212089530039,0.8794983776268364,0.6284514564351992
-44,-34,-43.5,-33.5,177.0,13.0,4.2138238225727465,3.585056598420847,0.011299435028248588,0.6880100260716577,0.903009659566453,0.6282998090192544
-50,-4,-49.5,-3.5,122.0,15.0,5.424652058435285,2.859421122131636,0.06557377049180328,0.6389365846079728,0.9226410461133071,0.6281654544832727
-8,-17,-7.5,-16.5,228.0,12.0,6.457628956757595,5.0983021519714855,0.008771929824561403,0.721461091735637,0.8620702218284052,0.6274058262298856
-50,-27,-49.5,-26.5,129.0,9.0,3.1624219436921597,2.4284402401543055,0.03875968992248062,0.6462856797586358,0.9343008292480404,0.6272293258524807
-59,-24,-58.5,-23.5,185.0,13.0,4.730000560016064,3.7376496625554445,0.005405405405405406,0.6938472188832813,0.8988813974785597,0.6270576353558559
-42,-11,-41.5,-10.5,116.0,2.0,3.4573594861475727,2.6942722571565985,0.06896551724137931,0.632296463416209,0.9271089936049027,0.6266358577099986
-10,-22,-9.5,-21.5,155.0,10.0,5.118264173899268,3.9139340695572065,0.04516129032258064,0.670493379255494,0.8941121883520543,0.6265703291708024
-38,-13,-37.5,-12.5,183.0,11.0,5.293266872353379,4.1152563260933395,0.01639344262295082,0.6924118021781005,0.8886656037132259,0.6254098071548753
-66,-35,-65.5,-34.5,144.0,6.0,4.000310737954279,3.1577062877982094,0.034722222222222224,0.6607845886734255,0.9145712210017534,0.6253184072517168
-43,-4,-42.5,-3.5,172.0,10.0,5.012731219966209,3.9558971720899665,0.023255813953488372,0.6842270137056226,0.8929769160101635,0.6252082059578231
-57,-14,-56.5,-13.5,192.0,20.0,4.640839545693019,4.073457622216589,0.005208333333333333,0.6987523849527472,0.8897964284038243,0.6249856440553877
-10,-21,-9.5,-20.5,178.0,11.0,5.938098949081575,3.629944820193129,0.0056179775280898875,0.6887538641630584,0.9017952508697903,0.6246043736290046
9,-20,9.5,-19.5,198.0,8.0,5.25500301982607,4.495417524870111,0.010101010101010102,0.7028172356328252,0.8783806993953343,0.6235768636184409
-9,-20,-8.5,-19.5,204.0,14.0,5.7427939998945154,4.557743949124713,0.004901960784313725,0.7067613301447677,0.8766945165023997,0.6226511050776534
27,-15,27.5,-14.5,126.0,3.0,4.892219955154703,3.8309809170545934,0.07936507936507936,0.6431857392928924,0.8963564080122985,0.6222795049063047
-41,-4,-40.5,-3.5,157.0,10.0,3.9671265817746093,3.200723043313997,0.012738853503184714,0.6721848002444628,0.9134074430676308,0.621799983095383
24,-20,24.5,-19.5,166.0,5.0,5.818614154201146,4.341707272269932,0.03614457831325301,0.6795403594418665,0.8825391859682896,0.6213976581479572
-39,-13,-38.5,-12.5,167.0,10.0,4.774466141917405,3.608350315586063,0.011976047904191617,0.6803330468832022,0.9023794699178956,0.6212708924681518
-55,-6,-54.5,-5.5,172.0,15.0,4.400262783352692,3.8234385048017576,0.011627906976744186,0.6842270137056226,0.896560460894592,0.6205840366105414
-59,-15,-58.5,-14.5,178.0,15.0,5.192905691489398,4.2328809338322815,0.016853932584269662,0.6887538641630584,0.8854833803829198,0.6201589779789521
-43,-34,-42.5,-33.5,132.0,9.0,4.592409280520572,2.9760716614619245,0.03787878787878788,0.6493148929421613,0.9194851752892914,0.6196503961152824
-40,-13,-39.5,-12.5,164.0,8.0,4.2868380905115195,3.6057878473363667,0.012195121951219513,0.6779406442827557,0.9024487950906134,0.6192677751073408
-129,-28,-128.5,-27.5,70.0,6.0,2.081402400532608,1.5892039825389164,0.14285714285714285,0.565976263746681,0.9570055782793797,0.6190199332334801
-25,-8,-24.5,-7.5,135.0,8.0,4.2392064850844156,2.6956131028013623,0.022222222222222223,0.6522765343654305,0.927072718284839,0.6181457304495199
-51,-21,-50.5,-20.5,129.0,2.0,3.930830715769607,3.195049295394438,0.046511627906976744,0.6462856797586358,0.9135609409907862,0.6178828120630842
-23,-10,-22.5,-9.5,169.0,8.0,5.330016728516197,4.266622317478105,0.023668639053254437,0.6819043640629404,0.8845705389265398,0.6174692566336333
-49,-23,-48.5,-22.5,119.0,3.0,3.243605652196109,2.521751177257326,0.04201680672268908,0.6356580290937963,0.9317763894498565,0.6171773257643265
-22,-10,-21.5,-9.5,162.0,8.0,4.790620705043783,3.6452188791938362,0.012345679012345678,0.6763214199215305,0.9013820255436035,0.6171501932766223
-43,-11,-42.5,-10.5,112.0,3.0,3.7725844524288967,3.3244928071799773,0.08035714285714286,0.6276777454781529,0.9100589683076984,0.6171256708841566
4,-19,4.5,-18.5,162.0,8.0,6.715539518578809,4.440979955168939,0.037037037037037035,0.6763214199215305,0.8798534567347909,0.6171031369292126
-17,-20,-16.5,-19.5,157.0,10.0,4.519359286220774,3.4658310691667404,0.012738853503184714,0.6721848002444628,0.9062351943253238,0.6169174915188477
-44,-19,-43.5,-18.5,117.0,9.0,4.407530915852556,3.02600677461265,0.05982905982905983,0.6334264681266482,0.9181342276846678,0.6163653386107041
45,-4,45.5,-3.5,172.0,7.0,5.358007992418005,4.455908998173221,0.023255813953488372,0.6842270137056226,0.8794495654924684,0.6157371766435171
-9,-21,-8.5,-20.5,166.0,11.0,4.911623345523406,4.082603666816357,0.018072289156626505,0.6795403594418665,0.8895489907539578,0.6154088585250476
-42,-13,-41.5,-12.5,166.0,7.0,5.040407569539442,3.8874528761288367,0.012048192771084338,0.6795403594418665,0.8948286121783435,0.6153983273218939
6,-19,6.5,-18.5,165.0,8.0,6.492135678084582,4.848068687632494,0.04242424242424243,0.67874291108646,0.868840053273966,0.6147374099924976
24,-19,24.5,-18.5,200.0,7.0,6.958779038291109,5.345564375791317,0.02,0.7041449942180632,0.8553807745055358,0.6143583323288118
-56,-13,-55.5,-12.5,162.0,16.0,4.841086601332405,3.7989963148182193,0.012345679012345678,0.6763214199215305,0.8972217213970033,0.6143017533971878
-37,-13,-36.5,-12.5,167.0,12.0,5.574455646202073,4.1794210125310505,0.017964071856287425,0.6803330468832022,0.886929688362783,0.6142472343314587
-42,-34,-41.5,-33.5,131.0,8.0,3.896972216118048,2.753498320319363,0.022900763358778626,0.6483128145852458,0.9255066880705283,0.6137587125595682
-43,-33,-42.5,-32.5,131.0,6.0,4.454265835065149,3.2737134877705496,0.03816793893129771,0.6483128145852458,0.9114327551200666,0.6134467231273455
-7,-2,-6.5,-1.5,188.0,7.0,5.692308785468247,4.729485508756735,0.010638297872340425,0.6959716602382853,0.8720482098464224,0.6133774450999014
-31,-12,-30.5,-11.5,152.0,12.0,6.210346944856592,3.46981394116654,0.013157894736842105,0.6679151477205135,0.9061274414626956,0.6131796155486695
-64,-34,-63.5,-33.5,153.0,16.0,4.4757534144168,3.2982377112627597,0.006535947712418301,0.6687801328777936,0.9107692752780955,0.6130854714313101
-56,-9,-55.5,-8.5,150.0,19.0,5.443745706150862,3.3949227720407174,0.013333333333333334,0.6661680863032693,0.9081535517316882,0.6130493524749707
-15,-22,-14.5,-21.5,108.0,10.0,5.011336331021168,3.3971870829749875,0.08333333333333333,0.6228925518476648,0.9080922929252139,0.6127809194578322
-49,-35,-48.5,-34.5,161.0,12.0,4.263131094670267,3.850777843501431,0.012422360248447204,0.6755043419457376,0.8958208207536588,0.6126480074906336
3,-20,3.5,-19.5,152.0,9.0,5.91489929483087,3.7156159650859486,0.019736842105263157,0.6679151477205135,0.899477498477221,0.612632040600902
-5,-21,-4.5,-20.5,147.0,9.0,5.043517242794686,4.005939215713963,0.034013605442176874,0.6635036205949315,0.8916230755019775,0.6117174224342559
-18,-9,-17.5,-8.5,153.0,5.0,4.783043182436136,3.5996162226303445,0.013071895424836602,0.6687801328777936,0.902615762602794,0.6115423587968534
-33,-12,-32.5,-11.5,151.0,11.0,5.290793597536544,3.5209431974970773,0.013245033112582781,0.6670444904888986,0.9047441874354657,0.6114980642794335
26,-15,26.5,-14.5,115.0,3.0,4.556803207591024,3.49370190485627,0.06956521739130435,0.6311567589759157,0.905481175032327,0.6112571247034279
-6,-19,-5.5,-18.5,154.0,6.0,6.1562444569490475,3.453949119549305,0.006493506493506494,0.669639519386423,0.9065566493168341,0.6110081469901888
-32,-16,-31.5,-15.5,132.0,6.0,3.4408109781140612,2.9554097131446255,0.022727272727272728,0.6493148929421613,0.9200441649025092,0.6109756143092724
-51,-22,-50.5,-21.5,128.0,3.0,3.976529760603457,3.5417172892422935,0.046875,0.645260387003191,0.9041821638870917,0.6107813517251285
-46,-34,-45.5,-33.5,152.0,12.0,4.08703470981647,3.6063961536473386,0.013157894736842105,0.6679151477205135,0.9024323379344794,0.6106791260400561
-33,-15,-32.5,-14.5,154.0,11.0,5.134311777791514,3.5006646407371544,0.006493506493506494,0.669639519386423,0.9052928047500466,0.6101563311357484
-11,-18,-10.5,-17.5,156.0,10.0,4.786946074847784,3.585960262932164,0.00641025641025641,0.6713417831137138,0.9029852117715064,0.610097674645972
19,-18,19.5,-17.5,200.0,10.0,7.245136957750273,5.272378682367812,0.01,0.7041449942180632,0.8573607447305911,0.6097433394075276
-66,-34,-65.5,-33.5,144.0,6.0,4.271000024352734,3.3287889689796253,0.013888888888888888,0.6607845886734255,0.909942739683668,0.6096271964437736
-44,-4,-43.5,-3.5,143.0,6.0,4.600053098133987,3.2991735328703653,0.013986013986013986,0.6598657285906546,0.9107439575030996,0.6093738820714074
-8,-16,-7.5,-15.5,154.0,8.0,5.822904272831862,3.9864028898229025,0.01948051948051948,0.669639519386423,0.8921516124572461,0.6090580284854138
-8,-2,-7.5,-1.5,184.0,7.0,5.888354250431968,4.848269758982594,0.010869565217391304,0.6931314502924413,0.8688346134773652,0.608762428265837
-39,-12,-38.5,-11.5,144.0,8.0,4.352227655921332,3.607423501914951,0.020833333333333332,0.6607845886734255,0.902404543991627,0.6087178282397568
-18,-12,-17.5,-11.5,124.0,4.0,4.589300026417049,2.9706437922543385,0.03225806451612903,0.641078159294448,0.919632021194738,0.6085739389685217
-46,-3,-45.5,-2.5,135.0,7.0,5.079687359406942,3.4765741758230955,0.02962962962962963,0.6522765343654305,0.9059445496609209,0.608435300696523
-39,-15,-38.5,-14.5,157.0,13.0,5.7964910374788365,3.94620894023644,0.012738853503184714,0.6721848002444628,0.8932390220271471,0.6080703775866783
-31,-30,-30.5,-29.5,124.0,5.0,3.8613600294392323,2.7478357781832647,0.024193548387096774,0.641078159294448,0.9256598828317327,0.6077772773786061
-52,-28,-51.5,-27.5,127.0,7.0,4.307857500376828,2.9226577006222345,0.023622047244094488,0.6442271152355715,0.9209302398520176,0.6073029143929044
-54,-6,-53.5,-5.5,161.0,15.0,4.922278433295708,3.9489858191694927,0.006211180124223602,0.6755043419457376,0.893163896174691,0.6070835190652079
23,-20,23.5,-19.5,187.0,7.0,6.589992930791843,5.198072912143207,0.016042780748663103,0.6952672832438705,0.8593710175819139,0.6070779947145059
-61,-24,-60.5,-23.5,119.0,14.0,3.9729661239973906,2.5417702492555283,0.025210084033613446,0.6356580290937963,0.9312347922518863,0.6068699030697596
-40,-16,-39.5,-15.5,123.0,10.0,4.345940967838238,3.0211489536270206,0.032520325203252036,0.6400116896889132,0.9182656514706602,0.6068129707316304
-16,-21,-15.5,-20.5,175.0,14.0,5.266681238512642,4.490539054497601,0.005714285714285714,0.6865097304245308,0.878512681831102,0.6065538329748494
-61,-23,-60.5,-22.5,150.0,14.0,5.347408443319598,4.187623857980459,0.02666666666666667,0.6661680863032693,0.8867077680804052,0.6064483214249631
-35,-12,-34.5,-11.5,131.0,11.0,5.013483370348258,3.4199795420492967,0.030534351145038167,0.6483128145852458,0.907475664343699,0.6062923189768527
-30,-6,-29.5,-5.5,120.0,2.0,4.179412056964718,3.182177750354093,0.041666666666666664,0.6367599005798371,0.9139091685573799,0.6061882409474988
18,-18,18.5,-17.5,249.0,9.0,7.686593663781751,6.40005195291586,0.0,0.7331106043281009,0.8268526031139585,0.6061744115591375
8,-19,8.5,-18.5,152.0,9.0,5.113389762579818,3.8577883811399705,0.013157894736842105,0.6679151477205135,0.8956311572397038,0.6060767432262572
-22,-27,-21.5,-26.5,152.0,9.0,4.317537427068336,3.666584943094482,0.006578947368421052,0.6679151477205135,0.9008039867443385,0.6056189214780037
-13,-28,-12.5,-27.5,149.0,3.0,4.914528577036142,4.225521032961769,0.026845637583892617,0.6652858587913062,0.8856824955911157,0.6050503494862529
-24,-11,-23.5,-10.5,160.0,10.0,4.935872074588608,4.0260822900458155,0.00625,0.6746822046313632,0.8910781235372902,0.6049520188424604
-11,-19,-10.5,-18.5,135.0,11.0,6.025091409443045,3.9063421509124705,0.037037037037037035,0.6522765343654305,0.8943175805833015,0.604947645125136
-7,-17,-6.5,-16.5,218.0,14.0,7.379840641465745,6.150290467999634,0.013761467889908258,0.7155326627111023,0.833609665599355,0.6046833144727155
-55,-14,-54.5,-13.5,145.0,11.0,4.941657464793117,4.0935269301578145,0.027586206896551724,0.6616971335167342,0.8892534721195797,0.6046486520498484
-34,-15,-33.5,-14.5,135.0,9.0,4.18682121770107,3.2064990254172807,0.014814814814814815,0.6522765343654305,0.9132511792946174,0.6045173855574419
0,-21,0.5,-20.5,138.0,8.0,5.108992979099178,4.059323712147361,0.036231884057971016,0.6551735529732414,0.8901788080711008,0.6043528303083785
-30,-9,-29.5,-8.5,163.0,11.0,5.7547082097794355,4.586674051351418,0.018404907975460124,0.6771335004472578,0.8759118397477339,0.6040253712996464
-62,-33,-61.5,-32.5,141.0,16.0,4.72682804330806,3.038115863491952,0.0,0.6580087087803341,0.9178066276536778,0.6039247539724294
-7,-19,-6.5,-18.5,152.0,8.0,5.791005107656792,4.188425038360388,0.019736842105263157,0.6679151477205135,0.8866860928974158,0.603919843891394
-41,-13,-40.5,-12.5,104.0,9.0,4.249692219407366,3.1677561472160947,0.0673076923076923,0.617928431547059,0.9142993314905308,0.6029984832484998
-61,-27,-60.5,-26.5,129.0,12.0,3.6386650939768823,2.747890281652514,0.007751937984496124,0.6462856797586358,0.9256584082915429,0.6028772912520122
-9,-3,-8.5,-2.5,178.0,10.0,5.647115626235622,5.026936976074095,0.011235955056179775,0.6887538641630584,0.8640009396609875,0.6017703227514795
10,-19,10.5,-18.5,159.0,10.0,6.187585953242737,4.771494449275934,0.025157232704402517,0.6738549449330813,0.8709116974008435,0.6016321326079267
-58,-25,-57.5,-24.5,142.0,13.0,4.929727413643748,3.692043704360592,0.014084507042253521,0.6589404652500853,0.9001152238602869,0.6014761802256494
21,-15,21.5,-14.5,82.0,6.0,4.558753675390696,3.192694943147698,0.12195121951219512,0.5867104660528069,0.913624635780434,0.6014030304726576
-63,-35,-62.5,-34.5,118.0,13.0,3.7792324903825274,2.8007267785301604,0.025423728813559324,0.6345469368186932,0.9242289664741568,0.6013768289070274
-59,-27,-58.5,-26.5,134.0,11.0,4.602507194378318,3.0967776189928715,0.007462686567164179,0.6512966424488794,0.9162195889332934,0.6011839565108191
-11,-3,-10.5,-2.5,155.0,9.0,4.815063883974945,3.8370011727904747,0.0,0.670493379255494,0.896193535645492,0.6008918321818749
-49,-22,-48.5,-21.5,107.0,4.0,3.8462875787342785,2.5259999999994736,0.037383177570093455,0.6216688127513696,0.9316614415395825,0.6008366327994742
-40,-12,-39.5,-11.5,117.0,6.0,3.8728440568543396,3.343602895074442,0.042735042735042736,0.6334264681266482,0.9095419628212535,0.6007488058204034
17,-19,17.5,-18.5,155.0,10.0,5.816957311806872,4.693071169288077,0.025806451612903226,0.670493379255494,0.87303336561308,0.6004692358098134
-35,0,-34.5,0.5,134.0,4.0,4.877176576868629,3.8757262955621306,0.029850746268656716,0.6512966424488794,0.8951458638060549,0.6004086447212403
-35,-14,-34.5,-13.5,136.0,9.0,3.9145865818791967,2.9908694334659036,0.0,0.6532492475221707,0.9190848354606381,0.6003914771737
-31,-25,-30.5,-24.5,109.0,3.0,4.196919380319109,3.270034403490272,0.05504587155963303,0.6241051150883877,0.9115322892911547,0.6002071183138197
-59,-23,-58.5,-22.5,141.0,14.0,5.194063058039158,3.490045844970671,0.0070921985815602835,0.6580087087803341,0.9055800863000336,0.6001056796188123
-40,-32,-39.5,-31.5,139.0,10.0,5.037755443430599,3.4080845059946716,0.007194244604316547,0.656125347386344,0.9077974733764812,0.5999140328099458
-1,-20,-0.5,-19.5,171.0,9.0,6.024119682349781,4.708311480775511,0.005847953216374269,0.683457302842476,0.8726210532941808,0.5998869462920247
-52,-19,-51.5,-18.5,34.0,2.0,1.5640818859625831,0.6764725363115133,0.29411764705882354,0.47206045731903784,0.9816986706375294,0.5997214538255389
-30,-11,-29.5,-10.5,126.0,12.0,5.6982172016349075,3.5628912416746084,0.031746031746031744,0.6431857392928924,0.9036093224832381,0.5996390628153415
-1,-19,-0.5,-18.5,127.0,7.0,5.315450256771374,4.135311475572547,0.047244094488188976,0.6442271152355715,0.8881230304728785,0.5991837853554609
-40,-33,-39.5,-32.5,154.0,9.0,6.449087436028913,4.10365897705959,0.006493506493506494,0.669639519386423,0.8889793591031423,0.599161267337748
0,-19,0.5,-18.5,121.0,8.0,5.690120835223136,3.6375837642432938,0.04132231404958678,0.6378527030619434,0.9015885864103492,0.5988443828788955
-11,-22,-10.5,-21.5,136.0,10.0,4.981530474171967,3.575429581470699,0.014705882352941176,0.6532492475221707,0.9032701094716974,0.5987378798999148
-24,-7,-23.5,-6.5,109.0,7.0,4.3721936265155,2.779312392923549,0.03669724770642202,0.6241051150883877,0.9248083125718098,0.5983584276496602
-45,-24,-44.5,-23.5,121.0,8.0,3.741757265520197,2.856885366968901,0.01652892561983471,0.6378527030619434,0.9227096485885367,0.5982809896669808
-47,-3,-46.5,-2.5,123.0,8.0,5.4503070548550685,4.018938639018984,0.04878048780487805,0.6400116896889132,0.8912713883089918,0.5982496734080467
-6,-17,-5.5,-16.5,174.0,13.0,6.418056248339637,5.450714671236762,0.022988505747126436,0.6857531770838539,0.8525360319828003,0.5980690463614873
-32,-12,-31.5,-11.5,148.0,10.0,5.572927426619129,3.690762116420102,0.0,0.6643977300481125,0.9001498960187957,0.5980575476179324
-34,-13,-33.5,-12.5,146.0,13.0,5.082503772229806,3.8394875985398507,0.00684931506849315,0.6626034493364649,0.8961262677312278,0.5978433173824619
-35,-5,-34.5,-4.5,115.0,3.0,3.2285850626385146,2.5522247578308606,0.017391304347826087,0.6311567589759157,0.9309519553376145,0.5977953427000181
-65,-36,-64.5,-35.5,139.0,12.0,4.100313514573134,3.3081526566941233,0.0,0.656125347386344,0.910501035738114,0.597402808369296
-48,-28,-47.5,-27.5,139.0,7.0,4.19030962190234,3.570020168010312,0.007194244604316547,0.656125347386344,0.9034164560742307,0.5970188564796706
-27,-5,-26.5,-4.5,103.0,5.0,3.5406201422710675,2.8356729360079123,0.04854368932038835,0.616657850061126,0.9232835309928579,0.5969883885402065
1,-21,1.5,-20.5,135.0,8.0,4.868478010072415,3.8692153987245947,0.022222222222222223,0.6522765343654305,0.8953220100072274,0.5969752608914635
-36,-14,-35.5,-13.5,147.0,13.0,5.497643704572806,3.943977814338895,0.006802721088435374,0.6635036205949315,0.8932993830436087,0.5967393978833241
-37,-20,-36.5,-19.5,115.0,7.0,3.690782284927555,3.198624704462972,0.034782608695652174,0.6311567589759157,0.9134642116552161,0.5965926455737977
-19,-8,-18.5,-7.5,144.0,9.0,5.4683804536983684,4.2720768953755845,0.020833333333333332,0.6607845886734255,0.8844229704425637,0.5965883410025772
83,-13,83.5,-12.5,108.0,4.0,5.479173432881123,4.012130929838193,0.07407407407407407,0.6228925518476648,0.8914555644894482,0.5964129596772352
24,-17,24.5,-16.5,172.0,9.0,7.101618955383113,5.487908955680826,0.023255813953488372,0.6842270137056226,0.8515297755370859,0.5961894352901166
-20,-22,-19.5,-21.5,156.0,8.0,5.523124181090969,4.347728969699983,0.00641025641025641,0.6713417831137138,0.8823762745978009,0.5961733440116578
12,-20,12.5,-19.5,155.0,9.0,6.092970363468195,4.516324390475322,0.012903225806451613,0.670493379255494,0.8778150837748331,0.5961636431962342
-23,-27,-22.5,-26.5,145.0,10.0,4.694000875075028,4.132194996673807,0.013793103448275862,0.6616971335167342,0.8882073438835723,0.5958307948427033
-22,-23,-21.5,-22.5,110.0,6.0,3.76948063601329,2.6781411524965515,0.02727272727272727,0.6253067047556464,0.9275454054967642,0.5958185526866694
72,-17,72.5,-16.5,141.0,5.0,7.707032077618554,5.306128249485733,0.05673758865248227,0.6580087087803341,0.8564476818780565,0.595524503264419
55,-14,55.5,-13.5,167.0,6.0,6.763036963900294,5.375468444704711,0.023952095808383235,0.6803330468832022,0.854571747996572,0.5953189915401965
-33,-16,-32.5,-15.5,121.0,8.0,3.862880922503867,2.7486844125885206,0.008264462809917356,0.6378527030619434,0.9256369238246405,0.5952995181627245
9,-15,9.5,-14.5,128.0,7.0,6.147045888408849,4.408354807344418,0.046875,0.645260387003191,0.8807360994790056,0.594943371853637
-22,-22,-21.5,-21.5,114.0,9.0,3.6334899327658006,2.66997359547646,0.017543859649122806,0.6300071868419572,0.9277663710838174,0.594753858361387
-53,-10,-52.5,-9.5,118.0,9.0,5.668610653059248,4.0103290139692325,0.05084745762711865,0.6345469368186932,0.891504313631551,0.5944658058522753
-65,-23,-64.5,-22.5,111.0,8.0,5.817241889245528,3.727098871777083,0.05405405405405406,0.6264975176888341,0.8991668392174397,0.5937758356096161
-6,-21,-5.5,-20.5,131.0,10.0,4.72933623160811,3.6291432873340113,0.015267175572519083,0.6483128145852458,0.9018169355887732,0.5935855746186447
16,-19,16.5,-18.5,149.0,9.0,6.032141188099104,4.85446536705985,0.026845637583892617,0.6652858587913062,0.8686669971175927,0.593426281776507
-66,-36,-65.5,-35.5,93.0,10.0,5.156963927540465,3.149853503457639,0.07526881720430108,0.6032348382102174,0.9147836707094871,0.5933649242986948
-34,-14,-33.5,-13.5,121.0,7.0,3.9889008673356323,3.153993183252119,0.01652892561983471,0.6378527030619434,0.914671675559193,0.593069202333589
-41,-17,-40.5,-16.5,112.0,11.0,3.924959615061547,2.656328481193796,0.017857142857142856,0.6276777454781529,0.9281355268399952,0.5929730509669827
12,-18,12.5,-17.5,146.0,6.0,6.25296535976186,4.351684534341551,0.0136986301369863,0.6626034493364649,0.8822692605101121,0.5926028012199643
-68,-34,-67.5,-33.5,111.0,10.0,3.8636885848523033,2.929650149762068,0.02702702702702703,0.6264975176888341,0.9207410657054126,0.592432316209386
-35,-13,-34.5,-12.5,154.0,13.0,5.869100310369581,4.498369704681276,0.006493506493506494,0.669639519386423,0.8783008309422025,0.5919640693368119
-14,-22,-13.5,-21.5,120.0,9.0,5.496963984393475,4.495840544121354,0.058333333333333334,0.6367599005798371,0.8783692550066443,0.5919367547940241
-13,-19,-12.5,-18.5,149.0,14.0,5.58576718227944,4.295692028069232,0.006711409395973154,0.6652858587913062,0.8837840851986462,0.5919151551417486
-56,-33,-55.5,-32.5,116.0,9.0,4.154619567294413,2.9487669953279165,0.017241379310344827,0.632296463416209,0.9202238773965128,0.591886273974293
-58,-29,-57.5,-28.5,126.0,13.0,3.9479849598275716,3.224943992363193,0.007936507936507936,0.6431857392928924,0.9127521680309856,0.5917284571765664
37,-20,37.5,-19.5,142.0,4.0,6.4249098815188805,5.124324742826222,0.04225352112676056,0.6589404652500853,0.8613662050641857,0.5915716837431186
-4,-20,-3.5,-19.5,135.0,10.0,5.341309661437016,4.421276399412531,0.02962962962962963,0.6522765343654305,0.8803865179370624,0.591270443616763
39,-20,39.5,-19.5,111.0,4.0,4.2565117553152305,3.300921689468833,0.036036036036036036,0.6264975176888341,0.9106966627675879,0.5911095300721703
-58,-21,-57.5,-20.5,113.0,10.0,4.455946989912866,3.7131112743813413,0.04424778761061947,0.6288475746496136,0.8995452605327009,0.5907068047263554
16,-18,16.5,-17.5,141.0,6.0,6.030901792334964,4.9300159237420065,0.03546099290780142,0.6580087087803341,0.8666230477373307,0.590466984720384
55,-13,55.5,-12.5,121.0,5.0,5.811836671604881,4.381998116047635,0.049586776859504134,0.6378527030619434,0.8814491550170138,0.5901141340470006
-28,-26,-27.5,-25.5,128.0,7.0,4.935817335420181,3.9344474039671833,0.0234375,0.645260387003191,0.8935572193485727,0.5900906024124416
83,-15,83.5,-14.5,158.0,7.0,7.067256429512056,5.161207065655974,0.0189873417721519,0.673022498619746,0.8603683884470609,0.5900418511816437
23,-17,23.5,-16.5,174.0,7.0,7.171290312133864,5.346892722332269,0.005747126436781609,0.6857531770838539,0.855344837336991,0.5899264479802869
-26,-7,-25.5,-6.5,98.0,5.0,3.896719614032937,2.6631835087855555,0.04081632653061224,0.6101158987459608,0.9279500705043549,0.5892655439615154
-128,-30,-127.5,-29.5,84.0,1.0,2.2311846254422396,1.732506940110031,0.047619047619047616,0.5898719190292874,0.9531286513025284,0.5889963897982675
-23,-7,-22.5,-6.5,124.0,8.0,4.364827239257813,3.850784855067127,0.024193548387096774,0.641078159294448,0.8958206310623317,0.5881851793134489
-56,-12,-55.5,-11.5,125.0,13.0,4.144699653599485,3.646886487976927,0.016,0.6421361310439172,0.9013369099536144,0.5880414920626885
-61,-32,-60.5,-31.5,119.0,12.0,5.693854409152613,3.885185227168208,0.03361344537815126,0.6356580290937963,0.8948899612919872,0.5879647954053333
-59,-28,-58.5,-27.5,147.0,11.0,5.767457795081037,5.078830770955346,0.027210884353741496,0.6635036205949315,0.8625970017610564,0.587910008851713
-61,-26,-60.5,-25.5,111.0,12.0,3.502246109364246,2.5868368715470136,0.009009009009009009,0.6264975176888341,0.9300155570966683,0.5879015589955209
15,-20,15.5,-19.5,141.0,7.0,6.258066220451499,4.64131802401023,0.02127659574468085,0.6580087087803341,0.87443349837004,0.5876270881805009
-15,-5,-14.5,-4.5,124.0,7.0,5.193273073716803,3.8938721962755674,0.024193548387096774,0.641078159294448,0.8946549434985639,0.587419802713554
-6,-22,-5.5,-21.5,130.0,6.0,4.7309793873919705,3.934623887692542,0.015384615384615385,0.6473031157874266,0.8935524447470752,0.5872977320904734
25,-20,25.5,-19.5,161.0,6.0,6.507446184865567,5.222035809911993,0.012422360248447204,0.6755043419457376,0.8587227238803884,0.5872767785522591
-21,-9,-20.5,-8.5,143.0,9.0,4.90532740284881,4.10152204563102,0.0,0.6598657285906546,0.8890371717766805,0.5866451610985942
-16,-19,-15.5,-18.5,109.0,9.0,4.524363725372285,3.151828040996173,0.027522935779816515,0.6241051150883877,0.91473025145018,0.586600337907231
-5,-12,-4.5,-11.5,114.0,4.0,5.102667757257555,3.437369052051492,0.02631578947368421,0.6300071868419572,0.9070052074767617,0.5864571623506363
-57,-29,-56.5,-28.5,136.0,14.0,5.308362753327409,3.7828465472437967,0.0,0.6532492475221707,0.8976586381964914,0.5863948299336345
-56,-6,-55.5,-5.5,143.0,9.0,5.646679611302214,4.579373974680691,0.013986013986013986,0.6598657285906546,0.8761093364683705,0.5862000434748081
-45,-18,-44.5,-17.5,112.0,9.0,4.0993338709782945,3.0608794865399025,0.017857142857142856,0.6276777454781529,0.9171907792037832,0.5859806019008378
-64,-26,-63.5,-25.5,117.0,10.0,3.6136475357553843,2.778740182166641,0.0,0.6334264681266482,0.9248237931966169,0.5858078689640227
-25,-7,-24.5,-6.5,108.0,5.0,4.183304173590632,2.8393486169624946,0.018518518518518517,0.6228925518476648,0.9231840888955513,0.5856934650491135
-27,-29,-26.5,-28.5,120.0,7.0,3.5891647568766256,2.9729449464941786,0.0,0.6367599005798371,0.9195697656272218,0.5855451525370139
11,-20,11.5,-19.5,151.0,9.0,6.601613572613035,4.941911573470576,0.013245033112582781,0.6670444904888986,0.8663012221021761,0.5855152514435735
-61,-25,-60.5,-24.5,113.0,10.0,3.9031411432362795,3.1493113532963455,0.017699115044247787,0.6288475746496136,0.9147983380731022,0.5854504633799847
-76,-31,-75.5,-30.5,71.0,3.0,2.3887071896697765,1.8266643755979468,0.08450704225352113,0.5678332835570015,0.9505813102852778,0.5853862171331672
-40,-4,-39.5,-3.5,108.0,10.0,3.9362561349856966,3.1813481491268383,0.027777777777777776,0.6228925518476648,0.9139316126397107,0.5850945609228286
-59,-16,-58.5,-15.5,128.0,15.0,4.569089414236682,3.7117716106667,0.0078125,0.645260387003191,0.8995815038767548,0.584999186749087
25,-17,25.5,-16.5,167.0,8.0,7.6328529579689235,5.3719303792960025,0.005988023952095809,0.6803330468832022,0.8546674670344856,0.5849403094759246
-21,-28,-20.5,-27.5,108.0,5.0,3.69667111993813,2.574531317598182,0.009259259259259259,0.6228925518476648,0.9303484723056628,0.5848729408185512
-33,-13,-32.5,-12.5,118.0,9.0,5.097698538721647,4.017338025703235,0.03389830508474576,0.6345469368186932,0.8913146913995107,0.5847532447002128
-25,-24,-24.5,-23.5,124.0,5.0,5.025084373948041,3.520903896855417,0.008064516129032258,0.641078159294448,0.9047452506774284,0.584689939450282
9,-21,9.5,-20.5,129.0,5.0,5.159332999875754,4.035616681501859,0.015503875968992248,0.6462856797586358,0.8908201795278272,0.5846502838001519
-17,-19,-16.5,-18.5,106.0,5.0,4.009139096531819,3.40307899197622,0.03773584905660377,0.6204336898721504,0.9079328928588146,0.5845692173207162
-58,-32,-57.5,-31.5,136.0,13.0,4.437995461405135,3.9126447953872185,0.0,0.6532492475221707,0.894147068454286,0.5841008996419172
-15,-8,-14.5,-7.5,107.0,5.0,4.8568263254742,3.8016199012203677,0.04672897196261682,0.6216688127513696,0.8971507427300519,0.5837928163953654
9,-18,9.5,-17.5,128.0,8.0,5.4113126366109014,4.03845813197408,0.015625,0.645260387003191,0.8907433067530021,0.5837420172552558
-21,-22,-20.5,-21.5,128.0,10.0,5.151634127398581,3.8038305586833534,0.0078125,0.645260387003191,0.8970909354678704,0.5833795664173422
-65,-33,-64.5,-32.5,67.0,4.0,3.921586435027738,2.5838152023709293,0.11940298507462686,0.5602440893317775,0.9300973055193278,0.583300206627555
-3,-20,-2.5,-19.5,142.0,10.0,6.330570817170524,5.143412330906438,0.028169014084507043,0.6589404652500853,0.8608498082890914,0.583227611865713
-59,-20,-58.5,-19.5,125.0,16.0,4.498639327177465,3.920138007774709,0.016,0.6421361310439172,0.8939443466281581,0.5832185075381862
-45,-33,-44.5,-32.5,120.0,12.0,5.418238141797338,3.395981448712761,0.008333333333333333,0.6367599005798371,0.9081249102282665,0.5830763402806163
-23,-11,-22.5,-10.5,117.0,7.0,4.552939732280553,3.5173743047907156,0.017094017094017096,0.6334264681266482,0.9048407404769752,0.5829475116276438
23,-18,23.5,-17.5,166.0,8.0,6.809837569992038,5.647113313405531,0.012048192771084338,0.6795403594418665,0.8472226511081368,0.5826583943174747
-58,-27,-57.5,-26.5,103.0,8.0,4.353794215532013,3.3534847546995143,0.038834951456310676,0.616657850061126,0.9092746183866985,0.582486528621123
-14,-20,-13.5,-19.5,101.0,11.0,4.5370458658808674,3.8723074516376026,0.0594059405940594,0.6140796185261455,0.8952383574186453,0.5824059040045225
-16,-18,-15.5,-17.5,107.0,6.0,4.245622553054627,2.669211119414658,0.009345794392523364,0.6216688127513696,0.9277869991578175,0.5821666744231814
-31,-7,-30.5,-6.5,123.0,5.0,5.0605502877773985,4.144868876092682,0.024390243902439025,0.6400116896889132,0.8878644639747887,0.5821032366764956
-42,-3,-41.5,-2.5,132.0,11.0,5.595999068055883,5.054150548075292,0.03787878787878788,0.6493148929421613,0.8632647020200053,0.5817628483142628
-16,-5,-15.5,-4.5,111.0,7.0,5.106825781082374,3.841107262235966,0.036036036036036036,0.6264975176888341,0.8960824492505536,0.5816238239774801
-41,-20,-40.5,-19.5,127.0,14.0,4.471373368996726,3.5923631497914768,0.0,0.6442271152355715,0.9028119876788893,0.5816159624224632
-4,-22,-3.5,-21.5,80.0,4.0,4.435641322146796,3.4734494547609795,0.1,0.5834718969120846,0.9060290860556065,0.5815067604482257
-33,1,-32.5,1.5,106.0,4.0,4.565692631354719,3.5799936854576258,0.03773584905660377,0.6204336898721504,0.9031466319233482,0.5814876010130081
-50,-29,-49.5,-28.5,100.0,6.0,3.8460573864920935,2.591531294199203,0.02,0.6127714823087923,0.9298885538991802,0.5812053713058756
-61,-28,-60.5,-27.5,127.0,17.0,4.972161371857633,3.617803171347467,0.0,0.6442271152355715,0.9021237317801012,0.5811725693102431
4,-20,4.5,-19.5,137.0,10.0,7.333304879357099,5.067560359780022,0.029197080291970802,0.6542148863388155,0.8629019121541592,0.5810057078086763
-48,-22,-47.5,-21.5,95.0,4.0,4.052852479311888,2.972818359739019,0.042105263157894736,0.6060301993962866,0.9195731903130365,0.5807539291010947
-26,-9,-25.5,-8.5,113.0,7.0,3.5894715974790983,3.128482219863333,0.008849557522123894,0.6288475746496136,0.9153618507226636,0.5807170893090715
-38,-12,-37.5,-11.5,115.0,7.0,4.284773007992372,3.249825379924477,0.008695652173913044,0.6311567589759157,0.9120790254504498,0.5806706228648107
42,-20,42.5,-19.5,135.0,4.0,5.804881734857481,4.553862646150291,0.014814814814814815,0.6522765343654305,0.8767995215104045,0.5803885791977644
-13,-4,-12.5,-3.5,103.0,7.0,3.718362399739782,2.844201465611424,0.019417475728155338,0.616657850061126,0.92305279963146,0.5802603326789528
-55,-5,-54.5,-4.5,80.0,8.0,4.167251376694289,3.1684119050410113,0.0875,0.5834718969120846,0.9142815905782371,0.580135155188549
-44,-3,-43.5,-2.5,122.0,9.0,4.759483516189507,3.4095643416689794,0.0,0.6389365846079728,0.9077574378116591,0.5799994369678657
-41,-22,-40.5,-21.5,112.0,8.0,3.504196342428955,3.1167734660304456,0.008928571428571428,0.6276777454781529,0.9156786200648281,0.579882798001845
-39,-27,-38.5,-26.5,127.0,7.0,4.93041178296534,3.6966245413891774,0.0,0.6442271152355715,0.8999912936152055,0.579798794822854
22,-17,22.5,-16.5,150.0,7.0,6.188876322899502,5.47225059267749,0.02,0.6661680863032693,0.8519533978472593,0.5788950479567461
-59,-22,-58.5,-21.5,109.0,9.0,4.305364833040371,2.9923477404874097,0.009174311926605505,0.6241051150883877,0.9190448412520824,0.5788427936358916
-57,-9,-56.5,-8.5,96.0,13.0,6.388653484333259,3.150155710437399,0.041666666666666664,0.6074061158754879,0.9147754947833773,0.5787919064421343
53,-14,53.5,-13.5,135.0,5.0,6.397508832640888,4.419390003156608,0.007407407407407408,0.6522765343654305,0.8804375526167199,0.5785427463278378
-30,-12,-29.5,-11.5,146.0,11.0,6.116621502530285,4.916067438300676,0.00684931506849315,0.6626034493364649,0.8670004109153857,0.5784122399914661
-49,-4,-48.5,-3.5,127.0,15.0,5.497922490146657,4.291196765889779,0.015748031496062992,0.6442271152355715,0.8839057002965264,0.578403515811479
8,-20,8.5,-19.5,136.0,9.0,5.1822286438247875,4.246414958527018,0.0,0.6532492475221707,0.8851172300512468,0.578202164499885
26,-20,26.5,-19.5,109.0,5.0,6.0272663719301764,4.522195263367124,0.05504587155963303,0.6241051150883877,0.8776562528206248,0.5779011194273926
-26,-8,-25.5,-7.5,115.0,6.0,4.277019725697214,3.1359529652087055,0.0,0.6311567589759157,0.915159736721267,0.5776092533742473
14,-19,14.5,-18.5,143.0,11.0,7.1264387999096686,5.278926027137668,0.02097902097902098,0.6598657285906546,0.8571836124648289,0.5774923705619633
-53,-25,-52.5,-24.5,94.0,4.0,4.489491499515492,3.7872851836259103,0.06382978723404255,0.6046398751527554,0.897538555056395,0.5773272339085992
-51,-8,-50.5,-7.5,141.0,12.0,5.569591331216191,4.534716088136222,0.0,0.6580087087803341,0.8773175136616953,0.5772825643549053
-60,-18,-59.5,-17.5,115.0,9.0,4.686272609343209,3.1553140313939796,0.0,0.6311567589759157,0.9146359412527957,0.5772786563240005
7,-20,7.5,-19.5,102.0,8.0,6.30210653023764,3.9150632178806406,0.049019607843137254,0.6153749922354819,0.8940816403042667,0.5771658492473861
61,-13,61.5,-12.5,169.0,7.0,8.160952806294441,6.047539416986226,0.011834319526627219,0.6819043640629404,0.8363894988165168,0.5770872072792729
58,-14,58.5,-13.5,149.0,6.0,8.334829092863743,5.535113819968272,0.020134228187919462,0.6652858587913062,0.8502526922521594,0.5770502420691203
-57,-13,-56.5,-12.5,137.0,18.0,5.23254031632486,4.604819214692595,0.0072992700729927005,0.6542148863388155,0.875420939389157,0.5768938002177468
-59,-25,-58.5,-24.5,142.0,10.0,6.227093862641727,4.606071804341248,0.0,0.6589404652500853,0.8753870517522087,0.5768279511555009
-41,-26,-40.5,-25.5,109.0,8.0,3.227141610111667,2.8251176966631832,0.0,0.6241051150883877,0.9235690930835244,0.5764041951309709
-38,-24,-37.5,-23.5,108.0,6.0,3.9313753836171834,3.083532488140407,0.009259259259259259,0.6228925518476648,0.9165779235132923,0.5762159465753953
-6,-2,-5.5,-1.5,146.0,11.0,5.646720833504653,5.050810060245189,0.00684931506849315,0.6626034493364649,0.8633550757820259,0.5759802844428176
13,-14,13.5,-13.5,69.0,4.0,5.187539258906779,2.7045711305123503,0.10144927536231885,0.5640929023526909,0.9268303672553784,0.5758579829113182
8,-15,8.5,-14.5,109.0,7.0,6.05589788356691,4.355422482377792,0.045871559633027525,0.6241051150883877,0.8821681338353707,0.5758209494971384
1,-20,1.5,-19.5,124.0,7.0,5.254091919898887,4.310694444270197,0.016129032258064516,0.641078159294448,0.8833782089133739,0.575448580584738
-46,-25,-45.5,-24.5,107.0,8.0,3.4688929532954558,2.749787628164642,0.0,0.6216688127513696,0.9256070773629844,0.5754210528585116
-25,-28,-24.5,-27.5,100.0,6.0,4.440369445632766,3.5882973375770018,0.04,0.6127714823087923,0.9029219844111569,0.5754162365086938
-14,-19,-13.5,-18.5,121.0,8.0,5.508095960102552,4.436441141276515,0.024793388429752067,0.6378527030619434,0.879976250083377,0.5752116404008542
22,-18,22.5,-17.5,171.0,8.0,7.2959568124089,6.399618816772383,0.017543859649122806,0.683457302842476,0.8268643212056696,0.5750409580648823
-52,-4,-51.5,-3.5,111.0,14.0,5.877160718459121,3.9383430526033596,0.02702702702702703,0.6264975176888341,0.8934518262321576,0.5748736040470834
-26,-11,-25.5,-10.5,148.0,9.0,6.509001933537244,5.202838039322959,0.006756756756756757,0.6643977300481125,0.8592421015398138,0.5747357889993142
-27,-11,-26.5,-10.5,126.0,9.0,6.971795686587038,4.455602655106826,0.015873015873015872,0.6431857392928924,0.879457853316519,0.574633396380775
-24,-10,-23.5,-9.5,136.0,10.0,5.919656508560647,5.1526470725590166,0.022058823529411766,0.6532492475221707,0.8605999710237344,0.574587451506993
58,-3,58.5,-2.5,60.0,3.0,3.811718240259106,2.630940746987542,0.13333333333333333,0.5458202580282904,0.9288223681536262,0.5745660732678013
-9,-22,-8.5,-21.5,135.0,9.0,5.933677303221376,4.430540937628528,0.0,0.6522765343654305,0.8801358745536566,0.5740919780245465
-62,-28,-61.5,-27.5,118.0,9.0,4.236686084329974,3.5252195283160868,0.0,0.6345469368186932,0.9046284953199982,0.5740292406642085
-61,-36,-60.5,-35.5,107.0,10.0,3.581941411766636,3.1488866032303653,0.009345794392523364,0.6216688127513696,0.91480982928736,0.5740237754239856
-41,-11,-40.5,-10.5,81.0,2.0,3.830997731915124,2.8107694676015544,0.06172839506172839,0.5851010554136048,0.9239572709499265,0.573979261697893
-59,-21,-58.5,-20.5,107.0,14.0,4.574642098218511,4.078243739650801,0.037383177570093455,0.6216688127513696,0.8896669444900965,0.5737540134290464
3,-18,3.5,-17.5,104.0,7.0,5.336903661166166,4.22073666555994,0.04807692307692308,0.617928431547059,0.8858119321593603,0.573684165283216
-40,-31,-39.5,-30.5,84.0,6.0,3.1603152789970017,2.2540539196581983,0.03571428571428571,0.5898719190292874,0.9390186874261571,0.5736829249834453
-18,-8,-17.5,-7.5,126.0,8.0,5.763495221734868,4.261953942401769,0.007936507936507936,0.6431857392928924,0.8846968374313179,0.5735404560161503
-58,-7,-57.5,-6.5,90.0,8.0,4.10810555637015,3.089562211926337,0.044444444444444446,0.5989282525143886,0.9164147949972807,0.5732607878236554
24,-18,24.5,-17.5,152.0,7.0,7.549559538728166,5.655557001746494,0.013157894736842105,0.6679151477205135,0.8469942150474438,0.5731639539758052
-32,-13,-31.5,-12.5,101.0,10.0,4.523572331202466,3.466184649666112,0.0297029702970297,0.6140796185261455,0.906225628536873,0.5730242334666941
-15,-21,-14.5,-20.5,116.0,11.0,4.332230140792344,3.763265831499294,0.008620689655172414,0.632296463416209,0.8981883760775693,0.5728172072415622
-12,-18,-11.5,-17.5,107.0,9.0,5.200840366554573,3.530134558343616,0.018691588785046728,0.6216688127513696,0.904495523797088,0.5728068763322165
-57,-8,-56.5,-7.5,96.0,14.0,5.181871374904638,3.832103991283174,0.052083333333333336,0.6074061158754879,0.8963260242934445,0.5727898417332722
-58,-6,-57.5,-5.5,110.0,6.0,4.405699470049745,3.721237642773893,0.01818181818181818,0.6253067047556464,0.8993254092652957,0.5725788301374451
-59,-17,-58.5,-16.5,118.0,10.0,4.174372413208691,3.6177079452219836,0.0,0.6345469368186932,0.9021263080335229,0.5724414853862289
-3,-21,-2.5,-20.5,124.0,8.0,6.793687859391446,4.740102040361804,0.024193548387096774,0.641078159294448,0.8717609895511967,0.5723879046518213
-45,-12,-44.5,-11.5,84.0,4.0,3.568545317977976,3.1188538520944515,0.05952380952380952,0.5898719190292874,0.9156223371730405,0.5722487090113868
-57,-12,-56.5,-11.5,123.0,16.0,4.86140296335152,3.9230423143280317,0.0,0.6400116896889132,0.8938657733410713,0.5720845439511062
-44,-18,-43.5,-17.5,110.0,9.0,4.04488733503006,3.4510243280977653,0.00909090909090909,0.6253067047556464,0.9066357768036098,0.5720792975521558
-45,-34,-44.5,-33.5,108.0,14.0,4.215709346686493,3.0167211288907945,0.0,0.6228925518476648,0.9183854421118277,0.5720554516167822
-38,-21,-37.5,-20.5,102.0,6.0,3.745105376374669,2.9379651954576325,0.00980392156862745,0.6153749922354819,0.9205161099507144,0.572016148856827
-27,-30,-26.5,-29.5,106.0,5.0,3.9482399250286013,2.8909027060081898,0.0,0.6204336898721504,0.9217893414180677,0.5719091623808312
-68,-37,-67.5,-36.5,75.0,8.0,2.4038648601552586,1.6267000338105462,0.04,0.5750120454552455,0.9559911578154598,0.5716946883362999
7,-19,7.5,-18.5,100.0,7.0,5.314943113093101,3.8141408380882167,0.04,0.6127714823087923,0.8968120005383959,0.5715224516791153
-37,-19,-36.5,-18.5,92.0,6.0,3.771843690558658,2.972760969176994,0.03260869565217391,0.6018147738496281,0.9195747429608109,0.5714597637762509
17,-21,17.5,-20.5,105.0,6.0,6.030800973514393,4.699823400937789,0.05714285714285714,0.6191869694253779,0.8728506903251416,0.5713410750577462
-19,-10,-18.5,-9.5,117.0,8.0,5.409613921102431,4.189956205021891,0.017094017094017096,0.6334264681266482,0.8866446686209274,0.5712246146189511
-39,-16,-38.5,-15.5,105.0,14.0,4.659353328431733,3.20451962078504,0.009523809523809525,0.6191869694253779,0.9133047302285752,0.5708921631965899
-60,-19,-59.5,-18.5,113.0,11.0,4.1554746832818585,3.4078970054846494,0.0,0.6288475746496136,0.9078025460267446,0.5708694293296626
-62,-17,-61.5,-16.5,104.0,8.0,3.714363835593854,2.8155603349956637,0.0,0.617928431547059,0.9238276585304932,0.5708593760555397
-65,-35,-64.5,-34.5,109.0,11.0,4.006349339827278,3.4727493753107352,0.009174311926605505,0.6241051150883877,0.906048026047862,0.5706569984673653
-10,-23,-9.5,-22.5,93.0,3.0,4.557279273373472,3.4489211356599045,0.043010752688172046,0.6032348382102174,0.9066926767004303,0.5704732815394622
15,-15,15.5,-14.5,154.0,9.0,6.71537917660643,5.679920609460643,0.006493506493506494,0.669639519386423,0.8463350805145538,0.5704195426371654
-32,-17,-31.5,-16.5,108.0,3.0,4.282955173127821,3.123701650286248,0.0,0.6228925518476648,0.9154911845443254,0.5702526401348563
-4,-16,-3.5,-15.5,112.0,10.0,5.463243606466866,3.9766690886017786,0.017857142857142856,0.6276777454781529,0.892414951310687,0.5701516654673606
-27,-12,-26.5,-11.5,116.0,7.0,5.506788306943999,4.199029004757479,0.017241379310344827,0.632296463416209,0.8863992125420952,0.5701303129077842
-27,-7,-26.5,-6.5,110.0,7.0,5.725542471593654,4.467833849082885,0.03636363636363636,0.6253067047556464,0.8791269498467749,0.5697139388367718
-8,-18,-7.5,-17.5,145.0,11.0,5.797018545962654,5.138864274652946,0.0,0.6616971335167342,0.860972851681079,0.5697032679930983
-58,-12,-57.5,-11.5,116.0,15.0,5.474277691497682,3.6602199047110187,0.0,0.632296463416209,0.9009761868819754,0.5696840565876945
21,-18,21.5,-17.5,176.0,7.0,7.880959213089492,6.332453360481502,0.0,0.6872619973210161,0.8286814195672119,0.569521247554577
-23,-23,-22.5,-22.5,111.0,8.0,4.776869759785795,3.9593446687796696,0.018018018018018018,0.6264975176888341,0.892883647223912,0.5694684766530891
45,-19,45.5,-18.5,134.0,4.0,7.454324045806046,6.035941557749294,0.04477611940298507,0.6512966424488794,0.8367032680095012,0.5693424185468883
46,-18,46.5,-17.5,144.0,6.0,7.08698784419759,5.116173689921387,0.0,0.6607845886734255,0.8615867241478956,0.5693232291225513
-39,-10,-38.5,-9.5,99.0,6.0,3.468824200536059,2.891456361957511,0.010101010101010102,0.6114503295969382,0.9217743627761597,0.5693123615489804
-41,-32,-40.5,-31.5,105.0,10.0,4.671864571043577,3.3090217587682464,0.009523809523809525,0.6191869694253779,0.9104775229974567,0.5691249212251459
-40,-25,-39.5,-24.5,102.0,6.0,3.3125927743659287,2.8103704712743607,0.0,0.6153749922354819,0.9239680654209603,0.5685868410842566
-53,-34,-52.5,-33.5,117.0,7.0,4.290739609116762,3.7853343313373746,0.0,0.6334264681266482,0.8975913335335002,0.5685581082212132
5,-16,5.5,-15.5,124.0,7.0,5.715860239785713,4.705521154597072,0.016129032258064516,0.641078159294448,0.8726965429492358,0.568490349721307
-9,-17,-8.5,-16.5,134.0,13.0,6.784540115830947,4.961667238105643,0.007462686567164179,0.6512966424488794,0.865766751143115,0.5680789705377388
36,-20,36.5,-19.5,126.0,4.0,7.460661826678585,5.804241722053927,0.047619047619047616,0.6431857392928924,0.8429716895324388,0.568005815493705
47,-18,47.5,-17.5,108.0,5.0,5.7953021966129805,3.8710173172514377,0.018518518518518517,0.6228925518476648,0.8952732607932181,0.5679860653871429
-31,-13,-30.5,-12.5,128.0,8.0,5.774079871055056,4.935234369074644,0.015625,0.645260387003191,0.8664818675982029,0.5678424631116901
25,-21,25.5,-20.5,77.0,2.0,4.746907572846193,3.7110594174711684,0.09090909090909091,0.578460934221841,0.8996007715950161,0.5676915302875003
-44,-33,-43.5,-32.5,99.0,10.0,5.395567547398916,3.6847084009443685,0.030303030303030304,0.6114503295969382,0.9003136736074502,0.5671788225426907
-17,-5,-16.5,-4.5,103.0,5.0,4.797575165981634,3.2951009089253778,0.009708737864077669,0.616657850061126,0.9108541385203409,0.5671386106508755
-28,-11,-27.5,-10.5,128.0,10.0,6.687530839314629,4.9780325788102395,0.015625,0.645260387003191,0.8653240022149812,0.5670836646235199
-60,-20,-59.5,-19.5,108.0,15.0,6.031234529282858,3.9394903075900203,0.018518518518518517,0.6228925518476648,0.8934207883255958,0.5668108057271029
5,-15,5.5,-14.5,134.0,7.0,7.197645858697357,5.040475870391875,0.007462686567164179,0.6512966424488794,0.8636346575862348,0.5666799822868233
-35,-15,-34.5,-14.5,119.0,10.0,4.6869195597152125,4.016080178482719,0.0,0.6356580290937963,0.8913487212751297,0.5665929714010245
-3,-12,-2.5,-11.5,105.0,10.0,5.872369621383125,4.091761245766028,0.02857142857142857,0.6191869694253779,0.8893012410530836,0.5663764186497116
1,-18,1.5,-17.5,81.0,5.0,4.972562511219165,3.6548471924252497,0.07407407407407407,0.5851010554136048,0.9011215405686865,0.5663025099569439
-16,-3,-15.5,-2.5,114.0,7.0,4.567228981053672,4.039236252261411,0.008771929824561403,0.6300071868419572,0.8907222554391679,0.5660838910243565
-44,-17,-43.5,-16.5,88.0,6.0,3.1671865853046426,2.6498306612989686,0.022727272727272728,0.5959775810380047,0.92831131925676,0.5658266602849529
-7,-12,-6.5,-11.5,97.0,4.0,4.262561587734166,3.302837870680487,0.020618556701030927,0.6087679201420969,0.9106448222839167,0.565801691655103
-51,-4,-50.5,-3.5,117.0,13.0,5.019490382357566,4.2366504867423025,0.008547008547008548,0.6334264681266482,0.8853813986679907,0.5656173799298211
-43,-23,-42.5,-22.5,97.0,8.0,3.368675377141147,2.6310838071042877,0.0,0.6087679201420969,0.92881849779648,0.5654349050930699
30,-19,30.5,-18.5,130.0,7.0,7.4680910212420875,4.936382515071344,0.007692307692307693,0.6473031157874266,0.866450805586201,0.5651705854104159
-47,-34,-46.5,-33.5,97.0,9.0,4.129848328620152,2.9987352333945645,0.010309278350515464,0.6087679201420969,0.9188720336283884,0.565146619023628
-7,-22,-6.5,-21.5,106.0,7.0,5.085781888108078,3.9315823045352856,0.018867924528301886,0.6204336898721504,0.893634731923799,0.5649022468447397
-17,-18,-16.5,-17.5,92.0,4.0,5.337370587553906,3.7159255285628214,0.043478260869565216,0.6018147738496281,0.8994691235279885,0.564849190080751
-35,-22,-34.5,-21.5,90.0,3.0,4.270818250835144,3.248100779544687,0.03333333333333333,0.5989282525143886,0.912125682894581,0.5645077693738629
-58,-13,-57.5,-12.5,113.0,14.0,5.14177267142849,3.7824718108667255,0.0,0.6288475746496136,0.8976687763373512,0.5644968328384298
59,-18,59.5,-17.5,192.0,5.0,9.43997034538237,7.56362454205779,0.015625,0.6987523849527472,0.795373239136907,0.5644528375834821
-53,-23,-52.5,-22.5,59.0,2.0,2.713008463622779,2.1350598421776814,0.1016949152542373,0.5436255840601433,0.9422379604745924,0.564315305137822
-7,-20,-6.5,-19.5,111.0,10.0,5.034890147019559,4.562545342238758,0.02702702702702703,0.6264975176888341,0.8765646193194956,0.5640078704785358
-16,-20,-15.5,-19.5,123.0,15.0,6.028682585757802,4.912399922645011,0.016260162601626018,0.6400116896889132,0.8670996321081961,0.5639775413355708
-21,-27,-20.5,-26.5,102.0,8.0,5.078510766303818,4.056512457572654,0.029411764705882353,0.6153749922354819,0.8902548639242682,0.5639535382095553
-44,-21,-43.5,-20.5,96.0,6.0,4.574535859851116,3.350086084328245,0.020833333333333332,0.6074061158754879,0.9093665662227456,0.5638622058525622
-17,-12,-16.5,-11.5,114.0,4.0,5.793416560031457,4.453440222824252,0.017543859649122806,0.6300071868419572,0.8795163558917207,0.5638227062999349
0,-16,0.5,-15.5,94.0,5.0,5.6005815241061425,3.9023776731071114,0.0425531914893617,0.6046398751527554,0.8944248358082684,0.5638178964207473
-56,-27,-55.5,-26.5,88.0,6.0,6.233132619840814,3.519652862505369,0.045454545454545456,0.5959775810380047,0.9047790962372331,0.5637384233832735
-41,-21,-40.5,-20.5,103.0,10.0,4.119885317337365,3.2080928914206273,0.0,0.616657850061126,0.9132080587463008,0.5631369181649882
26,-21,26.5,-20.5,83.0,2.0,4.8708208959811055,3.618783497253696,0.060240963855421686,0.5883006018495491,0.9020972099830888,0.562674472015263
-31,-32,-30.5,-31.5,90.0,4.0,3.8787526832786043,2.9994036204465333,0.022222222222222223,0.5989282525143886,0.9188539510442137,0.5625570932418492
-61,-35,-60.5,-34.5,105.0,12.0,4.417240206418052,3.400430855053602,0.0,0.6191869694253779,0.9080045357170481,0.5622245766951363
-63,-19,-62.5,-18.5,92.0,8.0,4.031606461213737,2.823134761839152,0.010869565217391304,0.6018147738496281,0.9236227395235067,0.5618916558707644
-17,-4,-16.5,-3.5,115.0,8.0,5.285230765162991,4.061659571782661,0.0,0.6311567589759157,0.8901156135816938,0.5618024857820805
-15,-4,-14.5,-3.5,101.0,7.0,5.166111594247313,4.449221504937918,0.039603960396039604,0.6140796185261455,0.8796304893433847,0.5615557555514356
-25,-11,-24.5,-10.5,130.0,10.0,6.283124165043066,5.385381926579221,0.015384615384615385,0.6473031157874266,0.8543035480517471,0.5615009384587979
-31,-31,-30.5,-30.5,91.0,5.0,4.449207062915459,3.5033655247492277,0.03296703296703297,0.6003793571444475,0.9052197348688297,0.5613920087311146
-37,-14,-36.5,-13.5,146.0,13.0,7.617624612382964,6.071361608484535,0.0136986301369863,0.6626034493364649,0.8357450117910367,0.5613533841206564
-18,-20,-17.5,-19.5,100.0,7.0,4.207857336556951,4.098266493963159,0.03,0.6127714823087923,0.889125247670574,0.5611755138524678
-58,-20,-57.5,-19.5,111.0,14.0,4.6142407686591635,4.15012782935503,0.009009009009009009,0.6264975176888341,0.8877221879316534,0.5611661592728462
-48,-20,-47.5,-19.5,93.0,4.0,4.727686383024404,3.6548077924824827,0.03225806451612903,0.6032348382102174,0.9011226064971474,0.5611236642455495
-47,-30,-46.5,-29.5,92.0,6.0,4.455093795805183,3.5968386118896913,0.03260869565217391,0.6018147738496281,0.9026909082536176,0.5609674875722044
5,-17,5.5,-16.5,77.0,4.0,5.071899666333932,3.3043062812035586,0.06493506493506493,0.578460934221841,0.9106050958158348,0.5609539857596018
-40,-26,-39.5,-25.5,90.0,8.0,3.6798104271371073,2.7262859278712774,0.011111111111111112,0.5989282525143886,0.9262428937998085,0.5609169604294718
-64,-21,-63.5,-20.5,97.0,11.0,4.535689105974567,3.6062493785351055,0.020618556701030927,0.6087679201420969,0.9024363087973408,0.5607015794016449
-49,-5,-48.5,-4.5,118.0,18.0,7.844025104988412,4.861013712108328,0.01694915254237288,0.6345469368186932,0.8684898377902315,0.5604382029436832
-13,-21,-12.5,-20.5,99.0,10.0,4.677055219892308,3.7556165938500436,0.020202020202020204,0.6114503295969382,0.8983953190206695,0.5604215707704749
-43,-6,-42.5,-5.5,72.0,3.0,3.441513917294026,2.5137077356306783,0.05555555555555555,0.569664688483081,0.9319939972114661,0.5604198517612142
-47,-17,-46.5,-16.5,72.0,3.0,2.543427368013007,2.060190536410368,0.041666666666666664,0.569664688483081,0.9442634792509469,0.5603266257848343
-131,-28,-130.5,-27.5,69.0,5.0,2.7047110664224467,2.265897403352896,0.057971014492753624,0.5640929023526909,0.9386982730940727,0.56020944103081
-34,-12,-33.5,-11.5,106.0,11.0,6.010845063499265,4.208848658752805,0.018867924528301886,0.6204336898721504,0.8861335510224512,0.5601604504554721
-32,-11,-31.5,-10.5,95.0,8.0,4.384979035807073,3.8518621470645744,0.031578947368421054,0.6060301993962866,0.8957914859387582,0.5600201673517288
-12,-3,-11.5,-2.5,124.0,8.0,5.7411906985112875,5.186650057850574,0.016129032258064516,0.641078159294448,0.8596800521804342,0.5600111716506649
-33,0,-32.5,0.5,85.0,4.0,4.419970463583431,3.5489505491061966,0.047058823529411764,0.5914248578088228,0.9039864748324327,0.5597996051548173
-51,-7,-50.5,-6.5,124.0,20.0,7.49475731240523,5.205610537824402,0.016129032258064516,0.641078159294448,0.8591670941958225,0.559677021519763
27,-20,27.5,-19.5,119.0,4.0,6.532192225230058,4.701911207157479,0.008403361344537815,0.6356580290937963,0.8727942066880084,0.5594608187170921
-24,-28,-23.5,-27.5,89.0,6.0,4.458522382935716,3.1306347599157465,0.02247191011235955,0.5974611132545113,0.9153036157724616,0.5591472681946269
-60,-22,-59.5,-21.5,89.0,11.0,4.622557711856004,3.1468124358594802,0.02247191011235955,0.5974611132545113,0.9148659439382436,0.5588799000708135
-4,-2,-3.5,-1.5,128.0,11.0,6.718785426089372,5.452790576085212,0.015625,0.645260387003191,0.8524798703260924,0.5586663580865295
-61,-22,-60.5,-21.5,113.0,11.0,4.954396381351771,4.4217357913329725,0.008849557522123894,0.6288475746496136,0.8803740895199557,0.5585204128460566
-52,-21,-51.5,-20.5,78.0,2.0,3.693958144019997,3.1171480228862083,0.05128205128205128,0.5801523552108097,0.9156684867807489,0.5584696512083321
-29,-24,-28.5,-23.5,104.0,6.0,5.6015980716947436,4.188916740072278,0.019230769230769232,0.617928431547059,0.8866727903692357,0.558436871391553
-8,-22,-7.5,-21.5,94.0,9.0,5.901343012193717,4.226579749675057,0.0425531914893617,0.6046398751527554,0.8856538530044157,0.5582889387308125
-24,-24,-23.5,-23.5,92.0,7.0,4.4464204251075055,3.4182372217861436,0.021739130434782608,0.6018147738496281,0.9075228011826381,0.5580336865170475
-60,-24,-59.5,-23.5,101.0,13.0,4.561913453856518,3.373687482172829,0.0,0.6140796185261455,0.9087280525622744,0.5580313758614486
-38,-27,-37.5,-26.5,102.0,6.0,4.337277224543516,3.45201150325893,0.0,0.6153749922354819,0.9066090697064357,0.5579045492312154
-38,-23,-37.5,-22.5,106.0,9.0,4.19285240718018,3.725741615458613,0.0,0.6204336898721504,0.8992035585128734,0.5578961817543101
-19,-9,-18.5,-8.5,123.0,8.0,5.618303969715359,5.003378759185587,0.008130081300813009,0.6400116896889132,0.8646382851012324,0.55787762290531
-19,-23,-18.5,-22.5,123.0,9.0,5.920683661050687,4.745262268830243,0.0,0.6400116896889132,0.8716213844146727,0.5578478750082244
74,-13,74.5,-12.5,155.0,8.0,8.58422586936903,6.4156842970953685,0.0064516129032258064,0.670493379255494,0.8264296847186359,0.5576905715854961
-11,-11,-10.5,-10.5,88.0,5.0,4.429460910432086,3.5395767769992657,0.03409090909090909,0.5959775810380047,0.904240073436203,0.5572786347683679
-15,-19,-14.5,-18.5,86.0,9.0,4.876374361562564,3.411338625795177,0.03488372093023256,0.5929598431366307,0.9077094362204146,0.5570108929933232
-21,-13,-20.5,-12.5,99.0,3.0,4.993397280124432,3.984228156117849,0.020202020202020204,0.6114503295969382,0.8922104478358837,0.5565634304273472
35,-19,35.5,-18.5,165.0,6.0,8.16178732051552,6.656764754744217,0.0,0.67874291108646,0.8199074792757604,0.5565063893051909
29,-17,29.5,-16.5,80.0,5.0,6.008353106383358,3.407309117814153,0.05,0.5834718969120846,0.9078184507757305,0.5561708812022006
-59,-14,-58.5,-13.5,102.0,10.0,4.840096559181691,3.900854906299685,0.00980392156862745,0.6153749922354819,0.894466032834591,0.5558284204419641
-40,-17,-39.5,-16.5,70.0,9.0,4.517188064711081,2.6382058174124183,0.05714285714285714,0.565976263746681,0.9286258184941054,0.5556133238082829
-26,-6,-25.5,-5.5,87.0,7.0,4.352467276634584,3.57489002898066,0.034482758620689655,0.5944772853908779,0.9032847065577556,0.555498869265052
-43,-3,-42.5,-2.5,106.0,13.0,4.756376079341146,3.868863564497465,0.0,0.6204336898721504,0.8953315285519222,0.5554938439183417
-38,-14,-37.5,-13.5,134.0,11.0,8.798825767973751,5.437937568601263,0.0,0.6512966424488794,0.8528817044987983,0.5554789905461447
-58,-24,-57.5,-23.5,90.0,12.0,3.928838561977309,3.0604921819707203,0.011111111111111112,0.5989282525143886,0.9172012573652809,0.5554414990142076
-50,-35,-49.5,-34.5,94.0,9.0,4.403437940965393,3.3652436909187413,0.010638297872340425,0.6046398751527554,0.9089564914071855,0.5554380558612136
-60,-27,-59.5,-26.5,100.0,12.0,4.948050348410794,3.4614917304553927,0.0,0.6127714823087923,0.9063525910601635,0.5553870207183511
22,-20,22.5,-19.5,129.0,6.0,6.628767982503657,5.688791084226604,0.015503875968992248,0.6462856797586358,0.8460950981478216,0.5552969618584946
-62,-36,-61.5,-35.5,84.0,8.0,3.4349683390477206,2.5821800198449862,0.011904761904761904,0.5898719190292874,0.9301415438473731,0.5551960962171392
-43,-18,-42.5,-17.5,103.0,10.0,4.477684756573814,3.714606977864771,0.0,0.616657850061126,0.8995047956792006,0.5546866934232082
-18,-19,-17.5,-18.5,76.0,4.0,3.447634218874106,2.7740421888013262,0.039473684210526314,0.5767476878441404,0.9249508929963961,0.5545210503091909
-20,-10,-19.5,-9.5,106.0,9.0,5.321768499518003,4.55002160441669,0.018867924528301886,0.6204336898721504,0.8769034372883383,0.5543257264896656
8,-21,8.5,-20.5,107.0,4.0,5.346911859651538,4.32088011868161,0.009345794392523364,0.6216688127513696,0.8831026450550117,0.5541281894579988
22,-19,22.5,-18.5,128.0,6.0,8.243516643183515,5.952614635606274,0.0234375,0.645260387003191,0.8389575996564524,0.5540339047796904
-33,-14,-32.5,-13.5,86.0,8.0,3.806751954585454,2.824908896600448,0.011627906976744186,0.5929598431366307,0.9235747419731895,0.5540106728942764
-20,-25,-19.5,-24.5,99.0,7.0,4.194275528423877,3.8171566643251276,0.010101010101010102,0.6114503295969382,0.8967304101909701,0.5538445503746124
-57,-11,-56.5,-10.5,103.0,15.0,6.109364268762655,4.088946566581432,0.009708737864077669,0.616657850061126,0.8893773895558563,0.553766224168884
42,-16,42.5,-15.5,142.0,3.0,7.033696833009148,6.336143328519901,0.014084507042253521,0.6589404652500853,0.828581590946266,0.5536758818391093
-34,-9,-33.5,-8.5,99.0,3.0,6.009817272721841,4.814292471379617,0.04040404040404041,0.6114503295969382,0.8697538370938271,0.5532985944141404
-58,-28,-57.5,-27.5,103.0,9.0,7.579351556155179,4.116976167776388,0.009708737864077669,0.616657850061126,0.8886190750111674,0.5532940635460977
34,-19,34.5,-18.5,139.0,8.0,6.920412155031303,6.022539934877291,0.007194244604316547,0.656125347386344,0.837065836334166,0.5531713364820096
-28,-10,-27.5,-9.5,86.0,7.0,4.464394914186045,2.888291190306942,0.011627906976744186,0.5929598431366307,0.9218599935235388,0.5529820729345095
-12,-21,-11.5,-20.5,65.0,10.0,4.34973588405146,2.8597569826827347,0.07692307692307693,0.5562803695515928,0.9226319597214204,0.5527222050150145
46,-17,46.5,-16.5,103.0,5.0,8.20242307005305,5.071200745386,0.038834951456310676,0.616657850061126,0.862803424939372,0.5527168159241587
28,-15,28.5,-14.5,91.0,3.0,5.896870507229717,5.367840906733116,0.07692307692307693,0.6003793571444475,0.854778103875266,0.5526673691600729
-19,-6,-18.5,-5.5,92.0,4.0,4.956581751170026,4.433868741850256,0.043478260869565216,0.6018147738496281,0.8800458439347527,0.5526517466555461
25,-15,25.5,-14.5,63.0,3.0,4.762565994283488,3.192817564470658,0.09523809523809523,0.5521946702019185,0.9136213183756645,0.5525441390270247
4,-21,4.5,-20.5,76.0,5.0,5.079024836045568,2.9071249693226626,0.039473684210526314,0.5767476878441404,0.9213504633143952,0.5523625421506012
-17,-3,-16.5,-2.5,83.0,6.0,5.876472353933878,3.868507851871199,0.04819277108433735,0.5883006018495491,0.8953411520230644,0.5521143043112995
21,-19,21.5,-18.5,104.0,6.0,7.114424300858366,5.171232949675867,0.038461538461538464,0.617928431547059,0.8600971475677216,0.5519199614274917
-56,-11,-55.5,-10.5,106.0,16.0,5.4006709146571605,4.087666961586408,0.0,0.6204336898721504,0.8894120080676373,0.551821173982003
-47,-22,-46.5,-21.5,101.0,5.0,4.64791266831781,4.078925593826449,0.009900990099009901,0.6140796185261455,0.8896484975655343,0.5517240695124256
-61,-21,-60.5,-20.5,81.0,6.0,3.8232803510513853,2.9496225182218216,0.024691358024691357,0.5851010554136048,0.9202007320278274,0.5517045039339982
1,-19,1.5,-18.5,91.0,7.0,4.7536561649628135,3.7375244480807885,0.02197802197802198,0.6003793571444475,0.8988847850386137,0.5515327895947463
-58,-18,-57.5,-17.5,94.0,11.0,4.525465478582878,3.6240099419779073,0.010638297872340425,0.6046398751527554,0.9019558134279322,0.5511601360671794
-35,-9,-34.5,-8.5,91.0,3.0,4.393736363363524,3.7677181423244748,0.02197802197802198,0.6003793571444475,0.898067922988254,0.5510315838642148
78,-3,78.5,-2.5,119.0,5.0,7.782797067489326,5.189990462419532,0.008403361344537815,0.6356580290937963,0.8595896806709658,0.5509967215912658
34,-18,34.5,-17.5,107.0,4.0,7.268429367996331,4.805278972132698,0.018691588785046728,0.6216688127513696,0.8699976888536128,0.5509597841639312
-20,-21,-19.5,-20.5,84.0,6.0,4.442492011832952,3.2415004849935127,0.023809523809523808,0.5898719190292874,0.9123042476669647,0.5509555777220227
-56,-7,-55.5,-6.5,88.0,10.0,4.528247594177157,3.5592028817557138,0.022727272727272728,0.5959775810380047,0.9037091075980206,0.5508310580880159
-12,-20,-11.5,-19.5,111.0,7.0,5.8126076787443735,5.040365165342955,0.018018018018018018,0.6264975176888341,0.8636376526073977,0.5508157977130588
-19,-12,-18.5,-11.5,93.0,5.0,4.520657359302131,3.578894382347984,0.010752688172043012,0.6032348382102174,0.9031763725368969,0.5506858126718611
74,-15,74.5,-14.5,138.0,5.0,7.793019740796594,6.342384663980921,0.014492753623188406,0.6551735529732414,0.828412737475057,0.5506201182288052
7,-18,7.5,-17.5,105.0,6.0,5.490432080054783,5.010022059216789,0.02857142857142857,0.6191869694253779,0.8644585568559623,0.5505546589852927
-36,-19,-35.5,-18.5,90.0,7.0,4.584311600882502,2.993171499727238,0.0,0.5989282525143886,0.9190225552192367,0.5504285730187657
-47,-33,-46.5,-32.5,73.0,7.0,3.6278205899355807,3.2128305277434306,0.0547945205479452,0.5714711755612785,0.9130798864435257,0.5503905531331165
-47,-19,-46.5,-18.5,87.0,6.0,4.726737757866358,3.5156979392450203,0.022988505747126436,0.5944772853908779,0.9048860929729552,0.5503005322336583
5,-20,5.5,-19.5,107.0,8.0,6.5020011526659705,4.548558013259258,0.009345794392523364,0.6216688127513696,0.8769430333730075,0.5502631637011111
42,-19,42.5,-18.5,136.0,5.0,7.583422911274664,6.058006488899021,0.007352941176470588,0.6532492475221707,0.8361063220129451,0.5502018979513059
-33,-29,-32.5,-28.5,89.0,6.0,4.624434233333753,3.7007903210008357,0.02247191011235955,0.5974611132545113,0.8998785923588616,0.5497243187438332
-22,-8,-21.5,-7.5,93.0,7.0,4.584208291757827,3.638182513289003,0.010752688172043012,0.6032348382102174,0.9015723878170542,0.5497078291286482
-30,-13,-29.5,-12.5,94.0,6.0,5.317498986141125,4.075054667495736,0.02127659574468085,0.6046398751527554,0.8897532218431858,0.549426665843771
-29,-25,-28.5,-24.5,81.0,4.0,4.375622393648008,3.096146798845503,0.024691358024691357,0.5851010554136048,0.9162366551801338,0.5493278496077256
-42,-22,-41.5,-21.5,78.0,6.0,3.8014347476527974,2.8395650872405747,0.02564102564102564,0.5801523552108097,0.9231782324954113,0.5493169496016054
-50,-28,-49.5,-27.5,90.0,4.0,4.845905704015085,3.062259552506592,0.0,0.5989282525143886,0.9171534428147319,0.5493091087925827
-12,-2,-11.5,-1.5,90.0,5.0,5.362319888425488,4.514307255825893,0.044444444444444446,0.5989282525143886,0.8778696554589829,0.5491489803985441
43,-18,43.5,-17.5,110.0,7.0,6.257884824274678,5.08678747173138,0.01818181818181818,0.6253067047556464,0.8623817406917234,0.5490576860499868
-62,-18,-61.5,-17.5,90.0,9.0,4.363621694905469,3.083118676189871,0.0,0.5989282525143886,0.9165891188071059,0.5489711192008433
-64,-20,-63.5,-19.5,72.0,10.0,4.766886766046194,3.2207830018063266,0.05555555555555555,0.569664688483081,0.9128647397239483,0.5489171857810337
-14,-28,-13.5,-27.5,79.0,3.0,3.6034405903580327,3.3715849388679464,0.0379746835443038,0.5818224998994282,0.9087849348974115,0.5488306944407847
-43,-20,-42.5,-19.5,79.0,9.0,4.111704145319155,3.3782144692145755,0.0379746835443038,0.5818224998994282,0.9086055791780298,0.5487223784682809
-65,-25,-64.5,-24.5,84.0,7.0,4.027355233582941,2.9841120187998085,0.011904761904761904,0.5898719190292874,0.9192676509702187,0.548705532586245
-56,-21,-55.5,-20.5,104.0,10.0,4.992065866245243,4.46216838865379,0.009615384615384616,0.617928431547059,0.8792802235596565,0.5485565979868213
-63,-20,-62.5,-19.5,94.0,10.0,4.850500517265873,3.7881302566687234,0.010638297872340425,0.6046398751527554,0.89751569239862,0.5484469014782589
10,-15,10.5,-14.5,95.0,6.0,7.3432694344022975,4.867995275265049,0.042105263157894736,0.6060301993962866,0.8683009581536792,0.548373091345055
-58,-14,-57.5,-13.5,103.0,18.0,5.68236677315837,4.418068890298393,0.009708737864077669,0.616657850061126,0.8804732940847697,0.5482221352516637
14,-21,14.5,-20.5,111.0,6.0,6.493068043914297,5.203094175584683,0.018018018018018018,0.6264975176888341,0.8592351720137269,0.5480079582762326
27,-17,27.5,-16.5,117.0,8.0,7.023429303611794,5.80439144096986,0.02564102564102564,0.6334264681266482,0.8429676390277322,0.5476492454711749
-33,-17,-32.5,-16.5,88.0,5.0,4.86821463992759,3.7529143439616544,0.022727272727272728,0.5959775810380047,0.8984684258543878,0.547636744513352
49,-18,49.5,-17.5,123.0,3.0,6.889923058066036,5.842687737679729,0.016260162601626018,0.6400116896889132,0.8419315686747926,0.5476077701930806
-43,-19,-42.5,-18.5,97.0,10.0,5.472095310160184,4.069278560135023,0.010309278350515464,0.6087679201420969,0.8899094890049213,0.5473333832592963
-58,-8,-57.5,-7.5,98.0,10.0,5.774050075783899,4.139544188932497,0.01020408163265306,0.6101158987459608,0.8880085183868155,0.5473165654456577
18,-19,18.5,-18.5,100.0,8.0,6.632777897966889,5.218491161248288,0.04,0.6127714823087923,0.8588186210220853,0.54730994181562
5,-13,5.5,-12.5,87.0,6.0,5.143171488441343,3.3358624072332104,0.011494252873563218,0.5944772853908779,0.9097513744526273,0.5470429243326342
-24,-22,-23.5,-21.5,88.0,4.0,4.110309199836082,3.039873012821203,0.0,0.5959775810380047,0.9177590896282777,0.5469638422123023
-54,-35,-53.5,-34.5,101.0,6.0,5.075539483489338,4.041632467209372,0.0,0.6140796185261455,0.8906574280934415,0.5469345736810984
57,-18,57.5,-17.5,132.0,5.0,8.42487516660749,5.83410054039096,0.0,0.6493148929421613,0.8421638872353349,0.5468295542799658
53,-13,53.5,-12.5,101.0,3.0,6.008870749504992,4.690886902214476,0.019801980198019802,0.6140796185261455,0.8730924589080532,0.5467650818093475
0,-20,0.5,-19.5,112.0,8.0,6.9849867715293845,5.644297932043849,0.026785714285714284,0.6276777454781529,0.8472988186076513,0.5460760750370053
-4,-19,-3.5,-18.5,96.0,8.0,5.352631155039798,3.759427883090745,0.0,0.6074061158754879,0.898292208168498,0.5456281810848426
-45,-29,-44.5,-28.5,91.0,10.0,5.246011421204782,3.373657066149718,0.0,0.6003793571444475,0.9087288754392235,0.5455820580547976
-35,-25,-34.5,-24.5,89.0,7.0,4.380346198771705,3.2108578293065713,0.0,0.5974611132545113,0.9131332559476635,0.5455616116482077
-62,-35,-61.5,-34.5,96.0,10.0,5.5322015822479536,3.7668791033762363,0.0,0.6074061158754879,0.8980906223992653,0.5455057366557372
-20,-19,-19.5,-18.5,86.0,3.0,4.131770833760899,3.349275131709584,0.011627906976744186,0.5929598431366307,0.9093885057844792,0.5455009920860363
-59,-18,-58.5,-17.5,90.0,10.0,4.340533643028285,3.319883685147606,0.0,0.5989282525143886,0.9101836637770019,0.5451347112131036
-15,-3,-14.5,-2.5,107.0,8.0,5.646174184526077,4.852813204730087,0.009345794392523364,0.6216688127513696,0.8687116948182889,0.5450981732487747
-25,-17,-24.5,-16.5,87.0,3.0,3.294675095327013,3.075380464266645,0.0,0.5944772853908779,0.9167984688656549,0.5450158650217678
-55,-21,-54.5,-20.5,83.0,6.0,3.5214888087263687,3.149555682949021,0.012048192771084338,0.5883006018495491,0.9147917279637384,0.5446565304428522
41,-20,41.5,-19.5,107.0,4.0,6.684656555723921,5.46533310969952,0.028037383177570093,0.6216688127513696,0.8521405438547371,0.5446019815093728
44,-4,44.5,-3.5,109.0,8.0,6.8424672362137,5.01653546703322,0.009174311926605505,0.6241051150883877,0.8642823427226132,0.5443516826340675
58,-18,58.5,-17.5,173.0,5.0,9.75901979713288,7.7620267971648875,0.005780346820809248,0.6849922881702838,0.7900056523952927,0.5442758013485401
19,-15,19.5,-14.5,86.0,6.0,5.956036797459804,4.180787925152991,0.03488372093023256,0.5929598431366307,0.8868927078251247,0.5442368223381359
-40,-5,-39.5,-4.5,82.0,8.0,4.440531560398038,3.0904718086404492,0.012195121951219513,0.5867104660528069,0.9163901867121569,0.5442124905264023
-12,-19,-11.5,-18.5,94.0,10.0,5.050465629194779,4.049818352523222,0.010638297872340425,0.6046398751527554,0.8904359666516082,0.5441206777897488
-28,-20,-27.5,-19.5,71.0,3.0,2.9343771756841166,2.036708373822052,0.014084507042253521,0.5678332835570015,0.9448987671135038,0.5441019409612631
42,-15,42.5,-14.5,113.0,4.0,6.732497666552754,5.813093582594707,0.02654867256637168,0.6288475746496136,0.842732210756093,0.5440195786753702
-59,-34,-58.5,-33.5,87.0,9.0,4.041372743907083,3.525634410996405,0.011494252873563218,0.5944772853908779,0.9046172710585955,0.5439557347846249
-34,-28,-33.5,-27.5,79.0,5.0,4.120709123845106,3.263400220627772,0.02531645569620253,0.5818224998994282,0.9117117708799853,0.5438836475874854
23,-15,23.5,-14.5,82.0,3.0,4.447566919045798,3.5300146638862113,0.024390243902439025,0.5867104660528069,0.90449876742907,0.5436222810259745
-38,-16,-37.5,-15.5,92.0,11.0,5.056880739233594,3.580147394281777,0.0,0.6018147738496281,0.9031424734754205,0.5435244834286039
45,-18,45.5,-17.5,91.0,4.0,6.177680393734753,4.572633814335342,0.03296703296703297,0.6003793571444475,0.8762916851785024,0.543451639891631
7,-15,7.5,-14.5,145.0,8.0,8.156397081290452,7.023692618559381,0.013793103448275862,0.6616971335167342,0.809980590411115,0.5433544119120437
-32,-15,-31.5,-14.5,90.0,9.0,5.569970665843726,4.161614852794214,0.022222222222222223,0.5989282525143886,0.8874114172971186,0.5433067865213708
54,-14,54.5,-13.5,146.0,7.0,8.041450786549438,7.06805411694045,0.0136986301369863,0.6626034493364649,0.8087804317212864,0.5432418093460633
-14,-4,-13.5,-3.5,84.0,6.0,4.817796901165879,3.3328587954119513,0.011904761904761904,0.5898719190292874,0.9098326343505052,0.5430738258533735
-22,-7,-21.5,-6.5,117.0,8.0,7.5100594288040305,5.278261077287048,0.0,0.6334264681266482,0.8572016020587481,0.5429741832645774
-31,-16,-30.5,-15.5,79.0,4.0,4.527617049229996,3.3354422170510682,0.02531645569620253,0.5818224998994282,0.9097627423035088,0.5427209503345991
-21,-21,-20.5,-20.5,84.0,4.0,4.310241194504438,3.355715847193867,0.011904761904761904,0.5898719190292874,0.909214258273929,0.5427047207575092
-35,-11,-34.5,-10.5,77.0,5.0,4.6706019875839235,3.18393294527395,0.025974025974025976,0.578460934221841,0.913861683406691,0.5423640177598094
-20,-18,-19.5,-17.5,83.0,5.0,4.389034814339271,3.6968886918582977,0.024096385542168676,0.5883006018495491,0.8999841472722615,0.5422193170735253
-7,-16,-6.5,-15.5,107.0,8.0,7.01673199566805,5.604598201477381,0.028037383177570093,0.6216688127513696,0.8483728575459648,0.5421940577880331
46,-4,46.5,-3.5,98.0,7.0,6.760692250774609,5.092530706829203,0.030612244897959183,0.6101158987459608,0.8622263628581982,0.542161829000681
-45,-4,-44.5,-3.5,88.0,5.0,4.417357763037295,3.728577231001009,0.011363636363636364,0.5959775810380047,0.8991268435965964,0.5419487531259114
-35,-18,-34.5,-17.5,77.0,7.0,4.984782647612657,3.2167289285858947,0.025974025974025976,0.578460934221841,0.9129744188687533,0.5418374387726942
48,-18,48.5,-17.5,103.0,4.0,6.554456025868844,4.799611859307155,0.009708737864077669,0.616657850061126,0.8701510072705291,0.5417950168415984
76,22,76.5,22.5,94.0,4.0,6.68943559265873,4.871475987683505,0.031914893617021274,0.6046398751527554,0.868206790747071,0.5417062470182562
-35,-17,-34.5,-16.5,88.0,4.0,4.145600789161813,3.3736095369812293,0.0,0.5959775810380047,0.9087301612962542,0.5415828033456174
55,-18,55.5,-17.5,119.0,4.0,6.741591313464111,5.991902035250157,0.01680672268907563,0.6356580290937963,0.8378947159441319,0.5415660079894414
-16,-24,-15.5,-23.5,81.0,7.0,4.689687908783526,2.7647649086315775,0.0,0.5851010554136048,0.9252018811013977,0.5413365971030802
-34,-16,-33.5,-15.5,90.0,9.0,4.5817439616396545,3.556771710415594,0.0,0.5989282525143886,0.903774880656118,0.5412963099377689
-49,-3,-48.5,-2.5,87.0,9.0,5.730321478658465,3.6990256815398093,0.011494252873563218,0.5944772853908779,0.8999263330227447,0.5411350251566356
-50,-3,-49.5,-2.5,73.0,10.0,5.3165844718266975,3.7922165704504427,0.0547945205479452,0.5714711755612785,0.8974051410156985,0.5409420569671939
-57,-15,-56.5,-14.5,88.0,14.0,4.320176323611964,3.41544627718015,0.0,0.5959775810380047,0.90759830756867,0.540908243898963
-25,-19,-24.5,-18.5,75.0,4.0,4.129368834422629,3.9562766586782288,0.05333333333333334,0.5750120454552455,0.8929666493567998,0.5408514638137022
-52,-29,-51.5,-28.5,83.0,8.0,3.4553007759628476,2.982983741157388,0.0,0.5883006018495491,0.9192981754625489,0.5408236699038099
-30,1,-29.5,1.5,68.0,4.0,4.304726250957025,3.388682929989334,0.058823529411764705,0.5621824413051624,0.9083223648001016,0.5406807012727759
-22,-9,-21.5,-8.5,81.0,10.0,5.961929057744723,4.415302934114795,0.04938271604938271,0.5851010554136048,0.8805481244324941,0.5406520881552274
-55,-11,-54.5,-10.5,95.0,12.0,4.50940971727381,3.9982538688784945,0.0,0.6060301993962866,0.8918309953452096,0.5404765159368461
-31,-29,-30.5,-28.5,91.0,8.0,5.000417079963722,3.691738317453881,0.0,0.6003793571444475,0.900123485816335,0.5404155597650303
-48,-23,-47.5,-22.5,83.0,5.0,4.200961236378369,3.813010621543425,0.024096385542168676,0.5883006018495491,0.8968425774859095,0.5403265950414123
-50,-6,-49.5,-5.5,98.0,14.0,6.654401081311956,4.558960006233869,0.01020408163265306,0.6101158987459608,0.8766616172190088,0.5403229985518433
-42,-16,-41.5,-15.5,100.0,8.0,7.140659104831508,4.373413390544532,0.0,0.6127714823087923,0.8816814067057155,0.5402692225111625
-63,-16,-62.5,-15.5,67.0,4.0,3.02486640879989,2.360693118556232,0.029850746268656716,0.5602440893317775,0.9361336640183713,0.540118974541264
18,-14,18.5,-13.5,52.0,4.0,7.114005370720071,3.5911061694842976,0.1346153846153846,0.5271545243917248,0.9028459941009819,0.5400081093564875
-37,-21,-36.5,-20.5,74.0,5.0,3.1016261572511685,3.0601072847569726,0.02702702702702703,0.573253413757653,0.9172116703980374,0.5400053893344136
60,-14,60.5,-13.5,149.0,6.0,9.458352612018155,7.161090489580671,0.006711409395973154,0.6652858587913062,0.8062634200068683,0.5399956226086763
-14,-23,-13.5,-22.5,86.0,6.0,5.305028493887588,4.06678450112844,0.023255813953488372,0.5929598431366307,0.8899769634297927,0.5399931727382319
-27,-6,-26.5,-5.5,92.0,6.0,4.99354654856244,4.155684893843425,0.010869565217391304,0.6018147738496281,0.8875718467691797,0.5399598703499808
-63,-23,-62.5,-22.5,91.0,9.0,6.919336148730425,4.787126810104204,0.03296703296703297,0.6003793571444475,0.8704887785551043,0.539852839202359
-36,-15,-35.5,-14.5,86.0,6.0,4.954736174779507,3.6989252159111414,0.011627906976744186,0.5929598431366307,0.8999290510260061,0.5398266934529249
-30,-22,-29.5,-21.5,76.0,3.0,3.6325812392774304,2.827164733369366,0.013157894736842105,0.5767476878441404,0.9235137124273027,0.5396427456813159
-14,-5,-13.5,-4.5,96.0,6.0,5.3939925481221,4.464116214195377,0.010416666666666666,0.6074061158754879,0.8792275269683484,0.5396111789717247
-23,-24,-22.5,-23.5,93.0,9.0,4.604506753719117,3.9023185415854633,0.0,0.6032348382102174,0.8944264355560708,0.5395491861436078
-14,-3,-13.5,-2.5,111.0,6.0,6.260113635278964,5.140442004341912,0.0,0.6264975176888341,0.8609301676855983,0.539370612958459
-3,-2,-2.5,-1.5,114.0,8.0,6.254970524151428,5.317949728529353,0.0,0.6300071868419572,0.856127862861148,0.5393667064581688
16,-20,16.5,-19.5,100.0,6.0,6.19679839585368,4.753490626288156,0.01,0.6127714823087923,0.8713987739288569,0.5393080015662743
-57,-25,-56.5,-24.5,93.0,10.0,4.890432633997408,4.26886085507621,0.010752688172043012,0.6032348382102174,0.8845099773934781,0.5393045151847109
-24,-25,-23.5,-24.5,93.0,8.0,5.161016838660546,3.92376260749838,0.0,0.6032348382102174,0.893846286485596,0.5391992200129422
-35,-1,-34.5,-0.5,88.0,2.0,4.827398712349439,3.9028734952195947,0.011363636363636364,0.5959775810380047,0.8944114218065187,0.5391065323894322
-6,-3,-5.5,-2.5,83.0,6.0,7.813732725096222,4.660742108291603,0.04819277108433735,0.5883006018495491,0.8739079980061434,0.5388974976309511
-21,-8,-20.5,-7.5,83.0,6.0,5.489922742050948,3.902436162194282,0.024096385542168676,0.5883006018495491,0.8944232534409275,0.5388690091101206
-41,-28,-40.5,-27.5,78.0,8.0,3.733882138932795,3.065788936550625,0.01282051282051282,0.5801523552108097,0.917057958642989,0.538854274758362
-3,-19,-2.5,-18.5,103.0,6.0,5.406007885952698,4.667221978865211,0.0,0.616657850061126,0.8737326911914124,0.538794122878218
75,-13,75.5,-12.5,134.0,7.0,9.233822943215015,6.6118260501365755,0.007462686567164179,0.6512966424488794,0.8211232537381378,0.5387858243022913
-14,-2,-13.5,-1.5,85.0,7.0,5.64482620947994,4.824713750483635,0.047058823529411764,0.5914248578088228,0.8694718991717043,0.5384262258345756
-29,-6,-28.5,-5.5,98.0,4.0,5.946148024372064,4.99643435489655,0.02040816326530612,0.6101158987459608,0.8648261594395061,0.5384124382912775
-20,-8,-19.5,-7.5,98.0,9.0,5.359286857337434,4.683265430276645,0.01020408163265306,0.6101158987459608,0.8732986506758988,0.5382502624688298
3,-19,3.5,-18.5,97.0,8.0,8.157348628850894,4.943688703790106,0.020618556701030927,0.6087679201420969,0.8662531435098431,0.5382202610784846
-15,-20,-14.5,-19.5,98.0,14.0,6.2211281797383124,4.362196066610014,0.0,0.6101158987459608,0.8819848808733595,0.538112998274399
-51,-30,-50.5,-29.5,81.0,7.0,5.435827233344523,3.383744982246285,0.012345679012345678,0.5851010554136048,0.9084559563402889,0.5381007430348304
-59,-6,-58.5,-5.5,72.0,6.0,4.132605503186983,3.8911386698934898,0.05555555555555555,0.569664688483081,0.8947288964884549,0.5380118724335126
-46,-19,-45.5,-18.5,87.0,7.0,5.512183851343774,3.894827338920377,0.011494252873563218,0.5944772853908779,0.8946291030110459,0.5379497458838169
-47,-18,-46.5,-17.5,78.0,5.0,5.260746683363884,3.5509902315456494,0.02564102564102564,0.5801523552108097,0.9039312931389927,0.5378644806803481
-37,-10,-36.5,-9.5,97.0,4.0,5.7465003659030245,4.307606113754258,0.0,0.6087679201420969,0.8834617607959981,0.5378231786448545
-13,-18,-12.5,-17.5,93.0,5.0,5.282099155330156,4.011880606397477,0.0,0.6032348382102174,0.8914623367551202,0.5377611384829772
72,-13,72.5,-12.5,88.0,8.0,6.9471544783424,4.712387929701957,0.03409090909090909,0.5959775810380047,0.872510768795657,0.537724023010188
84,-13,84.5,-12.5,88.0,4.0,7.616055455058689,5.064677918595189,0.045454545454545456,0.5959775810380047,0.8629798938942299,0.5376947000860406
-10,-19,-9.5,-18.5,114.0,12.0,6.96048531927392,5.691325217007798,0.008771929824561403,0.6300071868419572,0.8460265395646014,0.5376782633442455
-33,-30,-32.5,-29.5,78.0,4.0,4.189915514587962,3.1411553879235994,0.01282051282051282,0.5801523552108097,0.9150189900590193,0.5376561967882456
-38,-22,-37.5,-21.5,80.0,8.0,4.445007060349586,3.327921475362853,0.0125,0.5834718969120846,0.9099662089090219,0.5375764564135207
-51,-27,-50.5,-26.5,63.0,6.0,5.025147691077862,3.126906778270151,0.06349206349206349,0.5521946702019185,0.915404472815861,0.5375755326166719
-57,-36,-56.5,-35.5,88.0,8.0,5.959135702492571,4.373795262698375,0.022727272727272728,0.5959775810380047,0.8816710755131146,0.5373983811021975
1,-16,1.5,-15.5,99.0,7.0,6.905499126001676,5.140579442047662,0.020202020202020204,0.6114503295969382,0.8609264494375028,0.5370483827070259
-57,-20,-56.5,-19.5,104.0,10.0,5.122365573369385,5.159094006451723,0.009615384615384616,0.617928431547059,0.8604255552799824,0.5367937351240627
-68,-24,-67.5,-23.5,55.0,4.0,6.189698047255399,4.032452983049178,0.12727272727272726,0.5344650726551812,0.8909057704192206,0.5367599467926144
-63,-21,-62.5,-20.5,87.0,7.0,4.6599369827955215,3.591020050069607,0.0,0.5944772853908779,0.9028483239808929,0.536722820759865
-2,-21,-1.5,-20.5,99.0,7.0,6.246000570032309,5.160798775384919,0.020202020202020204,0.6114503295969382,0.8603794343570202,0.5367071531345329
-58,-19,-57.5,-18.5,99.0,14.0,6.647487552487611,4.520297412145959,0.0,0.6114503295969382,0.8777075974036124,0.5366745997221756
-45,-25,-44.5,-24.5,84.0,8.0,4.160835643060838,3.333928865159514,0.0,0.5898719190292874,0.9098036846181218,0.5366676453856081
-64,-36,-63.5,-35.5,77.0,9.0,3.8651494570641187,2.670778538179258,0.0,0.578460934221841,0.9277445941147151,0.5366640046308607
-22,-13,-21.5,-12.5,80.0,3.0,4.871962652764521,3.401679991831246,0.0125,0.5834718969120846,0.9079707414942831,0.5363976035163456
11,-15,11.5,-14.5,107.0,5.0,7.386257451079821,5.368804056771282,0.009345794392523364,0.6216688127513696,0.8547520467552385,0.5363387900106382
-13,-23,-12.5,-22.5,91.0,5.0,5.876532727509646,5.333743525892771,0.04395604395604396,0.6003793571444475,0.8557005765015152,0.5363271581612167
-62,-24,-61.5,-23.5,86.0,12.0,5.123219638366964,3.9151488285630416,0.011627906976744186,0.5929598431366307,0.8940793241876301,0.5363177071687695
-39,-24,-38.5,-23.5,80.0,7.0,3.759201024716603,2.9906144632484297,0.0,0.5834718969120846,0.9190917334404927,0.5362641971467402
-65,-28,-64.5,-27.5,78.0,9.0,4.712211407450222,3.6541914971536906,0.02564102564102564,0.5801523552108097,0.9011392797886579,0.5362031544024232
-3,-16,-2.5,-15.5,89.0,8.0,5.617462833540699,4.159481970598584,0.011235955056179775,0.5974611132545113,0.8874691204224611,0.5361859098875786
-10,-3,-9.5,-2.5,102.0,8.0,6.7161985238509265,5.681821207181863,0.029411764705882353,0.6153749922354819,0.8462836616275856,0.5360989135178874
-42,-28,-41.5,-27.5,88.0,6.0,4.311516534860366,3.716863761577992,0.0,0.5959775810380047,0.8994437405146247,0.5360483047516809
-22,-5,-21.5,-4.5,93.0,6.0,5.838216782867373,4.471079064387329,0.010752688172043012,0.6032348382102174,0.8790391535934893,0.5359688377446344
46,-19,46.5,-18.5,111.0,5.0,7.746588138385024,6.181038262298893,0.02702702702702703,0.6264975176888341,0.8327778128922096,0.5358341307406923
49,-14,49.5,-13.5,69.0,5.0,7.89722777687795,4.225096093583896,0.07246376811594203,0.5640929023526909,0.8856939919270289,0.5358175854084338
-46,-28,-45.5,-27.5,83.0,6.0,3.9829944970768656,3.3024481827868817,0.0,0.5883006018495491,0.910655364924019,0.5357390992623212
62,-13,62.5,-12.5,143.0,5.0,9.544776107072032,7.9775573329187335,0.03496503496503497,0.6598657285906546,0.7841746761016971,0.535542651120641
72,-3,72.5,-2.5,112.0,3.0,8.264221861307187,5.705568998813224,0.008928571428571428,0.6276777454781529,0.8456411874206553,0.5355293518072692
-23,-28,-22.5,-27.5,84.0,7.0,4.751074291827602,3.8011125489224096,0.011904761904761904,0.5898719190292874,0.8971644686701445,0.5355122711862461
-30,-29,-29.5,-28.5,75.0,5.0,4.360684654680563,3.864699858980202,0.04,0.5750120454552455,0.8954441736955895,0.5354868333439905
4,-18,4.5,-17.5,102.0,7.0,6.2300481080057075,5.41779841990574,0.0196078431372549,0.6153749922354819,0.8534265502590803,0.5354749519694166
-47,-27,-46.5,-26.5,80.0,6.0,3.83491439572657,3.0435398850731232,0.0,0.5834718969120846,0.9176598858421514,0.5354287543124471
82,-15,82.5,-14.5,95.0,5.0,6.993813370238609,4.983707956929309,0.021052631578947368,0.6060301993962866,0.8651704601883086,0.5353577302154808
-48,-7,-47.5,-6.5,59.0,8.0,4.986355879626752,2.8807280329806764,0.06779661016949153,0.5436255840601433,0.9220646076443173,0.5352414980495799
-62,-15,-61.5,-14.5,79.0,6.0,3.538829375787884,2.9740184935528773,0.0,0.5818224998994282,0.9195407218194503,0.5350094815283173
44,-14,44.5,-13.5,78.0,3.0,5.207926855681446,4.142463884062815,0.038461538461538464,0.5801523552108097,0.8879295287762257,0.5349472692030883
-34,-31,-33.5,-30.5,66.0,4.0,4.122913440725216,2.5932975315883944,0.030303030303030304,0.558277019990042,0.9298407700048508,0.5348393018448738
-29,-12,-28.5,-11.5,89.0,9.0,5.841204530502155,4.255960761095692,0.011235955056179775,0.5974611132545113,0.884858977324845,0.5346089288754778
-55,-12,-54.5,-11.5,82.0,9.0,4.094062268395868,3.2909890610562456,0.0,0.5867104660528069,0.9109653807040247,0.5344729230708309
-39,-23,-38.5,-22.5,82.0,8.0,4.545823376556173,3.7029930112833638,0.012195121951219513,0.5867104660528069,0.8998190006412674,0.5343714352931822
-42,-12,-41.5,-11.5,75.0,4.0,4.2476372458757625,3.0678854281073518,0.013333333333333334,0.5750120454552455,0.9170012400322165,0.5343172488321337
11,-18,11.5,-17.5,119.0,6.0,8.575003247648983,5.8951526697788115,0.0,0.6356580290937963,0.8405121791936462,0.5342783152555649
-38,-15,-37.5,-14.5,111.0,13.0,7.749902318396944,5.727804553230154,0.009009009009009009,0.6264975176888341,0.8450396253717949,0.5341847341994843
-42,-27,-41.5,-26.5,80.0,5.0,3.9975695843677728,3.135960816276472,0.0,0.5834718969120846,0.9151595243179996,0.5339698636309842
-57,-32,-56.5,-31.5,68.0,9.0,3.6121738878166703,2.859685530345575,0.029411764705882353,0.5621824413051624,0.9226338927973191,0.5339441205861435
-42,-20,-41.5,-19.5,95.0,10.0,4.863857788453645,4.401317984420736,0.0,0.6060301993962866,0.8809264741166721,0.5338680467623945
-60,-21,-59.5,-20.5,91.0,12.0,4.4340290610122,4.095572487455129,0.0,0.6003793571444475,0.8891981314873759,0.5338562025564346
-62,-19,-61.5,-18.5,83.0,9.0,4.633379224988599,3.4302581071550815,0.0,0.5883006018495491,0.9071975874148109,0.5337048866725922
-29,-10,-28.5,-9.5,62.0,5.0,3.9683034541471085,2.767563007411765,0.04838709677419355,0.5501036860102642,0.9251261811658997,0.5335402572331848
-57,-31,-56.5,-30.5,71.0,10.0,3.432503104687464,2.7250900902565225,0.014084507042253521,0.5678332835570015,0.9262752460637614,0.5333779414140389
18,-15,18.5,-14.5,84.0,7.0,6.078850331563343,3.937321564925073,0.011904761904761904,0.5898719190292874,0.8934794616222681,0.5333127118384816
-41,-5,-40.5,-4.5,84.0,9.0,4.904169086879808,3.937412226427154,0.011904761904761904,0.5898719190292874,0.893477008860447,0.5333112477991674
12,-22,12.5,-21.5,69.0,2.0,4.239453708381081,3.001561093830554,0.028985507246376812,0.5640929023526909,0.9187955826273567,0.5333088514201435
-19,-21,-18.5,-20.5,114.0,10.0,6.961563746578966,5.677933110550187,0.0,0.6300071868419572,0.8463888504316092,0.5332310586348162
-40,-19,-39.5,-18.5,77.0,8.0,4.443471651942851,2.898083849720053,0.0,0.578460934221841,0.9215950623169726,0.5331067407221117
6,-15,6.5,-14.5,129.0,8.0,8.375106870379696,6.717318330371818,0.007751937984496124,0.6462856797586358,0.8182692591379872,0.5329352059518343
-51,-9,-50.5,-8.5,77.0,5.0,5.44890973828737,4.190733706643856,0.03896103896103896,0.578460934221841,0.886623634044504,0.5328593617169324
-59,-32,-58.5,-31.5,80.0,12.0,5.634378675685008,3.2065284966768286,0.0,0.5834718969120846,0.9132503819773595,0.5328559327280158
-63,-25,-62.5,-24.5,86.0,10.0,4.347135357932208,3.7472880044162036,0.0,0.5929598431366307,0.8986206411884912,0.5328459544384663
-33,-28,-32.5,-27.5,70.0,6.0,3.8737579873884442,2.65420672966627,0.014285714285714285,0.565976263746681,0.9281929288355623,0.5328399539827038
-58,-31,-57.5,-30.5,82.0,14.0,4.349081713156579,3.817189031015281,0.012195121951219513,0.5867104660528069,0.8967295345405556,0.5325367080498695
-36,-12,-35.5,-11.5,92.0,10.0,5.633612766073498,4.2595633705610165,0.0,0.6018147738496281,0.8847615121080769,0.5324625493201772
-16,-8,-15.5,-7.5,93.0,6.0,6.075263544252936,5.030734340034541,0.021505376344086023,0.6032348382102174,0.8638982055441995,0.5323406661709406
20,-18,20.5,-17.5,121.0,8.0,8.38948261441407,6.372610846427373,0.008264462809917356,0.6378527030619434,0.8275949964868731,0.5322463808021684
-44,-35,-43.5,-34.5,71.0,7.0,3.933452113559069,2.7992716909952997,0.014084507042253521,0.5678332835570015,0.9242683325013009,0.532222298500024
-32,-7,-31.5,-6.5,79.0,4.0,4.304021544935771,3.579558212964471,0.012658227848101266,0.5818224998994282,0.9031584132228063,0.5321295045939181
-43,-17,-42.5,-16.5,79.0,8.0,4.399778222665617,3.580377773362769,0.012658227848101266,0.5818224998994282,0.9031362407856761,0.5321164408746268
-36,-18,-35.5,-17.5,67.0,4.0,3.0861518750318213,2.3743194814515785,0.014925373134328358,0.5602440893317775,0.9357650155633727,0.5320815476142239
-28,-30,-27.5,-29.5,67.0,4.0,4.287996078231725,3.3790881906220513,0.04477611940298507,0.5602440893317775,0.9085819414656454,0.5318199457698555
-59,-30,-58.5,-29.5,77.0,13.0,3.84431725297634,3.420506008501129,0.012987012987012988,0.578460934221841,0.9074614212881186,0.531748267003002
-6,-20,-5.5,-19.5,90.0,7.0,5.267037655814311,4.509333969550209,0.011111111111111112,0.5989282525143886,0.8780042030499929,0.5317044288444986
-38,-20,-37.5,-19.5,88.0,8.0,5.0513881606557325,3.9898661877093993,0.0,0.5959775810380047,0.8920579161844502,0.5316465190334118
43,-17,43.5,-16.5,92.0,3.0,7.113887074102758,5.0261358662422975,0.021739130434782608,0.6018147738496281,0.8640226129353634,0.531285520652588
-51,-24,-50.5,-23.5,77.0,4.0,3.486041704225455,3.0187573602403144,0.0,0.578460934221841,0.9183303537843859,0.5312182343743896
-63,-36,-62.5,-35.5,90.0,9.0,4.5861620883786065,4.187131745603757,0.0,0.5989282525143886,0.8867210817187363,0.5310823079414712
-43,-22,-42.5,-21.5,86.0,6.0,4.4930129910943375,3.8621033703926635,0.0,0.5929598431366307,0.8955144192566075,0.5310040895689889
15,-21,15.5,-20.5,107.0,6.0,6.471688868372181,5.391163603526705,0.0,0.6216688127513696,0.8541471302100706,0.5309966323526841
-22,-32,-21.5,-31.5,73.0,5.0,3.992978679311317,3.534490203694491,0.0273972602739726,0.5714711755612785,0.9043776859014254,0.5309853897056264
-44,-13,-43.5,-12.5,83.0,8.0,5.277742627442128,4.004388552116829,0.012048192771084338,0.5883006018495491,0.8916650272497547,0.530887157386204
-38,-4,-37.5,-3.5,61.0,5.0,4.0765784701093555,3.3570000000015363,0.06557377049180328,0.54797924465526,0.9091795167253466,0.5308811117053662
2,-19,2.5,-18.5,93.0,6.0,6.911518540531293,5.122498221336324,0.021505376344086023,0.6032348382102174,0.8614156198882621,0.5308108779465563
-54,-4,-53.5,-3.5,61.0,6.0,3.8358475460160344,2.844187029116603,0.04918032786885246,0.54797924465526,0.9230531901972736,0.5306900878068774
-11,-1,-10.5,-0.5,77.0,5.0,5.230488747447069,3.5068806652068054,0.012987012987012988,0.578460934221841,0.9051246360439458,0.5303789729759533
-24,-12,-23.5,-11.5,74.0,7.0,5.279167497755688,4.109191145684709,0.04054054054054054,0.573253413757653,0.8888296914748761,0.5301810598149911
-45,-22,-44.5,-21.5,71.0,4.0,4.557090647130464,3.4039108390205364,0.028169014084507043,0.5678332835570015,0.9079103880180117,0.5300640392489557
-34,-34,-33.5,-33.5,70.0,4.0,3.607867713888118,2.840100884667229,0.014285714285714285,0.565976263746681,0.9231637369990675,0.5299528878744866
-40,-20,-39.5,-19.5,88.0,9.0,6.350504223355231,5.180379168980471,0.03409090909090909,0.5959775810380047,0.8598497051913797,0.5299210728342522
10,-18,10.5,-17.5,106.0,8.0,6.739061415205216,5.983695346523283,0.018867924528301886,0.6204336898721504,0.8381167402027732,0.5298071043405991
-12,-4,-11.5,-3.5,80.0,7.0,5.596302940723997,4.616556508916629,0.0375,0.5834718969120846,0.8751033979135052,0.5297456735588588
36,-16,36.5,-15.5,97.0,5.0,6.9526771972341015,5.128937609291318,0.010309278350515464,0.6087679201420969,0.8612414082927704,0.5297012557209356
-36,-20,-35.5,-19.5,67.0,4.0,3.6802900573677877,3.0283733257310494,0.029850746268656716,0.5602440893317775,0.9180702028660002,0.5296969392173713
50,-16,50.5,-15.5,108.0,4.0,7.468982310823865,6.1120512304462915,0.018518518518518517,0.6228925518476648,0.8346441922703849,0.5295213110082836
-40,-24,-39.5,-23.5,74.0,5.0,4.196666476177993,3.278187776174534,0.013513513513513514,0.573253413757653,0.9113117074479904,0.529472176309334
-62,-32,-61.5,-31.5,77.0,10.0,5.082047535756507,3.5824534888803425,0.012987012987012988,0.578460934221841,0.9030800842511374,0.5291809199820524
-31,-11,-30.5,-10.5,74.0,9.0,4.722369262302347,3.739916957700458,0.02702702702702703,0.573253413757653,0.8988200579370653,0.5291773872842815
-50,-24,-49.5,-23.5,75.0,5.0,4.389114484915847,3.413177405292045,0.013333333333333334,0.5750120454552455,0.9076596897674682,0.5288741248543385
-58,-33,-57.5,-32.5,70.0,9.0,3.5577045061536547,2.9237477246139254,0.014285714285714285,0.565976263746681,0.9209007502762934,0.5286537940075045
-19,-19,-18.5,-18.5,65.0,4.0,4.326506751564426,3.8930845266378666,0.06153846153846154,0.5562803695515928,0.8946762531611068,0.5283179651521099
31,-17,31.5,-16.5,83.0,4.0,6.256554455548546,4.92856540993389,0.03614457831325301,0.5883006018495491,0.8666622900265919,0.528286547310529
-56,-28,-55.5,-27.5,76.0,9.0,3.8906640699126216,3.1163542509712734,0.0,0.5767476878441404,0.9156899615346732,0.5281220680972126
-16,-10,-15.5,-9.5,104.0,5.0,6.858892463613533,5.973084009411894,0.019230769230769232,0.617928431547059,0.8384038199658492,0.528036510502917
20,-15,20.5,-14.5,91.0,5.0,6.526186270493761,5.157164046256682,0.02197802197802198,0.6003793571444475,0.8604777685411128,0.52796722334927
-19,-7,-18.5,-6.5,69.0,5.0,4.84579900281987,2.8747201602939927,0.014492753623188406,0.5640929023526909,0.9222271449993535,0.5277612330373694
83,-2,83.5,-1.5,91.0,4.0,5.7454431182761425,4.834098571608293,0.01098901098901099,0.6003793571444475,0.8692180016471326,0.5275952763115426
-13,-8,-12.5,-7.5,76.0,3.0,6.623679270356737,4.0322964231381455,0.02631578947368421,0.5767476878441404,0.8909100060006271,0.5273521356706518
33,-21,33.5,-20.5,79.0,3.0,5.739661153243631,5.075178124952625,0.05063291139240506,0.5818224998994282,0.8626958206693668,0.5273503118971532
-42,-21,-41.5,-20.5,89.0,9.0,4.9485642780046355,4.354976119337761,0.0,0.5974611132545113,0.88218020976835,0.5270683702192968
-5,-32,-4.5,-31.5,45.0,3.0,4.050243230016028,2.479266263285014,0.1111111111111111,0.5083469121107943,0.9329257789103408,0.5269443765973659
-24,-27,-23.5,-26.5,68.0,7.0,4.913243405239093,4.25232089569951,0.058823529411764705,0.5621824413051624,0.8849574504658446,0.5267726893631444
-5,-15,-4.5,-14.5,66.0,4.0,4.466302101041578,3.6051047789277053,0.045454545454545456,0.558277019990042,0.9024672748651097,0.5267279563434197
-53,-4,-52.5,-3.5,76.0,7.0,5.309864359340992,3.644503612700438,0.013157894736842105,0.5767476878441404,0.9014013764070532,0.5267217012367975
93,-15,93.5,-14.5,120.0,4.0,8.69322696539839,7.617396996350389,0.041666666666666664,0.6367599005798371,0.7939184758703847,0.5265994268372105
21,-17,21.5,-16.5,112.0,6.0,7.431282784376552,6.227473017398314,0.008928571428571428,0.6276777454781529,0.8315215641883468,0.5265876484112642
-37,-4,-36.5,-3.5,80.0,4.0,4.311827320875805,4.026336424096009,0.0125,0.5834718969120846,0.8910712481791564,0.5264139693521477
80,-3,80.5,-2.5,111.0,5.0,7.368245450388565,6.186104751780613,0.009009009009009009,0.6264975176888341,0.8326407437759643,0.5263468848599038
-23,-8,-22.5,-7.5,75.0,9.0,6.456940965352648,4.435096954972977,0.04,0.5750120454552455,0.8800126157818275,0.526258568396215
71,-17,71.5,-16.5,119.0,5.0,10.495473373669613,7.358004220417188,0.03361344537815126,0.6356580290937963,0.8009361038918908,0.5262347917923359
-30,-5,-29.5,-4.5,73.0,5.0,4.060912953408435,3.386475345379738,0.0136986301369863,0.5714711755612785,0.9083820889291195,0.5262253333728205
33,-18,33.5,-17.5,90.0,4.0,6.069374120207738,4.844290198345929,0.011111111111111112,0.5989282525143886,0.8689422767541727,0.5262166802339426
8,-14,8.5,-13.5,93.0,5.0,7.95643542630468,5.06481036169974,0.010752688172043012,0.6032348382102174,0.8629763107703807,0.5261749813918405
-42,-29,-41.5,-28.5,74.0,7.0,4.384095465074471,3.497105440313657,0.013513513513513514,0.573253413757653,0.9053890955759427,0.5260311383289155
87,-12,87.5,-11.5,101.0,4.0,7.809580494591993,5.6129647246356935,0.009900990099009901,0.6140796185261455,0.8481465091168418,0.5259862123447596
-57,-34,-56.5,-33.5,68.0,6.0,3.217996573277952,2.3838862867795334,0.0,0.5621824413051624,0.9355061946270369,0.5259251563515299
43,-19,43.5,-18.5,113.0,4.0,8.69871000916881,6.589969650916846,0.017699115044247787,0.6288475746496136,0.8217145580991085,0.5258789273912734
-42,-5,-41.5,-4.5,80.0,8.0,6.01599369156001,4.481925702195736,0.025,0.5834718969120846,0.878745707990968,0.5255415107734639
-41,-12,-40.5,-11.5,70.0,4.0,4.373326128960193,3.595753066304775,0.02857142857142857,0.565976263746681,0.9027202766702511,0.5255159136667188
-57,-30,-56.5,-29.5,74.0,14.0,3.89072974660155,3.0784580971782067,0.0,0.573253413757653,0.9167152063966736,0.5255101215104446
-18,-18,-17.5,-17.5,76.0,5.0,5.1462656233070465,3.304964342379769,0.0,0.5767476878441404,0.9105872925885343,0.525179115580693
-47,-26,-46.5,-25.5,71.0,7.0,3.922868192077335,3.252128687490766,0.014084507042253521,0.5678332835570015,0.9120167116267083,0.5251674361911745
-15,-25,-14.5,-24.5,72.0,4.0,4.4995270602691715,3.3575093250128143,0.013888888888888888,0.569664688483081,0.9091657374153472,0.5251129445923184
-20,-6,-19.5,-5.5,83.0,6.0,5.575870996417942,4.747567061138046,0.024096385542168676,0.5883006018495491,0.8715590304226435,0.5250938515943291
-9,-19,-8.5,-18.5,109.0,12.0,7.7996818804690795,5.870724060965588,0.0,0.6241051150883877,0.8411730722702453,0.5249804170784741
30,-20,30.5,-19.5,102.0,4.0,7.234700251322871,6.037123822124551,0.0196078431372549,0.6153749922354819,0.8366712829567997,0.5249620074738421
-74,-28,-73.5,-27.5,48.0,3.0,3.0613865972218943,2.3094088610123693,0.08333333333333333,0.5167354751084438,0.9375211114579046,0.5248212850328463
9,-19,9.5,-18.5,97.0,9.0,6.3347674679014006,5.423258245742675,0.010309278350515464,0.6087679201420969,0.8532788397970291,0.5248039267138237
-59,-11,-58.5,-10.5,75.0,11.0,5.040429295891175,4.10604006312671,0.02666666666666667,0.5750120454552455,0.8889149410550833,0.5247671131182607
15,-19,15.5,-18.5,89.0,10.0,6.45299799909812,4.497544329965213,0.0,0.5974611132545113,0.8783231606802411,0.5247639333772379
-15,-13,-14.5,-12.5,71.0,2.0,5.5081350071121316,4.189229046018119,0.04225352112676056,0.5678332835570015,0.88666434122508,0.5247512225002108
-28,-5,-27.5,-4.5,63.0,4.0,4.062253877739675,2.9233379893553884,0.031746031746031744,0.5521946702019185,0.9209118352790323,0.5246661819976455
71,-13,71.5,-12.5,107.0,8.0,7.771072105332008,6.633300535932718,0.028037383177570093,0.6216688127513696,0.8205422816862821,0.5244075707243289
-17,-9,-16.5,-8.5,79.0,3.0,5.966355197999602,4.478767910929056,0.02531645569620253,0.5818224998994282,0.87883113906899,0.5242686348877105
-19,-22,-18.5,-21.5,89.0,10.0,6.5235565914140174,5.260792335760613,0.02247191011235955,0.5974611132545113,0.8576742024601869,0.5239421969308988
-10,-17,-9.5,-16.5,94.0,10.0,6.231137851314984,5.601111675373078,0.02127659574468085,0.6046398751527554,0.8484671822363856,0.5239323483968868
-128,-28,-127.5,-27.5,53.0,4.0,2.993543788995176,2.3571283478293505,0.05660377358490566,0.5296363677177165,0.9362301055435958,0.5239291452281647
82,-2,82.5,-1.5,90.0,3.0,6.857654674209697,4.987572284559887,0.011111111111111112,0.5989282525143886,0.8650659144322941,0.5238692210678143
-24,-29,-23.5,-28.5,75.0,5.0,5.034948819359152,3.7309303129367195,0.013333333333333334,0.5750120454552455,0.899063183174021,0.5238651220830699
-57,-28,-56.5,-27.5,74.0,8.0,6.414702929818757,3.654047194414522,0.013513513513513514,0.573253413757653,0.9011431837637872,0.523564263219964
-60,-33,-59.5,-32.5,74.0,7.0,4.914078383900412,3.2147058864173377,0.0,0.573253413757653,0.9130291503752869,0.5233970773128828
-37,-12,-36.5,-11.5,86.0,8.0,5.585466632704084,4.34532686601764,0.0,0.5929598431366307,0.8824412612577074,0.5232522318526608
-26,-12,-25.5,-11.5,61.0,5.0,5.184168788128955,4.34370579114219,0.08196721311475409,0.54797924465526,0.8824851179165136,0.5232215224612516
97,-15,97.5,-14.5,87.0,4.0,8.365676105041409,5.866915543961409,0.04597701149425287,0.5944772853908779,0.8412761081221605,0.5231135387227641
-11,-2,-10.5,-1.5,76.0,6.0,4.318924431827196,3.447127217791862,0.0,0.5767476878441404,0.9067412094641272,0.5229608960314348
-47,-24,-46.5,-23.5,67.0,7.0,3.334960036877135,2.460543232702439,0.0,0.5602440893317775,0.9334323129246019,0.5229499361072983
5,-19,5.5,-18.5,128.0,10.0,9.4846287681704,7.012255613242829,0.0,0.645260387003191,0.8102900078523017,0.5228480440515948
-36,-24,-35.5,-23.5,62.0,5.0,3.4817165800611707,2.393004973542188,0.016129032258064516,0.5501036860102642,0.9352594971177685,0.5227879176557613
7,-17,7.5,-16.5,78.0,5.0,4.734290335388241,3.6549748706207073,0.0,0.5801523552108097,0.9011180863549794,0.522785780121899
-36,-23,-35.5,-22.5,73.0,4.0,3.812630028051569,3.156012832673672,0.0,0.5714711755612785,0.9146170358402445,0.5226772726599964
74,-4,74.5,-3.5,85.0,7.0,8.432000610320337,5.051163529324908,0.023529411764705882,0.5914248578088228,0.863345513007929,0.5226182089710842
77,-3,77.5,-2.5,140.0,6.0,9.299127552593808,8.182339274319117,0.02142857142857143,0.6570703674045855,0.7786344929369977,0.5225808877554532
-23,-25,-22.5,-24.5,80.0,8.0,4.4547234849331945,3.859691754492403,0.0,0.5834718969120846,0.8955796632606391,0.5225455649585711
-49,-30,-48.5,-29.5,67.0,7.0,4.90015086452761,3.488358926487007,0.029850746268656716,0.5602440893317775,0.9056257242958428,0.5225168758756024
-44,-24,-43.5,-23.5,73.0,7.0,3.8336341807517287,3.623290907448751,0.0136986301369863,0.5714711755612785,0.9019752662320517,0.522513863881387
2,-16,2.5,-15.5,93.0,6.0,7.04548673294865,5.6204405521275795,0.021505376344086023,0.6032348382102174,0.8479442576227427,0.5225097217262594
-27,-28,-26.5,-27.5,75.0,5.0,3.713314119448898,3.376089157590726,0.0,0.5750120454552455,0.9086630774886605,0.522492214816413
-45,-28,-44.5,-27.5,74.0,7.0,3.610257240031156,3.2830499250178145,0.0,0.573253413757653,0.9111801665758725,0.5223371410378859
-22,-29,-21.5,-28.5,69.0,3.0,3.5080810382777154,2.742498860529749,0.0,0.5640929023526909,0.9258042681282741,0.522239616618987
-36,-25,-35.5,-24.5,74.0,7.0,4.411361762440311,3.295767867583735,0.0,0.573253413757653,0.9108360945800144,0.5221399005916818
21,-21,21.5,-20.5,81.0,3.0,5.812791716798202,5.171329132823788,0.037037037037037035,0.5851010554136048,0.8600945454229563,0.5218808272558807
-72,-37,-71.5,-36.5,59.0,4.0,2.6919635675931515,2.072120652857805,0.01694915254237288,0.5436255840601433,0.9439407211510724,0.5218477890039708
-126,-28,-125.5,-27.5,33.0,1.0,1.461796531981816,1.1903159244503372,0.15151515151515152,0.4682116442981244,0.9677971201942074,0.5217905296284405
79,-15,79.5,-14.5,93.0,4.0,6.573577261032639,4.9928662109054756,0.0,0.6032348382102174,0.8649226922252263,0.5217515003088301
-7,-13,-6.5,-12.5,81.0,5.0,4.545057610540894,4.007538191271037,0.0,0.5851010554136048,0.8915798167194819,0.5216642917480372
-16,-4,-15.5,-3.5,92.0,7.0,5.872141556144234,4.928069780902844,0.0,0.6018147738496281,0.8666756988047046,0.5215782396771217
-6,-16,-5.5,-15.5,92.0,11.0,6.792350712732634,4.93578869077705,0.0,0.6018147738496281,0.8664668709449701,0.5214525639859421
-46,-35,-45.5,-34.5,80.0,11.0,4.792535886466253,3.934252979641693,0.0,0.5834718969120846,0.8935624793161632,0.521368594816067
-38,-17,-37.5,-16.5,74.0,6.0,4.7697336815570335,3.347342750862424,0.0,0.573253413757653,0.9094407845340798,0.5213400343445994
-32,-33,-31.5,-32.5,73.0,4.0,4.831151225726806,3.2430013876053496,0.0,0.5714711755612785,0.9122636421559266,0.5213323760046609
-25,-10,-24.5,-9.5,85.0,8.0,6.147106180120227,5.493611312242949,0.03529411764705882,0.5914248578088228,0.8513755036339652,0.521296093926114
55,-17,55.5,-16.5,73.0,4.0,6.519660428998488,4.156602579032187,0.0273972602739726,0.5714711755612785,0.8875470196579681,0.521103635640255
40,-18,40.5,-17.5,87.0,4.0,6.233068819591353,5.646616863220298,0.034482758620689655,0.5944772853908779,0.8472360821018051,0.521030282248018
-57,-23,-56.5,-22.5,57.0,6.0,5.19197040666457,3.028129620739495,0.05263157894736842,0.5391243139422626,0.9180767960757439,0.5210079187691009
-36,-13,-35.5,-12.5,90.0,14.0,7.153587795562095,4.809946881201898,0.0,0.5989282525143886,0.8698714029562203,0.5209905592848086
-45,-35,-44.5,-34.5,78.0,10.0,4.186718041433899,3.7712865203564454,0.0,0.5801523552108097,0.897971383870777,0.5209602132645413
-8,-19,-7.5,-18.5,97.0,12.0,8.044683115156577,5.655412982267851,0.010309278350515464,0.6087679201420969,0.8469981113592255,0.5209410031382589
73,-15,73.5,-14.5,125.0,5.0,9.18843853592729,7.23507705556492,0.008,0.6421361310439172,0.8042617829265828,0.5205771140320383
-32,-14,-31.5,-13.5,75.0,6.0,4.949208006130474,3.511771347908505,0.0,0.5750120454552455,0.9049923232150774,0.5203814868931963
-20,-11,-19.5,-10.5,77.0,5.0,5.642507181739657,4.140862953536709,0.012987012987012988,0.578460934221841,0.887972840448573,0.5203284767566397
73,-17,73.5,-16.5,100.0,4.0,8.882668535650467,6.201496550661163,0.02,0.6127714823087923,0.8322243331078687,0.5201626049761939
33,-20,33.5,-19.5,101.0,4.0,6.768948881914892,6.264122125245344,0.019801980198019802,0.6140796185261455,0.8305300569836251,0.5201108197861509
-58,-34,-57.5,-33.5,77.0,8.0,4.320201671973475,3.730400782758055,0.0,0.578460934221841,0.8990775091158544,0.5200812158610029
-57,-17,-56.5,-16.5,81.0,11.0,5.166627228355128,4.11914966953122,0.0,0.5851010554136048,0.8885602729617864,0.5198975535085419
-5,-22,-4.5,-21.5,79.0,4.0,4.8989786977711525,3.9372692278695123,0.0,0.5818224998994282,0.8934808775521695,0.5198472777897383
24,-21,24.5,-20.5,64.0,3.0,4.732834894684599,3.3501214067455387,0.03125,0.5542532347249827,0.9093656106079082,0.5197694197029388
70,-13,70.5,-12.5,96.0,8.0,7.566144462658914,5.339266331514786,0.0,0.6074061158754879,0.8555511621805074,0.5196670083528216
54,-5,54.5,-4.5,45.0,1.0,3.1949972874201427,2.280197359878843,0.08888888888888889,0.5083469121107943,0.9383114011958027,0.5193866103647935
-37,-22,-36.5,-21.5,76.0,5.0,4.725027890303416,3.679013596739585,0.0,0.5767476878441404,0.9004677411886336,0.5193426877087803
-58,-26,-57.5,-25.5,81.0,9.0,5.385642693579683,4.172179286655685,0.0,0.5851010554136048,0.8871256064574339,0.5190581286226787
14,-15,14.5,-14.5,109.0,8.0,8.526932507791289,6.516155384887998,0.009174311926605505,0.6241051150883877,0.8237115337658647,0.5187989355400322
-26,-29,-25.5,-28.5,74.0,7.0,4.40493116705441,3.511733756745974,0.0,0.573253413757653,0.904993340208687,0.5187905217025709
-18,-7,-17.5,-6.5,73.0,3.0,4.852134081724742,4.312072935376038,0.0273972602739726,0.5714711755612785,0.8833409151307043,0.5186341142374512
-59,-19,-58.5,-18.5,87.0,14.0,5.650169888548293,4.717144478242488,0.0,0.5944772853908779,0.872382084840587,0.5186113336196666
49,-19,49.5,-18.5,113.0,6.0,8.370382121677226,6.753896208853565,0.008849557522123894,0.6288475746496136,0.8172796789768695,0.5184925239698424
-37,-16,-36.5,-15.5,73.0,9.0,5.17132377862714,3.884471778762005,0.0136986301369863,0.5714711755612785,0.8949092629687947,0.5184205313860223
-27,-8,-26.5,-7.5,60.0,7.0,4.8043043994593795,3.544693328497947,0.05,0.5458202580282904,0.9041016499390897,0.5181508456462348
-28,-31,-27.5,-30.5,75.0,5.0,4.9723426442630885,3.6729912877670983,0.0,0.5750120454552455,0.9006306691038288,0.517873483241119
59,-14,59.5,-13.5,138.0,6.0,8.576456773464603,7.74634096120834,0.0,0.6551735529732414,0.7904300179604222,0.5178688432438329
-4,-12,-3.5,-11.5,87.0,6.0,5.774566335419151,4.764039672379171,0.0,0.5944772853908779,0.871113379390855,0.5178571170479493
22,-15,22.5,-14.5,82.0,6.0,5.4030973146587575,4.739192809262708,0.012195121951219513,0.5867104660528069,0.8717855879449495,0.5177233594379028
-21,-7,-20.5,-6.5,95.0,7.0,6.833208725575102,5.3860653542268455,0.0,0.6060301993962866,0.8542850585583779,0.5177225443794021
9,-16,9.5,-15.5,71.0,6.0,5.871080544606396,4.628483741876215,0.04225352112676056,0.5678332835570015,0.8747807178236874,0.5177181823544924
-34,0,-33.5,0.5,81.0,5.0,5.264575796309439,4.279083313047575,0.0,0.5851010554136048,0.8842334183904356,0.5173659063322235
-9,-11,-8.5,-10.5,73.0,5.0,4.8613723373869755,4.395802657083069,0.0273972602739726,0.5714711755612785,0.8810756861197179,0.5173041350396869
28,-21,28.5,-20.5,87.0,3.0,6.750939833659451,5.5228761528745185,0.022988505747126436,0.5944772853908779,0.8505837708460254,0.5172769318047962
13,-18,13.5,-17.5,89.0,7.0,8.393118467819678,6.0053439217781,0.033707865168539325,0.5974611132545113,0.8375310583240573,0.5172593925979762
-33,-11,-32.5,-10.5,76.0,5.0,4.603345312196062,4.2505345883952375,0.013157894736842105,0.5767476878441404,0.8850057773328839,0.5171411546976239
9,-14,9.5,-13.5,80.0,6.0,6.682874132479358,4.614270859152921,0.0125,0.5834718969120846,0.875165234021976,0.5170172481963896
14,-20,14.5,-19.5,120.0,6.0,8.192823758790901,6.961128522551267,0.0,0.6367599005798371,0.8116732032902024,0.5168409482303872
-46,-26,-45.5,-25.5,75.0,7.0,5.185920934872694,4.184536533477188,0.013333333333333334,0.5750120454552455,0.8867912927463011,0.5167145508024048
-60,-23,-59.5,-22.5,75.0,12.0,6.787245678051504,4.186371462924708,0.013333333333333334,0.5750120454552455,0.8867416504528253,0.5166856252868026
-56,-5,-55.5,-4.5,73.0,7.0,4.329649298531458,3.5484700943755203,0.0,0.5714711755612785,0.9039994730840952,0.5166096415901442
-21,-10,-20.5,-9.5,89.0,9.0,5.798339226191081,5.70885102275436,0.02247191011235955,0.5974611132545113,0.8455523953442619,0.5165371400539722
-6,-31,-5.5,-30.5,64.0,3.0,5.134944400904794,3.5706538882746766,0.03125,0.5542532347249827,0.9033993113674478,0.5163592402791588
-57,-19,-56.5,-18.5,59.0,8.0,4.280505817837396,2.444256328620427,0.01694915254237288,0.5436255840601433,0.9338729398235521,0.5162819210334321
42,-17,42.5,-16.5,106.0,3.0,7.462776388367176,6.495633856877964,0.009433962264150943,0.6204336898721504,0.8242667244395033,0.5162274004270098
21,-20,21.5,-19.5,108.0,5.0,8.061238247724292,6.342949708514276,0.0,0.6228925518476648,0.8283974507257001,0.5160026020266315
-59,-33,-58.5,-32.5,73.0,9.0,3.866543572122659,3.5923882028519336,0.0,0.5714711755612785,0.9028113098918598,0.5159306405739188
-21,-5,-20.5,-4.5,82.0,5.0,7.225214833651302,5.2377007869673005,0.024390243902439025,0.5867104660528069,0.8582989226332485,0.5158552282500624
56,-15,56.5,-14.5,88.0,2.0,7.820497819556175,5.686806196237672,0.022727272727272728,0.5959775810380047,0.8461487974288465,0.515746752432812
-28,-27,-27.5,-26.5,86.0,5.0,6.251404836148973,5.547726322051991,0.023255813953488372,0.5929598431366307,0.8499114728495542,0.5156834520771942
-24,-23,-23.5,-22.5,80.0,8.0,5.817734282800836,4.706143010263945,0.0125,0.5834718969120846,0.8726797192279988,0.5155488923143491
-46,-24,-45.5,-23.5,67.0,8.0,4.021150344548279,2.950112201256091,0.0,0.5602440893317775,0.920187484113075,0.5155295990514293
39,-13,39.5,-12.5,69.0,3.0,5.466924096387023,4.1387519858065325,0.028985507246376812,0.5640929023526909,0.8880299506986271,0.5154511427661608
16,-15,16.5,-14.5,108.0,10.0,7.055542603222147,6.377532961226025,0.0,0.6228925518476648,0.8274618332921317,0.5154198128958829
-42,-32,-41.5,-31.5,75.0,9.0,5.468104516321305,3.853161039977652,0.0,0.5750120454552455,0.8957563456104629,0.5150706885189882
-20,-7,-19.5,-6.5,77.0,6.0,5.635927200641705,4.887216385634389,0.025974025974025976,0.578460934221841,0.8677809490584103,0.5150157519595748
-44,-12,-43.5,-11.5,61.0,5.0,3.342015536012791,2.7872002080943434,0.01639344262295082,0.54797924465526,0.9245949151378532,0.5149647055570291
-30,-28,-29.5,-27.5,77.0,6.0,6.904352727920114,4.486399447220342,0.012987012987012988,0.578460934221841,0.8786246750195106,0.514850700346591
41,-17,41.5,-16.5,93.0,4.0,6.871615606771867,5.417307080667532,0.0,0.6032348382102174,0.8534398429808753,0.5148246456027217
-9,-2,-8.5,-1.5,84.0,6.0,5.821316603029022,5.085465762322912,0.011904761904761904,0.5898719190292874,0.8624174982988803,0.5147720059727358
-22,-11,-21.5,-10.5,68.0,6.0,4.1204030108267276,3.1182046219698343,0.0,0.5621824413051624,0.9156399014845312,0.5147566751729922
-62,-13,-61.5,-12.5,69.0,9.0,4.6763916453228775,3.7235910086907147,0.014492753623188406,0.5640929023526909,0.8992617411598779,0.5146188635969955
-49,-34,-48.5,-33.5,74.0,7.0,4.359399438102567,3.7809058438439345,0.0,0.573253413757653,0.8977111421049419,0.5146159767799395
-42,-18,-41.5,-17.5,71.0,9.0,4.6136900429645396,3.4650116882928286,0.0,0.5678332835570015,0.9062573619055904,0.5146030935585572
-55,-26,-54.5,-25.5,58.0,7.0,3.958230863462919,3.0080487030627276,0.034482758620689655,0.541394023092995,0.9186200664504837,0.5144849104857743
-57,-35,-56.5,-34.5,68.0,9.0,3.982076049434206,3.137475165482556,0.0,0.5621824413051624,0.9151185550219785,0.5144635833459085
64,-13,64.5,-12.5,115.0,6.0,9.72473972253998,7.351329816950512,0.017391304347826087,0.6311567589759157,0.8011166736114063,0.5144237720308049
-58,-36,-57.5,-35.5,69.0,9.0,4.702377631597344,3.2620058246424417,0.0,0.5640929023526909,0.9117494949542373,0.5143114188273359
-43,-30,-42.5,-29.5,62.0,5.0,4.037805827590906,2.964181734986852,0.016129032258064516,0.5501036860102642,0.919806846087196,0.5141502515540752
-27,-26,-26.5,-25.5,80.0,6.0,6.845405506948021,4.794850746121413,0.0125,0.5834718969120846,0.8702798147177897,0.5141311120169073
-64,-22,-63.5,-21.5,72.0,8.0,5.6791475430063505,3.608989111892964,0.0,0.569664688483081,0.9023621878835475,0.5140438746595926
-44,-23,-43.5,-22.5,54.0,7.0,3.5201183359100665,1.907821354969348,0.018518518518518517,0.5320726700547346,0.9483856844027582,0.5139547348852302
-39,-4,-38.5,-3.5,72.0,5.0,3.9182721051780827,3.6211603112816517,0.0,0.569664688483081,0.9020329075110386,0.5138562952587636
-52,-22,-51.5,-21.5,53.0,3.0,4.846886408200434,3.6312865488693697,0.07547169811320754,0.5296363677177165,0.901758951660139,0.5136499459567939
24,-15,24.5,-14.5,69.0,3.0,5.012733533183793,4.710431827338172,0.043478260869565216,0.5640929023526909,0.872563689308619,0.5136072876413954
-32,-5,-31.5,-4.5,61.0,3.0,4.5664599034406015,3.4192683427907955,0.03278688524590164,0.54797924465526,0.907494905171927,0.5135929094732852
-57,-16,-56.5,-15.5,78.0,11.0,4.834056122785891,4.244976294608407,0.0,0.5801523552108097,0.8851561517528727,0.513525426168766
-5,-20,-4.5,-19.5,81.0,9.0,6.064044552849928,4.923296151968976,0.012345679012345678,0.5851010554136048,0.8668048448537804,0.5134297681981355
-64,-27,-63.5,-26.5,72.0,11.0,5.8605269551335875,3.650182735150471,0.0,0.569664688483081,0.9012477330810217,0.5134090091116832
44,-13,44.5,-12.5,78.0,2.0,6.506146239351748,4.676501942943284,0.01282051282051282,0.5801523552108097,0.8734816304757909,0.5132492511174198
-14,-21,-13.5,-20.5,73.0,11.0,5.5914935783399216,4.655058538836831,0.0273972602739726,0.5714711755612785,0.874061761641713,0.513186064149197
-41,-18,-40.5,-17.5,61.0,7.0,4.961977288565917,2.9108117886232203,0.01639344262295082,0.54797924465526,0.9212507198795954,0.5131021141688457
-45,-14,-44.5,-13.5,80.0,6.0,6.750214435968348,4.863369202518248,0.0125,0.5834718969120846,0.8684261122086474,0.5130360089060959
-19,-11,-18.5,-10.5,72.0,7.0,5.434694217241883,4.579148010712156,0.027777777777777776,0.569664688483081,0.8761154497113925,0.5129557023665842
-5,-19,-4.5,-18.5,74.0,5.0,6.69724287473106,4.7599551946389855,0.02702702702702703,0.573253413757653,0.8712238811013966,0.5129302278801501
-40,-23,-39.5,-22.5,66.0,7.0,3.7252383764089103,3.006398553395509,0.0,0.558277019990042,0.9186647097004844,0.5128693965016035
25,-19,25.5,-18.5,117.0,8.0,9.046211120987119,7.045342078283091,0.0,0.6334264681266482,0.8093948846039236,0.5126921430744393
-7,-3,-6.5,-2.5,83.0,5.0,6.00423139144412,5.139140978802091,0.012048192771084338,0.5883006018495491,0.860965365710108,0.5126089300817517
39,-14,39.5,-13.5,77.0,3.0,5.042968256643038,4.631479245336716,0.012987012987012988,0.578460934221841,0.8746996772898972,0.5125507560274705
19,-17,19.5,-16.5,76.0,3.0,7.0783860592767835,4.969441233726105,0.02631578947368421,0.5767476878441404,0.865556432990233,0.5123447154106264
44,-17,44.5,-16.5,79.0,6.0,6.6920841502766235,4.821328551343662,0.012658227848101266,0.5818224998994282,0.8695634825562361,0.5123357967008833
-55,-35,-54.5,-34.5,77.0,9.0,5.580310686869365,4.233662791781569,0.0,0.578460934221841,0.8854622279501506,0.5122053075981968
13,-15,13.5,-14.5,100.0,7.0,8.562160034046093,6.675030236514754,0.02,0.6127714823087923,0.8194133238150383,0.5121553793988698
11,-22,11.5,-21.5,61.0,2.0,4.448470119593696,3.5187340052924534,0.03278688524590164,0.54797924465526,0.9048039550564578,0.5120699776185995
-57,-21,-56.5,-20.5,91.0,9.0,5.729006071107776,5.440938981460588,0.0,0.6003793571444475,0.852800504091771,0.5120038184190782
36,-21,36.5,-20.5,88.0,2.0,7.461696240417891,5.933133429143648,0.022727272727272728,0.5959775810380047,0.8394846454073337,0.511684801658601
-11,-12,-10.5,-11.5,76.0,5.0,6.294865633828332,5.025475362180742,0.02631578947368421,0.5767476878441404,0.8640404822526333,0.5114473858782829
54,-16,54.5,-15.5,72.0,4.0,6.110314797626645,4.676174086650578,0.027777777777777776,0.569664688483081,0.8734905003199815,0.5114188241398715
79,-3,79.5,-2.5,102.0,6.0,8.32886191801639,6.542857322067147,0.00980392156862745,0.6153749922354819,0.8229891379246438,0.5114121003834033
-60,-34,-59.5,-33.5,70.0,9.0,4.07755048685177,3.5886031980194026,0.0,0.565976263746681,0.9029137096440454,0.5110277278699924
20,-17,20.5,-16.5,96.0,4.0,7.044652611480347,5.8753925455335185,0.0,0.6074061158754879,0.841046770803275,0.5108569523232389
-34,-11,-33.5,-10.5,66.0,5.0,4.600530464971729,3.1442142924154832,0.0,0.558277019990042,0.9149362342698493,0.5107878743490823
-20,-26,-19.5,-25.5,66.0,3.0,4.433190400070866,3.652333180202042,0.015151515151515152,0.558277019990042,0.9011895548091006,0.5107363496974769
-21,-19,-20.5,-18.5,59.0,3.0,3.771652703604679,2.8226556644397998,0.01694915254237288,0.5436255840601433,0.9236357010538447,0.5106223702822335
31,-18,31.5,-17.5,89.0,4.0,6.866929061377924,6.0747570321773745,0.02247191011235955,0.5974611132545113,0.8356531517908264,0.510489818821197
-68,-29,-67.5,-28.5,67.0,5.0,4.046932254736289,3.2831529053639845,0.0,0.5602440893317775,0.9111773805392902,0.5104817417799491
-12,-11,-11.5,-10.5,61.0,4.0,4.677949248638335,3.624547557972091,0.03278688524590164,0.54797924465526,0.9019412687319514,0.5104498523816053
45,-16,45.5,-15.5,74.0,5.0,7.347556084981852,4.9230230823872105,0.02702702702702703,0.573253413757653,0.8668122324949432,0.5103328841042029
32,-17,32.5,-16.5,70.0,5.0,6.009941840394613,4.120397897628873,0.014285714285714285,0.565976263746681,0.8885265033225056,0.5100689807416657
-56,-20,-55.5,-19.5,69.0,8.0,4.475178216211567,3.5434051419505157,0.0,0.5640929023526909,0.9041365006167142,0.5100169827558879
-37,-31,-36.5,-30.5,58.0,5.0,4.6609131249330575,3.3176088559052177,0.034482758620689655,0.541394023092995,0.9102452071464272,0.5097944634808147
-43,-29,-42.5,-28.5,69.0,7.0,4.556855423381779,3.565297743525903,0.0,0.5640929023526909,0.9035442168349999,0.5096828796784442
-21,-20,-20.5,-19.5,62.0,3.0,3.5095265996651186,3.2616362137116894,0.016129032258064516,0.5501036860102642,0.9117594944309589,0.5096519724903791
37,-16,37.5,-15.5,98.0,4.0,8.858470497233403,6.086735337778027,0.0,0.6101158987459608,0.8353290899786542,0.5096475584809722
-11,-5,-10.5,-4.5,61.0,3.0,4.337990715814827,3.152056471575499,0.01639344262295082,0.54797924465526,0.9147240714753189,0.5094670156854396
13,-20,13.5,-19.5,112.0,6.0,7.949155588298255,6.968115762794859,0.0,0.6276777454781529,0.8114841700653949,0.509350554357857
4,-11,4.5,-10.5,77.0,6.0,6.312254235865674,5.2441450208783555,0.025974025974025976,0.578460934221841,0.8581245799349653,0.5092848331018764
-55,-4,-54.5,-3.5,68.0,4.0,5.39087634474851,4.441013397863258,0.029411764705882353,0.5621824413051624,0.8798525519740938,0.5091858220002372
-55,-30,-54.5,-29.5,62.0,4.0,4.340779112704415,3.2934859948019755,0.016129032258064516,0.5501036860102642,0.9108978285057846,0.5091703216371933
-65,-27,-64.5,-26.5,75.0,12.0,6.988151551340795,4.233229618152306,0.0,0.5750120454552455,0.8854739470560045,0.5091581854940029
-16,-28,-15.5,-27.5,63.0,3.0,5.002039850498847,3.4177479427250486,0.015873015873015872,0.5521946702019185,0.9075360381682754,0.5090911119163799
-39,-34,-38.5,-33.5,64.0,4.0,4.266814461895317,3.5361167151928106,0.015625,0.5542532347249827,0.9043336821598916,0.5090615853048723
-17,-24,-16.5,-23.5,75.0,8.0,5.617457437279534,4.678896685372116,0.013333333333333334,0.5750120454552455,0.873416842967687,0.5089215414820448
28,-19,28.5,-18.5,82.0,8.0,7.072614705658128,6.037855738939358,0.036585365853658534,0.5867104660528069,0.8366514816345365,0.5088309190323594
-27,-31,-26.5,-30.5,59.0,5.0,4.973034957637399,3.5027836073631833,0.03389830508474576,0.5436255840601433,0.9052354780973749,0.5087908321195179
-8,-3,-7.5,-2.5,110.0,9.0,7.451878221571703,7.160925809897438,0.00909090909090909,0.6253067047556464,0.8062678752610883,0.5087480237592099
-33,-25,-32.5,-24.5,75.0,6.0,5.672648043940925,4.69385832764473,0.013333333333333334,0.5750120454552455,0.8730120697827657,0.5086856886989445
56,-18,56.5,-17.5,102.0,5.0,8.10245715343303,6.413288746255196,0.0,0.6153749922354819,0.8264944940975496,0.5086040428879481
-13,-3,-12.5,-2.5,78.0,6.0,6.559322725936874,5.370492931289817,0.02564102564102564,0.5801523552108097,0.8547063558407424,0.5085742619022103
60,-18,60.5,-17.5,131.0,5.0,9.778105271016633,8.19082468375477,0.007633587786259542,0.6483128145852458,0.7784049281512577,0.5085021790923158
-25,-29,-24.5,-28.5,63.0,6.0,3.9689669018105245,3.4592068455054346,0.015873015873015872,0.5521946702019185,0.9064144064773163,0.5084619217788031
36,-18,36.5,-17.5,95.0,4.0,7.073079671751457,5.956372134110078,0.0,0.6060301993962866,0.8388559440621661,0.5083720350447547
12,-15,12.5,-14.5,93.0,6.0,8.907536766770377,6.477728181336131,0.021505376344086023,0.6032348382102174,0.8247511456805124,0.5082179491740447
-25,-9,-24.5,-8.5,65.0,8.0,5.244113608235693,4.203839316624012,0.03076923076923077,0.5562803695515928,0.886269074070716,0.5081837522937813
-39,-17,-38.5,-16.5,61.0,9.0,4.407216797570991,3.242898469164673,0.01639344262295082,0.54797924465526,0.9122664265177138,0.5080981995788011
-38,-31,-37.5,-30.5,52.0,5.0,4.03123418839726,2.659904739189485,0.038461538461538464,0.5271545243917248,0.928038774537498,0.5080359864548706
-26,-10,-25.5,-9.5,74.0,6.0,6.073772843761802,4.211232440703851,0.0,0.573253413757653,0.8860690600397835,0.5079421134928407
46,-3,46.5,-2.5,36.0,2.0,4.016660317972252,2.5945465057439456,0.1388888888888889,0.47943873052762537,0.929806980181674,0.5077001279659749
-20,-29,-19.5,-28.5,49.0,2.0,3.6523223593501384,2.2575971739884513,0.04081632653061224,0.5194178845632851,0.9389228280068427,0.5075991584421645
-26,-14,-25.5,-13.5,58.0,3.0,5.655237535612543,3.46523937048268,0.034482758620689655,0.541394023092995,0.9062512021777037,0.5075575699446726
56,-16,56.5,-15.5,88.0,4.0,8.401448941684508,6.192377830678913,0.022727272727272728,0.5959775810380047,0.832471031515862,0.5074098460026505
-62,-23,-61.5,-22.5,72.0,9.0,4.5507203750079865,4.043035122279897,0.0,0.569664688483081,0.8906194805773937,0.5073544689600844
29,-21,29.5,-20.5,95.0,3.0,7.261480368134177,6.346041049347521,0.010526315789473684,0.6060301993962866,0.8283138174017675,0.5072672214797734
70,-15,70.5,-14.5,111.0,5.0,8.49918511948492,7.306576831868967,0.009009009009009009,0.6264975176888341,0.8023274236063682,0.507184572950122
-60,-32,-59.5,-31.5,56.0,11.0,4.9596247485352105,2.6674549936862197,0.017857142857142856,0.5368151296159606,0.9278345094906586,0.5069698096614317
-56,-31,-55.5,-30.5,66.0,5.0,4.166353667435279,3.3983302375543536,0.0,0.558277019990042,0.9080613659513218,0.5069497933513909
-52,-9,-51.5,-8.5,91.0,9.0,7.467746577730528,6.427479521552007,0.02197802197802198,0.6003793571444475,0.8261105759949288,0.5068803900965274
-43,-5,-42.5,-4.5,58.0,7.0,4.025312011258354,2.961584064670369,0.017241379310344827,0.541394023092995,0.919877123618781,0.5066024590642045
-54,-16,-53.5,-15.5,43.0,3.0,2.9862347603034083,2.873357965865343,0.09302325581395349,0.5024448403572247,0.9222639978907221,0.506492534832761
6,-20,6.5,-19.5,98.0,9.0,9.14283782972344,6.281167091758023,0.0,0.6101158987459608,0.8300689214173215,0.5064382460116195
-42,-17,-41.5,-16.5,66.0,8.0,4.295764248869896,3.443404129637073,0.0,0.558277019990042,0.9068419341187272,0.506269012581809
49,-15,49.5,-14.5,79.0,3.0,7.662079666600589,5.599175117814362,0.02531645569620253,0.5818224998994282,0.8485195739829962,0.5061862045521413
-48,-24,-47.5,-23.5,69.0,5.0,4.633838052309741,3.7969524621729596,0.0,0.5640929023526909,0.8972770159114462,0.5061475961198493
-32,-25,-31.5,-24.5,77.0,5.0,5.543540321564179,5.037239422540922,0.012987012987012988,0.578460934221841,0.8637222166442976,0.5061182559371575
61,-14,61.5,-13.5,106.0,5.0,9.362273321770582,6.818167473222902,0.0,0.6204336898721504,0.8155408802605473,0.5059890375816329
-27,-9,-26.5,-8.5,62.0,8.0,3.9723581964166916,3.5066753485303557,0.016129032258064516,0.5501036860102642,0.9051301906938651,0.5059463486427695
-48,-34,-47.5,-33.5,66.0,7.0,4.877576216298801,3.4792875489885944,0.0,0.558277019990042,0.9058711418973835,0.5057270415934477
-66,-33,-65.5,-32.5,55.0,4.0,5.482153183587285,3.2166505871791338,0.03636363636363636,0.5344650726551812,0.9129765383219622,0.5056978563189678
-32,1,-31.5,1.5,71.0,4.0,5.308517677793228,4.0470544844370195,0.0,0.5678332835570015,0.890510740507818,0.5056616378253311
-56,-36,-55.5,-35.5,69.0,8.0,5.931785905568667,4.766647871151767,0.028985507246376812,0.5640929023526909,0.8710428170217746,0.5055910727773427
-19,-4,-18.5,-3.5,77.0,5.0,5.122048513796171,4.699931595247099,0.0,0.578460934221841,0.8728477632296816,0.5049083325512859
-27,-27,-26.5,-26.5,82.0,3.0,6.209734125671416,5.159483263299718,0.0,0.5867104660528069,0.8604150243014145,0.50481449990672
90,-15,90.5,-14.5,110.0,4.0,9.467636728642965,8.170262095509347,0.03636363636363636,0.6253067047556464,0.7789612296710153,0.5048020316455522
-30,-27,-29.5,-26.5,67.0,5.0,4.997590080825452,3.6702986254527326,0.0,0.5602440893317775,0.9007035165547332,0.5046138213901361
81,-2,81.5,-1.5,102.0,4.0,7.811353415903609,6.654290796167922,0.0,0.6153749922354819,0.8199744099023616,0.5045917461269596
76,-3,76.5,-2.5,119.0,6.0,9.20660453482974,7.625870769955183,0.0,0.6356580290937963,0.7936892258811242,0.5045149290365764
48,-15,48.5,-14.5,81.0,3.0,6.03823829857735,5.097419347081626,0.0,0.5851010554136048,0.8620941052858775,0.5044121708686142
-55,-13,-54.5,-12.5,69.0,12.0,4.718855589631147,3.9125176037941363,0.0,0.5640929023526909,0.8941505095034228,0.5043839560459231
-23,-22,-22.5,-21.5,66.0,6.0,4.561413130268716,3.5693600245219805,0.0,0.558277019990042,0.9034343156365306,0.5043666174903053
-29,-26,-28.5,-25.5,67.0,4.0,4.803017510476405,3.687984815588824,0.0,0.5602440893317775,0.9002250332853121,0.5043457539665988
-62,-22,-61.5,-21.5,59.0,8.0,3.768449061787983,2.6744146731873957,0.0,0.5436255840601433,0.9276462218958617,0.5042922191793231
-18,-17,-17.5,-16.5,60.0,2.0,4.26405554180432,3.3828795783683976,0.016666666666666666,0.5458202580282904,0.9084793690297192,0.5041308843441327
-51,-25,-50.5,-24.5,42.0,5.0,5.217591460379624,2.9014667086129817,0.09523809523809523,0.4993924127751698,0.9215035422456276,0.5040196751850915
76,-13,76.5,-12.5,107.0,6.0,10.103507530136543,7.280116757306279,0.009345794392523364,0.6216688127513696,0.803043276081574,0.5038926325532436
-36,-10,-35.5,-9.5,64.0,4.0,5.104540733392135,3.8758348053240796,0.015625,0.5542532347249827,0.8951429281763199,0.5038879863498388
-16,-6,-15.5,-5.5,80.0,5.0,5.7988318273263815,5.044997190196747,0.0,0.5834718969120846,0.8635123375237631,0.5038351815819783
-58,-16,-57.5,-15.5,80.0,11.0,6.029268737846155,5.447426868352494,0.0125,0.5834718969120846,0.8526249804030746,0.503701248603791
-30,-25,-29.5,-24.5,56.0,4.0,5.226260880051228,4.594733278023787,0.07142857142857142,0.5368151296159606,0.8756938049365321,0.503663232215248
-47,-7,-46.5,-6.5,65.0,8.0,5.053244839059377,4.006181848094334,0.015384615384615385,0.5562803695515928,0.8916165113107224,0.5036193587550033
-35,-10,-34.5,-9.5,60.0,4.0,4.275107946873894,3.4226634365653466,0.016666666666666666,0.5458202580282904,0.9074030540973463,0.5035336186084568
-37,-15,-36.5,-14.5,79.0,13.0,6.196105515617817,4.979367429704765,0.0,0.5818224998994282,0.865287889077257,0.5034439627556289
-36,-26,-35.5,-25.5,65.0,5.0,5.41329535132091,3.5259700792848956,0.0,0.5562803695515928,0.9046081898681931,0.5032157781592759
35,-21,35.5,-20.5,78.0,2.0,6.95179159493414,5.705604757988485,0.02564102564102564,0.5801523552108097,0.8456402199897411,0.5031796567056774
47,-17,47.5,-16.5,99.0,5.0,8.797503535000878,6.851535667279623,0.010101010101010102,0.6114503295969382,0.8146381350981307,0.5031421779878658
84,-15,84.5,-14.5,121.0,7.0,9.52083254955444,8.05213636248158,0.008264462809917356,0.6378527030619434,0.7821570104755282,0.503024111808108
-50,-26,-49.5,-25.5,61.0,5.0,4.234142824810193,3.5813127481430933,0.01639344262295082,0.54797924465526,0.9031109459207972,0.5029989401164869
-48,-30,-47.5,-29.5,58.0,6.0,5.612646769111251,3.206672317697225,0.017241379310344827,0.541394023092995,0.9132464910346794,0.5029507813715987
-31,-5,-30.5,-4.5,60.0,4.0,3.9723154797840965,3.467424991481793,0.016666666666666666,0.5458202580282904,0.9061920722535468,0.5028616238789657
-57,-10,-56.5,-9.5,66.0,12.0,5.673432439171186,3.6709955473549836,0.0,0.558277019990042,0.9006846619869742,0.5028315490448262
-37,-27,-36.5,-26.5,70.0,4.0,4.7942872766932085,4.13791307786687,0.0,0.565976263746681,0.8880526465653246,0.5026167189133942
-39,-18,-38.5,-17.5,74.0,7.0,4.837884303912857,4.557551974472838,0.0,0.573253413757653,0.8766997101963705,0.5025711017104145
-47,-28,-46.5,-27.5,61.0,7.0,3.6329418475546817,3.071179577947396,0.0,0.54797924465526,0.9169121199010125,0.50244881087861
-23,-32,-22.5,-31.5,58.0,4.0,4.129700634688022,3.248594433510265,0.017241379310344827,0.541394023092995,0.9121123275500101,0.502326165327171
-59,-35,-58.5,-34.5,70.0,9.0,5.315433298198554,4.160368634049474,0.0,0.565976263746681,0.8874451325752428,0.5022728804151139
-17,-11,-16.5,-10.5,62.0,4.0,5.562538620120185,4.273315457581124,0.03225806451612903,0.5501036860102642,0.8843894623049191,0.5021996418916868
-48,-3,-47.5,-2.5,72.0,11.0,7.989748355347296,4.830925066692932,0.013888888888888888,0.569664688483081,0.869303857843167,0.5020896518111373
-30,-18,-29.5,-17.5,61.0,4.0,4.219140689034224,3.098307279790256,0.0,0.54797924465526,0.9161782053965448,0.5020466409628104
77,22,77.5,22.5,85.0,5.0,7.622261341492638,5.602774491265682,0.0,0.5914248578088228,0.8484221963135489,0.5017779768165898
29,-19,29.5,-18.5,99.0,7.0,7.690899221864259,6.637021169169672,0.0,0.6114503295969382,0.8204416234471794,0.501659301071825
-45,-27,-44.5,-26.5,66.0,8.0,4.057509098241027,3.7499254311798964,0.0,0.558277019990042,0.8985492880835522,0.5016394188654593
-42,-19,-41.5,-18.5,61.0,10.0,5.625734856617237,3.13782934526433,0.0,0.54797924465526,0.9151089730205049,0.501460723813027
35,-15,35.5,-14.5,91.0,3.0,6.65975128545867,6.093969642195906,0.0,0.6003793571444475,0.835133372664568,0.5013968374102276
-18,-11,-17.5,-10.5,66.0,6.0,5.177126282086429,4.266713020581835,0.015151515151515152,0.558277019990042,0.8845680850392252,0.5013163683499664
-3,-15,-2.5,-14.5,54.0,5.0,4.591424672295318,3.391274096855239,0.037037037037037035,0.5320726700547346,0.9082522632132661,0.5011545847996988
-56,-15,-55.5,-14.5,72.0,12.0,5.58107824004366,4.446886680958858,0.0,0.569664688483081,0.8796936558140845,0.5011304123998732
-38,-35,-37.5,-34.5,53.0,3.0,3.0536873780261025,1.9905288242064891,0.0,0.5296363677177165,0.9461481114726011,0.5011144490833256
28,-20,28.5,-19.5,102.0,4.0,7.582596628493106,6.881857758802197,0.0,0.6153749922354819,0.8138177993799367,0.5008031219745255
-41,-34,-40.5,-33.5,69.0,6.0,5.495696623125312,4.620173373370596,0.014492753623188406,0.5640929023526909,0.8750055470414028,0.5007378159763801
11,-16,11.5,-15.5,55.0,4.0,5.356023959060142,4.132471415509127,0.05454545454545454,0.5344650726551812,0.8881998656314989,0.5006051769379918
-34,-24,-33.5,-23.5,49.0,4.0,5.493348704989791,2.738868562015106,0.04081632653061224,0.5194178845632851,0.9259024824462755,0.5005601172643076
5,-18,5.5,-17.5,82.0,4.0,6.1084552050040175,5.434353754161217,0.0,0.5867104660528069,0.8529786612338032,0.5004515078655839
58,-16,58.5,-15.5,76.0,4.0,9.304559432693575,5.71231150559011,0.02631578947368421,0.5767476878441404,0.8454587752300211,0.5004484041441234
32,-21,32.5,-20.5,83.0,3.0,6.905894534262495,6.27166781589942,0.024096385542168676,0.5883006018495491,0.8303259154072641,0.5002518679524887
-34,-25,-33.5,-24.5,69.0,6.0,5.708672573628088,4.669435190684125,0.014492753623188406,0.5640929023526909,0.8736728148235295,0.49997513575987673
-30,-26,-29.5,-25.5,54.0,4.0,4.402576608866818,3.476088748037494,0.037037037037037035,0.5320726700547346,0.9059576824539155,0.4998884831731821
56,-14,56.5,-13.5,113.0,6.0,9.371418664977515,7.58382199157916,0.0,0.6288475746496136,0.7948268161025176,0.49982491557254266
-58,-9,-57.5,-8.5,59.0,7.0,4.559379452907342,3.5527564927676134,0.01694915254237288,0.5436255840601433,0.9038835085998899,0.4997025765609627
-45,-2,-44.5,-1.5,62.0,7.0,6.02215627527699,4.436707901135998,0.03225806451612903,0.5501036860102642,0.8799690331458266,0.49968950576351745
-39,-33,-38.5,-32.5,70.0,8.0,6.355282018497845,4.790503843535717,0.014285714285714285,0.565976263746681,0.8703974160861486,0.4996617672102209
-39,-21,-38.5,-20.5,59.0,7.0,3.7991070498758988,3.556771710413877,0.01694915254237288,0.5436255840601433,0.9037748806561644,0.499642522734502
-20,-23,-19.5,-22.5,67.0,7.0,5.038108100364465,3.9993341945879815,0.0,0.5602440893317775,0.8918017681474052,0.499626669460212
6,-18,6.5,-17.5,74.0,5.0,6.34611145396919,4.7672575478055474,0.0,0.573253413757653,0.8710263227923025,0.49931881301346287
70,-17,70.5,-16.5,95.0,4.0,10.227387521663196,7.743235644427066,0.042105263157894736,0.6060301993962866,0.7905140293905075,0.49924696958791603
57,23,57.5,23.5,64.0,4.0,6.758215378064001,5.159704166077233,0.046875,0.5542532347249827,0.8604090479841637,0.49923845887710927
-27,-17,-26.5,-16.5,62.0,3.0,4.75635073402381,3.4217306171487443,0.0,0.5501036860102642,0.9074282906508833,0.4991796474770442
30,-18,30.5,-17.5,92.0,6.0,7.996300551471068,6.635365928116176,0.010869565217391304,0.6018147738496281,0.8204864044398558,0.49914802297743444
41,-18,41.5,-17.5,77.0,6.0,7.210926178224046,5.481493409649367,0.012987012987012988,0.578460934221841,0.8517033421117202,0.49907551499622294
-54,-34,-53.5,-33.5,67.0,8.0,5.544695582684528,4.042993940138818,0.0,0.5602440893317775,0.8906205947215566,0.49896492402990456
-10,-18,-9.5,-17.5,82.0,7.0,6.691970350263984,5.907038261550481,0.012195121951219513,0.5867104660528069,0.8401906256670726,0.49896020226025833
-19,-18,-18.5,-17.5,60.0,5.0,4.082389025404397,3.737123985466034,0.016666666666666666,0.5458202580282904,0.8988956191786808,0.4988126961139508
-13,-5,-12.5,-4.5,85.0,6.0,6.388596983603438,5.790156215509562,0.0,0.5914248578088228,0.8433527596877939,0.4987797859810318
-29,-9,-28.5,-8.5,60.0,4.0,5.926539185136079,3.740829301825009,0.016666666666666666,0.5458202580282904,0.8987953753233315,0.4987570690681751
-18,-24,-17.5,-23.5,61.0,6.0,5.481540815927686,4.8982320279875795,0.04918032786885246,0.54797924465526,0.8674829311965999,0.4987411319485312
-5,-17,-4.5,-16.5,69.0,7.0,6.083119783363519,4.750284728308664,0.014492753623188406,0.5640929023526909,0.871485506488829,0.4987234088398724
-66,-29,-65.5,-28.5,51.0,7.0,3.890378529632947,2.5007767125173066,0.0196078431372549,0.5246254050274729,0.9323438339014845,0.4987220705341671
30,-15,30.5,-14.5,66.0,3.0,5.038600158609604,4.436836494625794,0.015151515151515152,0.558277019990042,0.8799655541696905,0.4987079495071913
-51,-3,-50.5,-2.5,56.0,5.0,5.656867539156075,3.2303231406311745,0.017857142857142856,0.5368151296159606,0.9126066402248183,0.4986492849296127
44,-3,44.5,-2.5,39.0,2.0,5.185849019699671,3.6218342875933396,0.1282051282051282,0.4897900548657752,0.9020146737146898,0.49843856223722816
-57,-7,-56.5,-6.5,62.0,6.0,4.62093184119894,3.4733209214878324,0.0,0.5501036860102642,0.9060325634026378,0.49841185277311945
26,-19,26.5,-18.5,77.0,8.0,7.9363954671381824,5.927451548146351,0.025974025974025976,0.578460934221841,0.8396383633632715,0.4983135243414238
3,-16,3.5,-15.5,80.0,5.0,8.04414619197668,5.785105635119546,0.0125,0.5834718969120846,0.8434893983984995,0.49830426380016557
-63,-18,-62.5,-17.5,56.0,6.0,3.2653758653772362,2.6538822171789525,0.0,0.5368151296159606,0.9282017082162375,0.4982727203058555
-22,-28,-21.5,-27.5,54.0,6.0,4.994047528274221,4.178234157030466,0.05555555555555555,0.5320726700547346,0.8869617976240699,0.4981463614482963
-50,-17,-49.5,-16.5,50.0,3.0,3.7744876730528456,2.387925475981917,0.02,0.5220471734924924,0.9353969181553663,0.49808774356092916
28,-18,28.5,-17.5,62.0,6.0,7.075724018460498,4.544639298977578,0.03225806451612903,0.5501036860102642,0.8770490505088064,0.4980313966417515
-14,-18,-13.5,-17.5,70.0,5.0,6.168924031891281,4.468516530827712,0.0,0.565976263746681,0.8791084805331055,0.49755453324014887
-40,-18,-39.5,-17.5,64.0,8.0,5.689278141104121,4.316929116860487,0.015625,0.5542532347249827,0.883209535699877,0.49717051932194456
-23,-33,-22.5,-32.5,66.0,6.0,4.474222232199317,4.046469478004054,0.0,0.558277019990042,0.8905265673076275,0.4971605182184638
32,-20,32.5,-19.5,78.0,4.0,6.617283123164772,6.098778108885963,0.02564102564102564,0.5801523552108097,0.835003284112706,0.49685038142230475
5,-14,5.5,-13.5,64.0,4.0,7.635697100238607,4.343802136379842,0.015625,0.5542532347249827,0.8824825113865629,0.4967612675636699
-36,0,-35.5,0.5,67.0,4.0,5.5080991552942375,4.672472792854542,0.014925373134328358,0.5602440893317775,0.8735906353486671,0.4967288256205737
29,-20,29.5,-19.5,85.0,4.0,7.311250245318055,6.635839961904197,0.023529411764705882,0.5914248578088228,0.8204735799007683,0.4966660813952655
-40,-27,-39.5,-26.5,57.0,5.0,4.053467508841079,2.9174878065052097,0.0,0.5391243139422626,0.9210701064835894,0.4965712892506919
44,-18,44.5,-17.5,88.0,6.0,7.1686304808242065,6.520794039381569,0.011363636363636364,0.5959775810380047,0.8235860393235501,0.49641652930513774
28,-17,28.5,-16.5,79.0,8.0,8.708423834604412,5.426737970457422,0.0,0.5818224998994282,0.8531846991118174,0.4964020545131791
-51,-29,-50.5,-28.5,59.0,5.0,4.597749129512783,3.211610343737394,0.0,0.5436255840601433,0.913112897376237,0.4963915321490065
-24,-5,-23.5,-4.5,66.0,5.0,5.994699091698087,4.601559944212468,0.015151515151515152,0.558277019990042,0.875509115892025,0.49618232656089656
-41,-33,-40.5,-32.5,63.0,8.0,9.596002587201845,4.778337053825709,0.031746031746031744,0.5521946702019185,0.8707265771589408,0.49607440289160676
-21,-25,-20.5,-24.5,67.0,6.0,4.482173131531333,4.251136553909556,0.0,0.5602440893317775,0.8849894917210505,0.49581013185745254
-52,-30,-51.5,-29.5,59.0,5.0,3.794216904298277,3.259890335579059,0.0,0.5436255840601433,0.9118067275247165,0.4956814648005919
-22,-12,-21.5,-11.5,67.0,6.0,5.799700923475045,4.278017606957837,0.0,0.5602440893317775,0.8842622500681534,0.4954026990199011
-20,-4,-19.5,-3.5,66.0,4.0,6.073684082360035,4.1718570664588395,0.0,0.558277019990042,0.8871343238223426,0.49526670663441835
-59,-13,-58.5,-12.5,67.0,8.0,5.564099474811418,4.290518150527081,0.0,0.5602440893317775,0.8839240595980449,0.49521322980795446
86,-15,86.5,-14.5,87.0,5.0,8.674821765490217,7.2002524955700515,0.034482758620689655,0.5944772853908779,0.8052039287021442,0.4951814955733662
50,-15,50.5,-14.5,69.0,3.0,7.077877122319904,4.982475288446651,0.014492753623188406,0.5640929023526909,0.8652038088768139,0.49512859329441655
37,-18,37.5,-17.5,80.0,5.0,7.0562474407967555,6.367762996589873,0.025,0.5834718969120846,0.8277261505128143,0.4950288208425356
-40,-28,-39.5,-27.5,69.0,6.0,4.904341855596568,4.531317934099241,0.0,0.5640929023526909,0.8774094475288029,0.4949404418081935
-68,-35,-67.5,-34.5,64.0,5.0,4.951813381220495,4.4740356468902736,0.015625,0.5542532347249827,0.8789591660296648,0.4947779291031635
-26,-31,-25.5,-30.5,57.0,5.0,3.8868793475580015,3.647230181932721,0.017543859649122806,0.5391243139422626,0.9013276116363181,0.4944526764055718
10,-14,10.5,-13.5,81.0,4.0,7.929475869284248,5.7347830822101376,0.0,0.5851010554136048,0.8448508278220457,0.4943231110257366
-65,-24,-64.5,-23.5,66.0,9.0,6.1296222988230396,4.2343345938459045,0.0,0.558277019990042,0.8854440529760226,0.49432306726335873
-48,-35,-47.5,-34.5,67.0,11.0,4.894943477607864,4.368763326161895,0.0,0.5602440893317775,0.8818072098318666,0.4940272772384497
8,-18,8.5,-17.5,65.0,7.0,5.683666832477443,4.642495880450802,0.015384615384615385,0.5562803695515928,0.874401632569873,0.49389573196867703
48,-19,48.5,-18.5,92.0,6.0,8.490606488973578,6.6284555100242155,0.0,0.6018147738496281,0.8206733593134755,0.49389335213965385
-12,-12,-11.5,-11.5,68.0,4.0,6.404505657430511,4.4951312918883755,0.0,0.5621824413051624,0.8783884431599248,0.4938145593898874
3,0,3.5,0.5,54.0,3.0,5.183976456203059,3.8892071451135166,0.037037037037037035,0.5320726700547346,0.8947811520779616,0.49372150768969
8,2,8.5,2.5,56.0,4.0,4.88876937122673,3.565182884509732,0.017857142857142856,0.5368151296159606,0.9035473242378468,0.4936992645815886
53,-16,53.5,-15.5,62.0,5.0,6.485802259261266,4.829345616138557,0.03225806451612903,0.5501036860102642,0.8693465883950456,0.49365756149322587
-26,-16,-25.5,-15.5,57.0,3.0,4.760025504833747,3.704726710567161,0.017543859649122806,0.5391243139422626,0.899772097034831,0.49359934810633443
-41,-19,-40.5,-18.5,68.0,8.0,5.930979338672962,4.520967557348177,0.0,0.5621824413051624,0.8776894672543334,0.49342160740886853
-59,-29,-58.5,-28.5,58.0,6.0,5.756493153593148,3.2781880835344164,0.0,0.541394023092995,0.9113116991326573,0.49337870708514237
-50,-30,-49.5,-29.5,64.0,8.0,6.286860294961254,4.068017699076763,0.0,0.5542532347249827,0.8899436004170909,0.49325411925397006
-18,-13,-17.5,-12.5,61.0,4.0,5.927104643791547,4.2349046034122155,0.01639344262295082,0.54797924465526,0.8854286319023605,0.4931505541011761
-65,-26,-64.5,-25.5,60.0,9.0,4.184380634044665,3.576358622956982,0.0,0.5458202580282904,0.9032449751265182,0.4930094053863129
-20,-27,-19.5,-26.5,59.0,5.0,3.9172486583401773,3.4417270374044704,0.0,0.5436255840601433,0.9068873062745392,0.4930071415502264
-40,-34,-39.5,-33.5,75.0,6.0,5.662307217508048,5.279949715669831,0.0,0.5750120454552455,0.8571559175326829,0.4928749774145358
-46,-14,-45.5,-13.5,53.0,5.0,5.978692164984431,3.828705264185558,0.03773584905660377,0.5296363677177165,0.8964179736641695,0.49269161837849346
-18,-29,-17.5,-28.5,58.0,4.0,4.18579672310082,3.3278649786869066,0.0,0.541394023092995,0.9099677373735476,0.49265109422149483
-40,-21,-39.5,-20.5,60.0,7.0,4.122904023867436,3.6053832021513603,0.0,0.5458202580282904,0.9024597423861919,0.4925808094493757
-61,-33,-60.5,-32.5,58.0,9.0,5.118203000445599,3.904667038506931,0.017241379310344827,0.541394023092995,0.894362899176751,0.49255105098852653
-19,-5,-18.5,-4.5,63.0,5.0,5.5266779152512076,4.002787029058818,0.0,0.5521946702019185,0.8917083549524965,0.49239660097928906
48,-16,48.5,-15.5,102.0,6.0,8.97090469062269,7.676026057281446,0.00980392156862745,0.6153749922354819,0.7923323216708924,0.49236170704414817
48,-14,48.5,-13.5,80.0,6.0,9.441421484034237,6.165370537598516,0.0125,0.5834718969120846,0.8332016884743072,0.49222664180551146
73,-13,73.5,-12.5,106.0,8.0,9.218203636803885,7.63853788202171,0.0,0.6204336898721504,0.793346529056705,0.49221891436991466
-13,-2,-12.5,-1.5,72.0,7.0,6.2226056610176474,5.025474259683172,0.0,0.569664688483081,0.86404051207967,0.4922133691506271
-69,-29,-68.5,-28.5,49.0,5.0,3.8482607474240305,2.6373716908795126,0.02040816326530612,0.5194178845632851,0.928648385004332,0.4922005914714911
-62,-27,-61.5,-26.5,55.0,8.0,4.627307859193265,2.92638428782021,0.0,0.5344650726551812,0.9208294205340893,0.49215116314878044
-77,-32,-76.5,-31.5,40.0,3.0,2.629731502650616,2.64714941021493,0.075,0.4930686103799517,0.9283838579875414,0.4920887091638776
-46,-30,-45.5,-29.5,64.0,7.0,5.7876826910265775,4.147858845235755,0.0,0.5542532347249827,0.8877835731667606,0.4920569171633804
-60,-13,-59.5,-12.5,67.0,9.0,5.017833567781296,4.498849853018078,0.0,0.5602440893317775,0.8782878409797384,0.49205557164086655
-44,-11,-43.5,-10.5,56.0,3.0,4.5901851161945,3.6803390640740212,0.017857142857142856,0.5368151296159606,0.9004318819143178,0.49199698342518094
-24,-13,-23.5,-12.5,63.0,3.0,5.867746419889295,4.553778650747333,0.015873015873015872,0.5521946702019185,0.8768017939271723,0.4918504405638759
-39,-14,-38.5,-13.5,67.0,5.0,7.219483593500309,4.9960089071180995,0.014925373134328358,0.5602440893317775,0.8648376695297197,0.49175183725094973
6,-16,6.5,-15.5,69.0,6.0,7.095556304266598,5.6536757070084205,0.028985507246376812,0.5640929023526909,0.8470451117103255,0.4916617626039408
74,-17,74.5,-16.5,70.0,5.0,8.45072467702232,6.175374482571453,0.04285714285714286,0.565976263746681,0.8329310411352859,0.49162287856125575
-6,-13,-5.5,-12.5,47.0,5.0,4.1843424034356325,3.0589704150248163,0.0425531914893617,0.5139977543626335,0.9172424273412887,0.49152269883230043
-61,-15,-60.5,-14.5,61.0,7.0,4.073228288496159,3.8174083451020477,0.0,0.54797924465526,0.8967236012038415,0.4913859216522257
-56,-32,-55.5,-31.5,52.0,6.0,3.956884883339247,3.788968847791007,0.038461538461538464,0.5271545243917248,0.8974930051031194,0.49131432510580536
-66,-28,-65.5,-27.5,62.0,7.0,5.054758555701491,3.9509681553234017,0.0,0.5501036860102642,0.8931102659311668,0.4913032493023421
19,-14,19.5,-13.5,59.0,5.0,6.63387549203142,4.654505772137426,0.03389830508474576,0.5436255840601433,0.8740767162257994,0.4912779387740502
-25,-14,-24.5,-13.5,63.0,4.0,5.964616613925545,4.594140289542771,0.015873015873015872,0.5521946702019185,0.8757098476831577,0.4912379027646715
-63,-12,-62.5,-11.5,61.0,6.0,4.528895497638532,3.8291154330996164,0.0,0.54797924465526,0.8964068769292876,0.49121236332349166
26,-18,26.5,-17.5,73.0,6.0,6.623190263382732,5.192418511638244,0.0,0.5714711755612785,0.8595239920789318,0.4911931861764702
34,-20,34.5,-19.5,86.0,4.0,7.6253898756350065,7.378788315161295,0.03488372093023256,0.5929598431366307,0.8003738097217732,0.49114497733759105
-41,-16,-40.5,-15.5,58.0,11.0,6.868187808792806,3.4351981933874542,0.0,0.541394023092995,0.9070639380198028,0.49107899460711607
-34,-30,-33.5,-29.5,61.0,7.0,3.996714790512444,3.8491683517369513,0.0,0.54797924465526,0.8958643640422725,0.4909150775214494
22,-16,22.5,-15.5,66.0,3.0,6.925253135775836,5.419876111536071,0.030303030303030304,0.558277019990042,0.8533703402626661,0.490853930828206
-48,-26,-47.5,-25.5,56.0,6.0,4.043057498940587,3.1775695004941324,0.0,0.5368151296159606,0.9140338404308775,0.49066719452427576
4,0,4.5,0.5,60.0,2.0,5.187350606509441,4.285967423799955,0.016666666666666666,0.5458202580282904,0.8840471752371895,0.4905730382520963
-41,-24,-40.5,-23.5,57.0,5.0,4.476957261621184,3.3300337836127025,0.0,0.5391243139422626,0.9099090623924666,0.49055409901218594
17,-14,17.5,-13.5,82.0,6.0,8.238368090281257,6.067137875473456,0.0,0.5867104660528069,0.8358592809221922,0.49040738826442337
57,-14,57.5,-13.5,108.0,6.0,9.398214368684362,8.392721233139255,0.018518518518518517,0.6228925518476648,0.772942806558593,0.49037624900975535
49,-13,49.5,-12.5,48.0,3.0,6.599909645922445,5.195489331578667,0.10416666666666667,0.5167354751084438,0.8594409139284884,0.4903644015892302
11,-21,11.5,-20.5,71.0,3.0,6.328809227794267,5.0461792477083955,0.0,0.5678332835570015,0.8634803580675623,0.49031288700847925
40,-14,40.5,-13.5,72.0,4.0,6.395001063230297,5.587293620347693,0.013888888888888888,0.569664688483081,0.848841016741992,0.490270791615294
-32,-29,-31.5,-28.5,62.0,6.0,5.307067395173907,4.546078089960576,0.016129032258064516,0.5501036860102642,0.8770101253695729,0.49022789783790216
-21,-26,-20.5,-25.5,67.0,5.0,5.679426712574136,4.621219319615199,0.0,0.5602440893317775,0.8749772499477435,0.4902008325829966
41,-15,41.5,-14.5,90.0,4.0,7.880608014983077,6.715032762389689,0.0,0.5989282525143886,0.8183310930339341,0.49012161152900374
-46,-17,-45.5,-16.5,38.0,4.0,4.943523844780108,2.4472455839215703,0.07894736842105263,0.4864284891881879,0.9337920683278473,0.49008278067151956
-26,-24,-25.5,-23.5,66.0,6.0,6.574564638154405,4.5217711522595145,0.0,0.558277019990042,0.8776677267484637,0.48998172303056675
17,-15,17.5,-14.5,93.0,9.0,7.752308582686448,6.941772468180251,0.0,0.6032348382102174,0.8121968631687443,0.48994544334844353
-38,-33,-37.5,-32.5,48.0,5.0,5.393076344253722,3.3221380039888175,0.041666666666666664,0.5167354751084438,0.9101226752972241,0.4898882010694573
45,-20,45.5,-19.5,59.0,2.0,5.576394065392121,4.74908338524401,0.03389830508474576,0.5436255840601433,0.8715180076975602,0.48983980751126494
41,-16,41.5,-15.5,98.0,4.0,8.907752133226234,7.293939694606015,0.0,0.6101158987459608,0.8026693094906188,0.48972130715566864
-33,-31,-32.5,-30.5,50.0,5.0,4.017471204136331,2.9691814054559984,0.02,0.5220471734924924,0.9196715846966026,0.4897141903588672
-49,-27,-48.5,-26.5,56.0,5.0,3.933917249727276,3.2444010875176197,0.0,0.5368151296159606,0.9122257745889109,0.4896965974249662
-6,-12,-5.5,-11.5,49.0,4.0,4.311247544155884,3.490115470869331,0.04081632653061224,0.5194178845632851,0.9055782026367137,0.48957243327202804
35,-18,35.5,-17.5,79.0,4.0,6.519661640172502,5.866788985467577,0.0,0.5818224998994282,0.8412795320433915,0.4894753604477072
41,-19,41.5,-18.5,92.0,5.0,8.193885716037826,6.909779195354899,0.0,0.6018147738496281,0.8130624111280935,0.489312971078687
5,-21,5.5,-20.5,67.0,5.0,5.891860746586199,5.155938808791558,0.014925373134328358,0.5602440893317775,0.8605109161904153,0.4892916195951998
-38,-5,-37.5,-4.5,57.0,6.0,3.764074102999213,3.4212103121559703,0.0,0.5391243139422626,0.9074423670139735,0.4892242435585513
-58,-22,-57.5,-21.5,71.0,11.0,6.772329070451068,5.12041912347059,0.0,0.5678332835570015,0.8614718679290547,0.4891723994581387
-55,-15,-54.5,-14.5,62.0,11.0,5.738059534759262,4.097477660143747,0.0,0.5501036860102642,0.8891465888289601,0.48912281591826373
72,-14,72.5,-13.5,66.0,6.0,8.916483562415689,5.062739725616838,0.015151515151515152,0.558277019990042,0.8630323298855833,0.48911128572727697
-28,-24,-27.5,-23.5,64.0,6.0,5.214122188515871,4.846310726047951,0.015625,0.5542532347249827,0.8688876132741704,0.4891085166801425
49,-17,49.5,-16.5,76.0,5.0,6.837082606623798,6.0251320924827265,0.013157894736842105,0.5767476878441404,0.8369957079438026,0.4890871200722162
85,-15,85.5,-14.5,89.0,6.0,9.513381088199024,6.705061744685521,0.0,0.5974611132545113,0.8186008495566128,0.48908217488718264
-76,-33,-75.5,-32.5,51.0,3.0,3.752185350013847,3.807405415764175,0.0392156862745098,0.5246254050274729,0.8969942210658097,0.48904030777057866
-22,-31,-21.5,-30.5,45.0,3.0,3.227735627698515,2.182654468460618,0.022222222222222223,0.5083469121107943,0.9409503325448065,0.4889587336876391
38,-19,38.5,-18.5,86.0,8.0,9.574388153309306,7.51532729780663,0.03488372093023256,0.5929598431366307,0.796679875736169,0.48887821510523266
4,-13,4.5,-12.5,53.0,5.0,7.117401147518788,4.098999146131589,0.03773584905660377,0.5296363677177165,0.8891054264540089,0.48867247683371123
-45,-13,-44.5,-12.5,55.0,6.0,6.276592305631143,3.78020237553346,0.01818181818181818,0.5344650726551812,0.8977301737796293,0.488529157509403
45,-15,45.5,-14.5,51.0,5.0,7.332812736765823,4.459099124262674,0.058823529411764705,0.5246254050274729,0.8793632596261738,0.4884737360269344
44,-12,44.5,-11.5,69.0,2.0,6.543031676441608,5.418382876837358,0.014492753623188406,0.5640929023526909,0.8534107383255137,0.4883797944879628
51,-15,51.5,-14.5,75.0,2.0,7.749512367267362,6.392020807225586,0.02666666666666667,0.5750120454552455,0.8270698782205534,0.4882571462076218
48,-13,48.5,-12.5,66.0,3.0,6.537646397568092,5.119126194965515,0.015151515151515152,0.558277019990042,0.8615068468958913,0.48824673996160184
-41,-25,-40.5,-24.5,54.0,5.0,3.335704439710057,3.0624714740978085,0.0,0.5320726700547346,0.9171477094750444,0.4879892306149709
-4,-17,-3.5,-16.5,64.0,7.0,6.451506885335023,4.426504631767102,0.0,0.5542532347249827,0.8802450730192446,0.4878786790716449
-59,-7,-58.5,-6.5,61.0,7.0,4.797519614736601,4.058640782331195,0.0,0.54797924465526,0.8901972840961073,0.4878096353331488
-54,-12,-53.5,-11.5,55.0,6.0,4.362822059922894,3.226750687611497,0.0,0.5344650726551812,0.9127032895872618,0.4878080299818787
-7,-31,-6.5,-30.5,39.0,3.0,6.161242891426806,4.34515281664548,0.1282051282051282,0.4897900548657752,0.8824459700000645,0.48762521648067203
57,-16,57.5,-15.5,92.0,4.0,8.82559024967106,7.341309308520415,0.010869565217391304,0.6018147738496281,0.8013877690592105,0.48752924899138145
92,-15,92.5,-14.5,89.0,4.0,8.625901912915575,6.816737416098992,0.0,0.5974611132545113,0.815579569113423,0.48727707731014036
-17,-10,-16.5,-9.5,74.0,6.0,6.524408949931687,5.545957446019228,0.0,0.573253413757653,0.8499593281299083,0.4872420864056311
47,-20,47.5,-19.5,79.0,3.0,7.83447859790925,6.417236321034223,0.012658227848101266,0.5818224998994282,0.8263876961680905,0.4868971698943267
-16,-23,-15.5,-22.5,63.0,7.0,5.580571368612677,4.371552813360744,0.0,0.5521946702019185,0.8817317428746168,0.4868875689632118
-56,-16,-55.5,-15.5,54.0,8.0,4.698350108190235,3.7559250066086913,0.018518518518518517,0.5320726700547346,0.8983869752030381,0.48685914102087485
-2,-14,-1.5,-13.5,47.0,4.0,4.6619671228182415,3.387904662177093,0.0425531914893617,0.5139977543626335,0.9083434201050837,0.4867539878314952
84,-12,84.5,-11.5,84.0,4.0,8.940313006839279,6.472605887563822,0.0,0.5898719190292874,0.8248897245294478,0.4865792847957256
-62,-14,-61.5,-13.5,57.0,8.0,5.767023370603514,3.6027239694433044,0.0,0.5391243139422626,0.902531685430483,0.4865767757188631
-48,-25,-47.5,-24.5,54.0,5.0,3.5235454086904747,3.173132637847304,0.0,0.5320726700547346,0.9141538755842311,0.48639629342298546
-47,-25,-46.5,-24.5,56.0,5.0,4.021695226225047,3.474327340998621,0.0,0.5368151296159606,0.9060053356676521,0.48635737169918253
-11,-4,-10.5,-3.5,57.0,7.0,5.097814908082657,3.6178781073996387,0.0,0.5391243139422626,0.9021217044555636,0.48635574500703027
-13,-17,-12.5,-16.5,63.0,3.0,5.258950203929008,4.9419325167390475,0.015873015873015872,0.5521946702019185,0.8663006555017102,0.48595972547095634
-31,-28,-30.5,-27.5,69.0,6.0,6.421151867357151,5.138648849647247,0.0,0.5640929023526909,0.860978679802356,0.48567196235349913
-12,-25,-11.5,-24.5,34.0,2.0,3.1002261703180065,2.018157833477293,0.08823529411764706,0.47206045731903784,0.9454006345663237,0.48566445495335975
-25,-6,-24.5,-5.5,64.0,8.0,5.42862774411608,4.5824300321988485,0.0,0.5542532347249827,0.8760266577014018,0.48554060873631705
29,-15,29.5,-14.5,66.0,3.0,6.526582020373084,5.762067380063181,0.030303030303030304,0.558277019990042,0.8441126767595429,0.48552897364795744
44,-16,44.5,-15.5,50.0,5.0,6.805979561318012,3.261355486139331,0.02,0.5220471734924924,0.9117670892518676,0.4855051404639628
-15,-10,-14.5,-9.5,69.0,5.0,6.994313737403573,5.607869652732683,0.014492753623188406,0.5640929023526909,0.8482843515036604,0.4854461265247088
-53,-29,-52.5,-28.5,58.0,6.0,4.100394570385341,3.8295805414848596,0.0,0.541394023092995,0.8963942938585926,0.48530251302970784
-19,-27,-18.5,-26.5,36.0,4.0,3.6799297429462103,2.4375823174709783,0.08333333333333333,0.47943873052762537,0.9340534989292932,0.4851398757525093
-37,-23,-36.5,-22.5,61.0,8.0,4.6378045428255685,4.245106005745624,0.0,0.54797924465526,0.8851526425398348,0.4850452764635861
-7,-18,-6.5,-17.5,77.0,8.0,6.332501967637209,5.97514527020088,0.0,0.578460934221841,0.8383480544904216,0.4849515988035921
75,-4,75.5,-3.5,69.0,6.0,8.97550678077229,6.942487472808627,0.057971014492753624,0.5640929023526909,0.812177519389807,0.484702621914333
60,-13,60.5,-12.5,115.0,6.0,9.778862393111257,8.580306812696513,0.0,0.6311567589759157,0.7678678548187245,0.48464498656917515
-38,-32,-37.5,-31.5,52.0,5.0,5.0111641716863025,2.9857915909194572,0.0,0.5271545243917248,0.9192222117233908,0.48457214783135344
-18,-10,-17.5,-9.5,63.0,6.0,6.281737339881562,4.537587023957194,0.0,0.5521946702019185,0.8772398431884421,0.48440716589742444
-30,-19,-29.5,-18.5,54.0,4.0,6.158005539279625,3.321940743563948,0.0,0.5320726700547346,0.9101280119928207,0.4842542414326276
-10,-2,-9.5,-1.5,42.0,3.0,5.225930696907263,4.263449561441027,0.09523809523809523,0.4993924127751698,0.8846563748623754,0.4838659845213098
-59,-12,-58.5,-11.5,81.0,11.0,7.46416268431082,6.412461929711221,0.0,0.5851010554136048,0.8265168628428886,0.48359588876651577
15,-18,15.5,-17.5,83.0,8.0,8.64339415533667,6.942828386184262,0.012048192771084338,0.5883006018495491,0.8121682962984963,0.48355571314824547
47,-19,47.5,-18.5,93.0,6.0,9.286400739550107,7.34381678693046,0.0,0.6032348382102174,0.8013199315849773,0.4833840992842862
-60,-17,-59.5,-16.5,61.0,10.0,5.078475527503598,4.360959986058185,0.0,0.54797924465526,0.8820183218721929,0.4833277337916243
-35,-34,-34.5,-33.5,52.0,4.0,4.376813225624423,3.7295851977470225,0.019230769230769232,0.5271545243917248,0.8990995740026144,0.48307910847403807
-51,-35,-50.5,-34.5,48.0,4.0,4.2474003541279215,3.11503739945465,0.020833333333333332,0.5167354751084438,0.9157255877161271,0.48304597781739866
-10,-12,-9.5,-11.5,63.0,5.0,6.974025959474124,4.630901100216235,0.0,0.5521946702019185,0.8747153184633393,0.4830131367994297
2,-18,2.5,-17.5,55.0,5.0,5.948431454321359,4.7318759493443485,0.03636363636363636,0.5344650726551812,0.8719835387205939,0.48299182702647603
76,-14,76.5,-13.5,75.0,6.0,8.18995389585157,6.736790407902009,0.02666666666666667,0.5750120454552455,0.8177424603618023,0.4827507451825982
-23,-5,-22.5,-4.5,69.0,4.0,6.321744968318748,5.332350419843276,0.0,0.5640929023526909,0.8557382656777642,0.48271588194042814
43,-13,43.5,-12.5,61.0,2.0,5.763994080616895,4.4045404981682035,0.0,0.54797924465526,0.8808392920326972,0.4826816499107514
-40,-22,-39.5,-21.5,58.0,7.0,5.052934664560978,4.011434110594163,0.0,0.541394023092995,0.8914744162798854,0.4826389207142465
-73,-28,-72.5,-27.5,31.0,1.0,2.0550985655960265,1.6165367206261934,0.0967741935483871,0.4601622251682654,0.9562661167118179,0.48262182258226755
54,24,54.5,24.5,41.0,3.0,6.0326266103154635,4.937712065715541,0.12195121951219512,0.4962681568158961,0.8664148358417733,0.4824099586968933
54,-18,54.5,-17.5,75.0,5.0,8.32747125139651,7.150918112414181,0.04,0.5750120454552455,0.8065386241207534,0.4823202009541072
17,-20,17.5,-19.5,74.0,5.0,7.540829528679322,5.876241575657414,0.0,0.573253413757653,0.8410238010903864,0.4821197650265014
-64,-25,-63.5,-24.5,60.0,8.0,5.024433803983451,4.318893608321571,0.0,0.5458202580282904,0.8831563882277638,0.482044647701811
33,-19,33.5,-18.5,76.0,5.0,7.2579328603421205,6.470638376546911,0.013157894736842105,0.5767476878441404,0.824942953692809,0.48204425616071767
16,-21,16.5,-20.5,82.0,5.0,7.0315053899402695,6.596203226097726,0.0,0.5867104660528069,0.8215459145749928,0.4820095864240735
3,-12,3.5,-11.5,62.0,6.0,7.615362257280453,5.5880757827436005,0.03225806451612903,0.5501036860102642,0.8488198560727053,0.48200147776443564
7,-21,7.5,-20.5,63.0,4.0,6.028663662686256,5.216117521684693,0.015873015873015872,0.5521946702019185,0.8588828376119826,0.48179862883274827
3,-21,3.5,-20.5,63.0,5.0,6.841131736494727,4.715314835726412,0.0,0.5521946702019185,0.8724315841010963,0.48175207085644217
-11,-23,-10.5,-22.5,57.0,5.0,6.655432339506382,3.9395037758582827,0.0,0.5391243139422626,0.8934204239542427,0.4816646731263365
-53,-26,-52.5,-25.5,35.0,5.0,3.126457210134292,2.499028811358607,0.08571428571428572,0.4758008385233484,0.932391121726313,0.48165811848188556
-62,-34,-61.5,-33.5,58.0,12.0,6.162788451141122,4.078652255385952,0.0,0.541394023092995,0.8896558924804178,0.48165438279836237
-65,-22,-64.5,-21.5,53.0,8.0,5.243375163088905,3.3518324838807043,0.0,0.5296363677177165,0.9093193190224641,0.48160858122260536
-9,-18,-8.5,-17.5,74.0,10.0,6.131945786258567,5.917436471651716,0.0,0.573253413757653,0.8399093118551615,0.48148088026781255
-32,-28,-31.5,-27.5,66.0,5.0,5.619560000894373,5.564922843246244,0.015151515151515152,0.558277019990042,0.849446237113628,0.48141156107781674
-12,-27,-11.5,-26.5,48.0,3.0,3.6611412282379394,2.5289955725937916,0.0,0.5167354751084438,0.9315803991354419,0.4813806401489662
-42,-35,-41.5,-34.5,48.0,5.0,4.443356257680254,3.2347460852044527,0.020833333333333332,0.5167354751084438,0.9124869816118776,0.4813376105145975
-17,-8,-16.5,-7.5,76.0,8.0,8.325273349555927,6.516461462999644,0.013157894736842105,0.5767476878441404,0.8237032531099161,0.48131985389427295
89,-15,89.5,-14.5,94.0,3.0,9.953477565491314,7.5510376845362694,0.0,0.6046398751527554,0.7957137647499584,0.4811202713757438
-52,-34,-51.5,-33.5,46.0,4.0,3.7110260620382887,2.9444881991796583,0.021739130434782608,0.5112023931765644,0.9203396362091486,0.48070764683852557
-17,-17,-16.5,-16.5,39.0,3.0,4.0312131577723855,2.463016443305984,0.05128205128205128,0.4897900548657752,0.9333654025337013,0.48059684000996705
-39,-20,-38.5,-19.5,57.0,7.0,5.422522167879793,4.581079567087358,0.017543859649122806,0.5391243139422626,0.8760631932671066,0.4805930551987966
-4,-15,-3.5,-14.5,37.0,5.0,3.995995769729795,2.9464826488545577,0.08108108108108109,0.48297960042159244,0.9202856782456869,0.4805180639489903
-41,-27,-40.5,-26.5,58.0,6.0,4.366061311568242,4.162077364465696,0.0,0.541394023092995,0.8873989044780766,0.48043246298370224
-58,-17,-57.5,-16.5,64.0,11.0,5.360842679291396,4.935967172016047,0.0,0.5542532347249827,0.8664620423026165,0.48023938971263996
-13,-11,-12.5,-10.5,57.0,3.0,4.943658869200709,4.037943164535083,0.0,0.5391243139422626,0.890757238713586,0.4802288852105663
-63,-24,-62.5,-23.5,62.0,9.0,6.091178854792089,4.697073301929767,0.0,0.5501036860102642,0.8729250916718683,0.48019931053954246
67,-16,67.5,-15.5,78.0,5.0,10.424175196573795,6.7613944684237275,0.01282051282051282,0.5801523552108097,0.8170768206039529,0.4801063372700248
-57,-24,-56.5,-23.5,51.0,5.0,3.7196249604325855,3.144115932976854,0.0,0.5246254050274729,0.9149388952921165,0.48000018851801524
-39,-28,-38.5,-27.5,57.0,5.0,5.087800138530633,4.058050886817404,0.0,0.5391243139422626,0.8902132431654085,0.4799356039838674
-46,-29,-45.5,-28.5,60.0,8.0,5.325372374596657,4.468156190842507,0.0,0.5458202580282904,0.8791182291930995,0.47984053869555127
-50,-9,-49.5,-8.5,61.0,5.0,5.411371070270065,4.599430508222418,0.0,0.54797924465526,0.875566725783511,0.47979239304012755
-61,-17,-60.5,-16.5,53.0,8.0,5.12822346653911,3.4963182063422744,0.0,0.5296363677177165,0.9054103934519424,0.4795382720817553
-41,-2,-40.5,-1.5,63.0,7.0,6.712068799296081,4.867319808119527,0.0,0.5521946702019185,0.8683192322831379,0.47948125210057035
-49,-9,-48.5,-8.5,55.0,5.0,5.710487652658473,4.404026232535854,0.01818181818181818,0.5344650726551812,0.8808532050065612,0.4793450044344242
-23,-30,-22.5,-29.5,60.0,5.0,5.683085988606485,4.5065226296923,0.0,0.5458202580282904,0.8780802612104173,0.4792739947434186
18,-21,18.5,-20.5,70.0,6.0,6.91607711948086,6.1190564054099825,0.014285714285714285,0.565976263746681,0.8344546738385631,0.47902841768746385
-3,-1,-2.5,-0.5,63.0,5.0,6.401105502563845,5.410241122163911,0.015873015873015872,0.5521946702019185,0.8536310058543031,0.4788525630494972
-50,-36,-49.5,-35.5,31.0,3.0,2.6947601209128664,1.9074079270046824,0.0967741935483871,0.4601622251682654,0.9483968693081946,0.47865026021284396
-22,-18,-21.5,-17.5,53.0,3.0,5.656014416558735,4.1784152498305644,0.018867924528301886,0.5296363677177165,0.8869568983283825,0.4786281135368319
-60,-14,-59.5,-13.5,60.0,10.0,5.5783593691402915,4.575565768064186,0.0,0.5458202580282904,0.8762123639230385,0.47825445856405113
31,-20,31.5,-19.5,72.0,4.0,6.624410127502969,5.949860943980378,0.0,0.569664688483081,0.8390320981980828,0.4779669588473167
-5,-2,-4.5,-1.5,69.0,11.0,6.988716220820428,6.535598066388943,0.028985507246376812,0.5640929023526909,0.8231855302716526,0.47781262552381093
63,-17,63.5,-16.5,90.0,4.0,9.6114158061898,7.476643090699394,0.0,0.5989282525143886,0.797726440640719,0.477780903077469
-49,-28,-48.5,-27.5,47.0,6.0,5.6475393860547785,4.017676567371118,0.0425531914893617,0.5139977543626335,0.8913055324725265,0.47762389499897084
-54,-15,-53.5,-14.5,56.0,6.0,5.130747344565279,4.092107589921313,0.0,0.5368151296159606,0.8892918710371281,0.47738533101721603
-64,-28,-63.5,-27.5,54.0,9.0,4.667899405924179,3.800592716932405,0.0,0.5320726700547346,0.8971785322365889,0.47736417716290963
-58,-23,-57.5,-22.5,62.0,11.0,7.033103533485862,4.892414843096577,0.0,0.5501036860102642,0.8676403096723517,0.4772921324818477
-36,-31,-35.5,-30.5,50.0,5.0,5.850370979834944,3.8386615851450143,0.02,0.5220471734924924,0.896148614748121,0.47718848838563843
44,-20,44.5,-19.5,55.0,4.0,6.454733822764743,5.130728018517787,0.03636363636363636,0.5344650726551812,0.8611929704520772,0.4770149294690844
-25,-30,-24.5,-29.5,52.0,7.0,4.465963562588261,4.147707879945114,0.019230769230769232,0.5271545243917248,0.8877876573909649,0.47700130491379256
-4,-14,-3.5,-13.5,48.0,3.0,5.8477201219063515,3.541098272898828,0.020833333333333332,0.5167354751084438,0.9041989107930996,0.4769656465479015
-22,-6,-21.5,-5.5,53.0,4.0,4.5865006073899455,3.69108018983413,0.0,0.5296363677177165,0.900141290841203,0.4767475637138714
-25,-33,-24.5,-32.5,51.0,3.0,4.893684949474795,4.022315377987487,0.0196078431372549,0.5246254050274729,0.8911800338064562,0.4767030525839543
-25,-32,-24.5,-31.5,48.0,3.0,3.22442416884774,2.873543838440315,0.0,0.5167354751084438,0.922258969282713,0.4765639266653263
-52,-24,-51.5,-23.5,37.0,2.0,3.768404493315906,2.3634003046464613,0.05405405405405406,0.48297960042159244,0.9360604236403466,0.47653582394137733
25,-16,25.5,-15.5,61.0,3.0,7.741201058168659,5.341120668923636,0.01639344262295082,0.54797924465526,0.8555009948228589,0.4764819822062448
-29,1,-28.5,1.5,53.0,4.0,4.4423252119888295,4.329166955682187,0.018867924528301886,0.5296363677177165,0.8828784524600726,0.47642726380468564
-65,-34,-64.5,-33.5,67.0,4.0,7.269051664768229,5.54115917475808,0.0,0.5602440893317775,0.8500891408540131,0.4762574165685897
-24,-6,-23.5,-5.5,54.0,7.0,6.050110646202198,4.482905531014719,0.018518518518518517,0.5320726700547346,0.8787191996421844,0.4762006646853464
-60,-12,-59.5,-11.5,63.0,10.0,6.267498531973732,5.097956943717643,0.0,0.5521946702019185,0.8620795611136135,0.47603573893694645
-55,-27,-54.5,-26.5,62.0,4.0,6.935779392996374,4.978239441290869,0.0,0.5501036860102642,0.8653184057447809,0.4760148445727293
36,-19,36.5,-18.5,105.0,6.0,10.029458797941809,8.552761659254099,0.0,0.6191869694253779,0.7686130630842931,0.4759151931919202
13,-21,13.5,-20.5,76.0,4.0,7.872362882662528,6.464348296679175,0.0,0.5767476878441404,0.8251131258981781,0.47588208757162537
-40,-15,-39.5,-14.5,58.0,6.0,5.930232504072211,4.474087768242052,0.0,0.541394023092995,0.8789577559354267,0.4758624756146715
-56,-29,-55.5,-28.5,60.0,8.0,5.548869623908084,4.744541962148063,0.0,0.5458202580282904,0.8716408716356979,0.47575924546420056
-47,-5,-46.5,-4.5,36.0,8.0,5.891913851461105,2.219118068063322,0.05555555555555555,0.47943873052762537,0.9399638440914704,0.4756914650504747
-40,-2,-39.5,-1.5,57.0,5.0,5.240509733303441,4.362215606776144,0.0,0.5391243139422626,0.8819843522325101,0.4754992088051629
70,-14,70.5,-13.5,77.0,4.0,8.507230721315075,6.997256748184202,0.012987012987012988,0.578460934221841,0.8106957880647518,0.4750461785561628
30,-21,30.5,-20.5,82.0,3.0,7.745024550066607,7.039598623185482,0.0,0.5867104660528069,0.8095502683893365,0.4749716152598825
-43,-35,-42.5,-34.5,48.0,7.0,4.891435139596975,3.6920877800209193,0.020833333333333332,0.5167354751084438,0.9001140314346772,0.47481086942861567
-27,-14,-26.5,-13.5,49.0,3.0,5.474258630203372,3.8687777139558555,0.02040816326530612,0.5194178845632851,0.8953338511577246,0.4745432805573923
2,-15,2.5,-14.5,60.0,4.0,11.242242550490072,5.373317864981123,0.016666666666666666,0.5458202580282904,0.8546299299119181,0.47424890101094325
-27,-10,-26.5,-9.5,56.0,7.0,5.4240910399468225,4.308560419710733,0.0,0.5368151296159606,0.8834359429442975,0.4742417802190414
-56,-35,-55.5,-34.5,51.0,7.0,4.118040763490011,3.549977464717493,0.0,0.5246254050274729,0.9039586925946905,0.4742396952305944
-38,-34,-37.5,-33.5,48.0,2.0,3.658190637041315,3.0417431319223045,0.0,0.5167354751084438,0.917708495311762,0.47421253533597835
-49,-29,-48.5,-28.5,50.0,5.0,5.269915734465286,3.3945611881405484,0.0,0.5220471734924924,0.9081633340446336,0.47410410160751915
-45,-26,-44.5,-25.5,49.0,6.0,4.470046855121563,3.9000000000001536,0.02040816326530612,0.5194178845632851,0.8944891615218945,0.47409557963519294
31,-15,31.5,-14.5,38.0,3.0,4.779985478218193,3.573379786731702,0.07894736842105263,0.4864284891881879,0.9033255647439076,0.47409302310108603
-25,-25,-24.5,-24.5,57.0,7.0,5.593812956229498,5.027811153971516,0.017543859649122806,0.5391243139422626,0.8639772895986962,0.47396293831512937
-44,-29,-43.5,-28.5,69.0,8.0,6.650498710590922,5.921453622211645,0.0,0.5640929023526909,0.8398006316182716,0.4737255756871738
-29,-15,-28.5,-14.5,46.0,3.0,4.297221201459189,2.713763531264111,0.0,0.5112023931765644,0.9265816754833411,0.47367076998063473
-15,-29,-14.5,-28.5,47.0,5.0,4.184242980317397,3.618236310690814,0.02127659574468085,0.5139977543626335,0.9021120136018206,0.4735491566041422
-14,-6,-13.5,-5.5,59.0,5.0,6.175690218374309,5.3033356484389165,0.01694915254237288,0.5436255840601433,0.8565232330775396,0.4735199418740946
75,-15,75.5,-14.5,75.0,5.0,8.442329522546787,6.9367071438834556,0.013333333333333334,0.5750120454552455,0.8123339007620054,0.47332980157472987
80,-13,80.5,-12.5,62.0,6.0,9.365351568933644,6.628313812727886,0.04838709677419355,0.5501036860102642,0.8206771928007949,0.47330226888673826
-26,-23,-25.5,-22.5,52.0,6.0,5.048506048219375,3.7824266736228793,0.0,0.5271545243917248,0.8976699974831063,0.4732108005839277
6,-11,6.5,-10.5,63.0,3.0,6.360357387656612,5.2914089806038405,0.0,0.5521946702019185,0.8568458978784445,0.47314573799285436
-67,-37,-66.5,-36.5,48.0,6.0,3.3743118175316877,3.12141251076846,0.0,0.5167354751084438,0.9155531150648165,0.47309877390003363
-11,-17,-10.5,-16.5,64.0,7.0,6.219756923733916,5.4186444320089,0.0,0.5542532347249827,0.8534036621959092,0.4730017402982291
-2,-2,-1.5,-1.5,62.0,8.0,7.328704781564516,6.174290080649296,0.03225806451612903,0.5501036860102642,0.8329603786111972,0.4729956898833804
68,-15,68.5,-14.5,88.0,5.0,9.601657460359652,7.960888560091487,0.011363636363636364,0.5959775810380047,0.7846256341010315,0.4729331429709427
-26,-15,-25.5,-14.5,49.0,3.0,4.935374081412069,3.317498153729763,0.0,0.5194178845632851,0.9102482020898512,0.47279919555704414
-47,-6,-46.5,-5.5,47.0,8.0,6.140800028684416,3.6721897673299386,0.02127659574468085,0.5139977543626335,0.9006523534867473,0.4727829315611325
-57,-33,-56.5,-32.5,55.0,7.0,5.509750371199615,4.2684180910496154,0.0,0.5344650726551812,0.8845219559585278,0.4727460914564775
54,-13,54.5,-12.5,66.0,4.0,6.982414868469451,6.136446284292044,0.015151515151515152,0.558277019990042,0.8339842069919274,0.47264867564363905
-46,-13,-45.5,-12.5,43.0,2.0,3.3338908648639256,2.9879472886919665,0.023255813953488372,0.5024448403572247,0.9191638913440362,0.47256936754728157
-12,-13,-11.5,-12.5,35.0,3.0,4.898025914016718,2.241323269856549,0.05714285714285714,0.4758008385233484,0.9393631032043477,0.47248973802152466
-47,-23,-46.5,-22.5,44.0,4.0,3.1321189282872486,2.4140805209634726,0.0,0.5054286682208582,0.9346893179691006,0.47241877718138475
40,-19,40.5,-18.5,83.0,5.0,9.066905280393296,7.636916458882917,0.012048192771084338,0.5883006018495491,0.793390395137449,0.4723755655990973
-19,-13,-18.5,-12.5,56.0,3.0,5.410006129137157,5.012355745941347,0.017857142857142856,0.5368151296159606,0.8643954211526153,0.47230662111772476
0,-18,0.5,-17.5,57.0,6.0,5.820239124791613,5.141055630899457,0.017543859649122806,0.5391243139422626,0.8609135665951883,0.4722822330762211
45,-12,45.5,-11.5,69.0,2.0,6.612016931888862,6.035631698505553,0.0,0.5640929023526909,0.8367116509604288,0.47198310362257995
69,-17,69.5,-16.5,82.0,4.0,10.143011875069234,7.609186750997267,0.012195121951219513,0.5867104660528069,0.79414059635021,0.4716126798765257
-20,-24,-19.5,-23.5,53.0,9.0,5.26023907921398,4.058152904955906,0.0,0.5296363677177165,0.8902104831604513,0.47148784680533484
-37,-30,-36.5,-29.5,53.0,6.0,5.366874473808398,4.068039822815795,0.0,0.5296363677177165,0.8899430018801022,0.47134617899157827
-37,-29,-36.5,-28.5,38.0,4.0,6.357849971416707,2.940881500500498,0.05263157894736842,0.4864284891881879,0.9204372120557579,0.4712914552135474
-56,-34,-55.5,-33.5,45.0,7.0,4.624096090034824,2.725255217406563,0.0,0.5083469121107943,0.926270778703747,0.47086689013251065
-43,-16,-42.5,-15.5,53.0,8.0,5.705663893890717,4.104809130763791,0.0,0.5296363677177165,0.888948242774499,0.4708193183921325
-22,-30,-21.5,-29.5,47.0,3.0,4.551704725635152,3.107509131118476,0.0,0.5139977543626335,0.9159292579480343,0.4707855817403229
-40,-3,-39.5,-2.5,51.0,8.0,5.379816352303627,4.440171280480416,0.0196078431372549,0.5246254050274729,0.8798753346692633,0.470656031350517
84,-14,84.5,-13.5,106.0,5.0,10.678349857626742,9.944358802859389,0.03773584905660377,0.6204336898721504,0.7309647088674918,0.47062891003573404
-54,-29,-53.5,-28.5,39.0,5.0,3.9779818886169696,3.18579095359516,0.05128205128205128,0.4897900548657752,0.913811416735955,0.4705283461934124
64,-17,64.5,-16.5,62.0,4.0,9.177276959833279,6.339206574959101,0.03225806451612903,0.5501036860102642,0.8284987176897878,0.47046214034160466
-7,-1,-6.5,-0.5,47.0,3.0,4.431666197895933,3.142729962106709,0.0,0.5139977543626335,0.9149763914327871,0.4702958104912785
37,-15,37.5,-14.5,68.0,3.0,7.916982140870554,6.49433146049004,0.014705882352941176,0.5621824413051624,0.8243019595510215,0.47022291281644923
-48,-29,-47.5,-28.5,46.0,5.0,3.914518403177824,2.9702561631377344,0.0,0.5112023931765644,0.9196425081365615,0.47012345102630826
42,-13,42.5,-12.5,48.0,2.0,5.422152056957304,4.021948664722476,0.020833333333333332,0.5167354751084438,0.8911899548895517,0.47010341193405264
85,-14,85.5,-13.5,110.0,5.0,11.0029047672998,10.616362058336117,0.05454545454545454,0.6253067047556464,0.7127842917020141,0.47002018555372516
-55,-23,-54.5,-22.5,42.0,4.0,3.149433006533531,2.9883597742480097,0.023809523809523808,0.4993924127751698,0.9191527319345802,0.4699468981408822
-11,-24,-10.5,-23.5,40.0,2.0,3.357153629514029,2.597122644683166,0.025,0.4930686103799517,0.929737285161286,0.4698848779932267
-24,-18,-23.5,-17.5,53.0,2.0,5.194942903130358,4.170660379362847,0.0,0.5296363677177165,0.8871666990682128,0.4698757480546047
-35,-21,-34.5,-20.5,50.0,3.0,4.419304325914874,3.712353832519564,0.0,0.5220471734924924,0.8995657524111456,0.4696157584168858
-63,-13,-62.5,-12.5,54.0,7.0,5.615731641654609,4.340499044952584,0.0,0.5320726700547346,0.8825718734240141,0.4695923732079244
-45,-16,-44.5,-15.5,49.0,4.0,5.217457474948545,3.5467321579152804,0.0,0.5194178845632851,0.9040464913233623,0.4695779160700411
52,-15,52.5,-14.5,68.0,3.0,8.58324444029212,6.095751947534894,0.0,0.5621824413051624,0.8350851540669422,0.4694702106110512
-60,-35,-59.5,-34.5,54.0,10.0,5.34726334381345,4.360479504351385,0.0,0.5320726700547346,0.8820313208536692,0.46930475995851606
-51,-36,-50.5,-35.5,43.0,4.0,3.8401700420110587,3.230212996073223,0.023255813953488372,0.5024448403572247,0.9126096200824242,0.4691996226584737
-28,-15,-27.5,-14.5,34.0,3.0,3.808671752024519,3.2262981633166294,0.08823529411764706,0.47206045731903784,0.9127155322072062,0.46887369784791594
-50,-23,-49.5,-22.5,50.0,3.0,4.130552088053564,3.7731786916572903,0.0,0.5220471734924924,0.897920192952701,0.46875669875279097
-37,-26,-36.5,-25.5,55.0,7.0,5.3155303263040246,4.549727244571741,0.0,0.5344650726551812,0.8769114009175831,0.46867851560357277
71,-15,71.5,-14.5,77.0,5.0,9.425389622327616,7.400615109570164,0.012987012987012988,0.578460934221841,0.7997833062911658,0.46865175435731427
-21,-30,-20.5,-29.5,48.0,5.0,4.251928320752036,3.4433447167772617,0.0,0.5167354751084438,0.9068435414778695,0.46859822825459063
16,-14,16.5,-13.5,67.0,6.0,8.604252738689176,6.953382630058911,0.029850746268656716,0.5602440893317775,0.8118827611393382,0.46843020526789186
-9,-4,-8.5,-3.5,57.0,3.0,6.601959837460458,4.847406832524247,0.0,0.5391243139422626,0.8688579591425358,0.468422451135994
45,-17,45.5,-16.5,77.0,6.0,8.762446490027484,7.426725860027825,0.012987012987012988,0.578460934221841,0.799076904451658,0.46823782165984185
55,-4,55.5,-3.5,55.0,4.0,9.360109550085465,6.27498898747727,0.05454545454545454,0.5344650726551812,0.8302360642283131,0.46793575175539537
-11,-6,-10.5,-5.5,48.0,2.0,4.479448776448181,4.1839745828955675,0.020833333333333332,0.5167354751084438,0.8868064957916986,0.4677911337640978
-18,-16,-17.5,-15.5,48.0,2.0,4.493452927775229,3.5010873362429216,0.0,0.5167354751084438,0.9052813691199865,0.46779099837903865
-55,-24,-54.5,-23.5,45.0,3.0,3.5234130519363727,2.954687800766723,0.0,0.5083469121107943,0.9200636955641246,0.46771153858526865
-61,-14,-60.5,-13.5,53.0,8.0,5.722202929720095,4.3320166204660895,0.0,0.5296363677177165,0.882801357454757,0.46756370437860695
-51,-19,-50.5,-18.5,35.0,3.0,2.773649977898409,2.627159643099258,0.05714285714285714,0.4758008385233484,0.9289246623694276,0.4672393123249858
53,-11,53.5,-10.5,77.0,2.0,7.935286412838139,7.109087283189406,0.0,0.578460934221841,0.8076703179324817,0.4672057266544747
-57,-5,-56.5,-4.5,35.0,3.0,4.875257176293194,4.391614737200208,0.11428571428571428,0.4758008385233484,0.8811889863603127,0.46718708244866497
-45,-17,-44.5,-16.5,44.0,4.0,4.4848897285799385,3.5619157138830744,0.022727272727272728,0.5054286682208582,0.903635714471762,0.46710347289777243
-41,-31,-40.5,-30.5,42.0,4.0,3.941433838822681,2.3907007340925572,0.0,0.4993924127751698,0.935321836152739,0.4670926284776184
-42,-30,-41.5,-29.5,44.0,4.0,4.593681405304738,3.565182884508328,0.022727272727272728,0.5054286682208582,0.9035473242378848,0.46705778259962116
37,-14,37.5,-13.5,38.0,2.0,5.219184267303907,4.072416769544743,0.07894736842105263,0.4864284891881879,0.8898245876956548,0.4670072953486126
-65,-29,-64.5,-28.5,45.0,8.0,4.705438571790137,3.7553718884668923,0.022222222222222223,0.5083469121107943,0.8984019392950686,0.46684873726777504
43,-16,43.5,-15.5,75.0,3.0,9.263455815440114,6.960235987378953,0.0,0.5750120454552455,0.8116973499913311,0.46673575350911767
29,-18,29.5,-17.5,70.0,8.0,7.270204034086455,6.913403064187946,0.014285714285714285,0.565976263746681,0.812964370759091,0.466691659080279
-39,-1,-38.5,-0.5,60.0,3.0,7.894458685813659,6.382581789265165,0.03333333333333333,0.5458202580282904,0.827325241989634,0.4666232396246365
76,-15,76.5,-14.5,60.0,2.0,5.898212066358907,5.366438466748567,0.0,0.5458202580282904,0.8548160455723647,0.4665759145610309
-61,-34,-60.5,-33.5,47.0,9.0,4.692419172361269,3.4172225564044036,0.0,0.5139977543626335,0.9075502520019206,0.46647879150022936
-29,-22,-28.5,-21.5,48.0,3.0,4.1868284652858785,3.5960721529667365,0.0,0.5167354751084438,0.9027116440801868,0.4664631302896997
7,-10,7.5,-9.5,63.0,5.0,6.760485312544764,5.742191503981607,0.0,0.5521946702019185,0.8446503999264285,0.46641144902329273
24,-16,24.5,-15.5,54.0,3.0,6.494415579308982,5.153075292198729,0.018518518518518517,0.5320726700547346,0.8605883859434167,0.46637510774047125
30,-17,30.5,-16.5,57.0,5.0,7.822333649688501,6.07301449035028,0.03508771929824561,0.5391243139422626,0.83570029462397,0.46635499178998563
-51,-26,-50.5,-25.5,47.0,4.0,4.878592145020161,3.4293188828121246,0.0,0.5139977543626335,0.9072229972476172,0.4663105832914129
-42,-33,-41.5,-32.5,47.0,6.0,6.300848965495492,4.137422023432964,0.02127659574468085,0.5139977543626335,0.8880659315820065,0.4661758923156883
-22,-24,-21.5,-23.5,61.0,8.0,5.826076521341263,5.521501426242985,0.0,0.54797924465526,0.850620962784377,0.466122632674513
-36,-33,-35.5,-32.5,39.0,2.0,4.229337121188915,4.30264116561194,0.07692307692307693,0.4897900548657752,0.8835960828066383,0.4660670795598972
-18,-6,-17.5,-5.5,58.0,6.0,7.058904035673991,5.146710221678628,0.0,0.541394023092995,0.8607605869504803,0.46601063708900825
43,-14,43.5,-13.5,54.0,2.0,6.1848722831114635,5.7500868778650105,0.037037037037037035,0.5320726700547346,0.8444367979985987,0.46594254705556953
-24,-15,-23.5,-14.5,63.0,3.0,6.261307619914632,5.774164614903588,0.0,0.5521946702019185,0.843785397428446,0.4659337992541955
-13,-27,-12.5,-26.5,47.0,4.0,5.380034736197091,4.156832087057998,0.02127659574468085,0.5139977543626335,0.8875408105338038,0.4659002384880681
-39,-31,-38.5,-30.5,50.0,4.0,4.100944630602247,3.976739599850816,0.0,0.5220471734924924,0.8924130436950439,0.4658817070488298
-60,-11,-59.5,-10.5,51.0,5.0,4.963127397199465,4.1396532463492575,0.0,0.5246254050274729,0.8880055679407938,0.46587028074759
72,20,72.5,20.5,64.0,4.0,8.345421152237071,6.388969635239015,0.015625,0.5542532347249827,0.8271524248140519,0.46561521811167317
-39,-19,-38.5,-18.5,51.0,8.0,7.425136526222153,4.1591838141637165,0.0,0.5246254050274729,0.8874771867648817,0.4655930785591683
-39,-32,-38.5,-31.5,45.0,7.0,5.5991544296913025,3.119637959764153,0.0,0.5083469121107943,0.9156011238761976,0.46544300404763794
54,-15,54.5,-14.5,44.0,2.0,8.098488446074382,6.402361925727589,0.11363636363636363,0.5054286682208582,0.8267901089682592,0.46537017636423333
75,21,75.5,21.5,73.0,6.0,9.70171211051722,8.066426532238758,0.0410958904109589,0.5714711755612785,0.7817704033490989,0.4651192206574007
-6,-18,-5.5,-17.5,45.0,5.0,6.264061704568217,3.8873800708007495,0.022222222222222223,0.5083469121107943,0.8948305818581416,0.4649929045532225
-26,-33,-25.5,-32.5,47.0,3.0,4.3556843621286045,3.526001985249012,0.0,0.5139977543626335,0.9046073266822889,0.4649661344946817
49,-4,49.5,-3.5,61.0,7.0,10.6851148861691,7.084405197332767,0.04918032786885246,0.54797924465526,0.808338068592513,0.4647370326593228
12,-21,12.5,-20.5,53.0,4.0,5.293641461501781,5.138856390289004,0.018867924528301886,0.5296363677177165,0.8609730649851431,0.4646064703668324
75,-14,75.5,-13.5,87.0,5.0,9.583837714265783,8.08131455891089,0.0,0.5944772853908779,0.7813676217651345,0.4645053026792634
-56,-24,-55.5,-23.5,48.0,4.0,4.913735846261264,4.416813985569726,0.020833333333333332,0.5167354751084438,0.8805072443540343,0.4644682736070357
62,-14,62.5,-13.5,69.0,4.0,9.1513504222129,7.388045614369575,0.028985507246376812,0.5640929023526909,0.8001233621829249,0.46442634177668285
-40,-1,-39.5,-0.5,54.0,6.0,7.988694157693811,5.2940001192377935,0.018518518518518517,0.5320726700547346,0.856775797055398,0.46430896719934533
78,22,78.5,22.5,61.0,5.0,8.030625096656298,5.647184254119553,0.0,0.54797924465526,0.8472207318737217,0.46425937670843864
43,-20,43.5,-19.5,66.0,5.0,7.830077807989696,6.228816420476246,0.0,0.558277019990042,0.8314852196793296,0.4641990906083416
-20,-5,-19.5,-4.5,52.0,6.0,7.205937356185098,5.031899461149039,0.019230769230769232,0.5271545243917248,0.8638666842863227,0.46414875476767453
72,-15,72.5,-14.5,83.0,5.0,9.581299806758565,7.806681369190269,0.0,0.5883006018495491,0.78879756487317,0.46405008215234467
-48,-18,-47.5,-17.5,51.0,5.0,4.996435724566859,4.903009687936832,0.0196078431372549,0.5246254050274729,0.8673536760921874,0.46395804369294963
-28,-14,-27.5,-13.5,44.0,3.0,4.623439954658361,3.0389642037012807,0.0,0.5054286682208582,0.9177836766057801,0.4638741813817022
-34,-29,-33.5,-28.5,44.0,5.0,5.21793059760124,3.7934351992710136,0.022727272727272728,0.5054286682208582,0.8973721721570698,0.46386574964162025
-26,-25,-25.5,-24.5,46.0,6.0,4.952182357842441,4.141109695576496,0.021739130434782608,0.5112023931765644,0.8879661650743408,0.4637984814424675
-59,-36,-58.5,-35.5,54.0,7.0,5.0843845498687,4.754253901640316,0.0,0.5320726700547346,0.8713781242308066,0.4636364851867715
60,18,60.5,18.5,56.0,3.0,7.7459080801902696,5.608661298023689,0.017857142857142856,0.5368151296159606,0.8482629342835499,0.4634918123196931
-129,-29,-128.5,-28.5,39.0,3.0,2.279118083540499,1.985959214083156,0.0,0.4897900548657752,0.9462717379843013,0.4634744864652634
-66,-26,-65.5,-25.5,45.0,3.0,4.818591317678443,3.268543712420066,0.0,0.5083469121107943,0.9115726185385212,0.46339512579880826
-2,-16,-1.5,-15.5,45.0,6.0,7.030679268535982,4.705117871827138,0.044444444444444446,0.5083469121107943,0.8727074533859536,0.4633553897317056
44,-19,44.5,-18.5,70.0,4.0,8.15074620464076,6.725451912087214,0.0,0.565976263746681,0.8180492127209047,0.46299643697669146
61,-18,61.5,-17.5,79.0,5.0,9.565530711094528,8.629669866223702,0.0379746835443038,0.5818224998994282,0.7665323837501367,0.46292195692309535
46,-20,46.5,-19.5,59.0,3.0,7.906065818370768,6.528645992580517,0.03389830508474576,0.5436255840601433,0.8233736121015727,0.46278007809295024
39,11,39.5,11.5,48.0,3.0,6.459337237574424,5.184564022245745,0.041666666666666664,0.5167354751084438,0.8597364879152446,0.4627670234905716
-23,-9,-22.5,-8.5,49.0,7.0,5.070466961699162,4.048397460724689,0.0,0.5194178845632851,0.8904744075452107,0.4625283330248779
-18,-5,-17.5,-4.5,48.0,5.0,4.2833467220424835,3.8869939154853883,0.0,0.5167354751084438,0.894841028927656,0.462396104229461
-8,-11,-7.5,-10.5,39.0,3.0,3.4949261709657433,2.9458716876347864,0.02564102564102564,0.4897900548657752,0.9203022072278857,0.4623126857140924
-24,-19,-23.5,-18.5,36.0,3.0,4.508197216066202,3.204865883919546,0.05555555555555555,0.47943873052762537,0.9132953624045609,0.4621952341006775
26,5,26.5,5.5,52.0,5.0,6.367313492941306,4.5591885548047575,0.0,0.5271545243917248,0.8766554340519968,0.46213287839310146
35,-20,35.5,-19.5,69.0,3.0,8.35151154837211,7.555306281017448,0.028985507246376812,0.5640929023526909,0.7955982818797394,0.46179978868401894
-36,-5,-35.5,-4.5,36.0,2.0,2.9826521026443116,2.3287131639589433,0.027777777777777776,0.47943873052762537,0.9369988516655641,0.4617122493913913
-66,-25,-65.5,-24.5,54.0,6.0,6.012671805881077,4.89146251305411,0.0,0.5320726700547346,0.8676660740675539,0.46166140474503253
36,-15,36.5,-14.5,72.0,3.0,7.743811855632796,7.823971446413988,0.027777777777777776,0.569664688483081,0.7883297980667018,0.4615581946386422
6,-21,6.5,-20.5,57.0,6.0,6.131005398631995,5.333538506468193,0.0,0.5391243139422626,0.8557061231095643,0.46133197655763714
-35,-32,-34.5,-31.5,38.0,3.0,3.5175499596409496,2.8194867405146375,0.02631578947368421,0.4864284891881879,0.9237214333154902,0.46114874811309614
42,-18,42.5,-17.5,69.0,7.0,7.758776653290212,7.181476797982471,0.014492753623188406,0.5640929023526909,0.8057118875727793,0.4610832608473854
-38,-11,-37.5,-10.5,47.0,4.0,5.620668952897908,5.161543373838471,0.0425531914893617,0.5139977543626335,0.8603592899449269,0.4610407320395616
-27,-15,-26.5,-14.5,37.0,3.0,3.2087871594839563,2.6096085913407334,0.02702702702702703,0.48297960042159244,0.9293994895969185,0.46101291287748547
-20,-30,-19.5,-29.5,49.0,4.0,4.985847020263722,4.159385050703691,0.0,0.5194178845632851,0.887471742499224,0.4609686950986394
27,-18,27.5,-17.5,59.0,5.0,7.680824246107174,6.142770140580316,0.01694915254237288,0.5436255840601433,0.8338131209972119,0.4609648931177494
52,-13,52.5,-12.5,53.0,3.0,8.39822227921351,6.52219939897572,0.05660377358490566,0.5296363677177165,0.8235480186391547,0.46087047073692816
7,-16,7.5,-15.5,47.0,5.0,7.262180220033757,5.1758384034891645,0.0425531914893617,0.5139977543626335,0.8599725513386413,0.4608334904229094
-32,-27,-31.5,-26.5,44.0,3.0,3.993120348722155,3.2615719596582564,0.0,0.5054286682208582,0.9117612327640496,0.4608302656113415
-38,-26,-37.5,-25.5,50.0,5.0,4.629724546990375,4.339073601292451,0.0,0.5220471734924924,0.8826104374639587,0.4607642841730319
-25,-23,-24.5,-22.5,48.0,6.0,5.6393179475186015,4.013532190896459,0.0,0.5167354751084438,0.8914176546870932,0.4606271253147898
-37,-1,-36.5,-0.5,47.0,1.0,5.65433335756966,4.530029801222841,0.02127659574468085,0.5139977543626335,0.877444296754408,0.46060023636772685
-1,-21,-0.5,-20.5,63.0,6.0,7.044671934456694,6.139504947469642,0.0,0.5521946702019185,0.8339014577312889,0.46047594043282813
-59,-5,-58.5,-4.5,50.0,6.0,5.719285174093012,4.368670337449779,0.0,0.5220471734924924,0.8818097255541703,0.460346274783745
-61,-9,-60.5,-8.5,47.0,5.0,4.757049155266261,3.858798906395822,0.0,0.5139977543626335,0.8956038184276401,0.4603383514704068
-10,-1,-9.5,-0.5,46.0,4.0,4.640475907844991,3.685652316755013,0.0,0.5112023931765644,0.9002881368513902,0.460229450106901
-48,-17,-47.5,-16.5,44.0,3.0,3.6136272743239313,3.3063892692771564,0.0,0.5054286682208582,0.9105487425291207,0.46021743828667055
-46,-4,-45.5,-3.5,40.0,6.0,3.027608618389672,2.465636834572498,0.0,0.4930686103799517,0.9332945103081447,0.46017822727287444
86,-12,86.5,-11.5,79.0,5.0,10.416044806617112,7.7394255600791535,0.0,0.5818224998994282,0.7906171076454358,0.4599988220335228
-60,-31,-59.5,-30.5,46.0,7.0,5.253690082893089,3.711528127706978,0.0,0.5112023931765644,0.8995880910796357,0.45987158503304687
-30,-30,-29.5,-29.5,45.0,4.0,5.324555342530321,3.567556306491965,0.0,0.5083469121107943,0.9034831135344089,0.45928285090946297
-15,-2,-14.5,-1.5,52.0,6.0,6.116174847250213,4.761022325075453,0.0,0.5271545243917248,0.8711950108893153,0.4592543916178005
-29,-27,-28.5,-26.5,47.0,5.0,5.290899117574274,3.9504657953194227,0.0,0.5139977543626335,0.893123856809433,0.4590636567677428
13,-16,13.5,-15.5,49.0,4.0,6.204099340606955,5.578155031792969,0.04081632653061224,0.5194178845632851,0.84908825267556,0.45903291478828673
37,-21,37.5,-20.5,59.0,2.0,6.609553265493605,6.2731614039510815,0.01694915254237288,0.5436255840601433,0.8302855077847842,0.45901468892153485
1,-1,1.5,-0.5,60.0,3.0,6.311154571297471,5.891416882058854,0.0,0.5458202580282904,0.8406132474230588,0.45882373961045303
-24,-30,-23.5,-29.5,50.0,6.0,4.833567410712227,4.482492154013807,0.0,0.5220471734924924,0.8787303831688443,0.45873871279527
55,-3,55.5,-2.5,47.0,3.0,4.54133016350892,3.979640689195417,0.0,0.5139977543626335,0.8923345574465186,0.45865795866768494
-30,-31,-29.5,-30.5,50.0,4.0,5.984630978401866,4.496080011327555,0.0,0.5220471734924924,0.8783627764462048,0.4585468047447592
56,-3,56.5,-2.5,41.0,3.0,4.964734941802826,3.623051200300891,0.024390243902439025,0.4962681568158961,0.9019817512838876,0.45854249975686867
-16,-9,-15.5,-8.5,59.0,5.0,6.806670072863911,5.80148343098588,0.0,0.5436255840601433,0.8430463125076584,0.45830154402672585
-14,-12,-13.5,-11.5,55.0,4.0,6.314443612622445,5.840710316391659,0.01818181818181818,0.5344650726551812,0.8419850659512358,0.4581936387108993
81,-13,81.5,-12.5,60.0,5.0,8.542310262661562,7.417258388380983,0.05,0.5458202580282904,0.7993330380085109,0.4581067733091598
54,23,54.5,23.5,58.0,4.0,8.098588662922285,6.729666643601957,0.034482758620689655,0.541394023092995,0.8179351871167815,0.45809505680945795
-26,-32,-25.5,-31.5,42.0,3.0,3.925749022796203,3.070238345478195,0.0,0.4993924127751698,0.916937584061789,0.45791167246885195
-47,-12,-46.5,-11.5,23.0,3.0,4.070713369452584,2.798294123211761,0.17391304347826086,0.4219653093289804,0.9242947796798933,0.4578499556829249
-43,-12,-42.5,-11.5,39.0,5.0,3.9265146376559494,3.2905295926328373,0.02564102564102564,0.4897900548657752,0.9109778111908472,0.4576285867945321
58,-13,58.5,-12.5,53.0,6.0,8.035199904997992,5.617370639205822,0.018867924528301886,0.5296363677177165,0.8480273112346477,0.4576205596561882
26,-16,26.5,-15.5,51.0,3.0,6.366676801828897,4.72254888804788,0.0,0.5246254050274729,0.8722358736072419,0.4575970984706909
-56,-23,-55.5,-22.5,43.0,7.0,5.617934824571961,4.066770831999283,0.023255813953488372,0.5024448403572247,0.8899773332352487,0.4575636939821641
-25,-22,-24.5,-21.5,46.0,3.0,4.431167570982064,3.8811699870163885,0.0,0.5112023931765644,0.8949985898445794,0.4575254210181993
7,-13,7.5,-12.5,43.0,5.0,6.267684171254469,4.8028978752408245,0.046511627906976744,0.5024448403572247,0.8700621071945255,0.45749115685488545
18,-20,18.5,-19.5,60.0,5.0,7.5221404714594104,6.493478112739005,0.016666666666666666,0.5458202580282904,0.8243250460732586,0.45743219783600314
60,-17,60.5,-16.5,69.0,6.0,8.958090706386818,6.996104201625054,0.0,0.5640929023526909,0.8107269691298392,0.4573253290320515
-1,-1,-0.5,-0.5,56.0,6.0,7.0478164453801275,5.476135355787427,0.0,0.5368151296159606,0.8518482992285367,0.4572850551635025
-16,-13,-15.5,-12.5,42.0,3.0,5.939150848646922,4.6583106416860165,0.047619047619047616,0.4993924127751698,0.8739737790523708,0.45723948728144415
33,-17,33.5,-16.5,61.0,4.0,8.831907951977717,6.619142920348966,0.01639344262295082,0.54797924465526,0.8209253026839981,0.4572246178943675
-46,-2,-45.5,-1.5,43.0,4.0,4.4740159662893255,4.093865086022751,0.023255813953488372,0.5024448403572247,0.8892443236301322,0.457186832044094
-24,-33,-23.5,-32.5,44.0,5.0,4.828998584169256,4.280823472752971,0.022727272727272728,0.5054286682208582,0.884186340003358,0.45704978620258513
96,-15,96.5,-14.5,58.0,5.0,8.297309509983691,6.803188328071466,0.034482758620689655,0.541394023092995,0.8159461269694225,0.4569810582487483
68,-16,68.5,-15.5,68.0,3.0,9.631718665877582,7.357604244608535,0.014705882352941176,0.5621824413051624,0.800946924861876,0.4569000372449283
-36,-1,-35.5,-0.5,52.0,2.0,6.572274848711117,4.92990018449759,0.0,0.5271545243917248,0.8666261789539265,0.4568459111918749
44,-15,44.5,-14.5,55.0,4.0,6.313861234963458,5.934631665064786,0.01818181818181818,0.5344650726551812,0.8394441120411087,0.4568108957562336
65,-13,65.5,-12.5,76.0,6.0,10.32658028413634,7.6906016669637,0.0,0.5767476878441404,0.7919379922352761,0.4567484059376263
-48,-5,-47.5,-4.5,57.0,12.0,8.337491008440702,5.652211857266565,0.0,0.5391243139422626,0.8470847147907534,0.4566839657125421
-29,-29,-28.5,-28.5,46.0,4.0,6.171427753066915,5.325557901676664,0.043478260869565216,0.5112023931765644,0.8559220308795942,0.45657327710420215
79,-14,79.5,-13.5,52.0,4.0,8.130385464576275,5.555737520319379,0.019230769230769232,0.5271545243917248,0.8496947374017576,0.4565342795034284
77,-14,77.5,-13.5,69.0,4.0,7.523957348510663,7.060269754053178,0.0,0.5640929023526909,0.8089910303508387,0.4563460982878985
-43,-24,-42.5,-23.5,43.0,4.0,4.262093961147088,3.394868185953507,0.0,0.5024448403572247,0.9081550285070294,0.45629780831782524
80,-14,80.5,-13.5,54.0,3.0,7.476059666737128,5.8464126538236165,0.018518518518518517,0.5320726700547346,0.8418307945656638,0.45620988375808946
-52,-25,-51.5,-24.5,48.0,4.0,5.886631010928043,4.331819187777295,0.0,0.5167354751084438,0.8828066988107922,0.4561775389389115
56,-13,56.5,-12.5,56.0,4.0,6.90918530984266,5.581953935835168,0.0,0.5368151296159606,0.8489854768933061,0.4557482488205482
69,-16,69.5,-15.5,63.0,3.0,9.128526187464995,6.4604545505716535,0.0,0.5521946702019185,0.8252184675434666,0.45568123952969714
-25,-27,-24.5,-26.5,40.0,5.0,4.720329248598689,3.6662369687693426,0.025,0.4930686103799517,0.9008134008630088,0.4552668820695411
50,-4,50.5,-3.5,50.0,6.0,9.487696023484311,5.360728028916228,0.02,0.5220471734924924,0.854970536106664,0.45526165082972175
-5,0,-4.5,0.5,40.0,2.0,4.490678673896483,2.8400303792845207,0.0,0.4930686103799517,0.9231656444560026,0.45518400146243376
77,-2,77.5,-1.5,46.0,4.0,6.7342362824321755,4.754810721787168,0.021739130434782608,0.5112023931765644,0.871363059984505,0.4551264224938578
-55,-20,-54.5,-19.5,48.0,5.0,5.10058068860984,4.424301300769853,0.0,0.5167354751084438,0.880304682070774,0.45488465813002893
73,-4,73.5,-3.5,58.0,5.0,10.312847580404759,6.9605834015232,0.034482758620689655,0.541394023092995,0.8116879510278289,0.45459621238248227
-24,-26,-23.5,-25.5,42.0,3.0,4.162697083806291,3.3243510181500646,0.0,0.4993924127751698,0.9100628042767838,0.45447845960472016
-49,-6,-48.5,-5.5,43.0,6.0,7.238287398302055,4.293722161482131,0.023255813953488372,0.5024448403572247,0.8838373780897474,0.4544069612740989
-23,-18,-22.5,-17.5,43.0,3.0,3.9685280233031546,3.5402745656236325,0.0,0.5024448403572247,0.9042211954200909,0.4543212741804665
77,-13,77.5,-12.5,79.0,7.0,10.833544187955212,8.101672049644923,0.0,0.5818224998994282,0.7808168689659915,0.4542968226654374
69,-15,69.5,-14.5,83.0,5.0,11.440109692978274,8.420142813515561,0.0,0.5883006018495491,0.7722009414463114,0.45428627860165344
-21,-14,-20.5,-13.5,50.0,2.0,5.754358259840445,4.80151690030171,0.0,0.5220471734924924,0.8700994681749725,0.4542329680180653
-56,-30,-55.5,-29.5,46.0,6.0,4.410449484565148,4.123913688986473,0.0,0.5112023931765644,0.8884313868881326,0.4541682511503875
-49,-36,-48.5,-35.5,42.0,5.0,3.6314067032531514,3.355208637326671,0.0,0.4993924127751698,0.9092279803606911,0.45406155487502026
-41,-23,-40.5,-22.5,48.0,5.0,5.487214652952223,4.495026069668436,0.0,0.5167354751084438,0.8783912898482972,0.45389594049087856
-46,-32,-45.5,-31.5,41.0,2.0,5.083199665914722,3.160959506223296,0.0,0.4962681568158961,0.9144832082315526,0.4538288961881599
-27,-16,-26.5,-15.5,44.0,3.0,6.299370268858106,3.778670895726907,0.0,0.5054286682208582,0.8977716065279631,0.4537595074539287
1,-12,1.5,-11.5,58.0,6.0,9.17480994255309,6.005256697258938,0.0,0.541394023092995,0.8375334181015324,0.4534355867008161
-37,-11,-36.5,-10.5,41.0,5.0,5.56966813824259,3.1918096747773315,0.0,0.4962681568158961,0.9136485858850585,0.4534146996946279
31,-21,31.5,-20.5,60.0,3.0,7.991603005603968,6.2656823743730525,0.0,0.5458202580282904,0.8304878459083176,0.45329709034303695
49,22,49.5,22.5,54.0,4.0,7.1191421057232445,5.478000516400841,0.0,0.5320726700547346,0.8517978390592501,0.4532183505751083
8,-16,8.5,-15.5,49.0,5.0,7.2719710373184965,5.358723915262221,0.02040816326530612,0.5194178845632851,0.8550247555200075,0.4531787242463697
-14,-14,-13.5,-13.5,41.0,1.0,4.315712856146674,4.782588106872626,0.04878048780487805,0.4962681568158961,0.8706115689098651,0.45313274000088427
-55,-22,-54.5,-21.5,50.0,9.0,4.903490459843062,4.881091154416637,0.0,0.5220471734924924,0.8679466614383223,0.4531091013461214
34,-15,34.5,-14.5,67.0,3.0,7.969050071672887,7.068607359303201,0.0,0.5602440893317775,0.8087654642685749,0.45310607101213995
27,-21,27.5,-20.5,54.0,2.0,6.804815867011764,5.500150707222685,0.0,0.5320726700547346,0.851198586442311,0.4528995046351762
57,-17,57.5,-16.5,49.0,3.0,7.278881513787234,6.007139502295068,0.04081632653061224,0.5194178845632851,0.8374824805789547,0.4527586183566896
7,-14,7.5,-13.5,58.0,5.0,9.10819283359854,6.57831654156303,0.017241379310344827,0.541394023092995,0.8220298220321336,0.452715170942954
-21,-18,-20.5,-17.5,51.0,4.0,5.2057056322275175,5.074576041407257,0.0,0.5246254050274729,0.8627121094744196,0.4526006898551229
38,-16,38.5,-15.5,68.0,4.0,8.999889044948036,7.2114743848700416,0.0,0.5621824413051624,0.8049003310228235,0.45250083310174427
-62,-25,-61.5,-24.5,46.0,8.0,5.845027837693259,4.247400824196394,0.0,0.5112023931765644,0.8850905583811436,0.45246041162242223
0,-13,0.5,-12.5,59.0,5.0,8.181429678323804,6.20299967757439,0.0,0.5436255840601433,0.8321836674204446,0.4523963322467512
-67,-23,-66.5,-22.5,43.0,3.0,4.350225670566216,3.694801753815994,0.0,0.5024448403572247,0.9000406074216706,0.4522207593110008
-51,-23,-50.5,-22.5,48.0,2.0,5.340675784239892,4.62020073535863,0.0,0.5167354751084438,0.8750048067885053,0.4521460245580303
-31,-27,-30.5,-26.5,47.0,4.0,5.200454726214202,4.455170703800458,0.0,0.5139977543626335,0.8794695393535746,0.4520453682580771
-49,-17,-48.5,-16.5,36.0,4.0,3.361379048226936,3.0606381687486928,0.027777777777777776,0.47943873052762537,0.9171973078300628,0.4519549104902176
-12,-17,-11.5,-16.5,40.0,4.0,5.259845347533494,3.9179517957341856,0.025,0.4930686103799517,0.8940034925423854,0.4518251862362649
38,-13,38.5,-12.5,49.0,3.0,6.421574604791542,4.8130818609267125,0.0,0.5194178845632851,0.8697865890230467,0.4517827100918664
-12,-26,-11.5,-25.5,39.0,4.0,4.106422812578612,3.7255059644020654,0.02564102564102564,0.4897900548657752,0.8992099338309668,0.4517170080276095
-36,-11,-35.5,-10.5,39.0,4.0,4.210844199714345,3.7259287432801136,0.02564102564102564,0.4897900548657752,0.899198495945348,0.4517112622197892
-1,-13,-0.5,-12.5,46.0,4.0,5.305724849764406,4.305993961909616,0.0,0.5112023931765644,0.8835053760505833,0.45165006262141866
-23,-13,-22.5,-12.5,52.0,3.0,6.39358768333139,5.2960469235322005,0.0,0.5271545243917248,0.8567204226868587,0.45162404695816843
83,-16,83.5,-15.5,63.0,2.0,8.80377477570898,6.736503841017749,0.0,0.5521946702019185,0.8177502131598121,0.451557309263331
-6,-32,-5.5,-31.5,49.0,3.0,5.233415443291987,4.8310592006300865,0.0,0.5194178845632851,0.8693002289754291,0.4515300859847967
-54,-11,-53.5,-10.5,46.0,5.0,4.163966991821101,4.315770769617629,0.0,0.5112023931765644,0.8832408736970163,0.45151484838527434
-2,-1,-1.5,-0.5,54.0,5.0,8.174372442857736,6.16722449196556,0.018518518518518517,0.5320726700547346,0.8331515314794953,0.45150636657956944
67,-17,67.5,-16.5,42.0,3.0,5.930584589180337,4.329792670767668,0.023809523809523808,0.4993924127751698,0.8828615243258886,0.45139183122660004
88,-15,88.5,-14.5,80.0,4.0,11.282654208799594,8.72104764813364,0.0125,0.5834718969120846,0.7640602436507554,0.45138027571449096
-66,-27,-65.5,-26.5,42.0,8.0,5.3902855837331725,3.558182120128508,0.0,0.4993924127751698,0.9037367233455007,0.45131926278503576
-46,-23,-45.5,-22.5,42.0,5.0,4.045606385015349,3.561267454815793,0.0,0.4993924127751698,0.9036532525122082,0.45127757808420144
-5,1,-4.5,1.5,44.0,1.0,5.165357633844304,3.968277903835959,0.0,0.5054286682208582,0.8926419669364476,0.45116684054673606
-62,-16,-61.5,-15.5,35.0,3.0,3.3850960396672316,2.8923500825455797,0.02857142857142857,0.4758008385233484,0.9217501840047206,0.4511000679001681
-15,-7,-14.5,-6.5,48.0,3.0,6.185317106105997,5.360438201791647,0.020833333333333332,0.5167354751084438,0.8549783771074149,0.4510017757750055
-32,-32,-31.5,-31.5,37.0,4.0,3.840623164324363,3.359121986329731,0.02702702702702703,0.48297960042159244,0.9091221083774679,0.450954660547736
-24,-9,-23.5,-8.5,50.0,5.0,5.851360925054314,5.038468517317782,0.0,0.5220471734924924,0.8636889646390474,0.4508863827664719
-26,-30,-25.5,-29.5,48.0,5.0,5.560930626876417,4.722295294594974,0.0,0.5167354751084438,0.8722427343400235,0.45071876373908015
-34,-18,-33.5,-17.5,43.0,7.0,4.690602854076959,3.806159481682457,0.0,0.5024448403572247,0.8970279286426432,0.4507070544028248
88,-12,88.5,-11.5,73.0,5.0,10.322955146537362,7.81457158134798,0.0,0.5714711755612785,0.7885841025909828,0.45065308413660476
-26,-20,-25.5,-19.5,39.0,3.0,4.194539978894037,3.819413567551306,0.02564102564102564,0.4897900548657752,0.8966693517930835,0.45044074975507015
-77,-33,-76.5,-32.5,22.0,2.0,2.052411537947382,1.7825781890279264,0.13636363636363635,0.41631446707714126,0.9517740206725354,0.45026965249335743
39,-18,39.5,-17.5,54.0,7.0,6.824620693486474,5.685888060102679,0.0,0.5320726700547346,0.846173636739985,0.45022586623016886
-14,-24,-13.5,-23.5,44.0,4.0,5.575317266928714,4.0394832143816775,0.0,0.5054286682208582,0.890715574110865,0.45019318638643163
9,2,9.5,2.5,45.0,3.0,7.316024241304616,5.62615108222344,0.044444444444444446,0.5083469121107943,0.8477897645923405,0.45012558934741587
45,-11,45.5,-10.5,48.0,1.0,6.969513514387693,5.431344079483166,0.020833333333333332,0.5167354751084438,0.8530600851565795,0.4499898752410894
-35,-24,-34.5,-23.5,37.0,4.0,4.516109871859113,3.4324247988850476,0.02702702702702703,0.48297960042159244,0.9071389696042591,0.44997095806811255
59,-13,59.5,-12.5,61.0,6.0,9.689824225494023,6.629378930186594,0.0,0.54797924465526,0.8206483770479369,0.44969827778229354
-8,-13,-7.5,-12.5,50.0,5.0,5.932601726412602,5.124463760342172,0.0,0.5220471734924924,0.8613624440758085,0.44967182928236094
61,18,61.5,18.5,68.0,3.0,8.162686573225136,7.406925535541054,0.0,0.5621824413051624,0.7996125836410779,0.44952815436966953
-65,-37,-64.5,-36.5,39.0,7.0,3.8471438183420865,3.0517042226741955,0.0,0.4897900548657752,0.9174390073534573,0.4493525017476522
120,-10,120.5,-9.5,67.0,1.0,9.116227087768443,7.326066338766413,0.0,0.5602440893317775,0.8018001532950159,0.44920379670884575
-46,-27,-45.5,-26.5,50.0,5.0,5.411851816962323,5.170036089913708,0.0,0.5220471734924924,0.8601295274849129,0.44902818866093186
-15,-9,-14.5,-8.5,47.0,5.0,5.756308317910202,4.673050609612808,0.0,0.5139977543626335,0.8735750030587565,0.4490155898395315
78,-15,78.5,-14.5,52.0,2.0,7.9437051984050235,6.666801469346915,0.038461538461538464,0.5271545243917248,0.8196359453851716,0.4486930583855697
-43,-26,-42.5,-25.5,42.0,5.0,5.403538687856835,3.7541104375824252,0.0,0.4993924127751698,0.8984360666644324,0.4486721550557842
94,-15,94.5,-14.5,83.0,3.0,9.755254726747607,8.777802116703198,0.0,0.5883006018495491,0.7625248047876393,0.44859380158177814
-64,-24,-63.5,-23.5,41.0,6.0,4.54006699147197,3.551391839828616,0.0,0.4962681568158961,0.9039204280039477,0.448586924713755
-23,-6,-22.5,-5.5,45.0,6.0,5.582301583353757,4.3767110939629745,0.0,0.5083469121107943,0.8815921904357842,0.44815466774902224
-12,-1,-11.5,-0.5,40.0,5.0,5.849237115034961,4.190863001546767,0.025,0.4930686103799517,0.8866201360922944,0.448093672398859
26,7,26.5,7.5,52.0,7.0,7.286933322345551,5.545440234926004,0.0,0.5271545243917248,0.8499733207904508,0.4480672816669451
-39,-25,-38.5,-24.5,41.0,5.0,3.937425569005825,3.5947186259846458,0.0,0.4962681568158961,0.9027482624819261,0.4480052162906582
121,-9,121.5,-8.5,72.0,2.0,11.411214553164752,8.29688497384721,0.013888888888888888,0.569664688483081,0.7755355665776977,0.44793127176067327
-39,-22,-38.5,-21.5,48.0,7.0,5.7306878801057834,4.925301318705155,0.0,0.5167354751084438,0.8667505969502874,0.44788078151563404
-25,-26,-24.5,-25.5,39.0,5.0,4.726853139605646,3.167694587551228,0.0,0.4897900548657752,0.9143009969294684,0.4478155354499173
20,-16,20.5,-15.5,42.0,4.0,5.54169386746781,4.592185309823654,0.023809523809523808,0.4993924127751698,0.8757627378240223,0.4477623444381585
-63,-27,-62.5,-26.5,45.0,8.0,5.664714828815558,4.419688165020622,0.0,0.5083469121107943,0.8804294861274188,0.4475636106041668
-53,-16,-52.5,-15.5,40.0,4.0,4.654197876900041,3.4159028541198553,0.0,0.4930686103799517,0.9075859553082243,0.44750214578418707
-56,-18,-55.5,-17.5,43.0,4.0,4.350039997395906,4.045693265683115,0.0,0.5024448403572247,0.8905475670032222,0.4474510301334489
68,-17,68.5,-16.5,63.0,4.0,9.716811489080788,7.482153967942104,0.015873015873015872,0.5521946702019185,0.7975773490308143,0.44740872249761615
45,-3,45.5,-2.5,40.0,2.0,6.28059502664945,5.032437769551548,0.05,0.4930686103799517,0.8638521208578847,0.44723528304542987
-63,-37,-62.5,-36.5,36.0,4.0,3.1565386360953664,2.4863284744682996,0.0,0.47943873052762537,0.9327347174171464,0.44718914883752003
-56,-17,-55.5,-16.5,41.0,7.0,4.488589973744201,3.656009718397682,0.0,0.4962681568158961,0.901090089519942,0.4471823178511324
54,-19,54.5,-18.5,47.0,3.0,6.283148119223279,5.4751734219087655,0.02127659574468085,0.5139977543626335,0.8518743234465105,0.447177691149645
-21,-31,-20.5,-30.5,38.0,4.0,3.7943941403032313,2.996156338512395,0.0,0.4864284891881879,0.9189418032082255,0.44699947298644616
62,18,62.5,18.5,43.0,3.0,6.97857820626138,4.829643154520154,0.023255813953488372,0.5024448403572247,0.869338538773476,0.4469526787567111
-22,-25,-21.5,-24.5,46.0,6.0,5.065458016805451,4.654787661975155,0.0,0.5112023931765644,0.8740690899608925,0.44682621058967
-19,-28,-18.5,-27.5,39.0,3.0,4.650333572507917,3.243345495009991,0.0,0.4897900548657752,0.9122543326531598,0.44681309964173227
78,-14,78.5,-13.5,73.0,4.0,8.66819115586419,8.073323293415152,0.0,0.5714711755612785,0.7815838179505079,0.446652623243849
50,-18,50.5,-17.5,53.0,5.0,8.117623500750605,6.380549349387493,0.018867924528301886,0.5296363677177165,0.8273802277423645,0.44647878417580833
-42,-26,-41.5,-25.5,40.0,6.0,4.633785137713061,3.4959030917880822,0.0,0.4930686103799517,0.9054216239864751,0.4464349819469704
-27,-19,-26.5,-18.5,39.0,3.0,4.379631965053855,3.2775600681009576,0.0,0.4897900548657752,0.9113286895005962,0.446359728831252
-37,-28,-36.5,-27.5,45.0,5.0,5.751034738298061,4.530549304444417,0.0,0.5083469121107943,0.8774302420824849,0.4460389541552579
-20,-13,-19.5,-12.5,45.0,3.0,5.830740921525071,4.539190346306504,0.0,0.5083469121107943,0.8771964668075636,0.4459201152161238
-58,-35,-57.5,-34.5,49.0,10.0,5.644085506613506,5.238259443746826,0.0,0.5194178845632851,0.8582838086985743,0.4458079602691327
70,1,70.5,1.5,47.0,3.0,8.242533737221835,4.905404570471478,0.0,0.5139977543626335,0.8672888847936523,0.44578453916761
-25,-15,-24.5,-14.5,49.0,2.0,6.266053897882053,5.88713215411343,0.02040816326530612,0.5194178845632851,0.8407291667148977,0.44560180129153637
-13,-30,-12.5,-29.5,51.0,3.0,6.616876232672162,5.5738110839891615,0.0,0.5246254050274729,0.8492057741050689,0.44551492319154046
127,-12,127.5,-11.5,32.0,3.0,9.445346975634475,4.534991091487354,0.09375,0.46424792451793967,0.8773100737042178,0.445472760332976
-19,-33,-18.5,-32.5,49.0,2.0,5.496855894644615,5.27538252354101,0.0,0.5194178845632851,0.8572794786278118,0.445286293268374
-21,-23,-20.5,-22.5,45.0,5.0,5.415898207218641,5.2927431451022935,0.022222222222222223,0.5083469121107943,0.8568098033105216,0.44523565372980867
-50,-19,-49.5,-18.5,37.0,2.0,3.191924411853281,2.8983245159895326,0.0,0.48297960042159244,0.9215885513170019,0.44510847026819983
-52,-23,-51.5,-22.5,36.0,2.0,3.089170540983586,2.6587238958593034,0.0,0.47943873052762537,0.9280707211451592,0.44495304838569294
-32,-10,-31.5,-9.5,31.0,5.0,6.6418626239693825,2.344919414844532,0.03225806451612903,0.4601622251682654,0.9365604067631217,0.44487196983805294
-22,-33,-21.5,-32.5,34.0,4.0,4.727957791988776,3.1265691678946856,0.029411764705882353,0.47206045731903784,0.9154136065476032,0.4448402882647822
-50,-16,-49.5,-15.5,38.0,4.0,4.088069918567506,3.170054418753577,0.0,0.4864284891881879,0.9142371539118205,0.44471099753703563
-23,-12,-22.5,-11.5,54.0,7.0,6.914491442986469,6.075728299328536,0.0,0.5320726700547346,0.8356268750699276,0.4446142225879505
-12,-23,-11.5,-22.5,45.0,6.0,5.436460536284515,4.6447567212936764,0.0,0.5083469121107943,0.8743404676434634,0.44446827686006246
-34,-22,-33.5,-21.5,40.0,3.0,4.892727553917932,3.6464518358451663,0.0,0.4930686103799517,0.9013486690589653,0.444426735720723
-67,-33,-66.5,-32.5,39.0,5.0,4.1997778859638775,3.4257556830573317,0.0,0.4897900548657752,0.9073193962716667,0.44439601688068164
10,-16,10.5,-15.5,46.0,4.0,6.8431967276019625,5.5175962971435615,0.021739130434782608,0.5112023931765644,0.8507266123858246,0.44434768628172555
-21,-4,-20.5,-3.5,44.0,2.0,6.6723044315251405,5.191789592100627,0.022727272727272728,0.5054286682208582,0.8595410069065599,0.4443102270020434
34,-21,34.5,-20.5,59.0,2.0,8.531860796511566,6.759192407381737,0.0,0.5436255840601433,0.8171363952980351,0.44421625015069444
-25,-5,-24.5,-4.5,39.0,4.0,5.465020815379535,3.4431976417265324,0.0,0.4897900548657752,0.9068475204552853,0.44416489679868637
-1,-16,-0.5,-15.5,44.0,5.0,8.283011188005382,4.48625314285851,0.0,0.5054286682208582,0.8786286331466618,0.4440840999120303
-32,-23,-31.5,-22.5,37.0,2.0,4.391761389824815,3.8752615395611425,0.02702702702702703,0.48297960042159244,0.8951584373433247,0.444028217473504
6,-17,6.5,-16.5,49.0,5.0,7.238820088927281,5.365654917854336,0.0,0.5194178845632851,0.8548372437520618,0.44401775279560524
-29,-28,-28.5,-27.5,42.0,4.0,6.360139617860051,4.877353198852772,0.023809523809523808,0.4993924127751698,0.8680477883167166,0.443817824159531
-37,-33,-36.5,-32.5,39.0,2.0,3.9843281711587997,3.472980420329303,0.0,0.4897900548657752,0.9060417753418016,0.4437702508553454
-28,-21,-27.5,-20.5,39.0,2.0,4.270467154369513,3.47812320080983,0.0,0.4897900548657752,0.9059026422442096,0.4437021048478421
-69,-37,-68.5,-36.5,31.0,2.0,2.8317992897192608,2.4641270259462966,0.03225806451612903,0.4601622251682654,0.93333535676304,0.44334005119617786
11,-14,11.5,-13.5,56.0,4.0,9.954051278157404,6.43756092266312,0.0,0.5368151296159606,0.8258378331528089,0.4433222434456891
-26,-26,-25.5,-25.5,41.0,5.0,5.336525803328534,4.7314717583435435,0.024390243902439025,0.4962681568158961,0.8719944737286452,0.4432977997487904
-29,-19,-28.5,-18.5,39.0,3.0,5.389852881612489,3.5113945947430216,0.0,0.4897900548657752,0.9050025159182541,0.4432612319252663
-28,-1,-27.5,-0.5,41.0,2.0,4.528012893384038,3.9699987405541814,0.0,0.4962681568158961,0.8925954113146467,0.4429666795554464
-8,-8,-7.5,-7.5,34.0,2.0,4.268375531952588,3.270650874620738,0.029411764705882353,0.47206045731903784,0.911515611243495,0.4429460785410773
57,-3,57.5,-2.5,35.0,3.0,4.232815939641167,3.508222626915349,0.02857142857142857,0.4758008385233484,0.9050883305298242,0.4429458376496103
-47,-9,-46.5,-8.5,37.0,3.0,3.6164146953284737,3.068833673479933,0.0,0.48297960042159244,0.9169755861439233,0.4428805021921476
-62,-21,-61.5,-20.5,37.0,5.0,4.188166474890586,3.076487932691676,0.0,0.48297960042159244,0.9167685073471643,0.44278048735763315
143,38,143.5,38.5,43.0,3.0,7.687426378936185,5.134767959704453,0.023255813953488372,0.5024448403572247,0.8610836736361779,0.44270860821188485
-2,-12,-1.5,-11.5,57.0,9.0,8.922573309121063,6.639677100582908,0.0,0.5391243139422626,0.8203697697163201,0.44228128927728305
55,-15,55.5,-14.5,56.0,2.0,8.205210017595364,8.543626180174979,0.07142857142857142,0.5368151296159606,0.768860214893918,0.44221692419446484
-15,-18,-14.5,-17.5,40.0,6.0,6.648959460513599,5.394626731409977,0.05,0.4930686103799517,0.8540534385365524,0.4421622892359092
-26,-5,-25.5,-4.5,40.0,4.0,5.958857634949236,3.8295636247778386,0.0,0.4930686103799517,0.8963947515242188,0.4419841144859286
-37,0,-36.5,0.5,44.0,3.0,6.687680016691815,5.3582965552041575,0.022727272727272728,0.5054286682208582,0.8550363173451506,0.4419816823188681
-49,-18,-48.5,-17.5,35.0,3.0,3.5995771241826664,2.6505284378780645,0.0,0.4758008385233484,0.9282924415665214,0.4416823220922373
-3,-31,-2.5,-30.5,36.0,2.0,4.441410435173648,2.914891764714578,0.0,0.47943873052762537,0.9211403399569366,0.44163035522673894
144,38,144.5,38.5,54.0,3.0,9.064557321758425,6.292996260323231,0.0,0.5320726700547346,0.8297488943676257,0.4414867097011465
-76,-22,-75.5,-21.5,37.0,3.0,3.2851186800818177,3.1869264189815785,0.0,0.48297960042159244,0.9137806977859592,0.44133743628962646
-26,-19,-25.5,-18.5,39.0,4.0,5.565652788458361,5.283218053421959,0.05128205128205128,0.4897900548657752,0.8570674957232838,0.44131047604905566
-15,-17,-14.5,-16.5,32.0,2.0,4.657008824855199,3.894925544859615,0.0625,0.46424792451793967,0.8946264461415606,0.4412865002675848
50,-5,50.5,-4.5,38.0,2.0,8.62713802957759,3.4408482965690763,0.0,0.4864284891881879,0.9069110797828334,0.44114738636679174
73,21,73.5,21.5,74.0,6.0,11.63241397409391,9.268576261718094,0.02702702702702703,0.573253413757653,0.7492473710584354,0.44111695410571383
-5,-31,-4.5,-30.5,46.0,3.0,5.936767288399807,5.747982288221094,0.021739130434782608,0.5112023931765644,0.8444937356955172,0.441092158247343
6,-10,6.5,-9.5,42.0,4.0,6.940139707462632,4.319046980366446,0.0,0.4993924127751698,0.8831522388910833,0.44103952742761127
-60,-6,-59.5,-5.5,41.0,5.0,5.322391195722826,4.899096447305549,0.024390243902439025,0.4962681568158961,0.8674595451435139,0.440992367863184
-29,-5,-28.5,-4.5,35.0,4.0,4.078388939436454,2.7121808568013575,0.0,0.4758008385233484,0.9266244932550343,0.44088871088701814
-50,-8,-49.5,-7.5,42.0,7.0,8.440294594177672,4.332254493910013,0.0,0.4993924127751698,0.8827949220120594,0.44086108608927027
-32,-8,-31.5,-7.5,45.0,7.0,7.114721332643285,5.60597582941186,0.022222222222222223,0.5083469121107943,0.848335587115586,0.4408320822804371
75,-17,75.5,-16.5,42.0,5.0,9.081711348610659,5.817696193511607,0.047619047619047616,0.4993924127751698,0.8426076914389056,0.44082959700538094
-17,-29,-16.5,-28.5,39.0,4.0,4.316675155741843,3.7129396709332227,0.0,0.4897900548657752,0.8995499031028795,0.44059059639526216
3,-1,3.5,-0.5,36.0,3.0,5.314161901003722,3.918639687442798,0.027777777777777776,0.47943873052762537,0.8939848822780373,0.44051683754444493
-26,-34,-25.5,-33.5,33.0,2.0,3.1905190194641664,3.2127422865833917,0.030303030303030304,0.4682116442981244,0.9130822737252651,0.44047077557129694
66,0,66.5,0.5,40.0,3.0,6.09877667723997,3.9456360112026414,0.0,0.4930686103799517,0.893254522084261,0.44043576591969447
-14,-26,-13.5,-25.5,34.0,1.0,2.979072960778897,2.4862254523676333,0.0,0.47206045731903784,0.9327375045833575,0.4403084929722379
-15,-24,-14.5,-23.5,41.0,5.0,4.987914911614807,4.179275654942438,0.0,0.4962681568158961,0.8869336208758737,0.44015691325011863
-60,-9,-59.5,-8.5,38.0,5.0,4.084022005783133,3.5204523857020984,0.0,0.4864284891881879,0.9047574658877794,0.44009980721352593
-49,-25,-48.5,-24.5,41.0,5.0,4.903778456097587,4.198293939209239,0.0,0.4962681568158961,0.8864190990503852,0.4399015724521419
-14,-30,-13.5,-29.5,42.0,4.0,5.096999527021526,4.406228912507806,0.0,0.4993924127751698,0.88079361356791,0.4398616478366391
-54,-31,-53.5,-30.5,32.0,2.0,5.291965177095985,3.0204452169770657,0.03125,0.46424792451793967,0.9182846904050203,0.4396340041882897
-42,-31,-41.5,-30.5,35.0,2.0,3.5710661430310435,2.8223367977618286,0.0,0.4758008385233484,0.9236443276924488,0.43947074561340155
-48,-4,-47.5,-3.5,50.0,12.0,10.15243809384183,5.850464613739074,0.0,0.5220471734924924,0.8417211725943408,0.439418159021662
-63,-14,-62.5,-13.5,46.0,7.0,5.607686958659599,5.190551843454256,0.0,0.5112023931765644,0.8595744930341249,0.4394165379525767
-31,-6,-30.5,-5.5,36.0,2.0,4.023874938600998,3.1020765984584853,0.0,0.47943873052762537,0.9160762300188074,0.43920242478675
85,-12,85.5,-11.5,70.0,4.0,9.674473626403111,8.280096190335218,0.0,0.565976263746681,0.7759897713534356,0.43919179149625875
-53,-21,-52.5,-20.5,26.0,2.0,3.544329597558561,2.5275443518160623,0.07692307692307693,0.4376039226840634,0.9316196605511021,0.4390404500534315
57,-13,57.5,-12.5,52.0,4.0,8.740291563633757,6.180219581460605,0.0,0.5271545243917248,0.8327999615336695,0.4390142676357283
61,-17,61.5,-16.5,90.0,5.0,11.845392572409407,10.167754309629464,0.011111111111111112,0.5989282525143886,0.7249209531670942,0.43899981346578193
15,-14,15.5,-13.5,53.0,5.0,8.963264675650413,6.349438164121638,0.0,0.5296363677177165,0.828221911650941,0.43865644495102785
-30,-20,-29.5,-19.5,23.0,2.0,3.4350032921951374,1.618293545683318,0.08695652173913043,0.4219653093289804,0.9562185874592958,0.43857725222106786
67,1,67.5,1.5,43.0,3.0,7.7570772234822565,4.6991550304283205,0.0,0.5024448403572247,0.8728687724617744,0.43856841103236294
62,-17,62.5,-16.5,68.0,4.0,12.086187166257963,8.971294362327859,0.029411764705882353,0.5621824413051624,0.7572900537428011,0.43825679387128214
-10,-30,-9.5,-29.5,48.0,5.0,9.743872555663767,6.877833327465474,0.041666666666666664,0.5167354751084438,0.8139266765914073,0.43810915409572654
44,10,44.5,10.5,42.0,4.0,6.916881448947766,4.5387567296011895,0.0,0.4993924127751698,0.877208197900424,0.43807111845565144
-27,-24,-26.5,-23.5,45.0,6.0,6.788301589956452,5.125146827169633,0.0,0.5083469121107943,0.8613439643440901,0.4378615445395883
-29,2,-28.5,2.5,35.0,2.0,4.184804933226227,3.9074018221834192,0.02857142857142857,0.4758008385233484,0.8942889121719402,0.4376606547019291
59,-19,59.5,-18.5,56.0,1.0,9.400307741140635,6.82764805771397,0.0,0.5368151296159606,0.815284391948005,0.4376569965374379
-19,-25,-18.5,-24.5,52.0,4.0,7.324185794896279,6.282496452184939,0.0,0.5271545243917248,0.8300329568190437,0.4375556285814
-47,-4,-46.5,-3.5,48.0,8.0,8.9421832048407,5.667946100525448,0.0,0.5167354751084438,0.8466590396115065,0.4374987610885105
65,-10,65.5,-9.5,48.0,2.0,8.476052424213492,5.669402598432402,0.0,0.5167354751084438,0.8466196354280695,0.4374783995490609
58,-19,58.5,-18.5,65.0,1.0,8.112602646920903,7.903988360312354,0.0,0.5562803695515928,0.7861650155852027,0.43732816539827024
90,-13,90.5,-12.5,39.0,1.0,6.34222604366167,3.968014616907423,0.0,0.4897900548657752,0.8926490899171118,0.4372106467263865
7,-12,7.5,-11.5,37.0,2.0,4.513448230296495,3.5182173042609657,0.0,0.48297960042159244,0.904817933917759,0.43700860417789006
-29,-32,-28.5,-31.5,35.0,3.0,3.854691914078383,3.028035997142815,0.0,0.4758008385233484,0.9180793289742534,0.4368229145569028
-14,-8,-13.5,-7.5,43.0,2.0,6.504205586189779,4.839223181462341,0.0,0.5024448403572247,0.8690793601387804,0.43666444036268853
-34,1,-33.5,1.5,43.0,3.0,5.717241264009064,4.840041425442657,0.0,0.5024448403572247,0.8690572233161027,0.4366533178303522
-61,-19,-60.5,-18.5,39.0,8.0,7.974210554752434,4.012183445457395,0.0,0.4897900548657752,0.891454143728675,0.4366253739671904
69,20,69.5,20.5,48.0,4.0,8.251576665415607,6.376005803011665,0.020833333333333332,0.5167354751084438,0.827503149123846,0.436508571101999
-61,-16,-60.5,-15.5,39.0,7.0,4.933561288579634,4.022037498142621,0.0,0.4897900548657752,0.8911875515847711,0.43649479978640093
11,-17,11.5,-16.5,46.0,5.0,7.019331358603766,6.080236606055699,0.021739130434782608,0.5112023931765644,0.835504907064056,0.4363971538280369
70,-3,70.5,-2.5,51.0,3.0,8.23270462622649,6.813237116085905,0.0196078431372549,0.5246254050274729,0.8156742664440142,0.4363140981370832
67,19,67.5,19.5,53.0,4.0,8.44741961396194,6.523656413387465,0.0,0.5296363677177165,0.8235086004821655,0.43616010394367427
-47,-2,-46.5,-1.5,39.0,5.0,5.3979680050602346,4.051510829306637,0.0,0.4897900548657752,0.8903901782812177,0.436104254272305
61,-11,61.5,-10.5,45.0,2.0,8.24318674583154,5.954081793190497,0.022222222222222223,0.5083469121107943,0.8389179070854548,0.4359382459720376
-32,-21,-31.5,-20.5,38.0,2.0,5.676176324899612,3.8367296422704884,0.0,0.4864284891881879,0.8962008816487833,0.4359376408695396
-52,-36,-51.5,-35.5,31.0,4.0,4.073153177343494,4.071938359062022,0.06451612903225806,0.4601622251682654,0.8898375306421082,0.4358870128571204
-44,-27,-43.5,-26.5,43.0,6.0,5.013788523666974,4.896448508867715,0.0,0.5024448403572247,0.8675311826319279,0.4358865665624133
-15,-12,-14.5,-11.5,45.0,4.0,5.7472943008412924,5.9588224507870615,0.022222222222222223,0.5083469121107943,0.8387896530449546,0.4358715995922402
-26,-28,-25.5,-27.5,46.0,6.0,5.9225387504846365,5.465039313338629,0.0,0.5112023931765644,0.8521484922394498,0.4356203485746077
80,23,80.5,23.5,54.0,5.0,9.239334219316175,6.726632063001542,0.0,0.5320726700547346,0.8180172848459043,0.43524464089888465
-16,-12,-15.5,-11.5,49.0,4.0,6.62598552619198,5.996796644875407,0.0,0.5194178845632851,0.8377622968760337,0.4351487200102282
-29,-13,-28.5,-12.5,31.0,3.0,4.629504387582816,3.1016053907614993,0.03225806451612903,0.4601622251682654,0.9160889781006551,0.43514791495733657
31,-19,31.5,-18.5,65.0,5.0,8.294867737432995,8.488930321307166,0.015384615384615385,0.5562803695515928,0.7703399600042828,0.43511768990279615
-61,-31,-60.5,-30.5,19.0,1.0,2.775985506947044,2.0737429816765314,0.15789473684210525,0.3977576098321221,0.943896830568008,0.4347224862950853
72,2,72.5,2.5,37.0,3.0,6.1631672109232305,4.580383062583666,0.02702702702702703,0.48297960042159244,0.8760820365425395,0.4345656911876304
0,-14,0.5,-13.5,45.0,4.0,8.930895193868226,7.348675384829102,0.06666666666666667,0.5083469121107943,0.8011884867803327,0.43443380615840216
111,-10,111.5,-9.5,59.0,2.0,8.954782490871773,7.436072350368499,0.0,0.5436255840601433,0.79882404393046,0.43426118744298187
-45,-5,-44.5,-4.5,42.0,4.0,6.987387594346693,4.834362328777605,0.0,0.4993924127751698,0.8692108659445458,0.4340773115544414
-25,-12,-24.5,-11.5,46.0,5.0,6.214991219084693,5.595247664749489,0.0,0.5112023931765644,0.84862582753837,0.43381955394905714
45,-13,45.5,-12.5,36.0,2.0,5.144173478036863,3.5177516967515072,0.0,0.47943873052762537,0.904830530491791,0.43381080088162205
-60,-10,-59.5,-9.5,34.0,9.0,5.142969625619607,3.9659955004102203,0.029411764705882353,0.47206045731903784,0.8927037152182925,0.4338045394697733
-32,-19,-31.5,-18.5,38.0,2.0,5.472781169491866,4.844748063141141,0.02631578947368421,0.4864284891881879,0.8689298896520053,0.4337952074716176
-60,-15,-59.5,-14.5,45.0,9.0,6.209097345220914,5.425108157400466,0.0,0.5083469121107943,0.8532287921739204,0.4337362218256351
-8,-12,-7.5,-11.5,47.0,6.0,6.577959332605049,5.779860292429541,0.0,0.5139977543626335,0.8436313062203783,0.43362459690728966
-10,-4,-9.5,-3.5,39.0,6.0,6.622407036986769,5.061029341942459,0.02564102564102564,0.4897900548657752,0.863078602710097,0.4335664781280564
-34,-10,-33.5,-9.5,40.0,5.0,8.568059621834347,4.474958568080446,0.0,0.4930686103799517,0.8789341972633509,0.43337486326005875
10,-13,10.5,-12.5,33.0,3.0,6.376246199441519,3.7707183665717703,0.030303030303030304,0.4682116442981244,0.8979867547380093,0.43318869908454166
-33,-18,-32.5,-17.5,33.0,4.0,3.964660355876852,2.767167866249043,0.0,0.4682116442981244,0.9251368713390782,0.43315985573049215
-19,-29,-18.5,-28.5,34.0,4.0,4.291153917885546,3.054473096476478,0.0,0.47206045731903784,0.9173640980722986,0.43305131566407595
-65,-20,-64.5,-19.5,38.0,7.0,5.299511493651454,4.056732974347192,0.0,0.4864284891881879,0.8902488980499657,0.4330424264798939
1,-13,1.5,-12.5,55.0,5.0,9.531059741194527,7.014325912017458,0.0,0.5344650726551812,0.8102339978626578,0.4330417725353633
35,-16,35.5,-15.5,42.0,4.0,6.569957917135983,4.924941919766868,0.0,0.4993924127751698,0.8667603201511405,0.4328535275780567
35,-17,35.5,-16.5,44.0,2.0,7.649482031520619,5.320775468470403,0.0,0.5054286682208582,0.8560514151199937,0.4326729266726794
81,-14,81.5,-13.5,39.0,3.0,7.7154372679633205,5.905319974393989,0.05128205128205128,0.4897900548657752,0.8402371123128745,0.43264438551126455
-59,-8,-58.5,-7.5,40.0,6.0,5.880000177594264,4.529814433258794,0.0,0.4930686103799517,0.8774501233324767,0.43264311298926156
-24,-14,-23.5,-13.5,40.0,4.0,5.60250814086932,4.541895735460349,0.0,0.4930686103799517,0.8771232750439657,0.4324819543578403
38,-20,38.5,-19.5,42.0,3.0,7.333292334539082,4.9554203365364895,0.0,0.4993924127751698,0.8659357552001539,0.43244174609769365
-19,-24,-18.5,-23.5,45.0,6.0,6.0344173944165265,5.521272407697631,0.0,0.5083469121107943,0.8506271586661072,0.43241368946549424
-18,-27,-17.5,-26.5,42.0,4.0,7.131115877478514,5.706678440043423,0.023809523809523808,0.4993924127751698,0.8456111725297731,0.4323463704745048
112,-10,112.5,-9.5,50.0,2.0,9.039653810871915,6.955831773884466,0.02,0.5220471734924924,0.8118165018525209,0.4322826403904047
-64,-19,-63.5,-18.5,34.0,5.0,3.9566931796261295,3.123657214776481,0.0,0.47206045731903784,0.9154923867053238,0.43216775474021263
58,-15,58.5,-14.5,36.0,1.0,7.494816664825807,4.557419905533608,0.027777777777777776,0.47943873052762537,0.8767032831975281,0.43200121773300254
-61,-13,-60.5,-12.5,42.0,7.0,6.9600170721309205,4.98804512672895,0.0,0.4993924127751698,0.8650531221313389,0.43200096583986297
51,-4,51.5,-3.5,59.0,6.0,13.469525199133491,8.103935155218837,0.01694915254237288,0.5436255840601433,0.7807556427694099,0.4316326192970573
33,-16,33.5,-15.5,41.0,3.0,6.873406054984001,5.5817714929942275,0.024390243902439025,0.4962681568158961,0.848990412713081,0.4316031733024995
-16,-14,-15.5,-13.5,39.0,1.0,4.481586986076934,4.391426192024677,0.0,0.4897900548657752,0.8811940872730207,0.4316001003528495
-42,-23,-41.5,-22.5,35.0,5.0,4.520163757324188,3.439486589594184,0.0,0.4758008385233484,0.9069479194865981,0.43152658058872967
-36,-21,-35.5,-20.5,35.0,3.0,4.273636139520043,3.441496912682135,0.0,0.4758008385233484,0.906893532082849,0.43150070301642074
67,-18,67.5,-17.5,65.0,3.0,10.858545137577735,8.296581766005032,0.0,0.5562803695515928,0.7755437695812006,0.4314197747460656
-25,-16,-24.5,-15.5,31.0,2.0,3.2784819451958516,2.3275708367319545,0.0,0.4601622251682654,0.9370297562562142,0.43118569768773685
19,-19,19.5,-18.5,54.0,6.0,10.452601573550758,7.560328639215388,0.018518518518518517,0.5320726700547346,0.795462406693944,0.43108165492925293
-32,-30,-31.5,-29.5,38.0,5.0,5.10995261880741,4.209524414561098,0.0,0.4864284891881879,0.8861152690834924,0.43103171158686776
52,-16,52.5,-15.5,61.0,5.0,8.623882504828588,7.893447535769996,0.0,0.54797924465526,0.7864501876969244,0.43095837981314816
51,-18,51.5,-17.5,42.0,5.0,8.181550797751155,5.808939748353723,0.023809523809523808,0.4993924127751698,0.8428445888416481,0.4309318640736534
-43,-21,-42.5,-20.5,39.0,5.0,5.2043151857172445,4.445458469044834,0.0,0.4897900548657752,0.8797322947465392,0.4308841289111018
-22,-16,-21.5,-15.5,33.0,2.0,4.068028405834545,2.9519054862920253,0.0,0.4682116442981244,0.9201389684700567,0.4308197794101453
-58,-10,-57.5,-9.5,36.0,10.0,5.104790940371605,3.754985086521838,0.0,0.47943873052762537,0.8984124038585424,0.43073370239621184
14,-14,14.5,-13.5,49.0,5.0,9.491625913787814,6.939043449927748,0.02040816326530612,0.5194178845632851,0.8122706941954222,0.4305182915017727
-15,-6,-14.5,-5.5,45.0,6.0,6.202925726792126,5.66225184886752,0.0,0.5083469121107943,0.8468130922440535,0.43047482057725783
50,23,50.5,23.5,39.0,2.0,5.3413756686063145,5.2887447471047775,0.02564102564102564,0.4897900548657752,0.8569179762144413,0.4304716949595284
53,-15,53.5,-14.5,51.0,2.0,8.812734414295246,7.783126364129586,0.0392156862745098,0.5246254050274729,0.7894348234204286,0.4303990370769784
8,-12,8.5,-11.5,33.0,2.0,4.836276967393824,2.985191451146958,0.0,0.4682116442981244,0.9192384479414935,0.4303981452127425
84,-2,84.5,-1.5,40.0,4.0,7.111804050608162,4.721543266465463,0.0,0.4930686103799517,0.8722630797550246,0.43008554462054693
-20,-12,-19.5,-11.5,50.0,6.0,6.649330308241774,6.51734998973293,0.0,0.5220471734924924,0.823679214853342,0.4299994059787025
-63,-26,-62.5,-25.5,35.0,5.0,4.136635001560167,3.5738670901726746,0.0,0.4758008385233484,0.9033123812068177,0.4297967884267264
29,-14,29.5,-13.5,34.0,2.0,5.271711981513472,4.275887841040069,0.029411764705882353,0.47206045731903784,0.884319868885524,0.4297304547142477
-31,1,-30.5,1.5,46.0,3.0,6.2195906799243,5.897606294082761,0.0,0.5112023931765644,0.8404457986916923,0.42963790362638216
-65,-19,-64.5,-18.5,39.0,4.0,5.741410085240487,4.5475349366441815,0.0,0.4897900548657752,0.876970711750311,0.42953153302386277
45,-5,45.5,-4.5,48.0,5.0,7.205903846661607,6.253031517304883,0.0,0.5167354751084438,0.8308301029690174,0.42931938799209246
-25,-31,-24.5,-30.5,38.0,5.0,5.181925766390598,4.343991150974382,0.0,0.4864284891881879,0.8824773977741642,0.42926214734201024
-46,-7,-45.5,-6.5,35.0,5.0,5.421380225953798,4.5447504882009815,0.02857142857142857,0.4758008385233484,0.8770460423887575,0.4292220778890737
-31,-26,-30.5,-25.5,33.0,3.0,4.479885711216279,3.0842465854728984,0.0,0.4682116442981244,0.9165586042803933,0.42914341120571686
68,1,68.5,1.5,48.0,3.0,9.864615403680567,6.273549524558158,0.0,0.5167354751084438,0.8302750075461474,0.4290325504950252
28,9,28.5,9.5,41.0,5.0,6.852774948833203,5.0082005750592975,0.0,0.4962681568158961,0.8645078353997395,0.4290277100267288
87,-13,87.5,-12.5,51.0,3.0,8.907168825067183,6.738656321462273,0.0,0.5246254050274729,0.8176919798222456,0.4289819861019618
48,-4,48.5,-3.5,52.0,8.0,8.906065662302526,6.885000798703427,0.0,0.5271545243917248,0.8137327673862575,0.42896290997346465
-54,-21,-53.5,-20.5,41.0,4.0,5.1967654082018955,5.0142314465929685,0.0,0.4962681568158961,0.8643446758324905,0.42894673912902326
59,-15,59.5,-14.5,47.0,1.0,8.547623650584942,6.120091911075055,0.0,0.5139977543626335,0.8344266592049809,0.4288934290116747
-44,-2,-43.5,-1.5,27.0,4.0,5.467908556068672,3.608203153926038,0.07407407407407407,0.442432627621528,0.9023834512384447,0.4288175023020234
-7,-15,-6.5,-14.5,31.0,2.0,4.36875001625073,3.603904133020414,0.03225806451612903,0.4601622251682654,0.9024997572129029,0.42869295121848633
-23,-15,-22.5,-14.5,40.0,3.0,5.417095425115571,4.830043425213999,0.0,0.4930686103799517,0.8693277098256489,0.4286382058485186
-34,-21,-33.5,-20.5,34.0,3.0,4.663490570294038,3.4029455525501175,0.0,0.47206045731903784,0.9079365029372081,0.4286009207931864
-30,-24,-29.5,-23.5,61.0,5.0,8.465909926665203,8.057918465708173,0.0,0.54797924465526,0.7820005811012705,0.42852008775184863
-24,-16,-23.5,-15.5,37.0,2.0,5.207544767480932,4.168317286388176,0.0,0.48297960042159244,0.8872300892488255,0.42851403398741156
-3,-22,-2.5,-21.5,35.0,2.0,5.321076150186538,4.603173253309544,0.02857142857142857,0.4758008385233484,0.8754654693290617,0.42844855310229013
73,1,73.5,1.5,54.0,2.0,8.471449716199674,7.203842341286968,0.0,0.5320726700547346,0.805106808796606,0.4283753294356568
-20,-28,-19.5,-27.5,30.0,4.0,5.152217265752805,3.3716764131371297,0.03333333333333333,0.455946799621607,0.9087824601469395,0.4281683360647893
-1,-14,-0.5,-13.5,44.0,5.0,7.495016259419762,6.346355187466378,0.022727272727272728,0.5054286682208582,0.828305318689891,0.4281640098808143
38,-15,38.5,-14.5,50.0,2.0,8.311070649755335,7.242735125749969,0.02,0.5220471734924924,0.804054601027519,0.42814952043605103
-64,-37,-63.5,-36.5,29.0,5.0,3.5167778095918014,3.0929476232231323,0.034482758620689655,0.45159313902649023,0.9163232058730453,0.42807442024450904
64,-16,64.5,-15.5,57.0,5.0,9.528535561180986,7.638027469929407,0.0,0.5391243139422626,0.7933603377766609,0.427719847812844
71,-3,71.5,-2.5,74.0,3.0,10.393916952998932,9.386983679985033,0.0,0.573253413757653,0.7460439695242376,0.42767225234307965
74,18,74.5,18.5,27.0,4.0,7.096933203305298,4.806431628556048,0.1111111111111111,0.442432627621528,0.8699665048162527,0.4276684074095238
58,23,58.5,23.5,49.0,3.0,9.173861159502382,6.530789845034448,0.0,0.5194178845632851,0.8233156121861913,0.4276448536096775
74,21,74.5,21.5,69.0,6.0,10.757840902175941,8.947177487901643,0.0,0.5640929023526909,0.7579425131382322,0.427549992052638
5,-11,5.5,-10.5,41.0,6.0,6.563104654850244,5.121569594191739,0.0,0.4962681568158961,0.8614407430238156,0.42750560974654495
47,-16,47.5,-15.5,59.0,6.0,9.99875777931527,8.387444187594092,0.01694915254237288,0.5436255840601433,0.7730855720714539,0.4273923006567601
-38,-29,-37.5,-28.5,34.0,3.0,4.233871789898753,3.501052250761127,0.0,0.47206045731903784,0.9052823183247564,0.4273479851912233
-55,-34,-54.5,-33.5,39.0,5.0,5.413200127159697,4.713481197586473,0.0,0.4897900548657752,0.872481191459458,0.42733261063428485
46,-14,46.5,-13.5,48.0,3.0,7.345466218435959,6.398209319041972,0.0,0.5167354751084438,0.8269024538434564,0.4272898323551364
8,-13,8.5,-12.5,39.0,3.0,6.706247024144844,4.72928377241129,0.0,0.4897900548657752,0.872053667633848,0.42712321371628287
59,20,59.5,20.5,39.0,3.0,7.05972917612888,5.538390831279716,0.02564102564102564,0.4897900548657752,0.850164035787756,0.4270788612650193
-45,-30,-44.5,-29.5,37.0,7.0,4.656788478830009,4.2791602504359965,0.0,0.48297960042159244,0.8842313369216246,0.4270656977866567
30,-16,30.5,-15.5,30.0,2.0,5.823321552778812,4.515310780004892,0.06666666666666667,0.455946799621607,0.8778425060544806,0.42693277995450835
21,-16,21.5,-15.5,43.0,3.0,7.7752162304699395,6.292780148709165,0.023255813953488372,0.5024448403572247,0.8297547410644475,0.42660147651232955
86,-14,86.5,-13.5,82.0,5.0,11.622592587649551,10.115021434701282,0.0,0.5867104660528069,0.7263475915899232,0.42615573397805767
5,-12,5.5,-11.5,35.0,3.0,5.728580528580163,3.85678207836391,0.0,0.4758008385233484,0.8956583818165409,0.4261550090987755
4,-12,4.5,-11.5,43.0,6.0,6.81254074567168,5.6159270828626795,0.0,0.5024448403572247,0.8480663652962259,0.42610656952359405
-63,-15,-62.5,-14.5,37.0,6.0,4.75829858136079,4.353472407171406,0.0,0.48297960042159244,0.882220891289248,0.42609469355846213
-27,-21,-26.5,-20.5,30.0,2.0,3.5944715757704975,2.421743939964297,0.0,0.455946799621607,0.9344819913628478,0.4260740732659167
55,-5,55.5,-4.5,23.0,2.0,4.534070063186825,3.9661133652680185,0.13043478260869565,0.4219653093289804,0.8927005264952224,0.42582195647035664
95,-15,95.5,-14.5,59.0,3.0,10.910130328202806,8.011824511312247,0.0,0.5436255840601433,0.7832476097620618,0.425793439320612
-6,-14,-5.5,-13.5,41.0,3.0,6.448417260887397,5.249935713892446,0.0,0.4962681568158961,0.8579679181720714,0.42578215735842545
75,-3,75.5,-2.5,48.0,5.0,7.365736771471401,6.506993775930994,0.0,0.5167354751084438,0.8239593924948037,0.425769048150867
6,-13,6.5,-12.5,39.0,6.0,8.108770679177407,5.640498648169649,0.02564102564102564,0.4897900548657752,0.8474016046659034,0.4256911573770859
-27,-22,-26.5,-21.5,34.0,2.0,5.1426129674964685,4.596663369164482,0.029411764705882353,0.47206045731903784,0.8756415881327901,0.4255132911456962
-1,0,-0.5,0.5,34.0,2.0,4.5576010283392066,3.6516879847837043,0.0,0.47206045731903784,0.9012070099654008,0.4254241932633898
-10,-27,-9.5,-26.5,21.0,1.0,3.982516542258802,3.4681829536518394,0.14285714285714285,0.41041239532357165,0.9061715662986504,0.42503319211284774
-17,-26,-16.5,-25.5,38.0,3.0,5.088618454089132,4.666337750312657,0.0,0.4864284891881879,0.8737566131647422,0.42502010925991346
46,-16,46.5,-15.5,48.0,5.0,8.17263010679819,7.187780181800829,0.020833333333333332,0.5167354751084438,0.8055413554415167,0.42492370741989627
-30,-16,-29.5,-15.5,33.0,3.0,4.877348436569492,3.420059210014031,0.0,0.4682116442981244,0.9074735090017094,0.42488966380667914
-54,-25,-53.5,-24.5,32.0,3.0,3.9952681729743866,3.1411945699334076,0.0,0.46424792451793967,0.9150179300265301,0.42479517491151797
-35,-28,-34.5,-27.5,33.0,3.0,5.931012877079057,3.430174339594325,0.0,0.4682116442981244,0.9071998536675219,0.4247615351926883
-62,-20,-61.5,-19.5,32.0,5.0,4.90500356079158,3.1495303538047406,0.0,0.46424792451793967,0.9147924132199566,0.42469047920212233
-65,-30,-64.5,-29.5,29.0,5.0,3.0947587518579804,2.202490408606059,0.0,0.45159313902649023,0.9404136898071792,0.42468437016350813
-53,-33,-52.5,-32.5,31.0,3.0,3.7906091515673315,2.8519983257648676,0.0,0.4601622251682654,0.9228418629001045,0.42465696511053935
58,17,58.5,17.5,43.0,3.0,8.37065274849091,5.730076177504415,0.0,0.5024448403572247,0.8449781687097733,0.4245549210827221
62,-18,62.5,-17.5,67.0,5.0,10.925005079640382,8.952941974569576,0.0,0.5602440893317775,0.7577865603634297,0.42454544141866973
96,-14,96.5,-13.5,43.0,3.0,9.492283000639741,5.762037920741076,0.0,0.5024448403572247,0.8441134737538445,0.42412045956363276
-66,-21,-65.5,-20.5,33.0,4.0,5.07657391253021,3.494974248832348,0.0,0.4682116442981244,0.9054467529605966,0.42394071302807856
-60,-29,-59.5,-28.5,38.0,6.0,8.687105601476917,5.577160205041967,0.02631578947368421,0.4864284891881879,0.8491151667793135,0.4239031184527966
66,-15,66.5,-14.5,59.0,6.0,9.940392699441185,8.146909168512618,0.0,0.5436255840601433,0.779593021185975,0.4238067114714373
37,-19,37.5,-18.5,72.0,7.0,10.169678705560367,9.468590512727634,0.0,0.569664688483081,0.7438361732811056,0.42373720193462816
74,1,74.5,1.5,35.0,2.0,7.020469670300231,4.062151769690628,0.0,0.4758008385233484,0.8901022976293945,0.423511419583625
91,-15,91.5,-14.5,68.0,3.0,11.283589985646397,9.521924076532944,0.014705882352941176,0.5621824413051624,0.7423932837846637,0.42349812263789227
-86,-18,-85.5,-17.5,15.0,1.0,1.4533917638634866,1.528031025704749,0.2,0.3681297801346123,0.9586605551941895,0.4234937992888348
-17,-7,-16.5,-6.5,28.0,3.0,3.9419425295955013,3.1617483998572564,0.03571428571428571,0.4470918689086096,0.9144618654549399,0.4234501953458991
50,-19,50.5,-18.5,47.0,6.0,9.441407296758838,6.512598559713645,0.0,0.5139977543626335,0.8238077603316252,0.42343533883696594
68,-13,68.5,-12.5,64.0,6.0,10.203198060590983,8.731098744234117,0.0,0.5542532347249827,0.7637883206822464,0.4233321473832975
39,-19,39.5,-18.5,49.0,8.0,9.432905116879441,7.440203223031355,0.02040816326530612,0.5194178845632851,0.7987122870488436,0.4233320882791976
-38,-19,-37.5,-18.5,36.0,4.0,5.941164771578008,4.332028661645452,0.0,0.47943873052762537,0.8828010316919541,0.42324900594286846
-28,-28,-27.5,-27.5,34.0,3.0,4.89628860948254,3.822696953038238,0.0,0.47206045731903784,0.8965805228813468,0.42324021165471065
-38,-30,-37.5,-29.5,34.0,6.0,6.613772259250691,3.8428633145545428,0.0,0.47206045731903784,0.8960349409037474,0.42298266397686
48,-20,48.5,-19.5,57.0,3.0,9.756570496630232,7.964151932252057,0.0,0.5391243139422626,0.7845373466310499,0.4229631587645478
-21,-12,-20.5,-11.5,44.0,6.0,6.563673065065424,6.03189760717542,0.0,0.5054286682208582,0.8368126732956073,0.4229491150141349
58,-17,58.5,-16.5,42.0,4.0,9.198332804938408,5.658202663260516,0.0,0.4993924127751698,0.8469226391590658,0.42294674020356043
-29,-21,-28.5,-20.5,26.0,2.0,3.421252989993265,2.564084178221667,0.038461538461538464,0.4376039226840634,0.9306311098531791,0.42291120209909683
-54,-24,-53.5,-23.5,25.0,2.0,4.41161821792181,3.5160204777561725,0.08,0.43259295999381986,0.9048773669963518,0.4227590649099952
-60,-16,-59.5,-15.5,37.0,6.0,4.912209569118028,4.613244086325815,0.0,0.48297960042159244,0.8751930123968259,0.42270037141918876
-69,-35,-68.5,-34.5,35.0,7.0,6.517890829175187,5.038414929320519,0.02857142857142857,0.4758008385233484,0.8636904144120022,0.4226858983561463
19,-21,19.5,-20.5,45.0,5.0,7.989840488247997,6.901722176384998,0.022222222222222223,0.5083469121107943,0.8132803862119776,0.4226158746336027
-6,-15,-5.5,-14.5,33.0,3.0,4.346046769681856,3.6039003870808433,0.0,0.4682116442981244,0.9024998585557811,0.422560942753227
-64,-29,-63.5,-28.5,29.0,5.0,2.6712834367603038,2.38009399567225,0.0,0.45159313902649023,0.9356087915025453,0.42251451105541543
59,23,59.5,23.5,53.0,3.0,9.452208327361316,7.475993378808812,0.0,0.5296363677177165,0.7977440179859355,0.4225142440546076
-2,-15,-1.5,-14.5,32.0,6.0,7.789932764501449,4.345551262634384,0.03125,0.46424792451793967,0.8824351904179165,0.42247085272539536
-83,-31,-82.5,-30.5,33.0,2.0,3.899414790409917,3.620591111959448,0.0,0.4682116442981244,0.902048306664307,0.42234952089963396
45,-14,45.5,-13.5,39.0,3.0,6.175154976394647,5.0924847569752085,0.0,0.4897900548657752,0.8622276059883579,0.42231050644382384
91,-11,91.5,-10.5,39.0,3.0,8.685566691565555,5.0993867278332266,0.0,0.4897900548657752,0.8620408796467218,0.422219049738709
36,-13,36.5,-12.5,32.0,2.0,6.5969069358954355,4.373510731721068,0.03125,0.46424792451793967,0.8816787732315733,0.4221087137069149
-55,-16,-54.5,-15.5,36.0,4.0,4.668774048279903,4.422723227557448,0.0,0.47943873052762537,0.8803473753599588,0.4220726280659055
-49,-24,-48.5,-23.5,35.0,4.0,4.650896579921591,4.183064068359696,0.0,0.4758008385233484,0.8868311289076284,0.4219549947628573
-44,-30,-43.5,-29.5,38.0,4.0,6.021974204362065,4.914022893719902,0.0,0.4864284891881879,0.8670557241494943,0.4217606059400087
88,-11,88.5,-10.5,51.0,4.0,11.603281001400738,7.248127275367011,0.0,0.5246254050274729,0.8039087214820592,0.4217509386126432
-33,-27,-32.5,-26.5,25.0,3.0,3.651483031219555,2.313840314283858,0.04,0.43259295999381986,0.9374012226501223,0.42173369639236385
-50,-7,-49.5,-6.5,41.0,8.0,8.924732993777098,5.56173219420034,0.0,0.4962681568158961,0.8495325571280185,0.42159595628101665
-53,-36,-52.5,-35.5,33.0,3.0,4.438160555680913,3.685246571890892,0.0,0.4682116442981244,0.9002991138977547,0.42153052847821215
-21,-24,-20.5,-23.5,49.0,6.0,6.977493586418938,6.9662571011989725,0.0,0.5194178845632851,0.8115344544098638,0.4215255095597912
-15,-14,-14.5,-13.5,37.0,1.0,5.072671472093561,4.705641295296538,0.0,0.48297960042159244,0.8726932926554061,0.42149305777731183
-44,-22,-43.5,-21.5,32.0,4.0,4.341923393898208,3.425084433887597,0.0,0.46424792451793967,0.9073375562877505,0.4212295773437674
1,-14,1.5,-13.5,36.0,4.0,8.173905934026363,6.218375511337349,0.05555555555555555,0.47943873052762537,0.8317676886736165,0.42093618057110777
-31,-24,-30.5,-23.5,46.0,4.0,6.225613660422887,6.535418511466979,0.0,0.5112023931765644,0.8231903879614908,0.42081689636585856
-61,-20,-60.5,-19.5,37.0,6.0,6.176755027871616,5.610099464359256,0.02702702702702703,0.48297960042159244,0.8482240260435661,0.420747195792638
3,-11,3.5,-10.5,51.0,6.0,8.260974393292658,7.322581512007928,0.0,0.5246254050274729,0.8018944320112309,0.42069419118316737
2,-12,2.5,-11.5,49.0,6.0,9.079068671663137,7.6409835099944186,0.02040816326530612,0.5194178845632851,0.7932803648879855,0.420453070403784
34,-17,34.5,-16.5,41.0,4.0,11.021294732078259,6.395637653901733,0.024390243902439025,0.4962681568158961,0.8269720278294131,0.42040963725723624
52,-11,52.5,-10.5,51.0,2.0,8.807781203189434,7.349118314464925,0.0,0.5246254050274729,0.8011765037348808,0.4203175477704065
-34,-5,-33.5,-4.5,35.0,2.0,5.415016432607697,4.317753582593365,0.0,0.4758008385233484,0.8831872305535252,0.42022122487048114
92,-11,92.5,-10.5,41.0,4.0,8.85202330662702,6.412134901887484,0.024390243902439025,0.4962681568158961,0.8265257102736292,0.4201827417935273
82,-12,82.5,-11.5,64.0,5.0,11.854932842874726,8.954873057432401,0.0,0.5542532347249827,0.7577343167295766,0.4199766961094924
-39,-29,-38.5,-28.5,25.0,2.0,4.231154614948705,2.475961631365657,0.04,0.43259295999381986,0.9330151826243595,0.4197604315534719
-17,-6,-16.5,-5.5,40.0,5.0,8.047877648996586,5.520997548832783,0.0,0.4930686103799517,0.8506345947146439,0.41942121755706285
-11,-26,-10.5,-25.5,35.0,2.0,4.975426013230114,4.399531452323701,0.0,0.4758008385233484,0.8809748070652687,0.4191685519195999
40,-17,40.5,-16.5,46.0,3.0,6.972062889439194,6.659415991294296,0.0,0.5112023931765644,0.8198357525600161,0.41910199872038983
-44,-16,-43.5,-15.5,39.0,3.0,8.671829642937654,5.3449763329649995,0.0,0.4897900548657752,0.8553966834521168,0.41896478852001445
3,-15,3.5,-14.5,42.0,4.0,10.373337855204218,6.675350614879277,0.023809523809523808,0.4993924127751698,0.8194046562791739,0.41894743187033356
0,-12,0.5,-11.5,50.0,7.0,9.763875854923374,7.3100346617929945,0.0,0.5220471734924924,0.8022338752641635,0.41880392706158526
111,-11,111.5,-10.5,43.0,1.0,8.663063563394969,6.154114477323562,0.0,0.5024448403572247,0.833506210617274,0.41879089493035154
7,-22,7.5,-21.5,38.0,3.0,5.706906557250253,5.145510003063843,0.0,0.4864284891881879,0.860793057738276,0.41871426657931016
-49,-16,-48.5,-15.5,33.0,3.0,4.497785185646236,3.914578138191013,0.0,0.4682116442981244,0.8940947636798516,0.4186255794608863
-4,-31,-3.5,-30.5,37.0,4.0,5.282151849886063,4.925944237194395,0.0,0.48297960042159244,0.8667332033941662,0.41861445624744115
-25,-18,-24.5,-17.5,29.0,2.0,3.3775127366696536,2.701507912258376,0.0,0.45159313902649023,0.9269132397493317,0.41858765954361443
62,-16,62.5,-15.5,49.0,6.0,10.104112458609137,7.794171508760842,0.02040816326530612,0.5194178845632851,0.7891360074021835,0.41825648530363163
-27,-23,-26.5,-22.5,35.0,5.0,6.536789166543135,5.3760008370538594,0.02857142857142857,0.4758008385233484,0.8545573446214033,0.41821621831249683
70,20,70.5,20.5,52.0,5.0,10.270894633796878,7.652990056559862,0.0,0.5271545243917248,0.7929555390430248,0.41801010004800954
43,-15,43.5,-14.5,50.0,4.0,9.255040480464853,7.375762956529037,0.0,0.5220471734924924,0.8004556579592056,0.41787561374367654
-54,-23,-53.5,-22.5,26.0,3.0,3.316400331287878,2.9777092523382462,0.038461538461538464,0.4376039226840634,0.9194408718055875,0.41782596803118716
-33,-33,-32.5,-32.5,30.0,3.0,4.150808865784882,3.105073050946941,0.0,0.455946799621607,0.9159951638099569,0.4176450634080195
54,-4,54.5,-3.5,56.0,3.0,13.598485052336276,8.711752789756922,0.017857142857142856,0.5368151296159606,0.7643117073176433,0.41762076837769385
82,-16,82.5,-15.5,41.0,2.0,7.379746546606098,5.8629564214655625,0.0,0.4962681568158961,0.8413832184642565,0.417551699003083
-22,-20,-21.5,-19.5,36.0,2.0,6.17359564269194,4.776106147667404,0.0,0.47943873052762537,0.8707869322305636,0.41748898134866674
87,-15,87.5,-14.5,76.0,5.0,11.762331077022193,10.211787537167456,0.0,0.5767476878441404,0.7237296755367273,0.41740941698999745
18,-17,18.5,-16.5,30.0,2.0,9.838585440017432,5.240710060579001,0.06666666666666667,0.455946799621607,0.8582175095609458,0.4173882953211084
-21,-33,-20.5,-32.5,36.0,3.0,4.646458622989869,4.786176541084236,0.0,0.47943873052762537,0.8705144871912778,0.417358360644893
77,23,77.5,23.5,36.0,4.0,7.976444646408231,4.787948307987656,0.0,0.47943873052762537,0.8704665537011322,0.41733537947322785
64,-10,64.5,-9.5,46.0,2.0,8.356450115554487,7.431559625525425,0.021739130434782608,0.5112023931765644,0.7989461314643097,0.4173019390850982
-67,-29,-66.5,-28.5,36.0,5.0,4.650553286117005,4.799355894284464,0.0,0.47943873052762537,0.8701579321639048,0.41718741435520607
4,-14,4.5,-13.5,40.0,5.0,8.39513688667032,5.692025171312619,0.0,0.4930686103799517,0.8460076029580378,0.4171397931613936
32,-19,32.5,-18.5,47.0,4.0,7.661507914768374,6.966045219491938,0.0,0.5139977543626335,0.8115401866705222,0.4171298335236808
-16,-26,-15.5,-25.5,33.0,3.0,5.7416149195065245,4.066568332144689,0.0,0.4682116442981244,0.8899828116786974,0.4167003156531509
-43,-28,-42.5,-27.5,29.0,4.0,5.023762022097244,3.998788441512744,0.034482758620689655,0.45159313902649023,0.8918165329844745,0.41662575265466933
-70,-36,-69.5,-35.5,35.0,6.0,6.095977053284693,4.601291123152523,0.0,0.4758008385233484,0.8755163885934187,0.4165714318336824
4,-15,4.5,-14.5,44.0,6.0,9.72026493775045,7.1812043300146335,0.022727272727272728,0.5054286682208582,0.8057192589378421,0.41648892136859694
51,-16,51.5,-15.5,58.0,4.0,9.370140641314038,8.532690372915186,0.0,0.541394023092995,0.7691560728922298,0.4164165006895332
91,-13,91.5,-12.5,36.0,1.0,8.756507857723967,5.72950227484119,0.027777777777777776,0.47943873052762537,0.8449936951075172,0.41637611294414517
-67,-28,-66.5,-27.5,35.0,4.0,5.4035859368649914,4.630531826907471,0.0,0.4758008385233484,0.874725308806015,0.4161950354074968
-53,-17,-52.5,-16.5,23.0,1.0,2.857913246725291,2.031055390678397,0.043478260869565216,0.4219653093289804,0.9450517032651422,0.416117253182771
-9,-1,-8.5,-0.5,31.0,4.0,7.088579687588356,4.593418334966091,0.03225806451612903,0.4601622251682654,0.8757293794864215,0.4159768566809765
-68,-28,-67.5,-27.5,37.0,4.0,6.210085955543203,5.134350166594324,0.0,0.48297960042159244,0.8610949766365266,0.41589130774095007
97,-11,97.5,-10.5,48.0,4.0,10.559551315339931,7.223046016800504,0.0,0.5167354751084438,0.8045872713849921,0.4157587859453303
-5,-7,-4.5,-6.5,28.0,2.0,5.098453275380055,3.7911996121272944,0.03571428571428571,0.4470918689086096,0.8974326538683581,0.4155646582389611
-17,-15,-16.5,-14.5,31.0,1.0,5.459656136770496,4.629864144875156,0.03225806451612903,0.4601622251682654,0.8747433723165448,0.41550849719367605
-17,-25,-16.5,-24.5,25.0,3.0,3.515314177117142,2.8329421102452574,0.04,0.43259295999381986,0.923357410920026,0.41541543214300886
56,-17,56.5,-16.5,52.0,5.0,10.63770240349206,7.839146956139688,0.0,0.5271545243917248,0.7879192388986271,0.4153551916406956
73,-2,73.5,-1.5,40.0,2.0,7.067171307862303,5.833174526088245,0.0,0.4930686103799517,0.8421889396829046,0.41525693016681475
53,-18,53.5,-17.5,43.0,4.0,8.167586393810645,6.416887797058575,0.0,0.5024448403572247,0.8263971251570393,0.4152189716211981
-42,-25,-41.5,-24.5,37.0,2.0,5.356778013569085,5.195238685565937,0.0,0.48297960042159244,0.8594476949210433,0.41509570427622416
-57,-18,-56.5,-17.5,37.0,8.0,5.720601270100528,5.198823424586153,0.0,0.48297960042159244,0.85935071317239,0.4150488640700114
83,-12,83.5,-11.5,66.0,4.0,10.197988799501445,9.896288333708753,0.015151515151515152,0.558277019990042,0.7322652102793172,0.4150008824588932
23,-21,23.5,-20.5,33.0,3.0,5.08620109806863,5.173910320058067,0.030303030303030304,0.4682116442981244,0.8600247138256851,0.4148758152578736
-36,-32,-35.5,-31.5,29.0,4.0,4.827510369567372,3.010728317203048,0.0,0.45159313902649023,0.9185475720056778,0.4148097813872051
-19,-20,-18.5,-19.5,30.0,3.0,4.892456811396096,4.427325716243537,0.03333333333333333,0.455946799621607,0.8802228593496113,0.41471262219670973
46,-15,46.5,-14.5,42.0,5.0,8.646356849428363,6.991923211676714,0.023809523809523808,0.4993924127751698,0.8108400818875617,0.4145685130798039
69,-13,69.5,-12.5,72.0,7.0,11.241771193248804,10.434341306377949,0.013888888888888888,0.569664688483081,0.7177086922557374,0.41453181663151223
63,-13,63.5,-12.5,89.0,5.0,12.659665565670663,11.602623237872438,0.011235955056179775,0.5974611132545113,0.686101921442712,0.4145250516989885
-33,-19,-32.5,-18.5,35.0,2.0,5.93039406463617,4.760335492378982,0.0,0.4758008385233484,0.8712135925030842,0.41452415784590624
89,-13,89.5,-12.5,35.0,1.0,8.290738027940195,4.772056160608721,0.0,0.4758008385233484,0.8708965008280987,0.41437328536105933
-38,-1,-37.5,-0.5,39.0,2.0,7.15942598798278,5.702754597561159,0.0,0.4897900548657752,0.8457173284042243,0.41422393668004187
-73,-31,-72.5,-30.5,26.0,3.0,4.9189631032572345,4.481775812551282,0.07692307692307693,0.4376039226840634,0.8787497631145744,0.41412467750406223
-87,-35,-86.5,-34.5,31.0,4.0,4.648701415847652,3.700431596449329,0.0,0.4601622251682654,0.8998882973148135,0.41409460129526615
71,-4,71.5,-3.5,66.0,5.0,10.64047974002452,10.352716727172503,0.030303030303030304,0.558277019990042,0.7199169686127601,0.4140922847221659
27,-19,27.5,-18.5,46.0,7.0,8.132553324411699,7.022079197627729,0.0,0.5112023931765644,0.8100242399996578,0.41408633001885276
-19,-26,-18.5,-25.5,29.0,3.0,3.9463963322931335,3.0728099518208465,0.0,0.45159313902649023,0.9168680116665457,0.41405130346147206
-57,-26,-56.5,-25.5,35.0,7.0,5.712626453829385,4.8037007608718865,0.0,0.4758008385233484,0.8700403858775677,0.41396594514972435
-21,-32,-20.5,-31.5,30.0,3.0,4.731005260230686,3.429468292743328,0.0,0.455946799621607,0.9072189551022023,0.4136435791349075
-35,-30,-34.5,-29.5,30.0,5.0,7.6635642878882475,4.521297259260454,0.03333333333333333,0.455946799621607,0.877680547478638,0.41351482460345906
49,-16,49.5,-15.5,64.0,5.0,10.681529832250718,9.391998954984576,0.0,0.5542532347249827,0.7459082859677246,0.41342208030577876
-21,-15,-20.5,-14.5,44.0,1.0,7.6915397972221395,6.7323892631544915,0.0,0.5054286682208582,0.8178615292009238,0.4133706634930974
8,-22,8.5,-21.5,39.0,1.0,6.279067892258055,5.774894024999524,0.0,0.4897900548657752,0.8437656639231084,0.4132680308267565
80,-12,80.5,-11.5,51.0,4.0,10.3158441897563,7.85633559619315,0.0,0.5246254050274729,0.7874542163795659,0.4131184872087211
78,-2,78.5,-1.5,41.0,6.0,7.1475209554468835,6.214577813722668,0.0,0.4962681568158961,0.8318704318171066,0.4128308059075191
72,-4,72.5,-3.5,47.0,4.0,10.48225253405587,7.904619725199025,0.02127659574468085,0.5139977543626335,0.7861479346009519,0.4126756830451524
39,-16,39.5,-15.5,57.0,4.0,10.886264166069877,9.175278197417844,0.017543859649122806,0.5391243139422626,0.751771462595026,0.41240877004822907
-66,-22,-65.5,-21.5,29.0,4.0,4.536922664648153,3.2100056074718997,0.0,0.45159313902649023,0.9131563120092905,0.4123751253621286
81,-15,81.5,-14.5,54.0,5.0,9.79560427504338,8.316318701890703,0.0,0.5320726700547346,0.775009805310871,0.41236153643035517
-44,-32,-43.5,-31.5,35.0,5.0,8.631282082886116,4.944671677675173,0.0,0.4758008385233484,0.8662265500742494,0.4121513188765151
81,-12,81.5,-11.5,75.0,5.0,11.296025911946053,10.472599104330259,0.0,0.5750120454552455,0.7166736634505388,0.4120959891445986
-15,-23,-14.5,-22.5,34.0,5.0,5.809403390723107,4.714929695099522,0.0,0.47206045731903784,0.8724420037191669,0.41184537126000764
-44,-5,-43.5,-4.5,34.0,7.0,6.400749406478031,4.720178492387988,0.0,0.47206045731903784,0.8723000024363701,0.4117783380695107
-67,-24,-66.5,-23.5,30.0,2.0,5.007565642447747,3.600559801096968,0.0,0.455946799621607,0.9025902349732599,0.4115331290057721
-21,-17,-20.5,-16.5,28.0,1.0,3.3600175024069356,2.95088526505923,0.0,0.4470918689086096,0.9201665695976734,0.411398991308648
36,-17,36.5,-16.5,34.0,4.0,7.546321798703379,4.755685006927564,0.0,0.47206045731903784,0.8713394070208558,0.41132487895836445
-69,-24,-68.5,-23.5,31.0,5.0,5.012056370227805,3.9244552588376314,0.0,0.4601622251682654,0.8938275474539096,0.41130567315308436
-33,-34,-32.5,-33.5,31.0,3.0,4.448937568677064,3.9506901928671323,0.0,0.4601622251682654,0.8931177859444557,0.41097906771755527
38,-18,38.5,-17.5,52.0,6.0,8.825287187617967,8.149915538540832,0.0,0.5271545243917248,0.7795116866673975,0.41092311244294316
53,-19,53.5,-18.5,43.0,4.0,7.3365905093371975,6.735368809498674,0.0,0.5024448403572247,0.8177809203719344,0.41088980398346087
2,0,2.5,0.5,32.0,3.0,5.982811419960512,4.251260152594888,0.0,0.46424792451793967,0.8849861478746596,0.41085298237793716
52,-14,52.5,-13.5,49.0,4.0,8.95680121656682,7.7332179589067325,0.0,0.5194178845632851,0.7907850484671384,0.4107478970190759
60,21,60.5,21.5,43.0,3.0,9.537874278568735,6.749651324328258,0.0,0.5024448403572247,0.8173945203423842,0.4106956592822995
-1,-18,-0.5,-17.5,31.0,5.0,5.128486288221529,3.987805957255123,0.0,0.4601622251682654,0.8921136537851396,0.41051700402876135
12,-14,12.5,-13.5,34.0,4.0,7.393857408854052,4.819493802209594,0.0,0.47206045731903784,0.8696131199715008,0.410509967104382
-12,-10,-11.5,-9.5,31.0,1.0,3.9172984301835183,3.990930342664696,0.0,0.4601622251682654,0.8920291264712183,0.41047810775189986
-15,-28,-14.5,-27.5,33.0,3.0,5.507204238997706,4.570208310351115,0.0,0.4682116442981244,0.876357304911607,0.4103206947253363
53,-4,53.5,-3.5,51.0,3.0,13.254781565181615,9.145707025701986,0.0392156862745098,0.5246254050274729,0.7525714828828516,0.41030118251050435
48,-11,48.5,-10.5,48.0,2.0,8.181765006270227,7.614234220991248,0.0,0.5167354751084438,0.7940040417883489,0.4102900557715271
-54,-14,-53.5,-13.5,20.0,4.0,5.1355516118586015,2.86087540816619,0.1,0.404235711782243,0.9226017017700012,0.4102434111671557
71,-5,71.5,-4.5,43.0,3.0,8.126090151052228,6.798906162023985,0.0,0.5024448403572247,0.8160619769515178,0.41002612973100655
2,-1,2.5,-0.5,35.0,3.0,7.705210277964701,5.1124269187933615,0.0,0.4758008385233484,0.8616880895231016,0.4099919155406739
-49,-8,-48.5,-7.5,31.0,7.0,6.480333964575226,4.044778498025323,0.0,0.4601622251682654,0.8905723151833725,0.40980773822803446
68,-3,68.5,-2.5,36.0,3.0,7.058685223927481,5.369902122158593,0.0,0.47943873052762537,0.8547223396271054,0.40978699346442127
-14,-15,-13.5,-14.5,37.0,1.0,6.107123738323215,6.429655122943899,0.02702702702702703,0.48297960042159244,0.8260517171418384,0.4097489966044309
-27,-25,-26.5,-24.5,27.0,4.0,6.179302740824233,3.959414729477358,0.037037037037037035,0.442432627621528,0.8928817517975126,0.4096711314402378
-52,-3,-51.5,-2.5,27.0,6.0,3.270960308819804,2.7430998214974833,0.0,0.442432627621528,0.9257880096935053,0.4095988217492022
-43,-25,-42.5,-24.5,28.0,3.0,3.8954008872170705,3.1144614438489624,0.0,0.4470918689086096,0.9157411696543021,0.409420430977298
-16,-32,-15.5,-31.5,23.0,1.0,4.7146740682562305,3.9702016321594953,0.08695652173913043,0.4219653093289804,0.89258992227275,0.4093934594084256
-19,-14,-18.5,-13.5,32.0,1.0,7.1142504618229445,7.165528570791802,0.09375,0.46424792451793967,0.8061433518864015,0.4093363509125592
-44,-26,-43.5,-25.5,32.0,3.0,4.977021762760106,4.372897048135451,0.0,0.46424792451793967,0.8816953758648243,0.4093252483023094
73,-3,73.5,-2.5,46.0,3.0,8.878744856262731,7.996536111140804,0.021739130434782608,0.5112023931765644,0.7836612230751585,0.4093183946903835
-38,-28,-37.5,-27.5,31.0,6.0,4.690164065129825,4.108275185523577,0.0,0.4601622251682654,0.8888544719170847,0.40901725164812913
64,-18,64.5,-17.5,39.0,2.0,8.950414333942918,6.116897007470803,0.0,0.4897900548657752,0.834513094322453,0.4087362142544021
-14,-17,-13.5,-16.5,35.0,3.0,5.0539748825059805,5.228658336514562,0.0,0.4758008385233484,0.8585435576407268,0.4084957446342765
-37,-32,-36.5,-31.5,31.0,5.0,6.757867506599589,4.151030956279209,0.0,0.4601622251682654,0.8876977546806221,0.408484974070708
46,-13,46.5,-12.5,31.0,2.0,5.149324694477092,4.184372975701488,0.0,0.4601622251682654,0.8867957176483662,0.40806989070276095
82,-13,82.5,-12.5,48.0,4.0,9.313295881799197,8.370974879982157,0.020833333333333332,0.5167354751084438,0.7735311337266562,0.4080382899369463
-69,-36,-68.5,-35.5,30.0,7.0,6.091363738704897,3.8908750943715247,0.0,0.455946799621607,0.8947360272767433,0.407952028142982
-43,-15,-42.5,-14.5,28.0,3.0,3.93105525752381,3.2423227785033837,0.0,0.4470918689086096,0.9122820012880669,0.4078738649275684
1,-15,1.5,-14.5,37.0,3.0,9.087108114822122,5.760070312071188,0.0,0.48297960042159244,0.8441667055591154,0.40771529814015367
-70,-27,-69.5,-26.5,28.0,1.0,3.971292192469676,3.256506620707243,0.0,0.4470918689086096,0.9118982707537668,0.40770230212583086
-61,-18,-60.5,-17.5,31.0,7.0,6.615002048797985,4.218065077734316,0.0,0.4601622251682654,0.8858842094597577,0.4076504490664318
65,19,65.5,19.5,43.0,4.0,8.263082171185381,6.976137971689475,0.0,0.5024448403572247,0.8112671367354161,0.4076169870040889
113,4,113.5,4.5,26.0,1.0,5.804150587057763,2.5336565244459006,0.0,0.4376039226840634,0.931454301459026,0.40760805611941386
69,-18,69.5,-17.5,38.0,4.0,8.946714398022886,6.001194535762368,0.0,0.4864284891881879,0.8376433160670546,0.4074535727130811
25,-18,25.5,-17.5,51.0,5.0,10.244871398925246,8.257164707089661,0.0,0.5246254050274729,0.7766101611033805,0.407429420317312
-47,-14,-46.5,-13.5,33.0,2.0,4.898146803328219,4.800374985353032,0.0,0.4682116442981244,0.8701303616118201,0.40740516736399185
83,-14,83.5,-13.5,60.0,4.0,11.185166318081638,9.827245143810293,0.016666666666666666,0.5458202580282904,0.7341331089606992,0.4073831350093738
-13,-10,-12.5,-9.5,27.0,1.0,4.656631162227221,2.9376020833327656,0.0,0.442432627621528,0.9205259336083442,0.4072707076001
65,-17,65.5,-16.5,29.0,3.0,5.013091543549466,3.639607121655234,0.0,0.45159313902649023,0.9015338463752018,0.407126499623203
72,21,72.5,21.5,37.0,4.0,8.522948612448342,5.810919462526805,0.0,0.48297960042159244,0.8427910295333536,0.4070508746829216
-38,-18,-37.5,-17.5,29.0,6.0,5.138595154752462,3.648636457637522,0.0,0.45159313902649023,0.9012895661674092,0.40701618435736386
52,-18,52.5,-17.5,40.0,3.0,7.4713018269926845,7.221116794613133,0.025,0.4930686103799517,0.8046394646800177,0.4066610242743106
-20,-31,-19.5,-30.5,30.0,3.0,4.510871345946258,3.9971870923915613,0.0,0.455946799621607,0.8918598559815186,0.40664064704576075
-16,-15,-15.5,-14.5,37.0,1.0,5.9172661713446,6.670678601161973,0.02702702702702703,0.48297960042159244,0.8195310532239672,0.4065145314467444
-36,-22,-35.5,-21.5,26.0,5.0,4.154452550277171,2.6316742746200235,0.0,0.4376039226840634,0.9288025232522031,0.4064476275740201
37,-13,37.5,-12.5,30.0,3.0,6.1163374024048665,5.086402461466586,0.03333333333333333,0.455946799621607,0.8623921567829698,0.4063117753674359
41,-5,41.5,-4.5,22.0,2.0,4.0674782479332565,2.461009547380013,0.045454545454545456,0.41631446707714126,0.9334196972188006,0.40625958397999473
113,-12,113.5,-11.5,21.0,1.0,5.518004074156743,3.577732382389704,0.09523809523809523,0.41041239532357165,0.9032078093548224,0.4059912691324846
-49,-13,-48.5,-12.5,29.0,2.0,4.945312345653298,3.733312871967915,0.0,0.45159313902649023,0.8989987252763018,0.40598165632833844
-56,-22,-55.5,-21.5,38.0,8.0,6.739417076795939,6.135667792159332,0.0,0.4864284891881879,0.8340052683656893,0.4056839226661114
-7,-32,-6.5,-31.5,35.0,3.0,6.2862910241785075,5.447386253975713,0.0,0.4758008385233484,0.8526260791869075,0.40568020342400546
-5,-18,-4.5,-17.5,22.0,3.0,3.4975586800805467,2.51865121046975,0.045454545454545456,0.41631446707714126,0.9318602561408851,0.40558085619500917
-21,-6,-20.5,-5.5,38.0,6.0,7.808808786474818,6.941315437287365,0.02631578947368421,0.4864284891881879,0.8122092277104671,0.40547859458043123
7,-11,7.5,-10.5,29.0,3.0,6.350064339177628,4.88174487248182,0.034482758620689655,0.45159313902649023,0.8679289757098132,0.4054663144063872
-28,-22,-27.5,-21.5,17.0,2.0,6.07462020154087,3.769849466492525,0.17647058823529413,0.3837683934896953,0.8980102620138848,0.4054446536356811
81,-16,81.5,-15.5,32.0,1.0,6.590483738459405,4.691169797003145,0.0,0.46424792451793967,0.873084805455142,0.4053278088606988
-19,-16,-18.5,-15.5,34.0,1.0,5.249778647169414,5.238052868745705,0.0,0.47206045731903784,0.8582893973912864,0.4051644854446121
61,21,61.5,21.5,48.0,3.0,10.906267056570975,7.982737444882527,0.0,0.5167354751084438,0.784034533035874,0.40513845692971917
-26,-17,-25.5,-16.5,32.0,2.0,5.498595306410441,4.721902390686518,0.0,0.46424792451793967,0.8722533639863883,0.40494181388447176
19,-20,19.5,-19.5,46.0,5.0,9.079281898504162,7.686801643532517,0.0,0.5112023931765644,0.7920407983015479,0.4048931515852278
69,-14,69.5,-13.5,35.0,4.0,7.174548901488762,5.512978958784902,0.0,0.4758008385233484,0.8508515301401218,0.40483587149954403
-55,-36,-54.5,-35.5,32.0,5.0,6.30622908190536,4.7336253279945115,0.0,0.46424792451793967,0.871936210923621,0.4047945762333275
-4,-7,-3.5,-6.5,22.0,1.0,3.486195441054434,2.585847322339481,0.045454545454545456,0.41631446707714126,0.930042328421438,0.404789625239407
-33,-24,-32.5,-23.5,26.0,3.0,3.6898733355029543,2.7800613302576735,0.0,0.4376039226840634,0.9247880507753762,0.4046908786706534
-28,-25,-27.5,-24.5,30.0,2.0,6.171382476867205,4.160939476187105,0.0,0.455946799621607,0.8874296889771454,0.40462072657832754
13,-22,13.5,-21.5,34.0,2.0,6.171755269080597,5.281544265666689,0.0,0.47206045731903784,0.857112778479564,0.40460905018305415
-31,-21,-30.5,-20.5,27.0,3.0,5.064094940155484,3.1709545881329215,0.0,0.442432627621528,0.9142128006743879,0.40447757160760567
-61,-6,-60.5,-5.5,26.0,4.0,4.486890664384425,4.082440325960582,0.038461538461538464,0.4376039226840634,0.8895534097874579,0.4042440639276671
25,6,25.5,6.5,30.0,5.0,7.862533471448596,4.193615011017022,0.0,0.455946799621607,0.8865456830598056,0.4042176669094699
-28,-16,-27.5,-15.5,32.0,3.0,6.322918039003785,4.780606445365359,0.0,0.46424792451793967,0.8706651809014578,0.4042045031835383
-12,-30,-11.5,-29.5,37.0,4.0,8.327435425885064,6.029611702903159,0.0,0.48297960042159244,0.8368745162895681,0.40419331948054904
69,-3,69.5,-2.5,49.0,3.0,8.807358754325367,8.20723790321381,0.0,0.5194178845632851,0.7779608839083736,0.4040867965926708
27,-14,27.5,-13.5,30.0,2.0,5.810337693328293,5.285454580595589,0.03333333333333333,0.455946799621607,0.8570069885803687,0.40377458015312256
60,-10,60.5,-9.5,29.0,2.0,4.876090257768516,3.9139653805317765,0.0,0.45159313902649023,0.8941113412630337,0.4037745472401588
119,8,119.5,8.5,22.0,2.0,5.675172273195925,2.676695492852155,0.045454545454545456,0.41631446707714126,0.9275845164611832,0.40371989244134276
-15,-27,-14.5,-26.5,30.0,2.0,4.505041940442533,4.2360914113286,0.0,0.455946799621607,0.8853965239284195,0.40369371148125843
-11,-13,-10.5,-12.5,32.0,4.0,5.396070072639008,4.821910939805534,0.0,0.46424792451793967,0.8695477265831766,0.4036857273355326
-22,2,-21.5,2.5,27.0,1.0,4.0389188388639115,3.250949553592188,0.0,0.442432627621528,0.9120486119873024,0.40352006392010964
53,-17,53.5,-16.5,33.0,3.0,8.497481115692352,5.11552431330182,0.0,0.4682116442981244,0.8616042924226697,0.4034131624895402
-63,-28,-62.5,-27.5,31.0,5.0,8.406641816544246,4.558839325968166,0.0,0.4601622251682654,0.8766648821102966,0.40340806287874914
-67,-26,-66.5,-25.5,26.0,3.0,4.323696701571005,2.8940672072364197,0.0,0.4376039226840634,0.9217037288083355,0.4033411672790558
-20,-32,-19.5,-31.5,22.0,3.0,4.504074518122273,2.709828339105447,0.045454545454545456,0.41631446707714126,0.9266881384126318,0.40332975478496125
-13,-14,-12.5,-13.5,25.0,1.0,4.113554947585579,3.8344800168992568,0.04,0.43259295999381986,0.8962617431511373,0.40322518121493006
65,-15,65.5,-14.5,68.0,5.0,11.036211487946657,10.454225969391551,0.0,0.5621824413051624,0.7171707313666553,0.4031807925923151
-12,-5,-11.5,-4.5,42.0,4.0,6.9042944251564045,7.125693258396812,0.0,0.4993924127751698,0.8072210588637945,0.4031200722289177
-31,-10,-30.5,-9.5,32.0,6.0,6.875555089686197,4.881149789132648,0.0,0.46424792451793967,0.86794507513113,0.4029416997251943
110,-10,110.5,-9.5,44.0,2.0,9.450112549596083,7.495634639508545,0.0,0.5054286682208582,0.7972126421179366,0.40293412399450035
55,23,55.5,23.5,53.0,3.0,10.904961617766304,9.363701191302408,0.018867924528301886,0.5296363677177165,0.7466738553967402,0.4029272442768698
76,21,76.5,21.5,43.0,5.0,9.467598569153825,7.342051824936465,0.0,0.5024448403572247,0.8013676809746871,0.40264305653476606
44,-5,44.5,-4.5,31.0,4.0,5.874422151456277,5.639253940017715,0.03225806451612903,0.4601622251682654,0.8474352790763575,0.402536984470572
68,-4,68.5,-3.5,43.0,3.0,8.398546462059274,7.351923421799309,0.0,0.5024448403572247,0.801100614189529,0.4025088702065326
51,-14,51.5,-13.5,41.0,5.0,9.542384356211077,6.983407835720824,0.0,0.4962681568158961,0.8110704573893726,0.4025084409364497
-9,-5,-8.5,-4.5,28.0,1.0,4.138700935319618,3.6996476639672586,0.0,0.4470918689086096,0.8999095058721194,0.40234222282898924
23,-13,23.5,-12.5,33.0,2.0,6.652875194269356,5.233012230064347,0.0,0.4682116442981244,0.8584257671383979,0.40192493993974815
-10,-6,-9.5,-5.5,29.0,3.0,5.356573814660492,4.071184594193898,0.0,0.45159313902649023,0.8898579230429419,0.4018537327545551
-11,-30,-10.5,-29.5,34.0,4.0,9.021979799404406,6.398176575462431,0.029411764705882353,0.47206045731903784,0.8269033396902595,0.40182920306614195
4,-17,4.5,-16.5,36.0,5.0,7.2072639932759195,5.985603385428826,0.0,0.47943873052762537,0.8380651200015494,0.4018008772330249
57,20,57.5,20.5,29.0,2.0,7.891829439328592,5.183842011481816,0.034482758620689655,0.45159313902649023,0.8597560212386016,0.40164819354627507
-52,-31,-51.5,-30.5,25.0,2.0,3.9028583829839807,2.650392612425613,0.0,0.43259295999381986,0.9282961161966174,0.4015743646562617
68,-5,68.5,-4.5,50.0,3.0,10.232831784203986,9.094947728147046,0.02,0.5220471734924924,0.7539447280227443,0.40146660851851634
29,11,29.5,11.5,42.0,5.0,7.999527194145143,7.941981427827273,0.023809523809523808,0.4993924127751698,0.7851371488134452,0.40142704784596783
-76,-20,-75.5,-19.5,23.0,4.0,4.808998849365071,3.26520198456347,0.043478260869565216,0.4219653093289804,0.9116630258482943,0.40141583030177713
2,-13,2.5,-12.5,44.0,6.0,13.022465263021212,7.609541112121992,0.0,0.5054286682208582,0.7941310094426731,0.401376578495496
-36,-9,-35.5,-8.5,37.0,3.0,7.663490767127994,7.0547307531900625,0.02702702702702703,0.48297960042159244,0.8091408828188895,0.40136066297860507
-35,-19,-34.5,-18.5,24.0,4.0,3.577887049829407,2.252151156299433,0.0,0.4273854395296319,0.9390701649024158,0.4013449151759829
-47,-29,-46.5,-28.5,31.0,7.0,7.190390511825358,4.735988175661274,0.0,0.4601622251682654,0.8718722862983604,0.4012026913255965
-16,-7,-15.5,-6.5,28.0,4.0,9.918697355896379,6.017749309054473,0.07142857142857142,0.4470918689086096,0.8371954422181148,0.4010392231104287
65,-16,65.5,-15.5,52.0,6.0,11.388741320877658,9.888061192274161,0.038461538461538464,0.5271545243917248,0.7324877878667639,0.40098556879856023
-60,-5,-59.5,-4.5,23.0,4.0,5.006612430315631,3.3036688696064127,0.043478260869565216,0.4219653093289804,0.9106223403881606,0.4009576043934994
-49,-20,-48.5,-19.5,22.0,3.0,5.7931419090036265,4.331596419796471,0.09090909090909091,0.41631446707714126,0.8828127255893674,0.40093931932653387
60,20,60.5,20.5,42.0,3.0,8.450823059144742,7.28865062543071,0.0,0.4993924127751698,0.8028124002915047,0.4009184215874
-65,-21,-64.5,-20.5,30.0,5.0,5.096233301915714,4.464968931131084,0.0,0.455946799621607,0.8792044575122275,0.40087045861575127
67,-13,67.5,-12.5,50.0,5.0,9.08868463282577,8.581883167226959,0.0,0.5220471734924924,0.7678252080268666,0.4008409795867107
-14,-25,-13.5,-24.5,27.0,4.0,4.880244308996644,3.484967144752057,0.0,0.442432627621528,0.9057174857663015,0.40071896711034866
64,-12,64.5,-11.5,29.0,1.0,7.158937533153102,4.167535602727702,0.0,0.45159313902649023,0.8872512369663745,0.4006765712067814
-18,-26,-17.5,-25.5,24.0,2.0,3.475572488820198,2.3118523061611933,0.0,0.4273854395296319,0.9374550063434359,0.40065461992534324
20,-21,20.5,-20.5,37.0,4.0,8.51020532154442,6.309457187428009,0.0,0.48297960042159244,0.8293035594391764,0.40053670176613776
86,-13,86.5,-12.5,46.0,3.0,8.535758653803349,8.020064463575055,0.0,0.5112023931765644,0.7830246855896852,0.4002840931897739
66,-17,66.5,-16.5,30.0,2.0,6.306326019610853,5.564317407266318,0.03333333333333333,0.455946799621607,0.8494626166156503,0.4002200868255719
118,-10,118.5,-9.5,46.0,2.0,11.713708585491538,8.029040873040012,0.0,0.5112023931765644,0.7827818372591286,0.4001599485420145
-18,-33,-17.5,-32.5,30.0,2.0,5.015168037289001,4.541215405644968,0.0,0.455946799621607,0.8771416807283919,0.3999299421428277
81,1,81.5,1.5,40.0,2.0,9.021087222899734,7.719309722145284,0.025,0.4930686103799517,0.7911613227549467,0.39984923434707464
114,4,114.5,4.5,28.0,1.0,6.923160717974354,3.914812749312766,0.0,0.4470918689086096,0.8940884164962177,0.3997396611008333
66,19,66.5,19.5,44.0,4.0,10.139736842790827,7.7593268723738955,0.0,0.5054286682208582,0.7900786963256838,0.3993284232735622
70,-4,70.5,-3.5,58.0,5.0,11.464954126727358,9.709472044087622,0.0,0.541394023092995,0.737319349602213,0.39918028898545255
126,-9,126.5,-8.5,46.0,2.0,10.081427550683289,8.101144720503857,0.0,0.5112023931765644,0.780831135360819,0.3991627450632246
59,-3,59.5,-2.5,37.0,2.0,6.458864753019518,6.426280105940294,0.0,0.48297960042159244,0.8261430250582302,0.3990102281337097
-36,-28,-35.5,-27.5,28.0,3.0,5.804276386909446,3.985726680190342,0.0,0.4470918689086096,0.8921699066739943,0.3988819109588959
69,-4,69.5,-3.5,48.0,5.0,10.067959909574405,8.44805624966419,0.0,0.5167354751084438,0.771445769637889,0.3986333962942336
39,-15,39.5,-14.5,44.0,3.0,8.532287366986438,7.810739080524714,0.0,0.5054286682208582,0.788687787302606,0.3986254179784116
77,-12,77.5,-11.5,47.0,5.0,9.940814934840596,8.29830205524053,0.0,0.5139977543626335,0.7754972287710309,0.39860383410275535
-49,-19,-48.5,-18.5,16.0,3.0,3.448328951159641,2.1623055708518395,0.125,0.3761791992644713,0.9415008528650136,0.39844466655477484
-3,-14,-2.5,-13.5,31.0,5.0,5.550449069969256,4.9625631482125945,0.0,0.4601622251682654,0.8657425131362982,0.39838200126756523
63,-14,63.5,-13.5,45.0,4.0,9.574695417853636,7.996458778734871,0.0,0.5083469121107943,0.7836633152307974,0.3983728264320838
-69,-34,-68.5,-33.5,34.0,7.0,6.370273545738066,5.770585448672755,0.0,0.47206045731903784,0.8438822284105147,0.39836343066687635
-16,-2,-15.5,-1.5,31.0,3.0,6.524585481268481,4.975901325388505,0.0,0.4601622251682654,0.8653816612753752,0.3982159508722868
-15,-15,-14.5,-14.5,36.0,1.0,6.058063836554358,6.270958665924004,0.0,0.47943873052762537,0.8303451007940622,0.39809960102453834
-73,-35,-72.5,-34.5,26.0,1.0,4.625747756893114,3.3394331639565054,0.0,0.4376039226840634,0.9096547709818898,0.3980684960699483
-19,-3,-18.5,-2.5,33.0,2.0,6.734427696659861,5.5401553227326605,0.0,0.4682116442981244,0.8501162991280926,0.3980343502594004
-29,-20,-28.5,-19.5,26.0,3.0,4.019009059340731,3.3480253776391216,0.0,0.4376039226840634,0.9094223167075217,0.3979667731676402
-53,-24,-52.5,-23.5,25.0,2.0,3.0813471235515193,2.9736417067294694,0.0,0.43259295999381986,0.9195509154332107,0.3977912523722793
40,-16,40.5,-15.5,48.0,4.0,9.655511496468934,9.095543089047062,0.020833333333333332,0.5167354751084438,0.75392862109255,0.39769794888932336
33,-15,33.5,-14.5,41.0,3.0,10.422863984970295,8.057918465705168,0.024390243902439025,0.4962681568158961,0.7820005811013518,0.3975474013294965
11,2,11.5,2.5,33.0,2.0,7.36508390355314,5.586821636673533,0.0,0.4682116442981244,0.8488537858171736,0.3974432268261468
-62,-26,-61.5,-25.5,28.0,6.0,5.665306728934899,4.112791623258811,0.0,0.4470918689086096,0.8887322839344235,0.39734497778365846
4,1,4.5,1.5,29.0,4.0,5.883210461834856,5.539050550410545,0.034482758620689655,0.45159313902649023,0.85014618770605,0.3971588126250816
-39,-6,-38.5,-5.5,29.0,4.0,4.741258619117615,4.457772177768078,0.0,0.45159313902649023,0.8793991589177791,0.3971306266329352
78,23,78.5,23.5,26.0,3.0,7.513859272663312,4.668429015016509,0.038461538461538464,0.4376039226840634,0.8737000359615671,0.39703973848545016
73,-14,73.5,-13.5,43.0,5.0,11.398872507261622,7.758204753678601,0.0,0.5024448403572247,0.7901090541934819,0.3969862175990418
40,-15,40.5,-14.5,57.0,5.0,9.151073103300565,9.757177050766902,0.0,0.5391243139422626,0.736028735434435,0.39681098703288087
66,1,66.5,1.5,40.0,2.0,7.72128515895939,7.217326838977866,0.0,0.4930686103799517,0.8047419983715234,0.39679301885143237
-25,-20,-24.5,-19.5,31.0,2.0,6.186650570939882,5.097705366145166,0.0,0.4601622251682654,0.8620863673086429,0.39669958106797165
79,-17,79.5,-16.5,28.0,2.0,9.993048025876883,9.144133207263648,0.17857142857142858,0.4470918689086096,0.7526140610631187,0.39657470340039536
-60,-36,-59.5,-35.5,30.0,8.0,5.24683865745765,4.823141714692,0.0,0.455946799621607,0.8695144291241383,0.3964523211839595
-44,-28,-43.5,-27.5,26.0,3.0,4.939264291227324,4.728786646700232,0.038461538461538464,0.4376039226840634,0.8720671169032332,0.39629768316989183
-28,-29,-27.5,-28.5,31.0,5.0,6.010565547613379,5.143687879331358,0.0,0.4601622251682654,0.8608423535851543,0.39612713294483126
-30,-17,-29.5,-16.5,32.0,2.0,7.232028921606427,5.427953726918558,0.0,0.46424792451793967,0.8531518079621765,0.39607395614516827
114,-13,114.5,-12.5,80.0,2.0,13.093521468103317,11.872952834068386,0.0,0.5834718969120846,0.6787884080170501,0.39605396002764226
10,-17,10.5,-16.5,28.0,3.0,5.496213445386098,4.235692561053392,0.0,0.4470918689086096,0.8854073144481539,0.3958584109619781
60,-16,60.5,-15.5,45.0,4.0,10.066920798706583,8.182581805277826,0.0,0.5083469121107943,0.7786279314896105,0.3958131046559586
12,2,12.5,2.5,35.0,1.0,6.754038180245311,6.226517887230752,0.0,0.4758008385233484,0.8315474043383044,0.3956509522560791
54,-11,54.5,-10.5,37.0,2.0,7.1221073544128775,6.6841514794331,0.0,0.48297960042159244,0.8191665571513775,0.3956407364517039
-37,-5,-36.5,-4.5,23.0,3.0,3.5909149862724727,3.754792138057018,0.043478260869565216,0.4219653093289804,0.8984176238981081,0.3955837258171542
-14,-10,-13.5,-9.5,28.0,2.0,6.065070836467906,4.2600380279995065,0.0,0.4470918689086096,0.8847486706967115,0.3955639366962007
50,22,50.5,22.5,34.0,4.0,9.719912452681465,6.891151886853557,0.029411764705882353,0.47206045731903784,0.8135663554713157,0.3953481677591478
-44,-25,-43.5,-24.5,27.0,3.0,4.132372150728832,3.962545772606417,0.0,0.442432627621528,0.8927970443652413,0.39500254227124765
-31,-19,-30.5,-18.5,32.0,3.0,6.678171024613949,5.526688845473542,0.0,0.46424792451793967,0.850480622027312,0.39483386361890593
84,-16,84.5,-15.5,46.0,2.0,12.50493517364348,9.021931528013477,0.021739130434782608,0.5112023931765644,0.7559201127659694,0.3948287831027025
67,-15,67.5,-14.5,63.0,5.0,11.29122377108543,10.537118915722555,0.0,0.5521946702019185,0.7149281405278594,0.39477950877685214
41,-4,41.5,-3.5,24.0,3.0,6.327646900519671,4.2300338168214955,0.041666666666666664,0.4273854395296319,0.8855604064606258,0.39424544119293137
-43,-27,-42.5,-26.5,27.0,5.0,5.28379155327106,4.037676807274517,0.0,0.442432627621528,0.8907644447592007,0.3941032538866446
-30,-32,-29.5,-31.5,25.0,2.0,5.3322559103381675,3.2901192987476806,0.0,0.43259295999381986,0.910988911306705,0.3940873896637149
-34,-8,-33.5,-7.5,25.0,6.0,5.148924456343646,4.601671106681229,0.04,0.43259295999381986,0.8755061084957978,0.39388729012554224
51,21,51.5,21.5,50.0,3.0,12.07359239040411,9.076655111792554,0.0,0.5220471734924924,0.7544396175841598,0.3938530699305675
60,-11,60.5,-10.5,33.0,2.0,6.626336971691858,5.883682265374783,0.0,0.4682116442981244,0.8408225002157877,0.393682885388894
-26,-18,-25.5,-17.5,23.0,1.0,5.770801141264851,3.9240194953646426,0.043478260869565216,0.4219653093289804,0.893839336625554,0.39356785269872613
-7,-6,-6.5,-5.5,22.0,1.0,5.191867153704092,3.547347819152992,0.045454545454545456,0.41631446707714126,0.9040298351865907,0.3934680035601569
56,23,56.5,23.5,50.0,3.0,11.133935048604606,9.11082209561971,0.0,0.5220471734924924,0.7535152619144493,0.39337051266589335
50,21,50.5,21.5,46.0,2.0,8.702870419689505,8.524283216442928,0.0,0.5112023931765644,0.7693835206175129,0.39331069701028315
-28,-12,-27.5,-11.5,37.0,6.0,10.108461851608016,6.883442307450941,0.0,0.48297960042159244,0.8137749309039013,0.39303669096107524
14,-22,14.5,-21.5,25.0,1.0,4.614166863916105,3.39208077734026,0.0,0.43259295999381986,0.9082304392300973,0.3928940940630349
-61,-7,-60.5,-6.5,23.0,3.0,4.957619467834064,3.986720288893664,0.043478260869565216,0.4219653093289804,0.8921430255233772,0.39282094719721494
8,-10,8.5,-9.5,34.0,4.0,8.36922000875487,6.208262144767211,0.0,0.47206045731903784,0.8320412963112195,0.39277379484499936
-46,-15,-45.5,-14.5,23.0,1.0,3.7155284324968934,2.5585902368297906,0.0,0.4219653093289804,0.9307797432795397,0.3927567622900999
-14,-32,-13.5,-31.5,29.0,2.0,6.112700409012379,4.826090964744905,0.0,0.45159313902649023,0.8694346399328657,0.3926307182256491
61,-16,61.5,-15.5,39.0,4.0,11.407361719523001,8.073142696624641,0.02564102564102564,0.4897900548657752,0.7815887038271216,0.3926301273127754
70,-16,70.5,-15.5,61.0,3.0,11.445619072760838,10.906588192464694,0.01639344262295082,0.54797924465526,0.7049324961224848,0.39262097309844374
-22,-19,-21.5,-18.5,31.0,3.0,5.871637409632258,5.435785591800714,0.0,0.4601622251682654,0.8529399242107498,0.3924907334596703
-66,-37,-65.5,-36.5,24.0,5.0,5.508619091035932,4.3883191542970525,0.041666666666666664,0.4273854395296319,0.8812781452616938,0.39233900777138314
-35,-26,-34.5,-25.5,30.0,5.0,6.073611638671088,5.189782430526235,0.0,0.455946799621607,0.8595953087785277,0.3919297300073168
-17,-13,-16.5,-12.5,29.0,4.0,5.962971187957207,4.891941332436646,0.0,0.45159313902649023,0.8676531200586999,0.3918261960734365
-13,-15,-12.5,-14.5,24.0,1.0,4.0463078446278855,3.080655747177919,0.0,0.4273854395296319,0.916655751039199,0.39176532105525297
-49,-26,-48.5,-25.5,21.0,4.0,4.477135472892008,3.283225548147822,0.047619047619047616,0.41041239532357165,0.9111754152569742,0.3917651935324965
63,-18,63.5,-17.5,40.0,2.0,9.217838926085564,7.601250505406995,0.0,0.4930686103799517,0.7943553040236966,0.39167166590290814
-17,-28,-16.5,-27.5,27.0,3.0,5.644267389480238,5.421112063036795,0.037037037037037035,0.442432627621528,0.8533369027551893,0.39152720250766854
-56,-19,-55.5,-18.5,29.0,3.0,4.838796142754973,4.924334371265187,0.0,0.45159313902649023,0.8667767568054554,0.39143043644097636
74,-2,74.5,-1.5,39.0,3.0,9.277264208431099,7.439884474910038,0.0,0.4897900548657752,0.7987209104800086,0.39120555856644534
-40,-6,-39.5,-5.5,26.0,3.0,4.919886605694767,3.921580947262587,0.0,0.4376039226840634,0.8939053092550199,0.3911764698381075
46,11,46.5,11.5,32.0,2.0,7.428156007092499,5.8202477091413485,0.0,0.46424792451793967,0.842538662579038,0.39114682542843904
17,-13,17.5,-12.5,29.0,2.0,5.620235727085422,4.9623192158508616,0.0,0.45159313902649023,0.8657491124973286,0.39096635932206664
-59,-9,-58.5,-8.5,31.0,6.0,5.544988385262908,5.569995062834823,0.0,0.4601622251682654,0.8493090129747214,0.390819925265911
-36,-29,-35.5,-28.5,24.0,2.0,5.054298674926364,3.167038281294829,0.0,0.4273854395296319,0.9143187526790609,0.3907665219839253
1,-11,1.5,-10.5,41.0,7.0,7.666275245335974,7.871201167763466,0.0,0.4962681568158961,0.7870520422972991,0.3905888663490673
-32,0,-31.5,0.5,29.0,2.0,5.458581154768998,6.063184806684091,0.034482758620689655,0.45159313902649023,0.8359662274869428,0.39053442702513264
80,-15,80.5,-14.5,49.0,4.0,11.668365202613307,9.171795686823746,0.0,0.5194178845632851,0.7518656786495881,0.3905324802799077
85,-11,85.5,-10.5,27.0,2.0,7.769115399813186,5.50970235130759,0.037037037037037035,0.442432627621528,0.8509401756791718,0.39042753853647766
-21,-16,-20.5,-15.5,26.0,2.0,4.431531359511367,3.9852468558752094,0.0,0.4376039226840634,0.8921828878703564,0.39042273148366385
-29,0,-28.5,0.5,25.0,2.0,4.437114219436279,3.6149302897844753,0.0,0.43259295999381986,0.9022014548935781,0.39028599788314366
14,-18,14.5,-17.5,56.0,7.0,10.869756082534016,10.093212833456118,0.0,0.5368151296159606,0.7269376028215673,0.3902311034813753
55,-16,55.5,-15.5,47.0,4.0,10.646530757639418,8.900864003006136,0.0,0.5139977543626335,0.7591954809905829,0.390224772351419
48,-17,48.5,-16.5,53.0,6.0,10.96999252352134,10.234941328608446,0.018867924528301886,0.5296363677177165,0.7231032714472694,0.3902078616868492
-1,-11,-0.5,-10.5,27.0,6.0,5.51485202729223,4.366277427891363,0.0,0.442432627621528,0.8818744634756859,0.39017003610787293
-9,-12,-8.5,-11.5,38.0,5.0,7.8091887574340415,7.325276054529274,0.0,0.4864284891881879,0.801821533693092,0.3900288372328864
49,-11,49.5,-10.5,50.0,2.0,10.300893117510098,9.347922409729653,0.0,0.5220471734924924,0.7471007355182542,0.3900218272914667
12,-16,12.5,-15.5,37.0,3.0,7.710344412488805,7.120817087947543,0.0,0.48297960042159244,0.8073529790772982,0.38993501923393575
-6,1,-5.5,1.5,30.0,1.0,7.878257820291866,5.3561032955722885,0.0,0.455946799621607,0.8550956539253451,0.38987812677760636
51,-17,51.5,-16.5,34.0,4.0,8.828182036847183,7.310151690151467,0.029411764705882353,0.47206045731903784,0.8022307091717973,0.3898396717836915
-51,-17,-50.5,-16.5,22.0,3.0,4.045513256416742,3.8655358892635743,0.045454545454545456,0.41631446707714126,0.8954215556811813,0.38972135447928646
60,-15,60.5,-14.5,40.0,2.0,8.57834771819507,7.757253002437281,0.0,0.4930686103799517,0.7901348029297625,0.38959066929341496
50,-14,50.5,-13.5,45.0,4.0,10.186004111546282,8.636187700604406,0.0,0.5083469121107943,0.7663560498602471,0.3895747315238825
67,-5,67.5,-4.5,53.0,2.0,11.129508013429204,9.785317368123494,0.0,0.5296363677177165,0.7352674255679392,0.3894243685789598
2,-11,2.5,-10.5,32.0,6.0,8.153448714291795,5.960661264042577,0.0,0.46424792451793967,0.8387399056786996,0.3893832604217088
-59,-10,-58.5,-9.5,33.0,9.0,8.516961942587415,6.242274104843291,0.0,0.4682116442981244,0.8311211346635501,0.38914059307174365
79,-16,79.5,-15.5,31.0,3.0,6.658687189962061,5.725230213714841,0.0,0.4601622251682654,0.8451092717104585,0.38888736298061677
54,-17,54.5,-16.5,27.0,3.0,8.20809296400012,5.637270616173883,0.037037037037037035,0.442432627621528,0.8474889360409054,0.38884404414359347
-27,-4,-26.5,-3.5,23.0,2.0,4.122175116845521,2.9179515074806397,0.0,0.4219653093289804,0.9210575614890456,0.3886543388435215
87,-14,87.5,-13.5,62.0,5.0,14.045897535980249,11.262925774415692,0.016129032258064516,0.5501036860102642,0.6952921173909696,0.3886518333505029
-19,-32,-18.5,-31.5,23.0,2.0,3.832514495222823,2.920485747268941,0.0,0.4219653093289804,0.9209890000108487,0.3886254082781661
-35,-16,-34.5,-15.5,25.0,6.0,6.409599887860163,3.759172382320584,0.0,0.43259295999381986,0.8982991205019574,0.3885978754977868
-27,-20,-26.5,-19.5,22.0,4.0,3.9350471172826063,2.4617066424302347,0.0,0.41631446707714126,0.9334008379666857,0.38858827242745786
47,-14,47.5,-13.5,48.0,5.0,10.859577849692583,9.168116997023441,0.0,0.5167354751084438,0.7519652021483909,0.3885670959971657
-74,-31,-73.5,-30.5,13.0,2.0,1.7583727781662228,1.4397366176198934,0.15384615384615385,0.3504001825878749,0.961049277509564,0.38855981805611134
-63,-29,-62.5,-28.5,26.0,5.0,4.708393773375938,4.1658432519723165,0.0,0.4376039226840634,0.8872970219271951,0.38828465738122797
23,-16,23.5,-15.5,33.0,3.0,8.63968189712834,7.214418687600958,0.030303030303030304,0.4682116442981244,0.8048206756767025,0.3882453941032229
38,-14,38.5,-13.5,29.0,3.0,6.698099787029295,6.252728005606295,0.034482758620689655,0.45159313902649023,0.8308383141930702,0.3881388437895786
-18,-30,-17.5,-29.5,23.0,4.0,5.10738479599399,4.389083047744886,0.043478260869565216,0.4219653093289804,0.8812574788416453,0.38802791442562673
64,-15,64.5,-14.5,59.0,5.0,11.731892238010442,10.580416059871995,0.0,0.5436255840601433,0.7137567769424966,0.3880164447422501
74,-12,74.5,-11.5,29.0,2.0,8.374073562699325,5.211003454230484,0.0,0.45159313902649023,0.8590211939056049,0.38792807744611546
-23,-20,-22.5,-19.5,29.0,2.0,6.3382590206106695,5.227405953245473,0.0,0.45159313902649023,0.8585774396942697,0.38772768108886235
97,-14,97.5,-13.5,36.0,3.0,8.58213395819062,7.073142334039124,0.0,0.47943873052762537,0.8086427747847634,0.38769466539314346
-77,-21,-76.5,-20.5,18.0,2.0,3.6366528136977596,2.245138801675038,0.05555555555555555,0.39094715538793934,0.9392598775732172,0.38760103160212195
-39,-3,-38.5,-2.5,23.0,3.0,4.86720409141362,3.056452790227052,0.0,0.4219653093289804,0.9173105393165157,0.38707322547342743
-48,-19,-47.5,-18.5,29.0,4.0,6.6565780365017,5.287795098150793,0.0,0.45159313902649023,0.8569436680753117,0.38698988103500476
-42,-24,-41.5,-23.5,29.0,4.0,6.891669513642478,5.293568645063789,0.0,0.45159313902649023,0.8567874701840854,0.38691934313899656
-41,-6,-40.5,-5.5,25.0,3.0,5.594138477546271,5.176289224693974,0.04,0.43259295999381986,0.8599603547941994,0.38689330717206855
-63,-22,-62.5,-21.5,21.0,3.0,2.7078925040729245,2.124322009488722,0.0,0.41041239532357165,0.9425284624567589,0.3868253639375215
-29,-4,-28.5,-3.5,19.0,1.0,3.6290969041601304,2.8182776655269195,0.05263157894736842,0.3977576098321221,0.9237541437041408,0.3867686739708186
-31,-15,-30.5,-14.5,29.0,3.0,7.1119181537405485,6.371204046332658,0.034482758620689655,0.45159313902649023,0.8276330561426588,0.3866414583988456
75,2,75.5,2.5,32.0,3.0,7.8170165941332375,6.1875104516821215,0.0,0.46424792451793967,0.8326027138848728,0.3865340818690562
59,21,59.5,21.5,34.0,2.0,8.457141950817322,6.7011635988748814,0.0,0.47206045731903784,0.8187063102317386,0.3864788752179766
-64,-30,-63.5,-29.5,24.0,2.0,4.098097548553812,3.5696095843184374,0.0,0.4273854395296319,0.9034275640305371,0.3861117865363758
-50,-25,-49.5,-24.5,24.0,6.0,5.910710868020042,3.5697984507862808,0.0,0.4273854395296319,0.9034224544255673,0.38610960276560996
-29,-16,-28.5,-15.5,25.0,3.0,5.623766407584006,5.240815394571685,0.04,0.43259295999381986,0.8582146598486667,0.386107924814585
-29,-17,-28.5,-16.5,27.0,2.0,5.136234497646192,4.706098384011245,0.0,0.442432627621528,0.8726809265493682,0.38610251540842666
20,-19,20.5,-18.5,39.0,6.0,10.726304956732692,7.846968968971753,0.0,0.4897900548657752,0.7877076216851662,0.38581135924336685
-30,0,-29.5,0.5,29.0,1.0,5.201535296277997,5.398764025219423,0.0,0.45159313902649023,0.8539415079368434,0.38563412611421366
94,-14,94.5,-13.5,37.0,2.0,11.359571864216658,7.457825018060096,0.0,0.48297960042159244,0.7982355459285944,0.3855314850149042
-35,-20,-34.5,-19.5,19.0,3.0,5.962918697476209,2.9414338340342594,0.05263157894736842,0.3977576098321221,0.9204222691905612,0.38537364403104807
61,23,61.5,23.5,30.0,4.0,10.947999539662044,5.7353908500693045,0.0,0.455946799621607,0.8448343852332199,0.38519953415737446
57,-19,57.5,-18.5,30.0,1.0,10.47154709160861,6.74886533437183,0.03333333333333333,0.455946799621607,0.8174157845627273,0.3851213812959459
-38,0,-37.5,0.5,32.0,2.0,9.614695623621092,6.355431791540604,0.0,0.46424792451793967,0.8280597596882485,0.3844250248120933
-46,-5,-45.5,-4.5,27.0,3.0,6.910354459316359,4.8471236831736855,0.0,0.442432627621528,0.86886561948238,0.38441449907759606
-43,-32,-42.5,-31.5,33.0,7.0,11.26421354443536,6.623990260828895,0.0,0.4682116442981244,0.8207941624382478,0.3843053844255138
-49,-7,-48.5,-6.5,26.0,7.0,5.951095630713502,5.707041968642281,0.038461538461538464,0.4376039226840634,0.8456013376048305,0.3842707109151789
-126,-27,-125.5,-26.5,19.0,1.0,1.7639593998617022,1.2580306037612223,0.0,0.3977576098321221,0.9659651631194978,0.38421999446350735
-9,-16,-8.5,-15.5,27.0,4.0,6.032859170155539,4.8872909673969644,0.0,0.442432627621528,0.867778931318845,0.3839337127779981
-48,-33,-47.5,-32.5,19.0,4.0,4.183788167183894,3.0733620027588597,0.05263157894736842,0.3977576098321221,0.9168530764467118,0.38387925079439156
0,-1,0.5,-0.5,31.0,3.0,6.932537130928929,7.127284054954299,0.03225806451612903,0.4601622251682654,0.8071780213564539,0.3834145387502487
113,-13,113.5,-12.5,45.0,2.0,13.010467067573456,9.691142347525972,0.022222222222222223,0.5083469121107943,0.7378152423338205,0.3834009023742011
-51,-34,-50.5,-33.5,21.0,2.0,3.2133450215834447,2.4350484594759907,0.0,0.41041239532357165,0.9341220500784306,0.3833752680972541
57,-15,57.5,-14.5,53.0,2.0,10.743725208919374,10.209824680180002,0.0,0.5296363677177165,0.7237827787896911,0.3833416819748075
-58,-5,-57.5,-4.5,19.0,4.0,4.909308370490625,3.159628142677742,0.05263157894736842,0.3977576098321221,0.9145192270223245,0.38290208619570487
79,-12,79.5,-11.5,46.0,6.0,11.524549527209969,9.279621399088253,0.0,0.5112023931765644,0.7489485552366326,0.3828642938030969
55,24,55.5,24.5,42.0,3.0,9.331148984842063,8.625386078316044,0.0,0.4993924127751698,0.7666482776101364,0.38285833310565426
-34,-7,-33.5,-6.5,28.0,4.0,6.9745485359075525,5.31435683268459,0.0,0.4470918689086096,0.8562250652850314,0.38281126464468096
34,-16,34.5,-15.5,21.0,2.0,5.83652604910033,4.068487802611808,0.047619047619047616,0.41041239532357165,0.8899308822073078,0.3826309824219357
63,-15,63.5,-14.5,52.0,3.0,10.50592223233434,10.1349854370874,0.0,0.5271545243917248,0.7258074842486057,0.38261269915902807
-21,-29,-20.5,-28.5,24.0,3.0,4.5081189563163875,3.887957879014732,0.0,0.4273854395296319,0.8948149497993885,0.38243088061769714
-52,-35,-51.5,-34.5,25.0,3.0,5.310614267690133,4.2991580571050045,0.0,0.43259295999381986,0.8836903150371708,0.38227820909980087
74,-3,74.5,-2.5,23.0,4.0,9.689035460580929,6.1826098858011544,0.08695652173913043,0.4219653093289804,0.8327352940938775,0.3819406586537853
41,-14,41.5,-13.5,28.0,4.0,6.914524089373146,5.387602620735311,0.0,0.4470918689086096,0.8542434692562567,0.3819253091727542
-8,-30,-7.5,-29.5,25.0,3.0,5.187619044978564,4.3320332750132255,0.0,0.43259295999381986,0.8828009068816204,0.38189345739314867
9,-13,9.5,-12.5,29.0,4.0,8.895743110291896,6.7521150019831255,0.034482758620689655,0.45159313902649023,0.8173278678564599,0.3818272318542695
-61,-10,-60.5,-9.5,22.0,5.0,4.491984076344001,4.540145922765309,0.045454545454545456,0.41631446707714126,0.8771706145836152,0.3817778540800202
-51,-15,-50.5,-14.5,23.0,2.0,5.122654758274004,3.537997314866149,0.0,0.4219653093289804,0.9042828043013338,0.38157597323789016
-35,1,-34.5,1.5,25.0,2.0,5.711457626476958,4.379553059388893,0.0,0.43259295999381986,0.8815153037293703,0.3813373145201394
58,-4,58.5,-3.5,41.0,2.0,9.45275754635555,8.578885941658765,0.0,0.4962681568158961,0.7679062951506637,0.38108744170174336
71,-12,71.5,-11.5,32.0,2.0,7.036336727344329,6.626000745245126,0.0,0.46424792451793967,0.8207397706699135,0.38102673510283713
-11,-15,-10.5,-14.5,27.0,1.0,6.6042159514169025,6.268277275296637,0.037037037037037035,0.442432627621528,0.8304176433000573,0.3810114103169849
-15,-30,-14.5,-29.5,13.0,4.0,5.586623203158856,2.1348978898298268,0.15384615384615385,0.3504001825878749,0.9422423419433144,0.3809560253757279
-5,-13,-4.5,-12.5,30.0,5.0,6.78302049968874,6.080554444639885,0.0,0.455946799621607,0.8354963082395641,0.38094186783749695
-36,-27,-35.5,-26.5,22.0,3.0,4.7128600745679075,3.1546601859789507,0.0,0.41631446707714126,0.9146536304266354,0.3807835387112372
-129,-27,-128.5,-26.5,23.0,2.0,5.256092335481995,3.608226849853419,0.0,0.4219653093289804,0.9023828101673763,0.38077424162543155
-69,-25,-68.5,-24.5,24.0,2.0,4.293227947073789,4.038420800299683,0.0,0.4273854395296319,0.890744316726404,0.3806911513126358
22,-21,22.5,-20.5,34.0,3.0,8.173361613005135,7.182696003571291,0.0,0.47206045731903784,0.8056789031102272,0.3803291514545146
-14,-11,-13.5,-10.5,23.0,3.0,4.3393810548652185,3.6482107458745823,0.0,0.4219653093289804,0.9013010833994752,0.38031779045520475
-61,-29,-60.5,-28.5,29.0,8.0,9.39212468790482,5.834799125794635,0.0,0.45159313902649023,0.8421449876631065,0.3803068984942072
-22,-3,-21.5,-2.5,22.0,1.0,3.812793459833229,3.1975635772328195,0.0,0.41631446707714126,0.9134929194561867,0.3803003179421443
66,-16,66.5,-15.5,35.0,5.0,10.096825931512065,8.25262103819548,0.02857142857142857,0.4758008385233484,0.776733085799481,0.38012940363314157
-71,-35,-70.5,-34.5,24.0,3.0,5.2554074320874316,4.096956698746382,0.0,0.4273854395296319,0.8891606829504604,0.3800143292952502
-41,-29,-40.5,-28.5,24.0,4.0,4.382642752213393,4.10017504227463,0.0,0.4273854395296319,0.8890736136878511,0.3799771171601804
1,1,1.5,1.5,28.0,2.0,6.324364761448199,5.562609863941326,0.0,0.4470918689086096,0.8495088125971779,0.37980848267840606
-69,-26,-68.5,-25.5,21.0,1.0,3.828201837056878,2.768830980757253,0.0,0.41041239532357165,0.9250918773374766,0.3796691732724535
-36,-4,-35.5,-3.5,23.0,4.0,5.022469052605207,3.7308830860879327,0.0,0.4219653093289804,0.8990644608520759,0.3793740133301392
61,-10,61.5,-9.5,29.0,1.0,6.473899201080178,5.91330516716366,0.0,0.45159313902649023,0.8400210804194034,0.3793477565550222
-72,-11,-71.5,-10.5,28.0,5.0,5.732912550188116,5.603641347261147,0.0,0.4470918689086096,0.8483987443384409,0.37931218018599117
-33,-7,-32.5,-6.5,26.0,4.0,7.3802514875982625,4.938275592836363,0.0,0.4376039226840634,0.8663995901445878,0.3791398592591364
-53,-35,-52.5,-34.5,32.0,5.0,9.120789072957574,6.7778956933145045,0.0,0.46424792451793967,0.8166303954567371,0.3791189661890545
70,-18,70.5,-17.5,38.0,3.0,9.290202292651045,8.89821904177934,0.02631578947368421,0.4864284891881879,0.7592670379333474,0.37904830547210633
48,22,48.5,22.5,29.0,4.0,7.93392774153948,5.954726647044522,0.0,0.45159313902649023,0.8389004611698563,0.3788416925904657
-66,-24,-65.5,-23.5,21.0,2.0,3.6331842075890615,2.852577255746391,0.0,0.41041239532357165,0.9228262004929839,0.3787393114116761
-24,-32,-23.5,-31.5,26.0,3.0,5.6137729613663,4.972893923664197,0.0,0.4376039226840634,0.8654630237055219,0.3787300141115469
50,-17,50.5,-16.5,42.0,5.0,8.667558027704931,8.933873331322543,0.0,0.4993924127751698,0.7583024446038488,0.3786904874240256
-20,-33,-19.5,-32.5,32.0,1.0,6.421883829697923,6.812677691774859,0.0,0.46424792451793967,0.815689401143533,0.37868211153216635
56,20,56.5,20.5,31.0,4.0,7.631640393892623,6.578649785479202,0.0,0.4601622251682654,0.8220208064308483,0.3782629234218311
-41,-8,-40.5,-7.5,21.0,1.0,3.8424605757534387,2.8959410500701193,0.0,0.41041239532357165,0.9216530337497304,0.37825782923846346
39,-6,39.5,-5.5,18.0,1.0,3.878580155253308,3.1018070303365883,0.05555555555555555,0.39094715538793934,0.9160835229312608,0.37803692779816844
42,-14,42.5,-13.5,30.0,3.0,7.0598394290040725,6.324628438683697,0.0,0.455946799621607,0.8288931154800099,0.3779311632314936
74,23,74.5,23.5,34.0,2.0,10.667311733620336,7.373164654586014,0.0,0.47206045731903784,0.8005259525788537,0.3778966472701321
-52,-20,-51.5,-19.5,24.0,3.0,5.270117504015005,4.28294524830606,0.0,0.4273854395296319,0.884128937357802,0.3778638344935306
-42,-14,-41.5,-13.5,15.0,4.0,4.73376249547829,3.5179921830499903,0.13333333333333333,0.3681297801346123,0.9048240243607666,0.3775050250349033
115,32,115.5,32.5,27.0,2.0,6.974050884161598,5.425629347216031,0.0,0.442432627621528,0.8532146918727803,0.3774900180505666
-23,-14,-22.5,-13.5,24.0,1.0,4.675405798628429,4.363900229268793,0.0,0.4273854395296319,0.8819387763525823,0.37692779156967415
-6,-8,-5.5,-7.5,22.0,2.0,3.993123463638797,3.505867523088256,0.0,0.41631446707714126,0.9051520456527729,0.37682789150971835
-14,-13,-13.5,-12.5,22.0,1.0,5.162792416902744,3.5232930074789133,0.0,0.41631446707714126,0.9046806155325304,0.37663162833044556
25,5,25.5,5.5,23.0,4.0,7.261636232716159,5.3524414055669425,0.043478260869565216,0.4219653093289804,0.8551947229214679,0.37655217995902845
-3,-5,-2.5,-4.5,20.0,1.0,4.8060177808271956,4.178848996950511,0.05,0.404235711782243,0.8869451637072767,0.3764616550411805
93,-14,93.5,-13.5,30.0,2.0,11.069441889944658,6.446397758166645,0.0,0.455946799621607,0.8255987608647397,0.3764291127878425
25,7,25.5,7.5,27.0,4.0,8.374817416499994,6.64578212101516,0.037037037037037035,0.442432627621528,0.8202046041202349,0.37632547367664215
115,-10,115.5,-9.5,38.0,2.0,12.183372220087435,9.10051858511226,0.02631578947368421,0.4864284891881879,0.7537940137177593,0.37631601175845697
71,1,71.5,1.5,32.0,3.0,8.563636026994585,7.001243877201418,0.0,0.46424792451793967,0.8105879200325142,0.3763137595144084
-34,-32,-33.5,-31.5,20.0,3.0,4.48505497068265,4.192785070217041,0.05,0.404235711782243,0.8865681363289577,0.3763016267140125
-48,-6,-47.5,-5.5,26.0,6.0,5.45151492553675,5.18282472662546,0.0,0.4376039226840634,0.8597835429253107,0.3762446510433178
-28,-32,-27.5,-31.5,22.0,3.0,4.30298766175228,3.563346956456215,0.0,0.41631446707714126,0.9035969935476704,0.37618050082130544
-52,-26,-51.5,-25.5,24.0,3.0,6.17408240654279,4.436891095526639,0.0,0.4273854395296319,0.8799640769935803,0.37608383381618815
-72,-34,-71.5,-33.5,26.0,3.0,8.398719396917848,5.228556235976047,0.0,0.4376039226840634,0.858546319874939,0.37570323738323996
10,2,10.5,2.5,25.0,2.0,6.169492111225491,4.867961072153593,0.0,0.43259295999381986,0.8683018834867481,0.37562128194574124
-47,-11,-46.5,-10.5,24.0,2.0,4.537703444744559,4.485985164483658,0.0,0.4273854395296319,0.8786358830500015,0.37551618306383117
-24,-17,-23.5,-16.5,21.0,3.0,4.882279314423173,3.1587962897282265,0.0,0.41041239532357165,0.914541732022887,0.37533926286288105
-62,-29,-61.5,-28.5,24.0,6.0,9.31254989596604,5.811696912262387,0.041666666666666664,0.4273854395296319,0.8427699963606675,0.3751954430385315
-76,-24,-75.5,-23.5,25.0,6.0,5.834278894828046,4.95778008500864,0.0,0.43259295999381986,0.8658719144206939,0.37457009443476347
64,19,64.5,19.5,30.0,4.0,7.758432847486275,6.597535862194029,0.0,0.455946799621607,0.8215098613565551,0.3745647921431114
17,-17,17.5,-16.5,34.0,2.0,7.886137903176015,7.638149102360952,0.0,0.47206045731903784,0.7933570471254203,0.37451249048330737
-39,-5,-38.5,-4.5,27.0,5.0,6.771894581254609,5.677682097474091,0.0,0.442432627621528,0.8463956413547189,0.37447304761197675
8,-17,8.5,-16.5,25.0,5.0,6.74003997392724,4.976836344506685,0.0,0.43259295999381986,0.8653563652109773,0.3743470714761096
26,6,26.5,6.5,24.0,4.0,5.961691214864014,4.592406789503693,0.0,0.4273854395296319,0.8757567458992154,0.37428568176717636
-12,-15,-11.5,-14.5,29.0,1.0,6.27059290241547,6.32965946951336,0.0,0.45159313902649023,0.8287570056643054,0.37426097767813843
76,-12,76.5,-11.5,37.0,3.0,10.702874411834562,8.324679509335104,0.0,0.48297960042159244,0.7747836115150216,0.3742046791027234
69,-5,69.5,-4.5,32.0,3.0,9.824834159204197,7.1707063821066175,0.0,0.46424792451793967,0.8060032710624765,0.37418534574542506
92,-13,92.5,-12.5,19.0,1.0,7.708053793724476,5.509022780852608,0.10526315789473684,0.3977576098321221,0.8509585608198154,0.3741042161881746
-1,-22,-0.5,-21.5,27.0,3.0,5.609553755907074,5.708598777283591,0.0,0.442432627621528,0.8455592196086524,0.37410298734106473
40,-13,40.5,-12.5,28.0,2.0,6.482755192791868,6.0388600733770295,0.0,0.4470918689086096,0.8366243103092464,0.37404792647053753
-60,-7,-59.5,-6.5,27.0,5.0,5.677628296309267,5.72028115036534,0.0,0.442432627621528,0.8452431639729423,0.3739631540156829
47,-15,47.5,-14.5,36.0,5.0,11.71793801150957,8.141177556103623,0.0,0.47943873052762537,0.7797480845785659,0.3738414318016951
50,-11,50.5,-10.5,32.0,2.0,9.151788667421474,7.212708330739018,0.0,0.46424792451793967,0.8048669477758308,0.3736578100180184
-18,-25,-17.5,-24.5,26.0,4.0,6.861958285034395,5.423876929102882,0.0,0.4376039226840634,0.8532621018995707,0.3733908428689012
-54,-27,-53.5,-26.5,23.0,4.0,5.857791154030105,4.255646719356589,0.0,0.4219653093289804,0.8848674734292578,0.3733833771407301
129,-9,129.5,-8.5,24.0,1.0,7.39216209393435,5.971218652331901,0.041666666666666664,0.4273854395296319,0.8384542854503546,0.37327411803406596
48,-12,48.5,-11.5,28.0,1.0,7.638252457067499,6.102865770053366,0.0,0.4470918689086096,0.8348926962775297,0.3732737359168689
38,-21,38.5,-20.5,25.0,2.0,7.579246849181146,5.0725892592507655,0.0,0.43259295999381986,0.8627658600003695,0.3732264371591734
-63,-31,-62.5,-30.5,20.0,3.0,4.182379323484078,2.850907987467944,0.0,0.404235711782243,0.9228713609790618,0.37305756148881836
-16,-29,-15.5,-28.5,22.0,4.0,5.22745967460552,3.8504717825758226,0.0,0.41631446707714126,0.8958291009446553,0.3729466147519688
30,15,30.5,15.5,25.0,3.0,5.952793088502322,5.09786867229643,0.0,0.43259295999381986,0.8620819492140407,0.3729305821677438
34,-13,34.5,-12.5,21.0,2.0,6.902265977551018,4.903068427016087,0.047619047619047616,0.41041239532357165,0.8673520869615455,0.37292309748444324
-19,-17,-18.5,-16.5,21.0,2.0,4.431426478377335,3.3790722099419113,0.0,0.41041239532357165,0.9085823738079432,0.37289346838329473
-51,-14,-50.5,-13.5,17.0,2.0,4.447309651416937,3.0592028373418043,0.058823529411764705,0.3837683934896953,0.9172361393737127,0.37271248904979526
10,-22,10.5,-21.5,24.0,1.0,5.822109500682507,4.73789631273681,0.0,0.4273854395296319,0.8718206634412397,0.3726034574358495
72,3,72.5,3.5,12.0,1.0,3.786035425024347,2.303866513860118,0.16666666666666666,0.34056051496016676,0.9376710544566663,0.37255602669717236
-24,-31,-23.5,-30.5,22.0,4.0,4.408442286137021,3.9037914766621578,0.0,0.41631446707714126,0.8943865866804386,0.37234607519481017
-15,-32,-14.5,-31.5,19.0,1.0,4.837092275196435,4.111799606011316,0.05263157894736842,0.3977576098321221,0.8887591220296973,0.3721165306263449
-9,-30,-8.5,-29.5,26.0,4.0,5.782357094717401,5.541962287854373,0.0,0.4376039226840634,0.850067413383197,0.3719928346423823
-41,-1,-40.5,-0.5,22.0,3.0,6.08692362376941,3.9398944148291775,0.0,0.41631446707714126,0.8934098555836372,0.37193944790876765
-28,-23,-27.5,-22.5,30.0,4.0,6.644466715130589,6.814893769947646,0.0,0.455946799621607,0.8156294472291372,0.3718836361412655
-52,-27,-51.5,-26.5,21.0,4.0,3.904376531331593,3.5080725477106522,0.0,0.41041239532357165,0.9050923907818051,0.37146113608989884
3,-17,3.5,-16.5,26.0,5.0,6.280530063812163,5.590336939850751,0.0,0.4376039226840634,0.8487586825900626,0.37142012891356924
86,-16,86.5,-15.5,35.0,3.0,10.73410498845261,8.115492960991183,0.0,0.4758008385233484,0.7804429571853054,0.37133541344841003
-1,-12,-0.5,-11.5,38.0,6.0,13.75923613556889,8.746842342229185,0.0,0.4864284891881879,0.7633623924193946,0.3713212152476467
-20,3,-19.5,3.5,16.0,1.0,3.0592946513934542,2.6314879834320752,0.0625,0.3761791992644713,0.9288075631853933,0.37123546572673266
57,-4,57.5,-3.5,31.0,2.0,10.189084059061708,7.143241911064926,0.0,0.4601622251682654,0.8067462965414423,0.37123417096276734
26,8,26.5,8.5,31.0,4.0,9.456153544782195,7.169773959607628,0.0,0.4601622251682654,0.8060284968777802,0.37090386667231157
-56,-25,-55.5,-24.5,18.0,3.0,3.9595254919012337,1.8981081734757945,0.0,0.39094715538793934,0.9486484654088286,0.37087141901471554
-17,-27,-16.5,-26.5,30.0,5.0,9.712367760002737,6.897650752354246,0.0,0.455946799621607,0.8133905347666659,0.37086281116936876
-30,-10,-29.5,-9.5,26.0,3.0,8.148676085415477,5.642870912565352,0.0,0.4376039226840634,0.8473374252798823,0.370798181139491
49,-20,49.5,-19.5,40.0,3.0,10.351670728980778,9.849037008764471,0.025,0.4930686103799517,0.7335435505136949,0.3707294815825875
29,8,29.5,8.5,20.0,2.0,5.49457051384614,3.064125071868744,0.0,0.404235711782243,0.917102972939835,0.37072577304394533
-40,-10,-39.5,-9.5,16.0,2.0,3.1937739493426287,2.689520025329859,0.0625,0.3761791992644713,0.9272375607753339,0.3706079508366821
68,-14,68.5,-13.5,34.0,4.0,10.087171762016222,8.774564313037068,0.029411764705882353,0.47206045731903784,0.7626124005260086,0.3705873690950497
31,14,31.5,14.5,24.0,2.0,8.561925372389048,6.197084290315258,0.041666666666666664,0.4273854395296319,0.8323437026690687,0.37055372833848044
-29,-31,-28.5,-30.5,25.0,3.0,6.004193556624948,5.320292567141346,0.0,0.43259295999381986,0.8560644795620787,0.3703274671593285
-63,-17,-62.5,-16.5,18.0,1.0,2.4640163258860364,1.9497814090765078,0.0,0.39094715538793934,0.9472504945331599,0.37032488627755766
14,-17,14.5,-16.5,25.0,3.0,8.199254289534153,5.332020442571768,0.0,0.43259295999381986,0.8557471929030451,0.37019021118433065
73,-9,73.5,-8.5,15.0,1.0,4.364253940949448,4.174923352589776,0.13333333333333333,0.3681297801346123,0.8870513683298582,0.370090028550228
-46,-10,-45.5,-9.5,27.0,4.0,7.355472983346135,6.057994717726519,0.0,0.442432627621528,0.8361066404709657,0.3699208579153776
12,-17,12.5,-16.5,32.0,4.0,8.46375167837369,7.515224218498286,0.0,0.46424792451793967,0.7966826644500801,0.3698582734703718
72,0,72.5,0.5,26.0,2.0,9.834310556956371,5.739308605247475,0.0,0.4376039226840634,0.8447283940450658,0.36965645883673004
-71,-21,-70.5,-20.5,23.0,2.0,5.002169295717772,4.5900245097388535,0.0,0.4219653093289804,0.8758211962416456,0.3695661619889836
52,-17,52.5,-16.5,35.0,3.0,9.578203808190194,8.255289213585998,0.0,0.4758008385233484,0.7766609008193117,0.3695359078581277
27,11,27.5,11.5,28.0,4.0,8.774765237117121,6.416239237656615,0.0,0.4470918689086096,0.8264146713227583,0.3694832798951863
-22,-15,-21.5,-14.5,18.0,2.0,8.379661953949379,5.525634540433708,0.1111111111111111,0.39094715538793934,0.8505091452603286,0.3694490344121702
78,-13,78.5,-12.5,43.0,6.0,10.863220165924623,9.78789711838078,0.0,0.5024448403572247,0.7351976328467313,0.3693962572666854
-48,-27,-47.5,-26.5,20.0,5.0,4.543271507751165,3.20756922661963,0.0,0.404235711782243,0.9132222260058482,0.36915703654483845
-9,-6,-8.5,-5.5,25.0,2.0,5.271342357921371,5.42553379862325,0.0,0.43259295999381986,0.853217276850252,0.36909578731051695
-7,-7,-6.5,-6.5,22.0,3.0,5.77448635266446,4.193169696359508,0.0,0.41631446707714126,0.8865577306297803,0.3690868091602567
-13,-6,-12.5,-5.5,34.0,3.0,7.3013899811013365,8.06574717038157,0.0,0.47206045731903784,0.781788782846325,0.36905157035733016
-53,-15,-52.5,-14.5,24.0,6.0,8.448284239903506,5.060600197709697,0.0,0.4273854395296319,0.8630902128044114,0.3688721899531369
30,14,30.5,14.5,25.0,3.0,8.035636288282863,5.4521193127079925,0.0,0.43259295999381986,0.8524980307265462,0.368784646500899
63,21,63.5,21.5,20.0,2.0,9.394614836160887,4.847703731972462,0.05,0.404235711782243,0.8688499268067089,0.3687811770243927
15,-17,15.5,-16.5,30.0,3.0,9.329276672504763,7.090938887189606,0.0,0.455946799621607,0.8081613057476026,0.36847856093363845
18,4,18.5,4.5,20.0,1.0,4.480468424048259,3.3065102108714433,0.0,0.404235711782243,0.9105454705678334,0.3680749964050855
51,23,51.5,23.5,23.0,3.0,7.318978961295042,4.7229814736056905,0.0,0.4219653093289804,0.872224170411109,0.3680483418717369
108,30,108.5,30.5,35.0,4.0,10.192579974782635,8.371744441871652,0.0,0.4758008385233484,0.7735103139522405,0.3680368559849345
71,20,71.5,20.5,52.0,6.0,11.424871119753934,11.168075304187804,0.0,0.5271545243917248,0.6978582078124534,0.36787911163223536
58,-10,58.5,-9.5,26.0,1.0,6.62319120644758,5.891983511127634,0.0,0.4376039226840634,0.8405979178055836,0.3678489462317793
115,31,115.5,31.5,32.0,3.0,11.709793615820463,7.706021508027293,0.0,0.46424792451793967,0.7915208229122456,0.36746189924974165
116,-13,116.5,-12.5,31.0,2.0,10.175080241088912,7.455618686601466,0.0,0.4601622251682654,0.7982952361547895,0.3673453122102138
-15,-26,-14.5,-25.5,16.0,2.0,2.385047037544952,0.9004241328544166,0.0,0.3761791992644713,0.9756398704504137,0.36701542523652914
-9,-24,-8.5,-23.5,18.0,1.0,3.3995755341106184,2.2718439110853303,0.0,0.39094715538793934,0.938537395910261,0.36691852515632073
29,12,29.5,12.5,26.0,5.0,8.92868914159228,6.005944348131289,0.0,0.4376039226840634,0.8375148143527831,0.366499768066793
71,-16,71.5,-15.5,34.0,3.0,10.042096047028075,8.301433538919852,0.0,0.47206045731903784,0.7754125094200858,0.3660415838077484
87,2,87.5,2.5,25.0,2.0,9.444442704590156,5.68974735818764,0.0,0.43259295999381986,0.8460692270536052,0.36600359129080234
59,-16,59.5,-15.5,44.0,4.0,12.395893396269447,10.216065646430279,0.0,0.5054286682208582,0.7236139353071321,0.36573522762833804
60,-4,60.5,-3.5,30.0,1.0,7.919415918440117,7.328050484262586,0.0,0.455946799621607,0.8017464741014355,0.36555373897445714
52,21,52.5,21.5,33.0,3.0,9.946845552437793,8.124584459534546,0.0,0.4682116442981244,0.7801969952277843,0.3652973180120568
-88,-36,-87.5,-35.5,22.0,3.0,4.793057124479084,4.534528386909466,0.0,0.41631446707714126,0.8773225917421615,0.36524208723587437
-36,-16,-35.5,-15.5,29.0,6.0,7.377477923204195,7.077991876231943,0.0,0.45159313902649023,0.808511574973738,0.3651182800816419
3,1,3.5,1.5,18.0,2.0,6.667405919445816,4.284708343318544,0.05555555555555555,0.39094715538793934,0.8840812384775241,0.36483065894322525
-39,-26,-38.5,-25.5,21.0,4.0,6.1359715736747376,4.110193791051852,0.0,0.41041239532357165,0.8888025658458034,0.3647755900185127
63,18,63.5,18.5,25.0,3.0,7.876709656117156,7.019447414147766,0.04,0.43259295999381986,0.8100954404308536,0.3644592478316193
-17,-14,-16.5,-13.5,27.0,1.0,6.17567636080194,6.515723751050229,0.0,0.442432627621528,0.8237232112141054,0.3644420247702996
146,38,146.5,38.5,18.0,2.0,8.145229991273501,4.323107215880996,0.05555555555555555,0.39094715538793934,0.8830423930311964,0.36440196228931077
-42,-2,-41.5,-1.5,27.0,5.0,8.968168981327107,6.521141617846047,0.0,0.442432627621528,0.8235766359145184,0.3643771750753589
-10,-13,-9.5,-12.5,28.0,4.0,7.741969152421253,6.868148314765742,0.0,0.4470918689086096,0.8141886955172072,0.36401714552305103
32,-18,32.5,-17.5,39.0,4.0,11.65806838716445,9.504921356855549,0.0,0.4897900548657752,0.7428532764025022,0.36384214700640244
-31,-33,-30.5,-32.5,23.0,3.0,5.705564312561071,5.095011383699327,0.0,0.4219653093289804,0.8621592504744648,0.36380129481729945
-52,-16,-51.5,-15.5,21.0,4.0,6.170757209376792,4.203633785191427,0.0,0.41041239532357165,0.8862746345306609,0.36373809567225157
52,-4,52.5,-3.5,45.0,3.0,11.354234389023658,10.521100940492884,0.0,0.5083469121107943,0.7153614918091937,0.3636518054041749
-31,-17,-30.5,-16.5,29.0,1.0,9.009417695660646,8.19824035997842,0.034482758620689655,0.45159313902649023,0.7782043039932476,0.363550059769899
52,-19,52.5,-18.5,31.0,4.0,9.154912060062877,7.765112748702337,0.0,0.4601622251682654,0.789922164873698,0.3634923410980143
33,-13,33.5,-12.5,30.0,2.0,8.05646605535534,7.536262037211897,0.0,0.455946799621607,0.7961135060161766,0.36298540520361267
115,-13,115.5,-12.5,51.0,2.0,15.08610088162222,11.389400335400458,0.0,0.5246254050274729,0.6918704668843922,0.36297282391577107
58,20,58.5,20.5,25.0,3.0,8.600506168187799,7.143389951556896,0.04,0.43259295999381986,0.80674229144492,0.362950677240689
-32,-31,-31.5,-30.5,18.0,5.0,7.723586385908776,4.460114062341641,0.05555555555555555,0.39094715538793934,0.8793358014293238,0.3628723763217663
20,-20,20.5,-19.5,42.0,5.0,10.004147573178777,10.11048385156708,0.0,0.4993924127751698,0.7264703516415011,0.3627937817158753
-23,-29,-22.5,-28.5,21.0,4.0,5.9172480773273435,4.301368154436676,0.0,0.41041239532357165,0.8836305229288162,0.3626529194962356
-34,-33,-33.5,-32.5,14.0,1.0,2.9330564387799147,2.186563616136625,0.07142857142857142,0.35956069399283713,0.9408445742245424,0.36245435147954125
-10,-5,-9.5,-4.5,20.0,2.0,5.997331859355646,3.879794386971149,0.0,0.404235711782243,0.8950358054123188,0.3618054358714418
35,-13,35.5,-12.5,24.0,2.0,7.741021066864516,5.685560499474688,0.0,0.4273854395296319,0.8461824985852444,0.36164607908013685
-3,-17,-2.5,-16.5,22.0,5.0,5.7627749917388424,4.882187317174799,0.0,0.41631446707714126,0.8679170057840346,0.3613264057301685
-61,-12,-60.5,-11.5,21.0,4.0,6.241337004450881,4.422177065654623,0.0,0.41041239532357165,0.8803621512574746,0.36131153924979265
-1,-6,-0.5,-5.5,19.0,1.0,5.16086619755018,3.425875216641922,0.0,0.3977576098321221,0.9073161624027599,0.3608919081193753
43,-5,43.5,-4.5,22.0,3.0,6.912210822775799,4.965295890522643,0.0,0.41631446707714126,0.8656685813587398,0.36039035411378867
-23,-16,-22.5,-15.5,19.0,2.0,3.8621177589060247,3.4878557883033916,0.0,0.3977576098321221,0.9056393362270283,0.3602249377476124
-20,-15,-19.5,-14.5,28.0,1.0,8.59854917820809,7.1853738700834615,0.0,0.4470918689086096,0.80560645594586,0.360180095993676
-9,-23,-8.5,-22.5,24.0,4.0,6.832069679894521,5.818089096094791,0.0,0.4273854395296319,0.8425970618283949,0.360113715615905
74,-16,74.5,-15.5,22.0,1.0,6.024920739629343,4.990615252646517,0.0,0.41631446707714126,0.8649835897876064,0.3601051822128999
47,-12,47.5,-11.5,30.0,1.0,8.522914028195025,7.78035701953455,0.0,0.455946799621607,0.7895097454384432,0.3599744417027278
-16,-27,-15.5,-26.5,23.0,4.0,10.235830058805206,5.441705614970679,0.0,0.4219653093289804,0.8527797635419108,0.35984347671245714
121,-10,121.5,-9.5,48.0,1.0,12.586506767827899,11.252579651895752,0.0,0.5167354751084438,0.6955720220222712,0.35942673927181923
30,16,30.5,16.5,18.0,2.0,4.7523402730581665,2.9891393148844463,0.0,0.39094715538793934,0.9191316421945346,0.35933190094299855
-2,-13,-1.5,-12.5,23.0,3.0,7.783398833451666,5.503492436626349,0.0,0.4219653093289804,0.8511081790906834,0.35913812606242546
17,4,17.5,4.5,21.0,1.0,4.556816914054385,4.6365366384837525,0.0,0.41041239532357165,0.8745628542664466,0.3589314358805121
-28,-18,-27.5,-17.5,18.0,3.0,4.956208038359667,3.034015286686739,0.0,0.39094715538793934,0.917917564909309,0.3588572608819185
-62,-12,-61.5,-11.5,20.0,3.0,5.784931155304169,4.15401625506655,0.0,0.404235711782243,0.8876169902246835,0.3588064858334872
-66,-18,-65.5,-17.5,21.0,6.0,6.17481895275267,4.663402298751816,0.0,0.41041239532357165,0.8738360290507668,0.35863313780276335
-33,-5,-32.5,-4.5,24.0,3.0,6.755708017467644,5.953828496985675,0.0,0.4273854395296319,0.8389247597764686,0.3585442271893569
-4,-1,-3.5,-0.5,22.0,4.0,6.890765082259303,5.130432707986721,0.0,0.41631446707714126,0.8612009598012423,0.35853041862597673
-21,2,-20.5,2.5,21.0,1.0,5.8015204268585,4.686996692979756,0.0,0.41041239532357165,0.8731977048665687,0.3583711616453336
-56,-4,-55.5,-3.5,18.0,4.0,3.3974822985131947,3.1038453348148343,0.0,0.39094715538793934,0.9160283785172676,0.3581186888359523
-66,-20,-65.5,-19.5,18.0,4.0,5.038762950882629,3.1094269487144577,0.0,0.39094715538793934,0.9158773731935214,0.3580596537341853
28,-14,28.5,-13.5,22.0,2.0,5.576550274476507,5.17559127057023,0.0,0.41631446707714126,0.859979237287742,0.3580217978688527
-72,-36,-71.5,-35.5,21.0,3.0,5.787101594789061,4.721759841415381,0.0,0.41041239532357165,0.8722572205230863,0.3579851752131607
-33,-6,-32.5,-5.5,20.0,1.0,4.899595021224772,4.230062600765258,0.0,0.404235711782243,0.8855596277380512,0.3579748264443093
-8,-1,-7.5,-0.5,26.0,4.0,8.93489701253474,6.742766807523164,0.0,0.4376039226840634,0.8175807744810053,0.3577765540239625
27,7,27.5,7.5,25.0,6.0,9.047435877227704,6.402340197144301,0.0,0.43259295999381986,0.8267906968146801,0.35766383483041536
126,-8,126.5,-7.5,38.0,1.0,11.874919918132669,9.802654237659741,0.0,0.4864284891881879,0.7347983928393866,0.35742687208677143
33,-14,33.5,-13.5,24.0,2.0,8.821733856953125,6.0563069187862215,0.0,0.4273854395296319,0.8361523022867025,0.357359319226516
28,8,28.5,8.5,27.0,5.0,8.238167208516282,7.11541376168857,0.0,0.442432627621528,0.8074991609963124,0.35726397560177775
-48,-16,-47.5,-15.5,21.0,3.0,4.940728013287662,4.786969813984973,0.0,0.41041239532357165,0.870493025937714,0.3572611278875612
-65,-18,-64.5,-17.5,22.0,4.0,5.764091934470664,5.249805387932484,0.0,0.41631446707714126,0.8579714440185615,0.3571859244839928
-57,-22,-56.5,-21.5,28.0,7.0,9.588933638639771,7.439814260976377,0.0,0.4470918689086096,0.7987228100520634,0.3571024738861134
6,-22,6.5,-21.5,25.0,3.0,7.173073952511861,6.459457717177551,0.0,0.43259295999381986,0.8252454359350653,0.3569953658525401
51,-5,51.5,-4.5,23.0,2.0,14.031501890303712,5.694057692015859,0.0,0.4219653093289804,0.8459526150186473,0.35696265687400336
-23,-26,-22.5,-25.5,18.0,3.0,4.364816133051505,3.220944099934225,0.0,0.39094715538793934,0.9128603813653453,0.3568801693611312
34,-14,34.5,-13.5,27.0,2.0,7.729501449428796,8.216320891981253,0.037037037037037035,0.442432627621528,0.7777151521748504,0.3568305049221584
-5,-3,-4.5,-2.5,31.0,5.0,8.90473390771647,8.302283601516397,0.0,0.4601622251682654,0.775389511774619,0.3568049631103436
47,-4,47.5,-3.5,40.0,7.0,13.588335873993856,10.221110947445354,0.0,0.4930686103799517,0.723477439424959,0.3567240156985102
6,-12,6.5,-11.5,21.0,4.0,6.171375262852683,4.846448699821619,0.0,0.41041239532357165,0.8688838805232608,0.3566007146635915
-10,-25,-9.5,-24.5,17.0,1.0,3.3432376756506876,2.641080460720674,0.0,0.3837683934896953,0.9285480477182645,0.3563473925508313
-21,-11,-20.5,-10.5,25.0,6.0,7.329021376924446,6.517970006068304,0.0,0.43259295999381986,0.8236624408934918,0.35631057334185035
77,24,77.5,24.5,28.0,1.0,9.063847298125937,8.525065493885945,0.03571428571428571,0.4470918689086096,0.7693623568357346,0.356260498770822
-7,-8,-6.5,-7.5,25.0,2.0,5.945972552185295,6.525727545646117,0.0,0.43259295999381986,0.8234525679433939,0.3562197837811448
25,4,25.5,4.5,19.0,3.0,5.123489814631492,3.872774277178232,0.0,0.3977576098321221,0.8952257278919236,0.3560828457865132
-82,-32,-81.5,-31.5,20.0,3.0,5.370993661853545,4.406632143342331,0.0,0.404235711782243,0.8807827045362558,0.3560438234937024
55,-19,55.5,-18.5,22.0,1.0,8.270421681635847,5.354685369228006,0.0,0.41631446707714126,0.8551340145913671,0.3560046615641413
18,-16,18.5,-15.5,34.0,4.0,10.33175068062475,9.109234680684924,0.0,0.47206045731903784,0.7535582079351626,0.35572503225438745
-29,-30,-28.5,-29.5,20.0,2.0,7.167246642212395,5.991763497354119,0.05,0.404235711782243,0.8378984639568425,0.3556439060777844
32,-16,32.5,-15.5,23.0,3.0,8.245600582214331,7.109929113571154,0.043478260869565216,0.4219653093289804,0.8076475430018575,0.3556166038033772
82,-14,82.5,-13.5,29.0,3.0,9.961760486379815,7.8567361166724465,0.0,0.45159313902649023,0.7874433806740279,0.3556040280842157
36,10,36.5,10.5,21.0,4.0,5.119559424034897,4.9495545254097015,0.0,0.41041239532357165,0.866094449213062,0.35545589747798223
-48,-13,-47.5,-12.5,19.0,4.0,4.951675292848314,3.943863942632743,0.0,0.3977576098321221,0.89330246373571,0.35531785283266193
-71,-31,-70.5,-30.5,17.0,1.0,4.556394923719019,2.752471798220628,0.0,0.3837683934896953,0.9255344596621575,0.35519087270389943
50,-13,50.5,-12.5,30.0,4.0,11.020917671085165,8.172858438356517,0.0,0.455946799621607,0.7788909880528663,0.3551328532568157
-47,-32,-46.5,-31.5,18.0,2.0,3.797646876651317,3.4032550594984667,0.0,0.39094715538793934,0.9079281295173016,0.35495191953148164
52,20,52.5,20.5,28.0,4.0,9.085873432184641,7.619589555875573,0.0,0.4470918689086096,0.7938591582309191,0.35492797470367726
-34,-6,-33.5,-5.5,10.0,1.0,3.3545690493650993,2.6273947019664154,0.2,0.31837995028991856,0.9289183030724621,0.3548987557867272
24,-13,24.5,-12.5,23.0,2.0,9.22165936589281,5.902030921640786,0.0,0.4219653093289804,0.8403260945471794,0.3545884604228146
-33,-20,-32.5,-19.5,21.0,2.0,7.174291494213146,5.04239460780693,0.0,0.41041239532357165,0.8635827479468805,0.3544250641449915
66,-13,66.5,-12.5,38.0,6.0,11.49417266507621,10.05702302450111,0.0,0.4864284891881879,0.7279166841259789,0.3540794129142753
-53,-3,-52.5,-2.5,17.0,3.0,6.566018048085786,2.862276716182389,0.0,0.3837683934896953,0.9225637906972435,0.35405082384764464
-45,-32,-44.5,-31.5,21.0,2.0,7.805684649366265,5.1050410380331295,0.0,0.41041239532357165,0.8618879075928225,0.35372948065559146
66,-14,66.5,-13.5,36.0,4.0,11.993956756686675,9.702541614798669,0.0,0.47943873052762537,0.7375068458599798,0.35358934593454183
46,-11,46.5,-10.5,24.0,1.0,8.367219342496563,6.383423027016645,0.0,0.4273854395296319,0.8273024830920652,0.3535770353602582
56,19,56.5,19.5,24.0,3.0,9.187709349376986,6.386480869360261,0.0,0.4273854395296319,0.8272197560383193,0.353541679022032
65,-12,65.5,-11.5,27.0,1.0,9.576430916550802,7.442438914764763,0.0,0.442432627621528,0.7986518025079794,0.353349615538275
101,30,101.5,30.5,22.0,1.0,7.844047180342497,5.59831070066549,0.0,0.41631446707714126,0.8485429599773993,0.35326071017505095
74,-14,74.5,-13.5,35.0,6.0,13.143915475844581,9.520848259890254,0.0,0.4758008385233484,0.7424223889938993,0.35324519522180486
72,-10,72.5,-9.5,20.0,1.0,5.751633245563637,4.691068020576697,0.0,0.404235711782243,0.8730875589208066,0.3529331708285733
54,-3,54.5,-2.5,23.0,3.0,6.215371898643955,6.068858376988325,0.0,0.4219653093289804,0.8358127343690033,0.3526839789991174
85,-13,85.5,-12.5,34.0,4.0,11.423211815780988,9.35350531626157,0.0,0.47206045731903784,0.7469496952235548,0.3526054147215472
69,0,69.5,0.5,26.0,2.0,7.92635213240792,7.184372208973256,0.0,0.4376039226840634,0.8056335549467853,0.3525484038906202
43,10,43.5,10.5,26.0,5.0,7.559664900129112,7.188409423292233,0.0,0.4376039226840634,0.8055243319037313,0.35250060745853223
22,-14,22.5,-13.5,21.0,2.0,7.985774471592705,5.222517496380747,0.0,0.41041239532357165,0.8587096923052084,0.3524251017065478
71,-14,71.5,-13.5,45.0,6.0,15.352389532269308,11.3481002815449,0.0,0.5083469121107943,0.6929878010668257,0.3522782088027702
59,-4,59.5,-3.5,27.0,1.0,9.114296745883845,7.5384036771715035,0.0,0.442432627621528,0.796055565957752,0.3522009557794308
-73,-13,-72.5,-12.5,20.0,4.0,5.199631618426307,4.773874159020078,0.0,0.404235711782243,0.8708473165879105,0.3520275848745703
-74,-36,-73.5,-35.5,19.0,2.0,4.0434869518860586,4.252093366801855,0.0,0.3977576098321221,0.8849636060465548,0.35200100872949336
5,1,5.5,1.5,23.0,4.0,7.545248277016691,6.133815289035387,0.0,0.4219653093289804,0.8340553860984818,0.35194243899254807
59,-17,59.5,-16.5,30.0,4.0,9.840002171061943,8.436232675102591,0.0,0.455946799621607,0.7717656453470693,0.35188407605390043
-42,-6,-41.5,-5.5,19.0,2.0,5.115424456838961,4.272010533695137,0.0,0.3977576098321221,0.8844247657955244,0.35178668091916215
54,-12,54.5,-11.5,18.0,2.0,4.415771320990548,3.7117254105574826,0.0,0.39094715538793934,0.8995827537773347,0.351689318625298
58,-11,58.5,-10.5,21.0,2.0,8.802872998153116,5.310572850456468,0.0,0.41041239532357165,0.8563274373716148,0.3514473947529802
67,-4,67.5,-3.5,20.0,1.0,6.274041712721218,4.871184056221612,0.0,0.404235711782243,0.8682146886786921,0.3509633826578296
24,6,24.5,6.5,20.0,3.0,6.178130373635372,4.890691441373928,0.0,0.404235711782243,0.8676869346879392,0.3507500456477317
1,-7,1.5,-6.5,19.0,1.0,5.313002168331355,4.382231965563004,0.0,0.3977576098321221,0.8814428284379255,0.35060059264313453
16,-16,16.5,-15.5,34.0,4.0,8.300460341604857,9.523294963654763,0.0,0.47206045731903784,0.7423561957206427,0.35043700524550775
88,-13,88.5,-12.5,29.0,2.0,11.258482016891266,8.283045635510602,0.0,0.45159313902649023,0.7759099768833074,0.35039562206270425
-51,-16,-50.5,-15.5,19.0,3.0,5.569861135443461,4.4094903917470845,0.0,0.3977576098321221,0.8807053773091369,0.35030726584477956
66,-10,66.5,-9.5,26.0,2.0,8.457350875130667,7.374680089431154,0.0,0.4376039226840634,0.8004849539118871,0.35029535588141353
35,-14,35.5,-13.5,21.0,2.0,5.674816654937911,5.420869671928002,0.0,0.41041239532357165,0.8533434604190684,0.3502227336242953
53,-5,53.5,-4.5,18.0,1.0,3.852298995473001,3.8517315625851545,0.0,0.39094715538793934,0.8957950187792495,0.3502085144024333
-40,-30,-39.5,-29.5,19.0,3.0,10.3490201023111,4.446988756449272,0.0,0.3977576098321221,0.8796908942575252,0.3499037474909553
-6,-6,-5.5,-5.5,17.0,1.0,4.308509871343919,3.276296689859265,0.0,0.3837683934896953,0.9113628690128003,0.349752264127202
-82,-30,-81.5,-29.5,19.0,3.0,4.136765012795871,4.4637278142829215,0.0,0.3977576098321221,0.8792380347633298,0.34972361918095435
15,3,15.5,3.5,17.0,2.0,5.96880283742185,5.20749709553481,0.058823529411764705,0.3837683934896953,0.8591160551481654,0.3490957993822051
70,22,70.5,22.5,38.0,3.0,11.577095407948825,11.1260877234772,0.02631578947368421,0.4864284891881879,0.6989941423884645,0.34895831370271424
23,5,23.5,5.5,20.0,3.0,5.733301637915596,5.063474499985572,0.0,0.404235711782243,0.8630124512548814,0.34886045250995523
74,2,74.5,2.5,21.0,3.0,8.181052770224523,5.558851859872269,0.0,0.41041239532357165,0.8496104818690574,0.3486906729558938
-30,-23,-29.5,-22.5,17.0,2.0,4.677403308605678,3.381001330967107,0.0,0.3837683934896953,0.9085301832497652,0.3486651688626609
-3,1,-2.5,1.5,21.0,1.0,7.635214870890642,5.566346198360614,0.0,0.41041239532357165,0.8494077295773281,0.34860746090218786
145,39,145.5,39.5,22.0,2.0,8.193344817803736,6.034891518895652,0.0,0.41631446707714126,0.8367316758248557,0.34834350170758815
-37,-34,-36.5,-33.5,16.0,3.0,3.7296821297863105,2.7438901885672626,0.0,0.3761791992644713,0.9257666270544699,0.3482541484711209
30,-14,30.5,-13.5,29.0,2.0,8.602340098405788,8.458525935408476,0.0,0.45159313902649023,0.7711625221195604,0.3482517040635575
19,3,19.5,3.5,21.0,1.0,8.199733256966855,5.612252756247065,0.0,0.41041239532357165,0.8481657707531634,0.3480977456062691
78,-12,78.5,-11.5,33.0,4.0,12.509788552599394,9.483004270799734,0.0,0.4682116442981244,0.7434462225888473,0.34809017832555356
-16,-11,-15.5,-10.5,15.0,3.0,5.218401915770506,2.0178295269910658,0.0,0.3681297801346123,0.9454095165900774,0.3480333974794753
-32,-18,-31.5,-17.5,25.0,4.0,8.591673559847447,7.226208549440415,0.0,0.43259295999381986,0.8045017120335687,0.3480217769286972
-73,-37,-72.5,-36.5,16.0,2.0,3.6290794547011296,2.771314285041911,0.0,0.3761791992644713,0.9250246938715098,0.34797504864044726
-29,-1,-28.5,-0.5,17.0,2.0,4.70269349944164,3.4725865000026923,0.0,0.3837683934896953,0.9060524324864053,0.3477142864327384
63,-10,63.5,-9.5,28.0,2.0,9.128714504875363,8.221139053479567,0.0,0.4470918689086096,0.7775848013390531,0.3476518420656071
50,-20,50.5,-19.5,26.0,3.0,10.178848881255828,9.700985313081178,0.07692307692307693,0.4376039226840634,0.73754895014181,0.34758156865768935
-22,-21,-21.5,-20.5,16.0,1.0,2.8800624105077257,2.8159817995092826,0.0,0.3761791992644713,0.92381625620377,0.34752045952623584
19,-16,19.5,-15.5,25.0,4.0,8.53032560077743,7.275441017560444,0.0,0.43259295999381986,0.803169773830571,0.34744558983893353
32,17,32.5,17.5,18.0,3.0,6.794230183826707,4.113935746928429,0.0,0.39094715538793934,0.8887013307427045,0.34743525724333657
4,-10,4.5,-9.5,20.0,4.0,5.301497541361562,5.196356329515082,0.0,0.404235711782243,0.8594174581133013,0.34740722789851636
-74,-15,-73.5,-14.5,17.0,3.0,5.668496243594753,3.5210237147733,0.0,0.3837683934896953,0.9047420091161513,0.34721138736114465
96,-11,96.5,-10.5,31.0,4.0,10.459261103298347,9.076253962952125,0.0,0.4601622251682654,0.7544504702894184,0.347169607187623
-75,-37,-74.5,-36.5,18.0,1.0,5.962623945968183,4.142229746283431,0.0,0.39094715538793934,0.8879358631540263,0.34713599986700117
32,-15,32.5,-14.5,26.0,3.0,7.728337151267946,7.6443722073243965,0.0,0.4376039226840634,0.7931886868632074,0.3471024807999608
67,23,67.5,23.5,24.0,2.0,9.403544047645845,8.154940871691283,0.041666666666666664,0.4273854395296319,0.779375730997055,0.3469727493238589
67,2,67.5,2.5,20.0,1.0,5.981839842918573,5.239164371967888,0.0,0.404235711782243,0.8582593267151469,0.3469390698284461
-11,-14,-10.5,-13.5,24.0,1.0,7.313940893706254,6.967099396448994,0.0,0.4273854395296319,0.811511666902665,0.3468282704426197
-68,-23,-67.5,-22.5,19.0,4.0,5.668481090785683,4.74443431822843,0.0,0.3977576098321221,0.8716437838408819,0.3467029480855761
142,39,142.5,39.5,35.0,2.0,11.915552136093982,10.045015181676145,0.0,0.4758008385233484,0.7282415450400238,0.34649793777758214
83,-5,83.5,-4.5,20.0,1.0,5.486603001190046,5.28176641732225,0.0,0.404235711782243,0.8571067683750904,0.34647316458748273
-64,-15,-63.5,-14.5,18.0,3.0,4.596738464680923,4.226943973647084,0.0,0.39094715538793934,0.8856439992668048,0.3462400021997556
-55,-33,-54.5,-32.5,19.0,3.0,5.227687676063515,4.7899178489827134,0.0,0.3977576098321221,0.8704132696186181,0.34621350168966397
-6,-4,-5.5,-3.5,22.0,1.0,6.252974308233482,6.238973805364683,0.0,0.41631446707714126,0.8312104211674518,0.3460449235172938
63,-11,63.5,-10.5,30.0,1.0,10.06049514610461,8.915534136423833,0.0,0.455946799621607,0.7587985943040478,0.34597179063030475
50,20,50.5,20.5,21.0,3.0,9.114048536624008,5.804478271128684,0.0,0.41041239532357165,0.8429652899193059,0.34596340381041135
-33,-23,-32.5,-22.5,12.0,2.0,5.8338681015062654,2.3151390500003832,0.08333333333333333,0.34056051496016676,0.9373660865746319,0.3458323669125573
41,-13,41.5,-12.5,22.0,2.0,6.032961813844073,6.259493622709796,0.0,0.41631446707714126,0.8306552767742466,0.3458138088750857
114,-10,114.5,-9.5,40.0,2.0,10.844960582594226,11.03939774387881,0.0,0.4930686103799517,0.7013394583974581,0.34580847215666266
-10,-32,-9.5,-31.5,25.0,3.0,10.097587392639056,7.418597692889211,0.0,0.43259295999381986,0.7992968043824491,0.34577017052140485
112,-13,112.5,-12.5,26.0,2.0,10.603326390055104,7.767951490145103,0.0,0.4376039226840634,0.7898453653891214,0.3456394302081069
-9,-13,-8.5,-12.5,24.0,5.0,7.6059548914290795,7.075327325799112,0.0,0.4273854395296319,0.8085836618840804,0.34557688373080697
-74,-37,-73.5,-36.5,17.0,2.0,5.020289069233833,3.6880026801618246,0.0,0.3837683934896953,0.9002245499760618,0.3454777293242972
72,1,72.5,1.5,29.0,2.0,10.050248449538078,8.7269525608892,0.0,0.45159313902649023,0.7639004917799915,0.34497222098680597
114,-12,114.5,-11.5,22.0,1.0,11.770107429217369,7.675947007272171,0.045454545454545456,0.41631446707714126,0.7923344602946771,0.3448539485200889
-74,-27,-73.5,-26.5,17.0,3.0,6.291408722698442,3.7513545553574517,0.0,0.3837683934896953,0.8985106244706642,0.3448199788865297
63,-16,63.5,-15.5,34.0,6.0,10.468264243249367,9.966855849283963,0.0,0.47206045731903784,0.7303560723978668,0.3447722215418733
-78,-27,-77.5,-26.5,21.0,4.0,6.373059306992661,5.913365154514256,0.0,0.41041239532357165,0.8400194575179523,0.34475439767835003
-77,-26,-76.5,-25.5,22.0,4.0,6.771015139837121,6.389050426341891,0.0,0.41631446707714126,0.8271502390866144,0.34435461097807385
29,13,29.5,13.5,30.0,4.0,9.246095680690575,9.055528697983885,0.0,0.455946799621607,0.7550111728751824,0.34424492795099526
-37,-24,-36.5,-23.5,20.0,4.0,8.516460112644527,5.488428252979843,0.0,0.404235711782243,0.8515157264362041,0.34421306576971267
-22,-4,-21.5,-3.5,22.0,1.0,5.397931764410817,6.410191604471754,0.0,0.41631446707714126,0.8265782843607435,0.34411649795118066
51,-11,51.5,-10.5,31.0,2.0,9.159990205983158,9.324953619188031,0.0,0.4601622251682654,0.747722134582068,0.3440734812568496
-76,-25,-75.5,-24.5,19.0,4.0,5.5390964529532765,5.000045199795473,0.0,0.3977576098321221,0.8647284714208139,0.34395232994612746
53,23,53.5,23.5,30.0,4.0,9.068105695684688,9.083038407232443,0.0,0.455946799621607,0.7542669235190018,0.3439055898389243
-4,-3,-3.5,-2.5,17.0,3.0,9.846795594066512,3.8415617917718894,0.0,0.3837683934896953,0.8960701523806951,0.34388340283320584
-67,-25,-66.5,-24.5,21.0,3.0,6.547755584141823,5.994272395772201,0.0,0.41041239532357165,0.8378305880656252,0.34385605852336987
-47,-10,-46.5,-9.5,19.0,5.0,9.06897072264944,5.011578793155189,0.0,0.3977576098321221,0.8644164408808013,0.3438282174243374
-50,-12,-49.5,-11.5,23.0,4.0,7.253978481191237,6.846934642597799,0.0,0.4219653093289804,0.8147626115012172,0.343801557391799
27,8,27.5,8.5,27.0,4.0,9.520646660894714,8.244240717010104,0.0,0.442432627621528,0.776959807521272,0.34375236919795304
-33,-8,-32.5,-7.5,27.0,5.0,9.316594931341664,8.247174061459397,0.0,0.442432627621528,0.776880448641172,0.3437172582401053
27,9,27.5,9.5,26.0,4.0,9.154995103988961,7.9350490606150235,0.0,0.4376039226840634,0.7853246974999074,0.34366116820663495
6,-14,6.5,-13.5,28.0,4.0,10.17031955730363,8.559568459081802,0.0,0.4470918689086096,0.7684289115055306,0.34355831816841625
-3,-23,-2.5,-22.5,17.0,1.0,4.475841789720326,3.8860191713374013,0.0,0.3837683934896953,0.8948673997154396,0.3434218243750953
-77,-18,-76.5,-17.5,14.0,3.0,4.006175202246808,4.017929217923874,0.07142857142857142,0.35956069399283713,0.8912986972490231,0.34336711943332543
141,38,141.5,38.5,16.0,2.0,7.4283722485693815,5.222576551196921,0.0625,0.3761791992644713,0.8587080946326006,0.3432173811558622
68,20,68.5,20.5,24.0,5.0,11.33555224519058,7.287567495396194,0.0,0.4273854395296319,0.80284170335769,0.3431228542622447
65,-5,65.5,-4.5,30.0,2.0,12.554557888154672,10.053861498272585,0.03333333333333333,0.455946799621607,0.7280022162498871,0.3429946233037922
0,-17,0.5,-16.5,18.0,3.0,7.053409726459723,6.260631043417194,0.05555555555555555,0.39094715538793934,0.8306245049248773,0.3427708589178904
43,-4,43.5,-3.5,16.0,5.0,9.48042001444927,5.285404904074471,0.0625,0.3761791992644713,0.8570083325320087,0.3425380025633002
26,-14,26.5,-13.5,21.0,2.0,7.945669579559616,6.113512002115066,0.0,0.41041239532357165,0.8346046724643342,0.3425321027743324
83,23,83.5,23.5,27.0,4.0,9.769387514352566,8.35009816276962,0.0,0.442432627621528,0.7740959337106985,0.3424852979827645
-54,-30,-53.5,-29.5,17.0,5.0,5.992285010049706,3.9800413853214405,0.0,0.3837683934896953,0.8923237169890234,0.342445639341631
50,-3,50.5,-2.5,17.0,1.0,6.089614226378898,5.81418858572545,0.058823529411764705,0.3837683934896953,0.8427025864744364,0.3424263012009588
-44,-6,-43.5,-5.5,14.0,2.0,4.8996470220104955,4.1149552006612575,0.07142857142857142,0.35956069399283713,0.8886737503790787,0.3423558754494844
-6,-24,-5.5,-23.5,15.0,1.0,5.037751214656816,4.742848194914375,0.06666666666666667,0.3681297801346123,0.871686694918009,0.34228675343619575
-41,-35,-40.5,-34.5,20.0,4.0,7.325278923309928,5.6851830105331445,0.0,0.404235711782243,0.8461927111941517,0.3420613129145139
38,11,38.5,11.5,21.0,3.0,6.969025779711648,6.157573629279899,0.0,0.41041239532357165,0.8334126265087263,0.34204287233835556
-46,-6,-45.5,-5.5,19.0,8.0,7.314397624650494,5.193874276491683,0.0,0.3977576098321221,0.8594846077275694,0.34186654325721705
-64,-31,-63.5,-30.5,15.0,2.0,3.0530822467196823,2.638767325855224,0.0,0.3681297801346123,0.9286106274103585,0.3418492260992396
89,-12,89.5,-11.5,35.0,4.0,12.105505112247762,10.423987720638108,0.0,0.4758008385233484,0.7179887987974465,0.34161967251819675
-45,-11,-44.5,-10.5,15.0,2.0,2.550834472118197,2.663562464069569,0.0,0.3681297801346123,0.9279398182249288,0.3416022812612951
73,22,73.5,22.5,21.0,2.0,9.975818738174954,6.201437575270141,0.0,0.41041239532357165,0.8322259286317035,0.34155583682012125
-56,-26,-55.5,-25.5,17.0,3.0,6.3676398878945415,4.083592440136185,0.0,0.3837683934896953,0.8895222404201014,0.34137052117937683
-85,-38,-84.5,-37.5,16.0,2.0,3.947238532067442,3.426131585203393,0.0,0.3761791992644713,0.9073092265920214,0.34131085834465336
-80,-36,-79.5,-35.5,14.0,1.0,2.477460163890154,1.8761460383458695,0.0,0.35956069399283713,0.9492426303555793,0.34131033893823826
79,-13,79.5,-12.5,40.0,6.0,14.14835311033531,11.376634518880559,0.0,0.4930686103799517,0.6922158340651285,0.34130989938549217
57,-11,57.5,-10.5,26.0,2.0,9.187025275040485,8.147231937900042,0.0,0.4376039226840634,0.7795842889632308,0.3411491429131762
83,-3,83.5,-2.5,21.0,2.0,8.299531488344517,6.241615896542286,0.0,0.41041239532357165,0.8311389418711737,0.3411097239800472
-70,-35,-69.5,-34.5,17.0,4.0,5.0339346523023565,4.1328514369623015,0.0,0.3837683934896953,0.8881895845078671,0.34085908996086417
-30,-15,-29.5,-14.5,19.0,3.0,6.103645643657449,5.30042866190993,0.0,0.3977576098321221,0.856601878868852,0.3407199159165795
130,-8,130.5,-7.5,22.0,1.0,11.262152495506752,6.721835561438317,0.0,0.41631446707714126,0.8181470496924934,0.3406064529834658
-75,-17,-74.5,-16.5,16.0,2.0,4.56286504631941,3.498604646754215,0.0,0.3761791992644713,0.905348535953226,0.34057328731014597
-28,-9,-27.5,-8.5,18.0,4.0,5.350583240983223,4.78302749312638,0.0,0.39094715538793934,0.8705996817272884,0.34035846905292877
21,-14,21.5,-13.5,27.0,4.0,8.92317056101075,8.54104373013093,0.0,0.442432627621528,0.7689300806553219,0.34019975604156755
-9,-25,-8.5,-24.5,15.0,1.0,3.1278510611220236,2.813956822696638,0.0,0.3681297801346123,0.9238710400502831,0.3401044428464463
-50,-34,-49.5,-33.5,15.0,2.0,2.6840787160438073,2.8202888149975918,0.0,0.3681297801346123,0.9236997339433829,0.3400413799669774
-12,-14,-11.5,-13.5,24.0,1.0,6.933657348504931,7.561744302047861,0.0,0.4273854395296319,0.795424107265109,0.3399526816959637
62,-11,62.5,-10.5,25.0,2.0,10.288971790850166,9.041092190659738,0.04,0.43259295999381986,0.7554017390270967,0.3398527332410193
-7,1,-6.5,1.5,17.0,1.0,5.827305229728276,4.230179783413707,0.0,0.3837683934896953,0.8855564574715146,0.33984857902826887
78,24,78.5,24.5,22.0,1.0,8.169829327517984,6.831250576046279,0.0,0.41631446707714126,0.8151869291967551,0.33937411199679834
89,-16,89.5,-15.5,20.0,2.0,7.2146004473535275,5.978049347404564,0.0,0.404235711782243,0.8382694874081739,0.33885846290777916
67,-3,67.5,-2.5,20.0,3.0,8.068123823952922,5.989935137346567,0.0,0.404235711782243,0.8379479285202879,0.3387284773218546
-1,-2,-0.5,-1.5,17.0,1.0,10.420552818286628,6.174443132784373,0.058823529411764705,0.3837683934896953,0.832956237929376,0.33846594064663454
-18,-31,-17.5,-30.5,14.0,1.0,2.6002154596518605,2.1930339863452795,0.0,0.35956069399283713,0.9406695244332658,0.3382277870231371
65,-11,65.5,-10.5,15.0,1.0,7.546687050551778,3.010160294730173,0.0,0.3681297801346123,0.9185629393203926,0.3381503728918193
54,20,54.5,20.5,19.0,3.0,8.671258100373294,5.558961143955104,0.0,0.3977576098321221,0.8496075252907979,0.337937858555052
-35,-29,-34.5,-28.5,19.0,3.0,6.155364664702941,5.565744694109131,0.0,0.3977576098321221,0.8494240027101287,0.3378648610520148
9,-17,9.5,-16.5,18.0,3.0,6.228727352752251,5.019632707409087,0.0,0.39094715538793934,0.8641985497920937,0.33785596473160145
-6,-7,-5.5,-6.5,19.0,2.0,5.752291540179243,5.568960854594293,0.0,0.3977576098321221,0.8493369925077007,0.337830252081866
20,-14,20.5,-13.5,30.0,4.0,10.459559360428877,9.579451491635437,0.0,0.455946799621607,0.7408369335787812,0.3377822289067303
-26,-4,-25.5,-3.5,15.0,1.0,3.7818813983530863,3.053824651156162,0.0,0.3681297801346123,0.9173816411516457,0.3377155018566851
-15,-1,-14.5,-0.5,15.0,1.0,4.17770413109631,3.0572119651736904,0.0,0.3681297801346123,0.9172900005510872,0.33768176622255014
-22,-14,-21.5,-13.5,18.0,2.0,5.378824770777311,5.0386341491731415,0.0,0.39094715538793934,0.8636844836247044,0.3376549920257795
-28,-34,-27.5,-33.5,17.0,1.0,4.35673843833437,4.453782661961065,0.0,0.3837683934896953,0.8795070915223738,0.33752702357633585
28,12,28.5,12.5,21.0,3.0,7.585345668130639,6.5688930574326045,0.0,0.41041239532357165,0.8222847655480275,0.3374758602666475
60,23,60.5,23.5,45.0,3.0,10.405196912352299,12.430546247048749,0.0,0.5083469121107943,0.6637032417264285,0.337391493489554
62,21,62.5,21.5,33.0,4.0,12.668425638216071,11.115683379797575,0.030303030303030304,0.4682116442981244,0.6992756221385802,0.3373304733699803
-55,-29,-54.5,-28.5,18.0,5.0,6.040824770861513,5.071337229006412,0.0,0.39094715538793934,0.8627997325031597,0.33730910109158524
-29,-33,-28.5,-32.5,14.0,1.0,3.1969266668592806,2.3092310189375675,0.0,0.35956069399283713,0.9375259228082711,0.337097471441217
-11,-10,-10.5,-9.5,10.0,1.0,2.0502267696514114,1.4028200169653413,0.1,0.31837995028991856,0.9620480214810571,0.33692648138121883
-12,-24,-11.5,-23.5,10.0,2.0,1.3822332559672865,1.438394075928136,0.1,0.31837995028991856,0.9610855987145869,0.3365894236574175
76,-2,76.5,-1.5,20.0,4.0,8.024415001841925,6.215490066932027,0.0,0.404235711782243,0.8318457516629979,0.33626175951652687
-45,-7,-44.5,-6.5,20.0,4.0,7.992672646400942,6.243463461888561,0.0,0.404235711782243,0.8310889577253202,0.3359558363804573
-72,-12,-71.5,-11.5,21.0,6.0,8.11255038473398,6.721958419984844,0.0,0.41041239532357165,0.8181437258698631,0.3357763262532021
-8,-32,-7.5,-31.5,18.0,2.0,8.588148929482639,5.231717275239131,0.0,0.39094715538793934,0.8584608009254235,0.3356128081338464
-70,-25,-69.5,-24.5,16.0,2.0,3.8231845230865593,3.990951874137888,0.0,0.3761791992644713,0.892028543957426,0.33556258338695677
-64,-14,-63.5,-13.5,19.0,3.0,5.529266221462188,5.795286446755428,0.0,0.3977576098321221,0.8432139660979636,0.33539477173219007
-16,-30,-15.5,-29.5,18.0,2.0,5.66232524572705,5.26117241653335,0.0,0.39094715538793934,0.85766391973172,0.33530126969798585
123,-9,123.5,-8.5,48.0,2.0,15.873250860826873,12.979634715985409,0.0,0.5167354751084438,0.6488481687120276,0.33528286673265323
119,-10,119.5,-9.5,39.0,1.0,13.222430260650407,11.663364180201716,0.0,0.4897900548657752,0.6844586322747344,0.3352410310551956
53,19,53.5,19.5,14.0,4.0,6.336325541282806,4.799784779139826,0.07142857142857142,0.35956069399283713,0.8701463290868022,0.33521830495903954
91,-14,91.5,-13.5,28.0,2.0,11.148564081340245,9.26323449804466,0.0,0.4470918689086096,0.7493918874594959,0.33504701950921645
-4,2,-3.5,2.5,16.0,1.0,4.304595627060426,4.043944632482906,0.0,0.3761791992644713,0.8905948746327466,0.3350232668083888
18,-13,18.5,-12.5,19.0,2.0,6.663668537442682,5.830249737361529,0.0,0.3977576098321221,0.8422680670959628,0.3350185332060116
-37,-17,-36.5,-16.5,15.0,4.0,6.492933611860658,3.3258690593590883,0.0,0.3681297801346123,0.9100217350970894,0.3350061012590099
79,24,79.5,24.5,21.0,1.0,9.123347409220612,6.793762801276493,0.0,0.41041239532357165,0.8162011257476879,0.3349790590839043
52,-5,52.5,-4.5,16.0,2.0,11.498490036666826,4.049631634131269,0.0,0.3761791992644713,0.8904410181424016,0.3349653891970492
3,-10,3.5,-9.5,15.0,3.0,5.454728762144774,5.4367317388298835,0.06666666666666667,0.3681297801346123,0.8529143270911675,0.3349153746194478
38,10,38.5,10.5,14.0,3.0,7.47986447870658,4.842710970136592,0.07142857142857142,0.35956069399283713,0.8689850012907151,0.33477091085727423
69,1,69.5,1.5,25.0,3.0,9.277106311453222,8.359432576438044,0.0,0.43259295999381986,0.77384339991253,0.3347592069398426
-45,-6,-44.5,-5.5,19.0,7.0,8.226283793866612,5.860367288422325,0.0,0.3977576098321221,0.8414532650279292,0.3346944394829443
-62,-31,-61.5,-30.5,15.0,2.0,3.4994357938130984,3.3644929781471475,0.0,0.3681297801346123,0.9089768012364129,0.33462142998662386
68,-12,68.5,-11.5,23.0,1.0,8.036579636567968,7.651486914319994,0.0,0.4219653093289804,0.7929962051450967,0.33461688900075837
130,41,130.5,41.5,18.0,3.0,10.33068470604353,8.49010622015273,0.1111111111111111,0.39094715538793934,0.7703081471650108,0.33461086545146124
98,-15,98.5,-14.5,25.0,2.0,11.297649015194434,8.388747820742136,0.0,0.43259295999381986,0.7730503035005518,0.3344161190154245
66,23,66.5,23.5,36.0,3.0,13.03311657788906,11.181028908130717,0.0,0.47943873052762537,0.697507760219292,0.3344122350927046
13,3,13.5,3.5,21.0,1.0,7.246295039775816,6.845164497658545,0.0,0.41041239532357165,0.814810501110645,0.33440832949561955
16,-13,16.5,-12.5,17.0,3.0,7.732851206370864,6.555956223161091,0.058823529411764705,0.3837683934896953,0.8226347594534736,0.3342718800680205
13,-17,13.5,-16.5,18.0,3.0,6.1499321858725535,5.3655896688991085,0.0,0.39094715538793934,0.8548390090012864,0.334196878883698
95,-10,95.5,-9.5,21.0,3.0,11.534935285232736,6.875031345383539,0.0,0.41041239532357165,0.8140024815859882,0.33407670826703695
62,-10,62.5,-9.5,20.0,1.0,8.153386364200559,6.429968433687568,0.0,0.404235711782243,0.8260432408138207,0.3339161774132856
-34,-19,-33.5,-18.5,13.0,1.0,3.330278335950674,1.7601105078944796,0.0,0.3504001825878749,0.9523818626917786,0.33371477858057963
47,14,47.5,14.5,19.0,2.0,6.883037291979943,5.951473767059931,0.0,0.3977576098321221,0.8389884647838672,0.3337140464291526
-18,-15,-17.5,-14.5,23.0,1.0,7.041728735299965,7.741842803880791,0.0,0.4219653093289804,0.7905517113838161,0.3335853974346268
102,31,102.5,31.5,26.0,1.0,10.463146700924643,8.794252627180065,0.0,0.4376039226840634,0.7620797516712785,0.3334890887294484
52,15,52.5,15.5,17.0,2.0,6.003523155240726,4.85359763474509,0.0,0.3837683934896953,0.8686904728006964,0.33337594718652713
-40,-29,-39.5,-28.5,15.0,2.0,4.73076379859756,3.4918627724586124,0.0,0.3681297801346123,0.9055309310326729,0.33335290254614863
17,-16,17.5,-15.5,35.0,4.0,11.349591438401776,11.092071087042392,0.0,0.4758008385233484,0.6999144305506289,0.3330198729505811
1,-6,1.5,-5.5,16.0,1.0,5.6232684159439135,4.243724086703945,0.0,0.3761791992644713,0.8851900290620903,0.3329900763294712
-13,-24,-12.5,-23.5,15.0,3.0,5.998102820675912,3.550642899532611,0.0,0.3681297801346123,0.9039406898805121,0.33276748742044265
73,0,73.5,0.5,20.0,2.0,7.380555972516396,6.536882240977684,0.0,0.404235711782243,0.8231507881338038,0.33274694474538247
-14,-1,-13.5,-0.5,20.0,2.0,8.215328404540998,6.539259348738858,0.0,0.404235711782243,0.823086477715077,0.3327209481774934
31,16,31.5,16.5,20.0,3.0,7.217758787343557,6.542770694803648,0.0,0.404235711782243,0.8229914815439276,0.3326825473326323
39,-17,39.5,-16.5,18.0,2.0,6.082645955914787,5.515998277737009,0.0,0.39094715538793934,0.8507698453005654,0.33260605091009326
117,-12,117.5,-11.5,25.0,1.0,11.35203110455717,8.582127009081644,0.0,0.43259295999381986,0.7678186111144195,0.3321529257203304
-70,-28,-69.5,-27.5,16.0,1.0,4.709874575799045,4.339748405250232,0.0,0.3761791992644713,0.8825921812764218,0.33201282002964744
51,22,51.5,22.5,31.0,4.0,12.833489229598804,10.301135083087285,0.0,0.4601622251682654,0.7213124615659678,0.3319207473557947
2,-7,2.5,-6.5,14.0,1.0,3.663971294088548,2.85955870721356,0.0,0.35956069399283713,0.9226373238780876,0.33174411647729923
-73,-34,-72.5,-33.5,14.0,2.0,4.286292009466443,2.873727305731645,0.0,0.35956069399283713,0.9222540057473947,0.33160629034420724
-9,0,-8.5,0.5,15.0,1.0,7.971333134005578,3.687325860295157,0.0,0.3681297801346123,0.900242860702121,0.3314062063780262
109,30,109.5,30.5,35.0,4.0,13.14209392402628,11.217701158239839,0.0,0.4758008385233484,0.6965156269223964,0.33140271933429194
79,-2,79.5,-1.5,25.0,4.0,10.749798629681145,8.657982328457543,0.0,0.43259295999381986,0.7657664166656053,0.33126516084923496
16,-17,16.5,-16.5,22.0,2.0,10.533344157010264,7.559731195069656,0.0,0.41631446707714126,0.7954785699843954,0.33116923693433997
-19,-30,-18.5,-29.5,16.0,5.0,4.908112841170141,4.423530723589542,0.0,0.3761791992644713,0.8803255293129295,0.33116015270900967
-36,-30,-35.5,-29.5,19.0,4.0,8.632446747085444,6.2177292478850035,0.0,0.3977576098321221,0.8317851727245741,0.3308488821967254
-65,-15,-64.5,-14.5,15.0,2.0,4.33894320240898,3.751648437687296,0.0,0.3681297801346123,0.8985026737601423,0.33076559174168246
-7,0,-6.5,0.5,18.0,3.0,8.160298170050247,5.695486025054899,0.0,0.39094715538793934,0.845913972809269,0.3307076613726944
-55,-28,-54.5,-27.5,13.0,3.0,3.1568121626085053,2.086838038756824,0.0,0.3504001825878749,0.9435425560930182,0.3306174839344238
74,-6,74.5,-5.5,15.0,1.0,6.442057958228742,5.842140874714043,0.06666666666666667,0.3681297801346123,0.841946363538906,0.3306085650076947
0,0,0.5,0.5,19.0,2.0,6.923955768065916,6.244665563503335,0.0,0.3977576098321221,0.8310564359947277,0.33055902161686485
79,22,79.5,22.5,30.0,3.0,10.28292393268826,11.059681369737387,0.03333333333333333,0.455946799621607,0.7007907039431724,0.33017405462304467
24,4,24.5,4.5,19.0,2.0,6.644134189506296,6.299620702865458,0.0,0.3977576098321221,0.8295696762940152,0.32996765163191477
-10,0,-9.5,0.5,15.0,1.0,5.960217762278435,5.909607855005646,0.06666666666666667,0.3681297801346123,0.8401211077286104,0.32989183858621896
-4,-13,-3.5,-12.5,16.0,3.0,6.663084098207073,4.54847160370566,0.0,0.3761791992644713,0.8769453711023543,0.32988860749996823
73,-16,73.5,-15.5,16.0,1.0,6.506570358749421,4.565714148217106,0.0,0.3761791992644713,0.8764788902487906,0.3297131271060024
-132,-29,-131.5,-28.5,5.0,3.0,0.4107740865316376,0.37650908266820804,0.4,0.2379004192616742,0.9898139002546299,0.3296679986062532
53,24,53.5,24.5,12.0,3.0,6.6167658668984535,3.9560054074896587,0.08333333333333333,0.34056051496016676,0.8929739878030418,0.3294543212265907
-61,-11,-60.5,-10.5,14.0,2.0,3.889785667919807,3.111173746187193,0.0,0.35956069399283713,0.9158301152278805,0.3292965118108767
-78,-37,-77.5,-36.5,16.0,2.0,4.529630323252434,4.60779042854903,0.0,0.3761791992644713,0.8753405559878006,0.32928490943520794
55,20,55.5,20.5,20.0,4.0,8.166732562476925,6.874361061220501,0.0,0.404235711782243,0.8140206154947217,0.3290562029099284
-32,-24,-31.5,-23.5,21.0,4.0,9.528537478204457,7.357165282906169,0.0,0.41041239532357165,0.8009588005586135,0.32872341989275544
29,-16,29.5,-15.5,16.0,3.0,7.088853183737989,4.67025105611085,0.0,0.3761791992644713,0.8736507423503862,0.3286492366941792
-5,-24,-4.5,-23.5,17.0,1.0,6.470806697532394,5.3146471190478115,0.0,0.3837683934896953,0.8562172118600102,0.32858910387374224
75,23,75.5,23.5,25.0,3.0,10.266715821578453,8.890363577097622,0.0,0.43259295999381986,0.7594795601551944,0.3285455109823399
64,-14,64.5,-13.5,24.0,5.0,9.406018820030123,8.558188710235811,0.0,0.4273854395296319,0.7684662393151793,0.3284312814534012
-48,-9,-47.5,-8.5,14.0,2.0,4.044335447054384,3.200849829474416,0.0,0.35956069399283713,0.9134040129870941,0.32842418080548197
-35,-23,-34.5,-22.5,11.0,1.0,3.3582537020749585,3.250330752399178,0.09090909090909091,0.3299328642953273,0.9120653530726166,0.32827672839684807
45,10,45.5,10.5,20.0,2.0,6.736633631544718,6.970966884045605,0.0,0.404235711782243,0.8114070356567361,0.32799970060382055
-6,0,-5.5,0.5,18.0,2.0,10.51306915741463,5.982994190859338,0.0,0.39094715538793934,0.83813570931098,0.3276667713841805
64,1,64.5,1.5,24.0,2.0,8.274274676641985,8.624338214593621,0.0,0.4273854395296319,0.7666766265793579,0.32766642702771437
-45,-15,-44.5,-14.5,15.0,2.0,4.199495184236202,4.070840822238376,0.0,0.3681297801346123,0.8898672234704476,0.32758662532517374
46,17,46.5,17.5,17.0,3.0,7.149622050615506,5.442476221942972,0.0,0.3837683934896953,0.852758915493761,0.3272619190330555
-72,-23,-71.5,-22.5,15.0,3.0,5.604856038127014,4.1046074111906705,0.0,0.3681297801346123,0.888953700108165,0.32725033017066885
26,10,26.5,10.5,15.0,3.0,5.558082795702849,4.11187248070738,0.0,0.3681297801346123,0.8887571504732138,0.3271779743967687
-28,-13,-27.5,-12.5,14.0,4.0,4.659797495735069,3.3377819120043783,0.0,0.35956069399283713,0.9096994440531738,0.3270921634286573
-67,-30,-66.5,-29.5,13.0,2.0,3.6820384448963415,2.462812478879074,0.0,0.3504001825878749,0.9333709205997789,0.3270533410003754
-33,-21,-32.5,-20.5,14.0,2.0,5.688843001772317,3.347652742252465,0.0,0.35956069399283713,0.9094323980080583,0.3269961441673475
-7,-30,-6.5,-29.5,17.0,1.0,6.644773938839757,5.468869170131626,0.0,0.3837683934896953,0.8520448790595831,0.32698789441781795
13,-6,13.5,-5.5,12.0,1.0,4.6164609687801805,4.208380687926085,0.08333333333333333,0.34056051496016676,0.8861462115338128,0.32693527764078584
15,-16,15.5,-15.5,17.0,3.0,7.497088277196765,5.47669699727856,0.0,0.3837683934896953,0.8518331045452922,0.32690662205268645
-15,-11,-14.5,-10.5,17.0,3.0,5.75861893195913,5.483574108189203,0.0,0.3837683934896953,0.8516470507661924,0.32683522049277863
69,22,69.5,22.5,29.0,3.0,9.447341286335392,10.214748014512782,0.0,0.45159313902649023,0.723649582601599,0.3267951865622655
122,-10,122.5,-9.5,26.0,1.0,12.14581330228779,9.36610601646775,0.0,0.4376039226840634,0.7466087951096663,0.32671893745041214
6,1,6.5,1.5,17.0,3.0,6.186591350997899,5.506739234787826,0.0,0.3837683934896953,0.8510203400146867,0.3265947087144906
13,-8,13.5,-7.5,15.0,1.0,6.712101075507889,4.173525128713363,0.0,0.3681297801346123,0.8870891959641096,0.32656395067005767
-8,-23,-7.5,-22.5,18.0,2.0,7.153028090941065,6.091997865921888,0.0,0.39094715538793934,0.8351867172204559,0.32651387131512855
61,-15,61.5,-14.5,20.0,1.0,9.080814560813998,8.539856083505281,0.05,0.404235711782243,0.7689622113197547,0.32638408616781306
38,-5,38.5,-4.5,13.0,1.0,5.155282161865116,2.5354371962210314,0.0,0.3504001825878749,0.9314061270559366,0.3263648769838656
117,-13,117.5,-12.5,34.0,2.0,13.909118743171874,11.413280719165765,0.0,0.47206045731903784,0.6912244055217622,0.32629970898068317
54,-10,54.5,-9.5,20.0,1.0,7.854441562105914,7.130978746640536,0.0,0.404235711782243,0.8070780649416506,0.32624977604552347
14,3,14.5,3.5,18.0,2.0,6.258859928277781,6.1191501445651815,0.0,0.39094715538793934,0.8344521378137264,0.3262266895856611
2,-6,2.5,-5.5,15.0,1.0,4.901608849857939,4.211104605682694,0.0,0.3681297801346123,0.8860725184962628,0.3261896814173514
-28,-4,-27.5,-3.5,15.0,2.0,5.486352056445389,4.220995735603938,0.0,0.3681297801346123,0.8858049232625483,0.32609117164279905
38,8,38.5,8.5,20.0,2.0,7.3371458297481285,7.14949229133012,0.0,0.404235711782243,0.806577198371548,0.3260473078910501
51,-20,51.5,-19.5,23.0,3.0,11.5330698311175,8.410656390126094,0.0,0.4219653093289804,0.7724575877247679,0.3259503049477997
56,24,56.5,24.5,27.0,2.0,11.038417277993071,9.735219566090478,0.0,0.442432627621528,0.7366227745675323,0.3259059497177738
39,12,39.5,12.5,21.0,2.0,8.888000102437186,7.629202907250956,0.0,0.41041239532357165,0.7935990780349701,0.3257028985429101
31,15,31.5,15.5,23.0,3.0,9.090272984194701,8.435379066764545,0.0,0.4219653093289804,0.7717887389192434,0.3256680739546822
32,-14,32.5,-13.5,16.0,2.0,6.000772697061338,4.966153190097014,0.0,0.3761791992644713,0.8656453879236324,0.3256377888760947
53,16,53.5,16.5,27.0,4.0,10.465593218780137,9.760584172124803,0.0,0.442432627621528,0.735936558964879,0.325602345545577
65,-14,65.5,-13.5,25.0,3.0,10.25384898913634,9.143380392393842,0.0,0.43259295999381986,0.7526344277626397,0.3255843548990951
-71,-22,-70.5,-21.5,17.0,4.0,6.451834595674382,5.623791070088151,0.0,0.3837683934896953,0.8478536125049592,0.32537941878546284
71,22,71.5,22.5,24.0,2.0,11.333118578997345,8.824549072493813,0.0,0.4273854395296319,0.7612601097871863,0.32535148661777247
44,11,44.5,11.5,18.0,3.0,8.683925072736379,6.215980809892304,0.0,0.39094715538793934,0.8318324750729424,0.3252025398890758
-23,-4,-22.5,-3.5,16.0,1.0,6.409863674840436,5.062966740959055,0.0,0.3761791992644713,0.8630261881986334,0.3246525004208308
48,-5,48.5,-4.5,17.0,2.0,7.167201992976749,5.694531060588194,0.0,0.3837683934896953,0.8459398084763456,0.32464496128794773
-26,-21,-25.5,-20.5,17.0,2.0,6.761070240188965,5.710828398753004,0.0,0.3837683934896953,0.8454988992930815,0.3244757542790116
-53,-32,-52.5,-31.5,15.0,2.0,8.037925801434342,4.388854900485139,0.0,0.3681297801346123,0.8812636511515614,0.32441939413904997
100,-15,100.5,-14.5,20.0,2.0,8.811754700165398,7.319653850397803,0.0,0.404235711782243,0.8019736371474526,0.3241863840428948
76,-4,76.5,-3.5,30.0,5.0,14.085698126846097,10.683265138109103,0.0,0.455946799621607,0.7109742916908307,0.32416645290967316
-71,-30,-70.5,-29.5,13.0,1.0,3.2063794891722583,2.7977135307249665,0.0,0.3504001825878749,0.9243104870645332,0.3238785634353
-75,-20,-74.5,-19.5,17.0,4.0,6.0829929868122665,5.770849937398836,0.0,0.3837683934896953,0.8438750729163462,0.3238525810391057
-78,-28,-77.5,-27.5,17.0,3.0,6.01270398353335,5.77386222558205,0.0,0.3837683934896953,0.8437935782876415,0.3238213059763696
80,20,80.5,20.5,15.0,2.0,12.668089295519337,4.451567364423774,0.0,0.3681297801346123,0.8795670243174093,0.32379481527562304
-12,-29,-11.5,-28.5,19.0,2.0,7.092727961712198,6.882485161626247,0.0,0.3977576098321221,0.8138008255855703,0.32369547126432413
-2,-11,-1.5,-10.5,19.0,4.0,6.972044018864641,6.883892612018876,0.0,0.3977576098321221,0.813762748336585,0.32368032574877875
38,-12,38.5,-11.5,20.0,2.0,7.184413981765414,7.374951760829352,0.0,0.404235711782243,0.8004776040972681,0.32358163405800366
121,4,121.5,4.5,20.0,1.0,9.773676132341409,8.836298421786882,0.05,0.404235711782243,0.7609422421729597,0.32298003033446043
-32,-1,-31.5,-0.5,13.0,1.0,3.3617833613945143,2.923622752682218,0.0,0.3504001825878749,0.9209041312745755,0.3226849757445396
-68,-33,-67.5,-32.5,15.0,5.0,5.051261751118799,4.567724102606906,0.0,0.3681297801346123,0.8764245128198237,0.3226379632089464
51,-3,51.5,-2.5,12.0,1.0,7.344649248019512,4.641580398018395,0.08333333333333333,0.34056051496016676,0.8744264000875794,0.32261136386764006
61,20,61.5,20.5,25.0,3.0,10.617330773392446,9.41189938322815,0.0,0.43259295999381986,0.745369898565147,0.3224417707105902
-7,-14,-6.5,-13.5,15.0,3.0,4.801229636458291,4.592851075312865,0.0,0.3681297801346123,0.8757447261637668,0.3223877134967137
-64,-13,-63.5,-12.5,17.0,5.0,7.000621377793571,5.918251093017646,0.0,0.3837683934896953,0.8398872730389151,0.32232218948658553
-80,-28,-79.5,-27.5,17.0,3.0,6.112254786645003,5.928304608775121,0.0,0.3837683934896953,0.8396152846088576,0.3222178089237346
-46,-8,-45.5,-7.5,15.0,3.0,5.897753356255279,4.61257682862876,0.0,0.3681297801346123,0.8752110644273636,0.3221912567190254
0,1,0.5,1.5,16.0,1.0,6.850807004553424,5.352242516026221,0.0,0.3761791992644713,0.8552001036912643,0.3217084902174726
143,39,143.5,39.5,31.0,2.0,14.783050877287483,11.126105260014509,0.0,0.4601622251682654,0.6989936679539117,0.3216504816241996
-54,-32,-53.5,-31.5,14.0,2.0,6.1679764539885635,3.899053192551074,0.0,0.35956069399283713,0.8945147765085175,0.3216323538282502
-50,-15,-49.5,-14.5,14.0,2.0,4.168852054399819,3.9027268795306247,0.0,0.35956069399283713,0.8944153883563333,0.32159661775527615
81,23,81.5,23.5,25.0,5.0,10.15881521834198,9.489960273886128,0.0,0.43259295999381986,0.7432580344560007,0.32152819316450987
46,16,46.5,16.5,17.0,1.0,7.5980032842179694,5.99914943971261,0.0,0.3837683934896953,0.8376986442206387,0.32148226292105037
-19,-15,-18.5,-14.5,21.0,1.0,9.00392847283039,8.010241569390688,0.0,0.41041239532357165,0.7832904347696017,0.32147210356783407
99,-15,99.5,-14.5,16.0,1.0,8.077783573387084,5.418096212309383,0.0,0.3761791992644713,0.8534184937651826,0.3210382856220776
-52,-17,-51.5,-16.5,12.0,1.0,3.506100151514005,2.1552101126328633,0.0,0.34056051496016676,0.9416928138255445,0.32070338961071587
-48,-36,-47.5,-35.5,12.0,3.0,3.7497580825275434,4.836704353175055,0.08333333333333333,0.34056051496016676,0.8691475046732865,0.3206637652485349
11,-8,11.5,-7.5,16.0,2.0,5.611082762448118,5.481970989521999,0.0,0.3761791992644713,0.8516904216366429,0.32038822083249224
-16,-31,-15.5,-30.5,15.0,2.0,5.813226241694164,4.806164791182538,0.0,0.3681297801346123,0.8699737238508722,0.3202632356841115
21,-13,21.5,-12.5,19.0,2.0,9.7027506741142,7.207898167982433,0.0,0.3977576098321221,0.8049970822131802,0.3201937153429469
24,7,24.5,7.5,15.0,3.0,7.042490586749062,4.81502336442759,0.0,0.3681297801346123,0.8697340634686145,0.320175009560284
-77,-27,-76.5,-26.5,15.0,3.0,5.801898146099542,4.8271202595338565,0.0,0.3681297801346123,0.8694067933287059,0.3200545316756348
-66,-17,-65.5,-16.5,15.0,3.0,7.2420684719720105,4.8339347326999516,0.0,0.3681297801346123,0.8692224341549774,0.3199866635735443
43,12,43.5,12.5,14.0,2.0,6.619488936022618,4.072726368614499,0.0,0.35956069399283713,0.8898162117834901,0.31994293463494905
9,-22,9.5,-21.5,14.0,1.0,6.969192765915325,6.273255990114121,0.07142857142857142,0.35956069399283713,0.8302829488449455,0.31986119281832986
-71,-20,-70.5,-19.5,16.0,3.0,5.562003482541284,5.568132575556588,0.0,0.3761791992644713,0.8493594008194345,0.319511339288006
85,-16,85.5,-15.5,31.0,2.0,12.594012009852817,11.300077743091204,0.0,0.4601622251682654,0.6942870057586452,0.31948465347531046
-32,-2,-31.5,-1.5,13.0,1.0,3.2602794552259273,3.269207243354433,0.0,0.3504001825878749,0.9115546673320492,0.3194089218719796
142,38,142.5,38.5,24.0,3.0,9.431825340208668,9.340721010714915,0.0,0.4273854395296319,0.7472955626075517,0.3193832424835721
-28,1,-27.5,1.5,13.0,2.0,3.453993075915124,3.2830048735878243,0.0,0.3504001825878749,0.9111813854000143,0.31927812381483783
99,4,99.5,4.5,15.0,2.0,7.755111614263299,4.937617239116887,0.0,0.3681297801346123,0.8664174012863717,0.31895404744035416
88,2,88.5,2.5,23.0,2.0,10.64017876508419,9.041609812417848,0.0,0.4219653093289804,0.7553877352564011,0.31874741937078527
34,10,34.5,10.5,17.0,2.0,6.971448894229582,6.28642609119073,0.0,0.3837683934896953,0.8299266441250905,0.3184996149301801
92,-14,92.5,-13.5,19.0,1.0,11.83537943140834,7.378707203840139,0.0,0.3977576098321221,0.8003760041124155,0.3183556463627391
116,32,116.5,32.5,17.0,3.0,10.988708243480614,6.300363560933251,0.0,0.3837683934896953,0.8295495789664248,0.318354909239998
41,12,41.5,12.5,15.0,3.0,9.1623370772565,5.003982913640343,0.0,0.3681297801346123,0.8646219402696705,0.3182930847710357
-27,-18,-26.5,-17.5,13.0,1.0,5.886707133504354,3.3964981966713617,0.0,0.3504001825878749,0.9081109300973963,0.31820223571617257
75,-12,75.5,-11.5,31.0,2.0,13.187914092220062,11.41618732327088,0.0,0.4601622251682654,0.6911457700765689,0.31803917547406824
119,-9,119.5,-8.5,41.0,1.0,14.844282357000496,13.276482968016118,0.0,0.4962681568158961,0.6408172179498431,0.318017179607859
109,-11,109.5,-10.5,18.0,1.0,8.835509405195914,6.905235664683163,0.0,0.39094715538793934,0.8131853320847154,0.3179124923817163
5,0,5.5,0.5,16.0,1.0,7.077428735025558,5.743375538839681,0.0,0.3761791992644713,0.8446183669749765,0.31772786097271205
-8,-9,-7.5,-8.5,16.0,1.0,6.875832817910655,5.7641615678533915,0.0,0.3761791992644713,0.8440560204750107,0.3175163179166457
2,1,2.5,1.5,23.0,2.0,9.485386548796964,9.154137097502225,0.0,0.4219653093289804,0.752343415204884,0.3174628219185504
0,-7,0.5,-6.5,12.0,1.0,3.7198026088326634,2.51381185496811,0.0,0.34056051496016676,0.9319911803605445,0.3173993963219207
78,-16,78.5,-15.5,22.0,1.0,10.860340582367948,8.79325930886691,0.0,0.41631446707714126,0.7621066249656623,0.31727601342853845
78,19,78.5,19.5,18.0,3.0,8.651270718543799,6.978252368146981,0.0,0.39094715538793934,0.811209933724363,0.3171402160119785
84,24,84.5,24.5,20.0,3.0,10.462109038250524,7.966875432896723,0.0,0.404235711782243,0.7844636648780718,0.31710822793929433
56,22,56.5,22.5,18.0,3.0,10.072642078982573,6.9851051652996325,0.0,0.39094715538793934,0.8110245377311588,0.317067735975815
-26,-22,-25.5,-21.5,14.0,3.0,4.986063139677971,4.368554833882426,0.0,0.35956069399283713,0.8818128503947442,0.3170652404597361
24,-14,24.5,-13.5,16.0,2.0,12.014423529782128,7.643617663617174,0.0625,0.3761791992644713,0.7932091003348016,0.3170380619765647
-2,0,-1.5,0.5,14.0,2.0,5.299030236948638,4.374150888470764,0.0,0.35956069399283713,0.8816614543917225,0.31701080440782187
57,22,57.5,22.5,15.0,3.0,6.729847410755413,5.164883154535395,0.0,0.3681297801346123,0.8602689353137307,0.3166906140136807
25,8,25.5,8.5,18.0,3.0,7.771094198104679,7.02215719984668,0.0,0.39094715538793934,0.8100221297228566,0.3166758474164312
-70,-34,-69.5,-33.5,14.0,4.0,8.19006509883318,4.411820928510423,0.0,0.35956069399283713,0.8806423268250333,0.3166443661926759
90,-16,90.5,-15.5,12.0,2.0,6.694928307740697,5.244648698593958,0.08333333333333333,0.34056051496016676,0.8581109534072484,0.3165919338674432
-48,-2,-47.5,-1.5,13.0,1.0,3.0737065575408065,3.5769889572099265,0.0,0.3504001825878749,0.9032279220250953,0.31649122879606023
110,31,110.5,31.5,19.0,4.0,10.59121006446618,7.552582670848959,0.0,0.3977576098321221,0.7956719665957817,0.3164845796435622
51,-19,51.5,-18.5,20.0,5.0,9.832138721278996,9.429167513621602,0.05,0.404235711782243,0.7449027255095669,0.3161720976276372
-20,-14,-19.5,-13.5,29.0,1.0,10.556187532495985,11.08519972756467,0.0,0.45159313902649023,0.7001003287301106,0.3161605050847084
-55,-31,-54.5,-30.5,16.0,4.0,6.566158814861738,5.9045319882276495,0.0,0.3761791992644713,0.8402584305388026,0.3160877435753081
-63,-11,-62.5,-10.5,15.0,3.0,5.147967356444754,5.226694444263378,0.0,0.3681297801346123,0.8585966889017788,0.3160750103097179
-4,-25,-3.5,-24.5,14.0,1.0,4.292373383881058,4.479013798827372,0.0,0.35956069399283713,0.8788244868027534,0.3159907423726969
-37,-25,-36.5,-24.5,15.0,3.0,6.680729876057914,5.244069507548673,0.0,0.3681297801346123,0.858126622877204,0.31590196500744244
64,-11,64.5,-10.5,18.0,1.0,8.119449596018548,7.097212076212907,0.0,0.39094715538793934,0.8079915905081718,0.3158820138865465
-52,-33,-51.5,-32.5,10.0,1.0,6.581532999391401,3.6317294449709325,0.1,0.31837995028991856,0.901746969521925,0.3158079708635227
80,-2,80.5,-1.5,20.0,4.0,9.660818069496312,8.096627278137706,0.0,0.404235711782243,0.7809533505228266,0.3156892335173223
-53,-31,-52.5,-30.5,13.0,3.0,6.321186956269522,3.67186274253287,0.0,0.3504001825878749,0.9006612008356042,0.3155918492226104
-3,-13,-2.5,-12.5,18.0,3.0,7.730078934305208,7.126142521203905,0.0,0.39094715538793934,0.8072089044803398,0.31557602501040366
-41,-15,-40.5,-14.5,21.0,3.0,8.426028702707349,8.55376233010986,0.0,0.41041239532357165,0.7685859908737721,0.3154372175266456
42,-5,42.5,-4.5,11.0,1.0,5.230334164318702,4.570977247810612,0.09090909090909091,0.3299328642953273,0.8763365020305586,0.3154169587652619
22,-13,22.5,-12.5,21.0,2.0,10.999552338689833,8.559691875295947,0.0,0.41041239532357165,0.7684255725957265,0.3153713798768992
-11,-27,-10.5,-26.5,14.0,2.0,5.711953772632121,4.570222852588012,0.0,0.35956069399283713,0.8763569114850407,0.31510349927898057
26,4,26.5,4.5,18.0,4.0,9.234271514053036,7.208949529847581,0.0,0.39094715538793934,0.8049686386049917,0.31470019943912364
90,-14,90.5,-13.5,43.0,3.0,13.505929929321752,13.811690157255264,0.0,0.5024448403572247,0.6263376899251945,0.3147001406241772
-55,-25,-54.5,-24.5,12.0,1.0,4.114316561612045,2.813338950226792,0.0,0.34056051496016676,0.9238877560098641,0.3146396899521122
-46,-11,-45.5,-10.5,13.0,2.0,4.646115713345342,3.774608059123862,0.0,0.3504001825878749,0.8978815227578572,0.3146178495166323
38,19,38.5,19.5,18.0,2.0,7.9398136117064855,7.218896266802478,0.0,0.39094715538793934,0.8046995389751885,0.3145949957043362
66,-18,66.5,-17.5,35.0,3.0,12.926576296267433,12.526335018669926,0.0,0.4758008385233484,0.6611117664416752,0.31455753283060117
7,1,7.5,1.5,15.0,2.0,6.894276887013351,5.381984949812054,0.0,0.3681297801346123,0.8543954500689251,0.3145284091818865
39,-12,39.5,-11.5,17.0,2.0,7.795540283255726,6.694293465333386,0.0,0.3837683934896953,0.8188921752446667,0.3142649345349278
-31,-18,-30.5,-17.5,14.0,3.0,8.051105599757664,4.676385825455818,0.0,0.35956069399283713,0.8734847719253971,0.31407079078567085
94,-11,94.5,-10.5,23.0,5.0,10.445416328580274,9.458387230390532,0.0,0.4219653093289804,0.7441122135053664,0.31398954034726423
-13,-1,-12.5,-0.5,15.0,3.0,5.877888457827683,5.449456853669304,0.0,0.3681297801346123,0.8525700610561836,0.31385642912596584
-45,-23,-44.5,-22.5,17.0,5.0,6.7482429620224025,6.741843738919229,0.0,0.3837683934896953,0.8176057472354601,0.3137712441244944
44,12,44.5,12.5,16.0,2.0,8.610475548970108,6.144877769942444,0.0,0.3761791992644713,0.8337561010635711,0.3136417024799618
115,-9,115.5,-8.5,20.0,1.0,13.251621867202639,9.652427304361705,0.05,0.404235711782243,0.738862641478943,0.3136083990769262
-49,-11,-48.5,-10.5,17.0,3.0,7.599053565541432,6.761489554824777,0.0,0.3837683934896953,0.8170742481306446,0.3135672715668982
110,-11,110.5,-10.5,25.0,1.0,10.910408559360803,10.172705834732895,0.0,0.43259295999381986,0.7247869943041689,0.3135377512310643
28,11,28.5,11.5,30.0,6.0,10.58167010750258,11.554460893793308,0.0,0.455946799621607,0.6874049084444709,0.3134200680494403
79,20,79.5,20.5,12.0,2.0,7.589254810844898,2.9484183168412192,0.0,0.34056051496016676,0.9202333105656131,0.31339513012972425
-20,2,-19.5,2.5,13.0,1.0,6.484650414676339,3.90858670109819,0.0,0.3504001825878749,0.8942568563853267,0.31334776575787754
-29,-34,-28.5,-33.5,13.0,1.0,3.5680525279746855,3.911562859013623,0.0,0.3504001825878749,0.8941763392270957,0.3133195525309319
40,11,40.5,11.5,15.0,3.0,7.435237613012941,5.508513864918898,0.0,0.3681297801346123,0.8509723290626052,0.3132682563984558
31,17,31.5,17.5,18.0,3.0,7.769811259011239,7.346999387507077,0.0,0.39094715538793934,0.801233829314367,0.3132400863710375
53,-10,53.5,-9.5,22.0,1.0,8.751159537265885,9.155745898147742,0.0,0.41631446707714126,0.7522998906138448,0.31319332804309447
-66,-23,-65.5,-22.5,15.0,4.0,6.581400578970185,5.536856599190585,0.0,0.3681297801346123,0.850205542996511,0.3129859796125342
17,3,17.5,3.5,17.0,1.0,9.833948885388006,6.827373872874203,0.0,0.3837683934896953,0.8152918097614259,0.3128832280574487
-77,-35,-76.5,-34.5,13.0,1.0,4.16674720480629,3.9775712438623407,0.0,0.3504001825878749,0.8923905443471025,0.3126938096789178
66,-5,66.5,-4.5,36.0,2.0,12.767709149567969,12.903722951151957,0.0,0.47943873052762537,0.6509018902397019,0.3120675759545544
-4,-32,-3.5,-31.5,14.0,2.0,5.30224893004649,4.890960062528012,0.0,0.35956069399283713,0.867679667394811,0.3119835033719523
-70,-24,-69.5,-23.5,14.0,2.0,7.455863711359792,4.891375013103669,0.0,0.35956069399283713,0.8676684412965636,0.31197946690827566
55,19,55.5,19.5,22.0,3.0,10.106798076354135,9.270234709771822,0.0,0.41631446707714126,0.7492025033033787,0.31190384089560624
-75,-33,-74.5,-32.5,12.0,2.0,4.379084683709716,3.13217379788673,0.0,0.34056051496016676,0.9152619785450852,0.3117020907367753
68,2,68.5,2.5,16.0,1.0,7.9562527214000465,8.143633565148177,0.0625,0.3761791992644713,0.7796816395596939,0.3116312657789493
76,-17,76.5,-16.5,16.0,4.0,8.619422192036179,8.15544807446727,0.0625,0.3761791992644713,0.7793620091021389,0.31150351255376674
-20,-16,-19.5,-15.5,12.0,1.0,4.179602024135,3.1585668292907285,0.0,0.34056051496016676,0.9145479398595942,0.311458917354343
146,45,146.5,45.5,16.0,1.0,11.543345804675452,8.171037676689362,0.0625,0.3761791992644713,0.7789402470503458,0.31133493831091036
-88,-35,-87.5,-34.5,14.0,3.0,5.190134329505396,4.9601186467426555,0.0,0.35956069399283713,0.8658086468285429,0.3113107579186701
80,1,80.5,1.5,23.0,2.0,10.981452360879134,9.759639542524452,0.0,0.4219653093289804,0.7359621150318492,0.3105504815238249
0,-11,0.5,-10.5,26.0,6.0,9.829403018085811,10.736476030610135,0.0,0.4376039226840634,0.7095347209513558,0.3104951771688556
117,-10,117.5,-9.5,28.0,2.0,14.939577567102388,11.30387924988136,0.0,0.4470918689086096,0.6941841595614889,0.3103640932650985
82,-3,82.5,-2.5,17.0,2.0,8.941963808382084,7.076745014482987,0.0,0.3837683934896953,0.8085453076477377,0.31029413377960374
7,10,7.5,10.5,15.0,3.0,10.92073434714956,5.817114490879794,0.0,0.3681297801346123,0.8426234288574768,0.31019477760157604
98,-11,98.5,-10.5,19.0,3.0,9.522802266466009,8.143883901432156,0.0,0.3977576098321221,0.7796748669465595,0.31012161152284135
52,19,52.5,19.5,15.0,4.0,9.760442678397668,5.8369067589421455,0.0,0.3681297801346123,0.8420879676270557,0.3099976583765505
65,-18,65.5,-17.5,35.0,2.0,13.3447234491409,12.880793026829332,0.0,0.4758008385233484,0.6515222378144505,0.309994827068724
125,-9,125.5,-8.5,28.0,2.0,15.034735146364195,12.237185223117425,0.03571428571428571,0.4470918689086096,0.6689344426915511,0.30975640552317285
-9,-7,-8.5,-6.5,16.0,2.0,6.858412163613386,6.542188395331059,0.0,0.3761791992644713,0.8230072351094656,0.3095982026923452
-52,-14,-51.5,-13.5,13.0,2.0,5.274782825562744,4.331489928419785,0.0,0.3504001825878749,0.8828156066135839,0.30933874974882536
-2,-7,-1.5,-6.5,11.0,1.0,3.2015020958049267,2.3093882306794153,0.0,0.3299328642953273,0.9375216695921939,0.30931920978749
71,-10,71.5,-9.5,14.0,1.0,6.1309701827627014,5.189264288351352,0.0,0.35956069399283713,0.8596093266286106,0.3090817260452986
15,14,15.5,14.5,15.0,1.0,8.199705924755092,5.93081866187155,0.0,0.3681297801346123,0.8395472692626569,0.309062351646276
-64,-32,-63.5,-31.5,11.0,2.0,9.133952702043679,2.339437069878479,0.0,0.3299328642953273,0.936708726459069,0.3090509931310689
49,-5,49.5,-4.5,19.0,1.0,8.117690714476478,8.2462616984915,0.0,0.3977576098321221,0.7769051317646949,0.30901992827703495
144,39,144.5,39.5,24.0,2.0,11.609303236869346,10.251514034522675,0.0,0.4273854395296319,0.7226549124480742,0.30885218738486786
-9,-32,-8.5,-31.5,18.0,2.0,9.324133029681327,7.765877056554039,0.0,0.39094715538793934,0.789901487242342,0.30880973947409623
-13,-32,-12.5,-31.5,15.0,2.0,7.935973329196808,5.9610611471452035,0.0,0.3681297801346123,0.838729087216789,0.30876115446962055
40,8,40.5,8.5,16.0,3.0,8.462867097009429,8.414595177428954,0.0625,0.3761791992644713,0.7723510275322265,0.3087012905311749
-60,-30,-59.5,-29.5,11.0,2.0,3.1806936360801705,2.4077565735160418,0.0,0.3299328642953273,0.9348604064300416,0.3084411716097575
38,12,38.5,12.5,13.0,1.0,5.321476052915794,4.433136248752421,0.0,0.3504001825878749,0.8800656608478121,0.3083751682503922
5,-22,5.5,-21.5,17.0,4.0,6.591057792063273,7.2702450102948895,0.0,0.3837683934896953,0.80331034692886,0.30828512131453845
86,-2,86.5,-1.5,16.0,1.0,8.281415668166861,6.688817885829842,0.0,0.3761791992644713,0.8190403119073776,0.3081059286986401
72,22,72.5,22.5,19.0,2.0,11.767873307680553,8.353450305113604,0.0,0.3977576098321221,0.7740052446467468,0.30786647610821694
53,20,53.5,20.5,15.0,4.0,10.48796912112611,6.056495521339441,0.0,0.3681297801346123,0.8361471998216949,0.30781068483053226
27,-16,27.5,-15.5,12.0,3.0,6.521586571108614,3.5657847181760536,0.0,0.34056051496016676,0.903531042193037,0.30770699701175686
71,0,71.5,0.5,16.0,2.0,9.79497763489219,6.74407224648054,0.0,0.3761791992644713,0.8175454570556272,0.30754359539749204
-18,-14,-17.5,-13.5,19.0,1.0,7.8275609100137755,8.391759350696168,0.0,0.3977576098321221,0.7729688293850258,0.30745423405092126
-17,-32,-16.5,-31.5,17.0,2.0,7.4045337014910615,7.356971387740233,0.0,0.3837683934896953,0.800964046210289,0.3073846852571287
75,19,75.5,19.5,19.0,4.0,9.709120023636027,8.400910664919166,0.0,0.3977576098321221,0.77272124917045,0.30735575713652985
113,-10,113.5,-9.5,26.0,2.0,13.627188479949176,11.006842722078094,0.0,0.4376039226840634,0.7022202039479368,0.30729431583562017
70,-10,70.5,-9.5,13.0,2.0,6.4648475864513335,4.569688392002576,0.0,0.3504001825878749,0.8763713708144004,0.30708068834815216
-2,-23,-1.5,-22.5,13.0,1.0,3.9853414234531304,4.593518259461091,0.0,0.3504001825878749,0.8757266761230236,0.30685478721058024
-87,-34,-86.5,-33.5,11.0,2.0,5.996454123310982,5.45111227182148,0.09090909090909091,0.3299328642953273,0.8525252752722687,0.3068466610415367
-70,-13,-69.5,-12.5,15.0,4.0,6.49746657793186,6.156059210241807,0.0,0.3681297801346123,0.8334535976939869,0.30681908967148896
1,-17,1.5,-16.5,15.0,3.0,7.2991597574090665,6.1587398873474415,0.0,0.3681297801346123,0.8333810744916523,0.3067923917209589
49,-12,49.5,-11.5,16.0,1.0,9.595697906093289,10.173476241839744,0.125,0.3761791992644713,0.7247661516631911,0.30672219440998305
116,4,116.5,4.5,19.0,1.0,9.729586079053464,8.459835104773076,0.0,0.3977576098321221,0.7711271037715172,0.30672167367292547
-24,-20,-23.5,-19.5,13.0,1.0,7.215864848611058,4.6175964527026325,0.0,0.3504001825878749,0.8750752632107279,0.30662653200717177
-71,-34,-70.5,-33.5,12.0,2.0,5.546455464664397,3.6970189342228483,0.0,0.34056051496016676,0.8999806236873669,0.30649786465714174
47,17,47.5,17.5,14.0,3.0,9.830233525053213,5.455695636741537,0.0,0.35956069399283713,0.8524012766374568,0.3064899945881443
12,-12,12.5,-11.5,12.0,1.0,5.835479732184363,3.7064086915234653,0.0,0.34056051496016676,0.899726592619189,0.3064113517057472
-29,-23,-28.5,-22.5,15.0,3.0,6.179919989400051,6.208131333780461,0.0,0.3681297801346123,0.8320448352796539,0.3063004822736387
-64,-12,-63.5,-11.5,15.0,4.0,8.126326424744075,6.215748788360515,0.0,0.3681297801346123,0.8318387521976512,0.3062246169539716
-2,-17,-1.5,-16.5,16.0,3.0,7.789782950022797,6.895994489557354,0.0,0.3761791992644713,0.8134353434016506,0.30599745613425317
110,30,110.5,30.5,17.0,4.0,9.706263928503287,7.4943854448033305,0.0,0.3837683934896953,0.7972464379078775,0.3059579846912883
31,-16,31.5,-15.5,18.0,3.0,8.686699545691589,8.049582688490624,0.0,0.39094715538793934,0.7822260977278321,0.3058090677769042
125,-12,125.5,-11.5,24.0,4.0,11.694112746968116,10.517931973539811,0.0,0.4273854395296319,0.7154472252349189,0.3057717268172814
62,22,62.5,22.5,30.0,5.0,13.566412403025849,12.183877584743483,0.0,0.455946799621607,0.6703766307997876,0.3056560793542788
-77,-24,-76.5,-23.5,15.0,4.0,7.64234995288581,6.27651192940295,0.0,0.3681297801346123,0.8301948624643306,0.3056194521878787
46,10,46.5,10.5,17.0,2.0,7.38372641686292,7.528463389032704,0.0,0.3837683934896953,0.79632449112089,0.3056041706539631
-70,-26,-69.5,-25.5,14.0,2.0,5.429724982244019,5.548420225516155,0.0,0.35956069399283713,0.8498926999428037,0.30558800901088057
9,10,9.5,10.5,12.0,1.0,5.2953035420649925,3.8000580241245983,0.0,0.34056051496016676,0.8971929978485068,0.30554850936594324
55,-11,55.5,-10.5,21.0,2.0,11.329910312871,9.450202378785917,0.0,0.41041239532357165,0.7443336469811668,0.30548375497747043
-8,-7,-7.5,-6.5,17.0,2.0,7.6667341378401925,7.565666923676103,0.0,0.3837683934896953,0.7953179844197172,0.30521790519421743
-61,-8,-60.5,-7.5,13.0,3.0,5.697336166848223,4.7760574745288915,0.0,0.3504001825878749,0.8707882490366292,0.3051243614578108
-52,-15,-51.5,-14.5,18.0,5.0,8.139337952118476,8.131975116517555,0.0,0.39094715538793934,0.7799970479418403,0.30493762710385264
-62,-10,-61.5,-9.5,13.0,3.0,5.1569397536134165,4.795800037533042,0.0,0.3504001825878749,0.870254132529892,0.30493720693632687
-35,-31,-34.5,-30.5,20.0,4.0,9.590288529832112,9.084260526828524,0.0,0.404235711782243,0.754233860220719,0.30488826133659114
-16,-25,-15.5,-24.5,11.0,2.0,4.271234344401514,2.806271904146291,0.0,0.3299328642953273,0.9240789483066634,0.30488401424983114
-43,-8,-42.5,-7.5,12.0,1.0,3.654393629963502,3.8931643941626604,0.0,0.34056051496016676,0.8946740924202072,0.3046906696361456
-69,-28,-68.5,-27.5,15.0,3.0,6.509875109692815,6.3828833609902285,0.0,0.3681297801346123,0.8273170832497435,0.3045600559583368
-4,-5,-3.5,-4.5,11.0,1.0,3.866655635310292,2.85426628050029,0.0,0.3299328642953273,0.922780505514011,0.3044556153001277
-10,-24,-9.5,-23.5,14.0,1.0,5.366108863214123,5.6711369026706375,0.0,0.35956069399283713,0.8465727154551587,0.3043942730844575
-39,-30,-38.5,-29.5,11.0,2.0,3.51234262081606,2.8639026168782746,0.0,0.3299328642953273,0.9225198034803961,0.30436960113144956
-14,-7,-13.5,-6.5,14.0,4.0,10.815512728523773,5.707349998027974,0.0,0.35956069399283713,0.8455930041589945,0.3040420074108961
89,-14,89.5,-13.5,37.0,3.0,14.242413338661466,13.695663729808894,0.0,0.48297960042159244,0.6294766759881394,0.30402439344346377
70,-5,70.5,-4.5,15.0,2.0,11.063291778333857,6.448953403460345,0.0,0.3681297801346123,0.8255296202806908,0.3039020376085407
-46,-12,-45.5,-11.5,16.0,4.0,8.833656340622273,7.109624040696493,0.0,0.3761791992644713,0.8076557964620632,0.3038233107944077
56,-5,56.5,-4.5,15.0,2.0,6.369706190604345,6.460766595381896,0.0,0.3681297801346123,0.8252100254640893,0.303784385238973
-77,-23,-76.5,-22.5,13.0,2.0,5.649475676477703,4.950851744902364,0.0,0.3504001825878749,0.8660593541575847,0.3034673558287547
118,-9,118.5,-8.5,30.0,1.0,13.81918997274927,12.370775242732904,0.0,0.455946799621607,0.6653202901320805,0.3033506570090411
36,-12,36.5,-11.5,18.0,1.0,9.409309415597294,8.29638146048557,0.0,0.39094715538793934,0.7755491886589725,0.3031987491696496
-54,-13,-53.5,-12.5,13.0,4.0,5.493756700248284,4.9914934303612934,0.0,0.3504001825878749,0.8649598315140117,0.3030820828936872
-73,-12,-72.5,-11.5,15.0,4.0,7.121216106897544,6.5333477635927135,0.0,0.3681297801346123,0.8232464101011038,0.3030615199471282
14,-13,14.5,-12.5,17.0,1.0,9.797502088663869,7.782609459558302,0.0,0.3837683934896953,0.7894488077883078,0.3029655007072742
127,34,127.5,34.5,20.0,3.0,10.617845697159627,9.261745528734984,0.0,0.404235711782243,0.7494321701262477,0.30294724672349477
-71,-13,-70.5,-12.5,17.0,5.0,8.96637097137744,7.798301930549263,0.0,0.3837683934896953,0.7890242627185515,0.3028025737278898
60,-3,60.5,-2.5,12.0,2.0,4.81889714826026,4.099084210889101,0.0,0.34056051496016676,0.8891031251068576,0.302793418139085
76,23,76.5,23.5,21.0,3.0,9.822895116305661,9.698743887741577,0.0,0.41041239532357165,0.7376095898000068,0.30272411856345793
-34,-20,-33.5,-19.5,12.0,1.0,4.842258220410453,4.10754360791937,0.0,0.34056051496016676,0.8888742640623235,0.3027154771039041
76,2,76.5,2.5,18.0,3.0,10.752373429253904,8.3476409997233,0.0,0.39094715538793934,0.7741624099500048,0.30265659197822614
22,-12,22.5,-11.5,11.0,1.0,6.302796905735017,5.895880086976352,0.09090909090909091,0.3299328642953273,0.8404924996043036,0.3025157430689314
77,-16,77.5,-15.5,18.0,2.0,8.819723794408072,8.361807233289305,0.0,0.39094715538793934,0.77377915580087,0.30250675985883124
77,19,77.5,19.5,14.0,3.0,7.170679546527666,5.86523938130702,0.0,0.35956069399283713,0.8413214551291067,0.3025061262772852
12,-8,12.5,-7.5,12.0,2.0,5.118738654865732,4.152341863926518,0.0,0.34056051496016676,0.887662289304972,0.3023027263564218
-75,-19,-74.5,-18.5,16.0,5.0,8.36432844961999,7.260718061553311,0.0,0.3761791992644713,0.8035680895826707,0.30228560049369
-79,-19,-78.5,-18.5,13.0,2.0,4.892094742047542,5.07603634738803,0.0,0.3504001825878749,0.8626726022671206,0.30228063734795624
72,-18,72.5,-17.5,15.0,1.0,7.751117826945094,6.6124062942336055,0.0,0.3681297801346123,0.8211075557788559,0.3022741439757391
-55,-17,-54.5,-16.5,13.0,1.0,4.4912232024981975,5.083873326510279,0.0,0.3504001825878749,0.8624605801547298,0.30220634476106184
-72,-10,-71.5,-9.5,15.0,4.0,6.666550970954262,6.635212190617022,0.0,0.3681297801346123,0.8204905636635587,0.30204701080398993
-76,-23,-75.5,-22.5,13.0,3.0,5.70912217834531,5.101991963931825,0.0,0.3504001825878749,0.8619703974300047,0.30203458464481675
75,18,75.5,18.5,22.0,3.0,9.749120793895743,10.147069246984831,0.0,0.41631446707714126,0.7254805681167371,0.3020280560903411
65,0,65.5,0.5,15.0,3.0,7.81514927345098,6.639124716406876,0.0,0.3681297801346123,0.8203847139515958,0.30200804437279777
-47,-8,-46.5,-7.5,13.0,2.0,6.493835566294698,5.113334409200629,0.0,0.3504001825878749,0.861663538222132,0.3019270611223494
93,-11,93.5,-10.5,26.0,3.0,13.14469536885494,11.462017851889543,0.0,0.4376039226840634,0.6899058681528638,0.30190551418644745
67,20,67.5,20.5,12.0,2.0,5.19421014647689,4.199658919116674,0.0,0.34056051496016676,0.8863821708005034,0.3018667685393299
57,24,57.5,24.5,26.0,2.0,11.155406802195422,11.501635381346748,0.0,0.4376039226840634,0.6888340530883867,0.3014364837098404
-129,-30,-128.5,-29.5,11.0,1.0,4.062914772326392,3.207903520993282,0.0,0.3299328642953273,0.9132131819854219,0.30129904084470027
56,21,56.5,21.5,7.0,2.0,4.815188071924443,1.6876781169018884,0.14285714285714285,0.27609733510095924,0.9543414530268048,0.30113272223666065
68,-18,68.5,-17.5,30.0,3.0,12.255579272347257,12.55321137769586,0.0,0.455946799621607,0.6603846517811458,0.3011002684988428
-34,-27,-33.5,-26.5,12.0,3.0,5.661546190334338,4.291921477390449,0.0,0.34056051496016676,0.8838860939072724,0.301016703307191
-80,-38,-79.5,-37.5,11.0,2.0,4.111073511285418,3.245622898613145,0.0,0.3299328642953273,0.9121927196368209,0.3009623567791208
54,19,54.5,19.5,19.0,3.0,9.737258670102275,9.001518371921765,0.0,0.3977576098321221,0.7564723715391029,0.3008926424074306
29,10,29.5,10.5,16.0,4.0,8.052511451712096,7.398477222446549,0.0,0.3761791992644713,0.799841144820136,0.3008836013972168
-41,-14,-40.5,-13.5,12.0,4.0,6.835578585037768,4.311305777368245,0.0,0.34056051496016676,0.8833616698703575,0.3008381051871218
19,-12,19.5,-11.5,15.0,1.0,8.952488911759913,6.767777921888744,0.0,0.3681297801346123,0.8169041222635736,0.3007267349199478
-13,-12,-12.5,-11.5,28.0,3.0,11.987988381119,12.10534252269849,0.0,0.4470918689086096,0.6725013231706329,0.3006698734198711
-27,-1,-26.5,-0.5,12.0,2.0,4.18853507015016,4.352429869719163,0.0,0.34056051496016676,0.8822490961612303,0.30045920651181024
8,1,8.5,1.5,14.0,1.0,7.3292403430833275,6.080213775183995,0.0,0.35956069399283713,0.8355055247318551,0.30041494630743537
-66,-16,-65.5,-15.5,12.0,3.0,7.391992999591797,4.376282248338206,0.0,0.34056051496016676,0.8816037924515399,0.30023944154813237
-74,-16,-73.5,-15.5,13.0,2.0,5.523102303215476,5.296859163691174,0.0,0.3504001825878749,0.8566984482919306,0.3001872927042416
61,24,61.5,24.5,27.0,2.0,11.973360435735053,12.7827634336249,0.037037037037037035,0.442432627621528,0.6541743364233393,0.3001476287562122
70,-12,70.5,-11.5,15.0,2.0,7.0515774096078845,6.830009150799501,0.0,0.3681297801346123,0.8152205147912923,0.30010694887134387
116,31,116.5,31.5,22.0,3.0,12.709658168906685,10.318223622157099,0.0,0.41631446707714126,0.7208501471850393,0.30010034486781845
74,22,74.5,22.5,13.0,4.0,6.495988372445243,5.307522303299843,0.0,0.3504001825878749,0.8564099670609256,0.3000862088282243
-79,-36,-78.5,-35.5,13.0,2.0,5.199070344822638,5.32266033107467,0.0,0.3504001825878749,0.8560004219318419,0.29994270414021534
72,-12,72.5,-11.5,22.0,2.0,9.722146995347948,10.358424478724835,0.0,0.41631446707714126,0.7197625507532444,0.29964756273892074
91,-12,91.5,-11.5,24.0,4.0,12.575247280810224,11.047624672123618,0.0,0.4273854395296319,0.701116886577661,0.2996471487316408
95,-11,95.5,-10.5,22.0,5.0,13.580488353865139,10.370159036297148,0.0,0.41631446707714126,0.7194450833151356,0.2995153964516102
43,11,43.5,11.5,20.0,3.0,10.535317598375457,9.579053632025019,0.0,0.404235711782243,0.7408476972970099,0.2994770962390925
-30,-14,-29.5,-13.5,16.0,2.0,9.583637737340673,7.5383154854107985,0.0,0.3761791992644713,0.7960579519030389,0.2994604429150002
70,23,70.5,23.5,22.0,2.0,12.583309826589089,10.382053352596191,0.0,0.41631446707714126,0.7191232937546649,0.29938143080223184
-18,-28,-17.5,-27.5,12.0,2.0,6.948542194191457,4.478474763501988,0.0,0.34056051496016676,0.8788390698974073,0.29929788621137504
111,31,111.5,31.5,15.0,3.0,11.467667887112574,6.921371251421626,0.0,0.3681297801346123,0.8127487989344304,0.29919703665640207
-63,-7,-62.5,-6.5,14.0,3.0,7.6760151299228045,6.2085251871925164,0.0,0.35956069399283713,0.8320341799453607,0.299166787166915
39,10,39.5,10.5,12.0,2.0,6.879354288119306,4.498079825870801,0.0,0.34056051496016676,0.8783086733412666,0.2991172540870827
43,9,43.5,9.5,20.0,4.0,9.08124130006939,9.615692736305682,0.0,0.404235711782243,0.7398564607293844,0.2990764030196338
-4,-23,-3.5,-22.5,12.0,1.0,5.876364625681654,4.517066091658981,0.0,0.34056051496016676,0.8777950177456566,0.2989423232729295
121,-13,121.5,-12.5,19.0,2.0,11.553359699963195,9.187822647396306,0.0,0.3977576098321221,0.7514320842782377,0.29888782979368156
-38,-25,-37.5,-24.5,12.0,3.0,6.698650023037803,4.525567567625952,0.0,0.34056051496016676,0.877565018294996,0.298863994541572
-34,-26,-33.5,-25.5,12.0,1.0,5.658760189090468,4.550288445330503,0.0,0.34056051496016676,0.8768962181579392,0.2986362276224905
-71,-33,-70.5,-32.5,12.0,2.0,4.925903683206894,4.571523307880285,0.0,0.34056051496016676,0.876321728888043,0.29844057926089557
69,2,69.5,2.5,17.0,2.0,8.006995126840517,8.245809845006676,0.0,0.3837683934896953,0.7769173562365034,0.29815632567714423
-13,-13,-12.5,-12.5,13.0,1.0,5.853213512302061,5.522638228238714,0.0,0.3504001825878749,0.8505902076736711,0.2980469640763128
47,8,47.5,8.5,16.0,1.0,11.110283888067572,7.68320635876479,0.0,0.3761791992644713,0.7921380653554994,0.29798586313233916
27,5,27.5,5.5,18.0,3.0,10.808515577368627,8.798516254592254,0.0,0.39094715538793934,0.7619644032345558,0.2978878159514184
92,-12,92.5,-11.5,20.0,3.0,12.118540562688604,9.727545387731956,0.0,0.404235711782243,0.7368303922581062,0.2978531580772449
-37,-9,-36.5,-8.5,14.0,3.0,12.078760349163034,6.354021472058919,0.0,0.35956069399283713,0.8280979145577446,0.2977514608524038
-35,-27,-34.5,-26.5,11.0,2.0,4.467424938058366,3.6171615943998225,0.0,0.3299328642953273,0.9021410890420741,0.29764599350615745
-70,-8,-69.5,-7.5,14.0,4.0,7.170907083886921,6.368507785113772,0.0,0.35956069399283713,0.8277060009585462,0.2976105441266908
-70,-20,-69.5,-19.5,16.0,4.0,8.196007810056223,7.727054530676974,0.0,0.3761791992644713,0.790951794231349,0.29753961261074574
51,19,51.5,19.5,21.0,4.0,10.804298953705366,10.1726885826714,0.0,0.41041239532357165,0.7247874610424956,0.29746175798694047
79,23,79.5,23.5,23.0,5.0,13.807362820901092,10.916455626931576,0.0,0.4219653093289804,0.7046655419470416,0.297344413381157
116,-9,116.5,-8.5,22.0,1.0,14.288931527567572,10.574340342238685,0.0,0.41631446707714126,0.7139211497788676,0.2972157030052892
-69,-30,-68.5,-29.5,10.0,3.0,3.468499443548402,2.4773697745798264,0.0,0.31837995028991856,0.9329770866317378,0.29704119846344573
44,9,44.5,9.5,19.0,4.0,10.66522689021982,9.37770852019717,0.0,0.3977576098321221,0.7462949002642979,0.29684447575902906
-64,-17,-63.5,-16.5,11.0,2.0,7.034018551154596,3.7160906878072733,0.0,0.3299328642953273,0.8994646552996899,0.29676295005543596
52,22,52.5,22.5,23.0,3.0,15.980171820312409,11.000368402922476,0.0,0.4219653093289804,0.702395360574266,0.2963864755959609
-69,-23,-68.5,-22.5,11.0,3.0,4.852772632416257,3.7589150030296734,0.0,0.3299328642953273,0.8983060836570319,0.29638069919488247
72,-16,72.5,-15.5,14.0,2.0,9.693779617403084,6.521723086609827,0.0,0.35956069399283713,0.8235609048230272,0.2961201304835366
45,11,45.5,11.5,18.0,2.0,10.225942782566321,8.973497178055563,0.0,0.39094715538793934,0.7572304586314056,0.2960370937750527
-30,-33,-29.5,-32.5,13.0,1.0,7.9471997807671935,5.768875193655638,0.0,0.3504001825878749,0.8439284977543269,0.29571269970422714
-77,-37,-76.5,-36.5,10.0,2.0,3.9927362300835725,2.6353246475604726,0.0,0.31837995028991856,0.9287037658394584,0.29568065880202693
52,-3,52.5,-2.5,12.0,4.0,9.644138331249435,4.888625828484921,0.0,0.34056051496016676,0.867742817905347,0.2955189409188312
72,-9,72.5,-8.5,14.0,1.0,6.198146950579713,6.593151060362186,0.0,0.35956069399283713,0.8216284880534367,0.2954253093687792
-14,-27,-13.5,-26.5,13.0,3.0,6.489870763783482,5.803840969565247,0.0,0.3504001825878749,0.842982531514773,0.2953812329611655
55,22,55.5,22.5,14.0,2.0,7.783058831452943,6.598861197209766,0.0,0.35956069399283713,0.8214740056619975,0.2953697635729036
47,-13,47.5,-12.5,15.0,3.0,11.979159798957154,7.310935986588746,0.0,0.3681297801346123,0.8022094907680247,0.29531720345833223
-64,-9,-63.5,-8.5,14.0,3.0,7.37431131383521,6.613096604838444,0.0,0.35956069399283713,0.8210888800735412,0.2952312875490439
-6,-23,-5.5,-22.5,11.0,1.0,5.846774040793107,3.8890982245247896,0.0,0.3299328642953273,0.8947840988222293,0.2952186806503313
-77,-34,-76.5,-33.5,11.0,2.0,6.738755525183168,3.895150831482565,0.0,0.3299328642953273,0.8946203512234875,0.295164654936057
-53,-12,-52.5,-11.5,11.0,2.0,4.7266500404147145,3.896797916238634,0.0,0.3299328642953273,0.8945757908917804,0.29514995301818286
65,23,65.5,23.5,29.0,3.0,15.733060831965679,12.817978779824104,0.0,0.45159313902649023,0.6532216182939099,0.2949904010853106
-23,1,-22.5,1.5,12.0,1.0,4.957307409463424,4.946527667669917,0.0,0.34056051496016676,0.8661763380074411,0.2949854597181256
-25,-21,-24.5,-20.5,17.0,2.0,9.79285368213518,8.551705619352763,0.0,0.3837683934896953,0.7686416332523588,0.2949803647625533
-22,1,-21.5,1.5,12.0,1.0,5.886687817327613,4.95021428159937,0.0,0.34056051496016676,0.8660766001287638,0.2949514929348022
-28,-17,-27.5,-16.5,16.0,2.0,8.228622986875514,8.010354672494806,0.0,0.3761791992644713,0.7832873748713067,0.29465641747305793
35,9,35.5,9.5,11.0,1.0,5.519083147182419,3.983713092079016,0.0,0.3299328642953273,0.8922243824098854,0.29437414608262297
-83,-27,-82.5,-26.5,13.0,3.0,6.075785675735578,5.914226661194815,0.0,0.3504001825878749,0.8399961502635368,0.2943348044254553
28,13,28.5,13.5,14.0,3.0,8.74967650454592,6.7174615812395455,0.0,0.35956069399283713,0.8182653836202521,0.29421606920481297
37,8,37.5,8.5,13.0,2.0,7.833058144970693,5.92752022350035,0.0,0.3504001825878749,0.8396365054160451,0.29420878480522744
95,-14,95.5,-13.5,19.0,2.0,12.901058894271742,9.639930393940018,0.0,0.3977576098321221,0.7392007336576552,0.29402271700582
45,12,45.5,12.5,13.0,2.0,5.503713915300972,5.948353217488438,0.0,0.3504001825878749,0.8390728883227906,0.2940112932728414
-80,-23,-79.5,-22.5,15.0,3.0,10.37629880383364,7.466962032848965,0.0,0.3681297801346123,0.7979883525717841,0.29376327678223235
37,7,37.5,7.5,12.0,1.0,6.061854526431962,5.1093514788939745,0.0,0.34056051496016676,0.8617712926621974,0.2934852752069265
91,-10,91.5,-9.5,12.0,1.0,6.630651352042346,5.156800418599915,0.0,0.34056051496016676,0.8604876061459741,0.2930481022659141
105,29,105.5,29.5,12.0,2.0,7.752870518885007,7.629489152826503,0.08333333333333333,0.34056051496016676,0.7935913339296659,0.292788029463597
126,-12,126.5,-11.5,20.0,3.0,14.135222531502908,10.197908643776543,0.0,0.404235711782243,0.7241051559671949,0.2927091631275911
-75,-16,-74.5,-15.5,11.0,2.0,4.175170325136438,4.190288056926066,0.0,0.3299328642953273,0.8866356906792197,0.29253025301226077
-27,-33,-26.5,-32.5,10.0,1.0,2.838608559979283,3.00302440281365,0.0,0.31837995028991856,0.9187559941766493,0.2925134877545263
101,-14,101.5,-13.5,15.0,2.0,7.419328124594075,7.597241604688084,0.0,0.3681297801346123,0.7944637610688832,0.2924657696872051
-18,-32,-17.5,-31.5,13.0,3.0,6.163944629933634,6.111454327735992,0.0,0.3504001825878749,0.8346603409128088,0.2924651358547061
11,-9,11.5,-8.5,13.0,1.0,10.489094148724433,6.1205543866499985,0.0,0.3504001825878749,0.8344141473624969,0.29237886958972487
-16,-33,-15.5,-32.5,13.0,1.0,5.980276648110769,6.160905209463632,0.0,0.3504001825878749,0.8333224937347153,0.2919963539592275
-21,3,-20.5,3.5,10.0,1.0,5.677658302612136,6.158004584547768,0.1,0.31837995028991856,0.8334009674185572,0.29187197443611934
136,-7,136.5,-6.5,17.0,1.0,14.136380012738659,10.425978515228591,0.058823529411764705,0.3837683934896953,0.7179349397188619,0.29172784070755997
-67,-22,-66.5,-21.5,14.0,3.0,7.389746384478769,6.981449253296548,0.0,0.35956069399283713,0.8111234449980428,0.29164810879735714
71,23,71.5,23.5,22.0,1.0,10.184819945862673,11.076892569670244,0.0,0.41631446707714126,0.7003250710877544,0.2915554587506596
-31,-22,-30.5,-21.5,12.0,2.0,6.291379529473798,5.355640701386193,0.0,0.34056051496016676,0.8551081689767426,0.2912160783733648
-37,-18,-36.5,-17.5,12.0,3.0,10.739163857883902,5.361519126437688,0.0,0.34056051496016676,0.8549491337059442,0.2911619172396448
-78,-36,-77.5,-35.5,13.0,3.0,6.949662359987802,6.276828817165899,0.0,0.3504001825878749,0.8301862893634147,0.2908974273748909
5,-10,5.5,-9.5,11.0,5.0,6.862558296232052,4.3915870707524585,0.0,0.3299328642953273,0.8811897348500819,0.2907334532067275
-31,0,-30.5,0.5,16.0,2.0,8.048665703486243,8.404500936998437,0.0,0.3761791992644713,0.7726241177300787,0.2906451219401196
119,32,119.5,32.5,21.0,3.0,13.244847308231648,10.796432744198686,0.0,0.41041239532357165,0.7079126483556841,0.2905361256915096
-70,-21,-69.5,-20.5,12.0,3.0,6.312941202819712,5.4531865097024035,0.0,0.34056051496016676,0.8524691587138022,0.2903173356792326
-70,-14,-69.5,-13.5,13.0,4.0,7.18095940545887,6.351521471270054,0.0,0.3504001825878749,0.8281655497319571,0.2901893598390656
145,38,145.5,38.5,18.0,3.0,14.716766111442436,10.979456782342849,0.05555555555555555,0.39094715538793934,0.7029611048361358,0.2900884578553864
-48,-14,-47.5,-13.5,12.0,2.0,5.156117853393474,5.494780000972835,0.0,0.34056051496016676,0.8513438858576036,0.2899341121758549
76,1,76.5,1.5,14.0,2.0,9.334944617959872,7.163054431007192,0.0,0.35956069399283713,0.8062102874154237,0.2898815304472544
-7,-5,-6.5,-4.5,9.0,1.0,3.64155745548657,1.9365714549172774,0.0,0.3057251647984691,0.9476078774407491,0.28970757449490053
31,10,31.5,10.5,12.0,2.0,7.4332184896328295,5.5341662652466885,0.0,0.34056051496016676,0.8502783274555383,0.2895712250577274
49,20,49.5,20.5,17.0,3.0,11.190504312577744,9.073214700425027,0.0,0.3837683934896953,0.754532694683672,0.28956580007420357
-10,-14,-9.5,-13.5,11.0,1.0,6.72315249073591,7.232925963951225,0.09090909090909091,0.3299328642953273,0.8043199786906352,0.28949628477748135
77,-15,77.5,-14.5,14.0,2.0,11.4387416078431,7.205421395773637,0.0,0.35956069399283713,0.8050640889599673,0.289469402535157
-35,-4,-34.5,-3.5,10.0,1.0,4.876267884410584,3.3585400176545095,0.0,0.31837995028991856,0.9091378529935937,0.28945126444278363
-15,-33,-14.5,-32.5,13.0,1.0,7.585066615290556,6.432420462003085,0.0,0.3504001825878749,0.8259769034898355,0.2894224577962059
78,-17,78.5,-16.5,25.0,2.0,12.203060828342139,12.243391441916906,0.0,0.43259295999381986,0.6687665392686506,0.2893036967670487
87,-11,87.5,-10.5,19.0,4.0,13.230796305607882,10.078997271554805,0.0,0.3977576098321221,0.7273221915025019,0.28929793646989616
89,2,89.5,2.5,15.0,2.0,9.572033460228031,7.918768086009819,0.0,0.3681297801346123,0.7857651639824293,0.2892635570542893
3,-13,3.5,-12.5,28.0,4.0,16.91658057046787,13.054940426589813,0.0,0.4470918689086096,0.646810843412525,0.28918386881165986
-75,-23,-74.5,-22.5,14.0,3.0,7.002105805352549,7.25414298801173,0.0,0.35956069399283713,0.8037459720243187,0.2889954594950115
-80,-24,-79.5,-23.5,13.0,3.0,6.81960124895529,6.500336145154768,0.0,0.3504001825878749,0.824139508444926,0.2887786342369836
15,-13,15.5,-12.5,14.0,2.0,9.198241407604888,7.2848343593278475,0.0,0.35956069399283713,0.8029156457880094,0.2886969068172437
-12,-28,-11.5,-27.5,14.0,2.0,10.460301587679016,7.285518811716926,0.0,0.35956069399283713,0.8028971285712223,0.28869024875392485
76,-16,76.5,-15.5,9.0,1.0,3.0116307845519548,2.0648165535951075,0.0,0.3057251647984691,0.9441383266991582,0.288646845522651
-81,-31,-80.5,-30.5,11.0,2.0,6.9191288495156265,4.628992222936659,0.0,0.3299328642953273,0.8747669613459854,0.28861436914780086
-17,-31,-16.5,-30.5,12.0,1.0,6.179021236355671,5.639719537670999,0.0,0.34056051496016676,0.8474226827689751,0.28859870523272824
-1,2,-0.5,2.5,12.0,1.0,5.735760172661482,5.651038360790683,0.0,0.34056051496016676,0.8471164626361691,0.28849441874660864
118,7,118.5,7.5,11.0,1.0,6.56045941280125,4.647964393153378,0.0,0.3299328642953273,0.8742536870928277,0.28844502310328746
-29,-14,-28.5,-13.5,12.0,2.0,8.816576168507195,5.658550149717,0.0,0.34056051496016676,0.846913238239224,0.2884252085413325
-58,-4,-57.5,-3.5,7.0,4.0,6.143771885863317,3.1811205572873877,0.14285714285714285,0.27609733510095924,0.913937769923252,0.288383751684484
52,-20,52.5,-19.5,19.0,1.0,12.512865655723624,10.181603999370601,0.0,0.3977576098321221,0.7245462628139534,0.2881937897096747
12,3,12.5,3.5,12.0,1.0,6.6510898402882965,5.6991369862301156,0.0,0.34056051496016676,0.8458151994823849,0.2880512598968572
81,-3,81.5,-2.5,22.0,4.0,12.231675471473658,11.401562571020804,0.0,0.41631446707714126,0.6915414290182201,0.287898701483485
-72,-31,-71.5,-30.5,12.0,1.0,7.937524863775328,5.7346520382671935,0.0,0.34056051496016676,0.8448543730928912,0.2877240403668639
61,-4,61.5,-3.5,16.0,1.0,7.2416410515480525,8.716886830971852,0.0,0.3761791992644713,0.7641728106526771,0.2874659160110045
-74,-17,-73.5,-16.5,13.0,3.0,7.269149997208558,6.6390820148601986,0.0,0.3504001825878749,0.8203858692018509,0.287463358360841
-8,-6,-7.5,-5.5,11.0,2.0,5.605394844060065,4.758874761956159,0.0,0.3299328642953273,0.8712531111932643,0.287455034502209
72,23,72.5,23.5,22.0,2.0,15.526872452644987,11.453601634498309,0.0,0.41631446707714126,0.690133561012803,0.2873125856650948
-64,-18,-63.5,-17.5,9.0,3.0,2.984430161405779,2.260370102439148,0.0,0.3057251647984691,0.9388478090309779,0.28702940113667735
74,0,74.5,0.5,15.0,2.0,11.29327373638205,8.145932543300727,0.0,0.3681297801346123,0.7796194428641764,0.2870011340902582
92,-10,92.5,-9.5,15.0,2.0,9.25119602533534,8.154227921759949,0.0,0.3681297801346123,0.779395019188093,0.28691851705172455
108,-10,108.5,-9.5,13.0,2.0,7.382279661058994,6.6977477557763665,0.0,0.3504001825878749,0.8187987226597986,0.2869072219227122
-70,-30,-69.5,-29.5,11.0,1.0,4.089523836211023,4.828583643264587,0.0,0.3299328642953273,0.8693672028557713,0.28683281136262145
-50,-14,-49.5,-13.5,10.0,2.0,6.542169156254337,3.6956913636860422,0.0,0.31837995028991856,0.9000165398618483,0.28654722122131976
107,33,107.5,33.5,14.0,1.0,9.170807335583083,7.521240234997935,0.0,0.35956069399283713,0.7965199067718298,0.2863972504579891
5,10,5.5,10.5,12.0,3.0,11.286317910828858,5.8840271318528155,0.0,0.34056051496016676,0.8408131701770031,0.2863477662207705
53,-3,53.5,-2.5,13.0,3.0,10.976969740652152,6.764767845239454,0.0,0.3504001825878749,0.8169855570613043,0.2862718883659377
-33,-10,-32.5,-9.5,15.0,5.0,9.680310920792353,8.232587078191738,0.0,0.3681297801346123,0.7772750857784635,0.28613810643173765
43,-3,43.5,-2.5,10.0,2.0,6.511473213640096,3.7467691945206445,0.0,0.31837995028991856,0.8986346771031299,0.28610726382489154
-51,-20,-50.5,-19.5,9.0,2.0,2.4736128632535785,2.380665873238096,0.0,0.3057251647984691,0.9355933198919095,0.28603442190830086
-45,-8,-44.5,-7.5,11.0,2.0,6.639021111516926,4.934678105003631,0.0,0.3299328642953273,0.8664969168003946,0.2858858096630241
-72,-13,-71.5,-12.5,13.0,5.0,8.309643885640863,6.810306601027893,0.0,0.3504001825878749,0.8157535487775894,0.2858401924383743
-65,-17,-64.5,-16.5,12.0,2.0,6.180141581855636,5.94793834625416,0.0,0.34056051496016676,0.8390841122745314,0.2857589173711088
-11,-32,-10.5,-31.5,21.0,3.0,10.089930050712454,11.232088541317093,0.0,0.41041239532357165,0.6961263897808614,0.2856988990779136
-68,-25,-67.5,-24.5,11.0,1.0,5.192075138260322,4.9622938244316375,0.0,0.3299328642953273,0.865749799438337,0.2856393110917957
28,5,28.5,5.5,10.0,2.0,4.6663817465959285,3.801294873389359,0.0,0.31837995028991856,0.8971595360528669,0.2856376084906382
28,10,28.5,10.5,9.0,2.0,4.779280761430687,2.430016666609635,0.0,0.3057251647984691,0.9342581805103223,0.2856262362008362
-71,-37,-70.5,-36.5,14.0,4.0,8.095779729393643,7.63545449103531,0.0,0.35956069399283713,0.7934299473049949,0.2852862224876842
-12,-32,-11.5,-31.5,14.0,2.0,7.642636353097226,7.64664928248871,0.0,0.35956069399283713,0.793127082732473,0.28517732429180237
64,0,64.5,0.5,12.0,2.0,6.824474225267807,6.011518040691458,0.0,0.34056051496016676,0.8373640233334388,0.28517312299555303
128,41,128.5,41.5,14.0,3.0,10.233836211672953,7.650655686714968,0.0,0.35956069399283713,0.7930186932275513,0.2851383516861911
22,4,22.5,4.5,11.0,1.0,5.347286881410369,5.051174219923974,0.0,0.3299328642953273,0.8633452237838083,0.2848459625586822
62,-15,62.5,-14.5,24.0,3.0,11.868361053427941,12.330389660132429,0.0,0.4273854395296319,0.6664128841532607,0.28481516340205104
-65,-16,-64.5,-15.5,17.0,4.0,10.714364882014566,9.533954688376397,0.0,0.3837683934896953,0.7420678068762003,0.2847821701053009
93,-10,93.5,-9.5,18.0,2.0,10.901494649745068,10.045846319542127,0.0,0.39094715538793934,0.7282190593853749,0.2846951697659932
-9,-8,-8.5,-7.5,11.0,2.0,6.982987947929886,5.08443625193621,0.0,0.3299328642953273,0.8624453507358348,0.28454906486646214
-73,-25,-72.5,-24.5,12.0,3.0,6.796621663777049,6.139949376580599,0.0,0.34056051496016676,0.833889434118945,0.28398981510338994
51,-13,51.5,-12.5,18.0,3.0,9.633261755290052,10.114021360644529,0.0,0.39094715538793934,0.7263746476546074,0.28397410224648545
2,-22,2.5,-21.5,14.0,2.0,11.693351331011756,7.785442796025729,0.0,0.35956069399283713,0.7893721545302645,0.283827199701523
-86,-34,-85.5,-33.5,10.0,2.0,4.364313807902053,4.033406010798179,0.0,0.31837995028991856,0.8908799871482231,0.2836383260225346
83,0,83.5,0.5,12.0,3.0,9.415639877081817,6.234846378762372,0.0,0.34056051496016676,0.8313220848191355,0.28311547730376424
-84,-32,-83.5,-31.5,9.0,2.0,3.4777494130795734,2.748654943785644,0.0,0.3057251647984691,0.9256377210754354,0.2829907448194669
19,14,19.5,14.5,10.0,1.0,6.389957728955801,4.1132827095146185,0.0,0.31837995028991856,0.8887189980568297,0.2829503104230397
84,-5,84.5,-4.5,15.0,1.0,7.804331983212231,8.570790511966022,0.0,0.3681297801346123,0.7681253094005922,0.282769801265471
143,45,143.5,45.5,8.0,1.0,8.76530678713046,5.121625680009009,0.125,0.2917359484560423,0.8614392256746856,0.2827268882318734
-17,2,-16.5,2.5,10.0,1.0,5.213506987958795,4.155009747281131,0.0,0.31837995028991856,0.8875901122255601,0.282590895808197
135,42,135.5,42.5,10.0,2.0,8.463174330976832,4.159740977513344,0.0,0.31837995028991856,0.8874621132335514,0.2825501434954842
72,-5,72.5,-4.5,19.0,3.0,11.902987820987287,10.717228723961723,0.0,0.3977576098321221,0.7100554387623608,0.2824299541704154
-30,-21,-29.5,-20.5,12.0,2.0,6.957797459373349,6.309830411778831,0.0,0.34056051496016676,0.8292934622047672,0.2824246085415551
64,21,64.5,21.5,13.0,2.0,9.274516451618142,7.177931805193348,0.0,0.3504001825878749,0.8058077940244663,0.2823551981569057
-86,-37,-85.5,-36.5,10.0,2.0,4.866530300244782,4.185258517008007,0.0,0.31837995028991856,0.8867717601597104,0.2823303489181522
-29,-18,-28.5,-17.5,12.0,3.0,8.328512743248293,6.333059166260407,0.0,0.34056051496016676,0.8286650300606255,0.2822105893669287
-62,-8,-61.5,-7.5,13.0,3.0,8.46316834948659,7.1942783515825806,0.0,0.3504001825878749,0.8053655535588896,0.2822002370170199
-23,-19,-22.5,-18.5,13.0,2.0,6.696048401645482,7.2129140435783645,0.0,0.3504001825878749,0.804861382408096,0.28202357535372624
2,10,2.5,10.5,9.0,1.0,4.655331741942052,2.871189648910017,0.0,0.3057251647984691,0.9223226596702202,0.2819772471250404
100,-14,100.5,-13.5,16.0,1.0,9.026967773205747,9.28657778288575,0.0,0.3761791992644713,0.7487603568040044,0.2816680714635102
128,-12,128.5,-11.5,10.0,2.0,9.153217475671799,4.268069914417111,0.0,0.31837995028991856,0.884531375550434,0.2816170553776205
52,16,52.5,16.5,13.0,4.0,8.069284030347953,7.261355496246718,0.0,0.3504001825878749,0.8035508443854973,0.28156436259131934
-74,-14,-73.5,-13.5,11.0,2.0,5.830657468360618,5.421338672323324,0.0,0.3299328642953273,0.8533307720536948,0.28154186581501855
84,1,84.5,1.5,16.0,2.0,10.584947746479589,9.309842175558934,0.0,0.3761791992644713,0.7481309605020476,0.28143130566662006
-17,-30,-16.5,-29.5,14.0,2.0,7.651635240247139,8.067464849476483,0.0,0.35956069399283713,0.7817423126510582,0.28108380846037995
-23,-31,-22.5,-30.5,8.0,2.0,2.1524309138839266,1.3661328289025918,0.0,0.2917359484560423,0.9630405589102633,0.2809535508553227
124,-8,124.5,-7.5,15.0,1.0,15.389646033853909,10.525864572566604,0.06666666666666667,0.3681297801346123,0.7152326162157836,0.28085165413612795
-125,-27,-124.5,-26.5,9.0,1.0,7.33133737915542,3.0076372786624566,0.0,0.3057251647984691,0.9186311971513665,0.2808486741381165
16,-22,16.5,-21.5,9.0,1.0,3.903372144186003,3.02093296847202,0.0,0.3057251647984691,0.9182714947462507,0.2807387040610341
76,19,76.5,19.5,11.0,5.0,10.869758240101314,5.511765053045706,0.0,0.3299328642953273,0.8508843712202182,0.28073471778081516
46,-12,46.5,-11.5,18.0,1.0,11.258935249243933,10.423215647903962,0.0,0.39094715538793934,0.7180096865004069,0.2807038444783202
-71,-9,-70.5,-8.5,11.0,2.0,5.935417898748136,5.520186681626231,0.0,0.3299328642953273,0.850656531965633,0.2806595461229509
-44,-9,-43.5,-8.5,10.0,1.0,6.8600406629794435,4.3845698659683405,0.0,0.31837995028991856,0.881379578737401,0.2806135864649631
77,1,77.5,1.5,22.0,2.0,9.909650873011833,12.054165175353678,0.0,0.41631446707714126,0.6738858782551037,0.2805484402765848
42,9,42.5,9.5,12.0,3.0,8.671828957699871,6.577552133916016,0.0,0.34056051496016676,0.8220505023633581,0.279957942408129
70,-9,70.5,-8.5,8.0,1.0,6.28066932718831,5.443432275936679,0.125,0.2917359484560423,0.8527330503505542,0.27986949587681215
-72,-17,-71.5,-16.5,12.0,4.0,8.50118911338072,6.593492977309948,0.0,0.34056051496016676,0.8216192378114243,0.27981107073023836
-60,-8,-59.5,-7.5,10.0,3.0,4.904608618647353,4.488550536870969,0.0,0.31837995028991856,0.8785664793085672,0.2797179520086504
19,-13,19.5,-12.5,15.0,1.0,11.713121325205543,8.895900460324915,0.0,0.3681297801346123,0.7593297649777925,0.2795318994309416
28,6,28.5,6.5,13.0,2.0,9.073699657634041,7.4825057968574535,0.0,0.3504001825878749,0.7975678306298247,0.27946791347890587
51,20,51.5,20.5,13.0,4.0,11.043364045686708,7.485329151079919,0.0,0.3504001825878749,0.797491447432047,0.2794411487924579
-83,-28,-82.5,-27.5,12.0,2.0,6.660374656257116,6.651220450391271,0.0,0.34056051496016676,0.8200574752247494,0.2792791960594748
-37,-35,-36.5,-34.5,11.0,2.0,6.065185224301325,5.677674964281813,0.0,0.3299328642953273,0.846395834336539,0.27925380195028765
-49,-33,-48.5,-32.5,9.0,3.0,4.692981317945723,3.2221117299051456,0.0,0.3057251647984691,0.9128287922327135,0.27907473293813384
1,-22,1.5,-21.5,11.0,2.0,6.089125688592644,5.751575871009227,0.0,0.3299328642953273,0.8443965146870258,0.27859416069168186
10,-8,10.5,-7.5,10.0,2.0,5.850379609069448,4.621671624613878,0.0,0.31837995028991856,0.8749650132606516,0.2785713174273442
-75,-29,-74.5,-28.5,9.0,2.0,4.946100796513248,3.3171807306812084,0.0,0.3057251647984691,0.9102567896724166,0.278288407031525
122,-9,122.5,-8.5,45.0,2.0,16.537302761473377,16.742800034628466,0.0,0.5083469121107943,0.5470392640705557,0.27808572069362836
80,24,80.5,24.5,10.0,2.0,5.819249461667516,4.683813752050105,0.0,0.31837995028991856,0.8732838163451107,0.2780360580369467
59,-11,59.5,-10.5,18.0,2.0,9.747607818896078,12.069148199371092,0.05555555555555555,0.39094715538793934,0.6734805266071511,0.27792281253547246
120,-9,120.5,-8.5,40.0,2.0,16.63476234961154,16.133296395032946,0.0,0.4930686103799517,0.5635288128062422,0.2778583686394378
71,-9,71.5,-8.5,13.0,1.0,7.6766819325555735,7.654248820100552,0.0,0.3504001825878749,0.7929214843772239,0.27783983290362807
25,-14,25.5,-13.5,14.0,2.0,10.917064352178071,8.406140013574813,0.0,0.35956069399283713,0.7725797740521547,0.27778931972302207
27,10,27.5,10.5,10.0,3.0,5.414880587627509,4.715942470719819,0.0,0.31837995028991856,0.872414604025606,0.27775931826187145
-18,-3,-17.5,-2.5,14.0,3.0,10.85445690430153,8.415690128697994,0.0,0.35956069399283713,0.7723214046536395,0.2776964202427854
58,19,58.5,19.5,12.0,1.0,7.8566954074558195,6.842575677589638,0.0,0.34056051496016676,0.814880539207091,0.27751613606338527
23,4,23.5,4.5,10.0,2.0,5.028530317004514,4.763787148271852,0.0,0.31837995028991856,0.8711202111934958,0.2773472095363286
104,30,104.5,30.5,13.0,2.0,13.524601305011398,7.7149886584497045,0.0,0.3504001825878749,0.7912782250763922,0.27726403454457743
87,-5,87.5,-4.5,12.0,1.0,6.974347878669395,6.8716945533228015,0.0,0.34056051496016676,0.8140927553624383,0.27724784799157304
-26,4,-25.5,4.5,9.0,1.0,4.098245526635144,3.4549594787799585,0.0,0.3057251647984691,0.9065293149964263,0.27714882422192577
-77,-25,-76.5,-24.5,12.0,4.0,7.769151591490496,6.886580639991273,0.0,0.34056051496016676,0.8136900262634517,0.27711069436223273
81,2,81.5,2.5,6.0,1.0,6.320412623043468,2.9905147801383105,0.16666666666666666,0.2583677375542219,0.9190944302734493,0.2770417399731772
121,33,121.5,33.5,11.0,2.0,10.631733688571527,8.545181800290289,0.09090909090909091,0.3299328642953273,0.7688181290521949,0.27671821902585303
-70,-9,-69.5,-8.5,12.0,3.0,8.00072965022462,6.946579586579089,0.0,0.34056051496016676,0.8120668110936353,0.27655789136810893
97,22,97.5,22.5,19.0,2.0,15.209456610970635,11.263699194253634,0.0,0.3977576098321221,0.6952711932433808,0.27654940800961464
-67,-18,-66.5,-17.5,10.0,3.0,5.403084267673071,4.8782745930695075,0.0,0.31837995028991856,0.8680228608612354,0.276361075291513
-86,-36,-85.5,-35.5,10.0,1.0,6.405592937875245,4.884796078345355,0.0,0.31837995028991856,0.8678464281998053,0.2763049026695374
106,29,106.5,29.5,16.0,3.0,9.95682836645568,9.827650602739478,0.0,0.3761791992644713,0.7341221396500359,0.2761614786558709
-2,2,-1.5,2.5,10.0,1.0,5.114319138728131,4.919744480401452,0.0,0.31837995028991856,0.8669009319935467,0.27600387563438944
-16,-17,-15.5,-16.5,9.0,1.0,6.9939865350386565,3.601779560162063,0.0,0.3057251647984691,0.9025572355369266,0.2759344595745776
-74,-21,-73.5,-20.5,11.0,2.0,6.713766544388668,6.060193808781397,0.0,0.3299328642953273,0.8360471461270965,0.275839429607647
30,-13,30.5,-12.5,10.0,2.0,8.933347855626092,4.957779729379943,0.0,0.31837995028991856,0.8658719240418944,0.27567626013389446
141,32,141.5,32.5,12.0,1.0,7.839797253701267,7.045960940499754,0.0,0.34056051496016676,0.8093781418676718,0.2756422367919572
-51,-10,-50.5,-9.5,9.0,1.0,4.873822166734613,3.6520351860300195,0.0,0.3057251647984691,0.9011976167616523,0.27551878990044376
107,-11,107.5,-10.5,19.0,2.0,12.404470594927595,11.377637935891542,0.0,0.3977576098321221,0.6921886875599563,0.2753233179166818
-76,-19,-75.5,-18.5,9.0,2.0,3.936542610869788,3.700201751257347,0.0,0.3057251647984691,0.8998945155606919,0.2751203990710311
-73,-14,-72.5,-13.5,11.0,3.0,8.386144262516249,6.1540530546977745,0.0,0.3299328642953273,0.833507872348748,0.2750016397367265
69,-10,69.5,-9.5,10.0,2.0,5.138963211753969,5.047826946879489,0.0,0.31837995028991856,0.8634357811134336,0.27490064106943196
-62,-11,-61.5,-10.5,11.0,3.0,6.958161951075067,6.167912450740859,0.0,0.3299328642953273,0.8331329194007209,0.2748779304366079
-74,-33,-73.5,-32.5,9.0,2.0,4.255357669220697,3.736840510377434,0.0,0.3057251647984691,0.8989032883310618,0.2748173559628997
47,-11,47.5,-10.5,19.0,2.0,10.695494198544369,11.450467108376426,0.0,0.3977576098321221,0.6902183626741751,0.2745396061995207
65,1,65.5,1.5,15.0,2.0,10.718186095799098,9.415635613170785,0.0,0.3681297801346123,0.7452688183718151,0.2743556462483986
3,-14,3.5,-13.5,10.0,1.0,6.782134844380886,5.114110605190083,0.0,0.31837995028991856,0.8616425389683703,0.27432970872442897
36,-14,36.5,-13.5,15.0,2.0,8.297438715949975,9.425032732039249,0.0,0.3681297801346123,0.7450145881433305,0.274262056530283
-64,-16,-63.5,-15.5,11.0,3.0,8.646871594988946,6.248222947368504,0.0,0.3299328642953273,0.8309601943141117,0.2741610770254566
14,-8,14.5,-7.5,10.0,1.0,5.105862751618096,5.133732815883009,0.0,0.31837995028991856,0.8611116784804205,0.2741606933886646
31,-14,31.5,-13.5,14.0,2.0,10.718351487976248,8.783730718651398,0.0,0.35956069399283713,0.7623644120280091,0.2741162770642322
-20,-20,-19.5,-19.5,10.0,2.0,6.036964350715697,5.170420973716395,0.0,0.31837995028991856,0.86011911481498,0.2738446810182021
-72,-26,-71.5,-25.5,11.0,2.0,6.418302642230544,6.320129270829878,0.0,0.3299328642953273,0.8290148362422431,0.273519239464725
80,-17,80.5,-16.5,8.0,2.0,3.914414948171669,2.377427601421423,0.0,0.2917359484560423,0.9356809282956524,0.27297176306856225
83,24,83.5,24.5,11.0,4.0,10.475171290148063,6.393655996376677,0.0,0.3299328642953273,0.8270256397132709,0.2728629381562749
-82,-31,-81.5,-30.5,10.0,3.0,6.009658232258287,5.294419953074215,0.0,0.31837995028991856,0.8567644388451153,0.2727766194496778
-7,-9,-6.5,-8.5,11.0,1.0,5.688941047155258,6.415194719354828,0.0,0.3299328642953273,0.8264429297847652,0.2726706830005097
47,10,47.5,10.5,10.0,2.0,6.4537574335259675,5.315723975831664,0.0,0.31837995028991856,0.856188078510732,0.27259311787506774
-66,-30,-65.5,-29.5,10.0,5.0,5.397149468353845,5.317897516876787,0.0,0.31837995028991856,0.8561292753983891,0.2725743961430831
-9,-27,-8.5,-26.5,10.0,1.0,6.879217241281516,5.3218940815248565,0.0,0.31837995028991856,0.8560211520940173,0.272539971850812
-7,-25,-6.5,-24.5,9.0,1.0,5.229755423001382,4.020399607004501,0.0,0.3057251647984691,0.8912318631917759,0.27247200824795237
77,0,77.5,0.5,15.0,2.0,13.557473574562964,9.615477367245479,0.0,0.3681297801346123,0.7398622873371086,0.2723653411673011
31,-13,31.5,-12.5,11.0,2.0,8.681221873938743,6.451640721551875,0.0,0.3299328642953273,0.8254569174127178,0.2723453651143694
41,8,41.5,8.5,13.0,3.0,9.340664779078613,8.249555442568166,0.0,0.3504001825878749,0.7768160226110381,0.2721964761600945
-69,-19,-68.5,-18.5,12.0,4.0,9.649764103618558,7.422728297452107,0.0,0.34056051496016676,0.7991850547540253,0.2721708737954999
76,24,76.5,24.5,17.0,1.0,11.266414457925382,10.755012970703813,0.0,0.3837683934896953,0.7090332214405604,0.27210454032306725
-49,-14,-48.5,-13.5,11.0,3.0,5.438379993433674,6.515503434118083,0.0,0.3299328642953273,0.8237291716818597,0.2717753250166134
16,3,16.5,3.5,15.0,2.0,10.9482341078106,9.687073861595742,0.0,0.3681297801346123,0.7379253114009576,0.27165228264179986
10,3,10.5,3.5,10.0,1.0,7.813259096015345,5.431149673990042,0.0,0.31837995028991856,0.853065344614678,0.27159890201247344
-48,-12,-47.5,-11.5,9.0,2.0,5.174946656394669,4.132989716899973,0.0,0.3057251647984691,0.8881858434739778,0.2715407633677491
-32,-26,-31.5,-25.5,10.0,2.0,6.121930147662445,5.454582783238551,0.0,0.31837995028991856,0.8524313838441756,0.2713970616138751
134,43,134.5,43.5,11.0,2.0,7.249529214475877,6.56538810734063,0.0,0.3299328642953273,0.8223795886821373,0.27133005323191073
59,22,59.5,22.5,8.0,2.0,7.214915538283032,6.406541353258812,0.125,0.2917359484560423,0.8266770384802649,0.27131783612385624
-8,-4,-7.5,-3.5,15.0,2.0,9.807481646070071,9.733308019371952,0.0,0.3681297801346123,0.736674489669343,0.27119181791275293
57,17,57.5,17.5,14.0,2.0,9.590714347334957,9.109888496187281,0.0,0.35956069399283713,0.7535405195705822,0.2709435521685216
44,-11,44.5,-10.5,9.0,1.0,6.311565521757123,4.224624243646161,0.0,0.3057251647984691,0.8857067573840972,0.27078284436437083
-89,-37,-88.5,-36.5,9.0,2.0,4.347428102581948,4.245026501683866,0.0,0.3057251647984691,0.8851547934475831,0.2706140950989172
135,-8,135.5,-7.5,12.0,2.0,10.289754232868736,7.604669820164808,0.0,0.34056051496016676,0.7942627976731537,0.270494547389272
73,-6,73.5,-5.5,9.0,1.0,4.338857326404659,4.273580817066651,0.0,0.3057251647984691,0.8843822832531714,0.2703779192924222
56,-4,56.5,-3.5,14.0,3.0,10.468151793861642,9.168114017160653,0.0,0.35956069399283713,0.751965282765781,0.27037715892978426
-36,-8,-35.5,-7.5,9.0,2.0,12.138820221680486,4.288445172785331,0.0,0.3057251647984691,0.8839801420646292,0.2702549746112829
-71,-14,-70.5,-13.5,12.0,3.0,8.099739774273766,7.637118548287392,0.0,0.34056051496016676,0.7933849277983429,0.2701955795726384
48,19,48.5,19.5,8.0,1.0,8.901689547485596,2.7538031472392395,0.0,0.2917359484560423,0.9254984412643984,0.270001165556858
-19,-31,-18.5,-30.5,8.0,1.0,3.832448778330156,2.758568873221292,0.0,0.2917359484560423,0.9253695090222642,0.2699635513869124
-28,-3,-27.5,-2.5,9.0,1.0,5.165324014357239,4.348185138651053,0.0,0.3057251647984691,0.8823639333751047,0.2697608589433293
100,4,100.5,4.5,18.0,2.0,11.804088036707494,11.460179558861398,0.0,0.39094715538793934,0.6899556014448556,0.2697361797288411
82,1,82.5,1.5,16.0,2.0,11.610125510301103,10.491014852903033,0.0,0.3761791992644713,0.7161754426625606,0.2694103045536803
-50,-31,-49.5,-30.5,8.0,1.0,3.0809629607492752,2.8505446847928004,0.0,0.2917359484560423,0.9228811897918504,0.26923761921616624
-44,-15,-43.5,-14.5,9.0,1.0,3.852046318331477,4.425370154010074,0.0,0.3057251647984691,0.8802757652498545,0.2691224533991103
-14,-9,-13.5,-8.5,16.0,4.0,16.890960548310026,10.537411240493038,0.0,0.3761791992644713,0.7149202319556436,0.2689381203950441
64,22,64.5,22.5,14.0,2.0,10.959025926477837,9.350970672082836,0.0,0.35956069399283713,0.7470182676421553,0.2685984067387403
-10,-15,-9.5,-14.5,9.0,1.0,6.563453003882459,4.491765465827446,0.0,0.3057251647984691,0.8784795024239915,0.26857329065065194
14,10,14.5,10.5,10.0,2.0,6.379620986612876,5.803169204245121,0.0,0.31837995028991856,0.8430007054948209,0.26839452270980735
-31,-1,-30.5,-0.5,8.0,1.0,3.4702441811358926,2.9680338664949955,0.0,0.2917359484560423,0.9197026302858236,0.26831031914395154
-51,-12,-50.5,-11.5,11.0,3.0,7.959920572563968,6.920201514407455,0.0,0.3299328642953273,0.8127804450711392,0.2681629802855519
63,23,63.5,23.5,11.0,3.0,15.177585599396973,6.924528104393794,0.0,0.3299328642953273,0.8126633932410855,0.26812436103999127
-64,-8,-63.5,-7.5,11.0,3.0,7.535649254845729,6.937516054037364,0.0,0.3299328642953273,0.8123120164572382,0.26800843029124966
-5,-6,-4.5,-5.5,8.0,1.0,3.4640600956078296,3.028844322175475,0.0,0.2917359484560423,0.9180574604993921,0.26783036397593574
7,2,7.5,2.5,13.0,3.0,9.920791879308139,8.741481110201441,0.0,0.3504001825878749,0.7635074355185031,0.2675331448128836
78,2,78.5,2.5,9.0,1.0,5.746269081882023,4.621952509492557,0.0,0.3057251647984691,0.8749574141839682,0.26749649964303607
-65,-31,-64.5,-30.5,8.0,2.0,3.148774137410718,3.1002765019182608,0.0,0.2917359484560423,0.9161249299406793,0.2672665753404694
88,-14,88.5,-13.5,35.0,3.0,16.644886137850847,16.20553155561404,0.0,0.4758008385233484,0.5615745583548291,0.2671976457586067
-73,-20,-72.5,-19.5,10.0,2.0,6.57645684594744,5.956264387074527,0.0,0.31837995028991856,0.8388588590570545,0.2670758418468428
14,-12,14.5,-11.5,9.0,2.0,6.6610182984111095,4.695054632270247,0.0,0.3057251647984691,0.872979704884275,0.26689186414146393
-73,-36,-72.5,-35.5,10.0,2.0,6.3435578485733615,5.981783450715332,0.0,0.31837995028991856,0.8381684647488705,0.26685603414132275
-61,-37,-60.5,-36.5,8.0,5.0,3.949170045810657,3.1764957106851273,0.0,0.2917359484560423,0.9140628908060308,0.2666650043977692
20,3,20.5,3.5,10.0,2.0,6.13395752127354,6.011432607956682,0.0,0.31837995028991856,0.8373663346358695,0.26660065199581945
-5,-30,-4.5,-29.5,10.0,1.0,6.5295375513510745,6.014172312576221,0.0,0.31837995028991856,0.8372922144995645,0.26657705363050715
-13,-26,-12.5,-25.5,9.0,3.0,4.770531361176486,4.762092502251764,0.0,0.3057251647984691,0.8711660582505479,0.2663373867254815
35,-12,35.5,-11.5,10.0,1.0,9.192308597130106,6.073364833192723,0.0,0.31837995028991856,0.8356908164272877,0.26606720059186134
66,-9,66.5,-8.5,8.0,1.0,3.6213958348215236,3.2669109196899715,0.0,0.2917359484560423,0.9116167922128836,0.26595138950468045
16,9,16.5,9.5,9.0,1.0,7.53919201393302,4.8425036912719595,0.0,0.3057251647984691,0.8689906090257935,0.2656722971527328
-78,-17,-77.5,-16.5,10.0,3.0,5.96807867672876,6.119935441153139,0.0,0.31837995028991856,0.8344308923518162,0.2656660660273436
-64,-10,-63.5,-9.5,10.0,2.0,6.667843625120665,6.136244718324072,0.0,0.31837995028991856,0.8339896601699504,0.26552558654721486
66,-11,66.5,-10.5,10.0,1.0,5.627346562418,6.157097181481413,0.0,0.31837995028991856,0.8334255163566004,0.26534597446796415
120,4,120.5,4.5,12.0,1.0,11.874444158612144,8.16770566366046,0.0,0.34056051496016676,0.7790303915345764,0.2653069913106357
1,0,1.5,0.5,12.0,2.0,8.302135783679413,8.186839842483128,0.0,0.34056051496016676,0.7785127342906868,0.2651306976930838
133,43,133.5,43.5,9.0,2.0,7.574735286839263,4.913238036160604,0.0,0.3057251647984691,0.8670769577338961,0.2650872457961506
120,33,120.5,33.5,9.0,2.0,9.82696419918202,4.990919053641743,0.0,0.3057251647984691,0.8649753707369046,0.2644447377651571
19,10,19.5,10.5,9.0,2.0,7.083819365115151,5.013387776739396,0.0,0.3057251647984691,0.864367500528298,0.26425889654545476
66,24,66.5,24.5,14.0,2.0,11.079086004686044,9.800855615159502,0.0,0.35956069399283713,0.7348470528824906,0.2642221163130194
68,22,68.5,22.5,10.0,3.0,12.243301863769684,9.082658138072526,0.1,0.31837995028991856,0.754277211344107,0.2641614151578107
145,45,145.5,45.5,18.0,1.0,13.805898370187087,11.987325082347141,0.0,0.39094715538793934,0.675694174218456,0.2641607153229081
46,13,46.5,13.5,11.0,3.0,10.88127011194431,7.40592337254477,0.0,0.3299328642953273,0.7996396962200598,0.26382741537812976
96,0,96.5,0.5,11.0,1.0,7.61598085573757,7.406273354387821,0.0,0.3299328642953273,0.7996302277898772,0.2638242914318392
-76,-32,-75.5,-31.5,10.0,4.0,6.393874493093666,6.340213956330438,0.0,0.31837995028991856,0.8284714639325681,0.2637687035034671
63,1,63.5,1.5,9.0,1.0,5.177827137018089,5.08089480308362,0.0,0.3057251647984691,0.8625411613096461,0.2637005386868545
-81,-25,-80.5,-24.5,12.0,3.0,8.458125189232138,8.346392376882484,0.0,0.34056051496016676,0.7741961902686914,0.2636606532381048
78,1,78.5,1.5,18.0,2.0,13.209854143210258,12.034712174197601,0.0,0.39094715538793934,0.6744121609378968,0.26365951587770386
85,-1,85.5,-0.5,9.0,1.0,6.757465153726417,5.091234231503048,0.0,0.3057251647984691,0.8622614377809492,0.26361502016494565
89,-11,89.5,-10.5,17.0,4.0,16.362298086460118,11.575247599944205,0.0,0.3837683934896953,0.6868425436251941,0.2635884595474167
124,-9,124.5,-8.5,24.0,2.0,14.386787895405584,14.171384686836795,0.0,0.4273854395296319,0.6166064921272114,0.2635286366546128
-2,1,-1.5,1.5,13.0,1.0,8.413101825208216,9.19300500380641,0.0,0.3504001825878749,0.7512918804910269,0.2632528121008437
-74,-26,-73.5,-25.5,8.0,2.0,4.271059718824212,3.6123404921088476,0.0,0.2917359484560423,0.902271519438256,0.263225037488194
59,19,59.5,19.5,10.0,2.0,9.594989355340408,9.19556034181763,0.1,0.31837995028991856,0.751222748220217,0.2630916873585096
53,22,53.5,22.5,19.0,5.0,14.982100425791163,12.526037921067395,0.0,0.3977576098321221,0.661119804138381,0.2629654331067631
-54,-36,-53.5,-35.5,8.0,4.0,4.041992058523835,3.646152838236434,0.0,0.2917359484560423,0.9013567581585551,0.2629581687386496
42,-4,42.5,-3.5,17.0,3.0,12.863824265348427,11.63615762414678,0.0,0.3837683934896953,0.6851946801058775,0.2629560616119183
-1,-15,-0.5,-14.5,10.0,3.0,11.579659470452736,6.450309800627639,0.0,0.31837995028991856,0.8254929242287855,0.26282039618064024
-12,-6,-11.5,-5.5,9.0,1.0,5.492687781717384,5.196408759899192,0.0,0.3057251647984691,0.8594160396584835,0.2627451103550375
25,10,25.5,10.5,8.0,2.0,6.531971459766762,3.6936462250138695,0.0,0.2917359484560423,0.9000718691685418,0.2625833204304873
24,5,24.5,5.5,11.0,3.0,7.994659940133554,7.548713599021625,0.0,0.3299328642953273,0.7957766407015853,0.2625528664059876
48,10,48.5,10.5,12.0,1.0,9.066673416485628,8.467484968269531,0.0,0.34056051496016676,0.7709201438967084,0.26254496119862886
-6,-25,-5.5,-24.5,8.0,1.0,5.24113627504958,3.725991467977584,0.0,0.2917359484560423,0.8991967989875471,0.2623280310012693
108,-11,108.5,-10.5,14.0,2.0,17.949860091470356,10.007722114933058,0.0,0.35956069399283713,0.7292504739480963,0.2622098065073829
37,-12,37.5,-11.5,10.0,2.0,8.464843123447826,6.607512741192878,0.0,0.31837995028991856,0.8212399462620518,0.2614663332670074
-55,-19,-54.5,-18.5,9.0,2.0,6.919148426834765,5.399570816277945,0.0,0.3057251647984691,0.8539196809622123,0.26106473518682854
72,18,72.5,18.5,11.0,2.0,10.806187506433263,7.726195247335606,0.0,0.3299328642953273,0.79097504133541,0.26096866097390675
1,-2,1.5,-1.5,10.0,1.0,10.153119045327987,6.67732001227669,0.0,0.31837995028991856,0.8193513760815592,0.26086505038682317
-17,-33,-16.5,-32.5,7.0,2.0,3.512210070880441,2.1310222898881803,0.0,0.27609733510095924,0.9423471926611217,0.26017954863360593
-34,-1,-33.5,-0.5,11.0,2.0,9.295274505377925,7.8658724245952,0.0,0.3299328642953273,0.7871962064408166,0.2597218991534344
-72,-32,-71.5,-31.5,9.0,3.0,5.856758816454556,5.5694204438086565,0.0,0.3057251647984691,0.8493245587529922,0.2596598906921456
29,9,29.5,9.5,10.0,3.0,7.373731922159427,6.825617925399447,0.0,0.31837995028991856,0.815339315271781,0.2595876906656459
-64,-11,-63.5,-10.5,11.0,3.0,8.226597009884046,7.881238100698473,0.0,0.3299328642953273,0.7867805024999347,0.2595847447615204
49,19,49.5,19.5,12.0,3.0,9.22075957277797,8.795118989253053,0.0,0.34056051496016676,0.7620563130587794,0.259526290403944
9,1,9.5,1.5,12.0,1.0,8.174569612350211,8.801411186498193,0.0,0.34056051496016676,0.7618860835697526,0.2594683169614996
52,13,52.5,13.5,9.0,1.0,9.038221393004866,5.593893188111839,0.0,0.3057251647984691,0.8486624716321489,0.25945747399801483
-128,-27,-127.5,-26.5,7.0,1.0,5.941708365133192,6.572671374715652,0.14285714285714285,0.27609733510095924,0.8221825467212145,0.2594313258471397
-87,-36,-86.5,-35.5,8.0,3.0,4.7482203562576295,4.110329347430478,0.0,0.2917359484560423,0.888798898495247,0.25929458963919655
118,-13,118.5,-12.5,23.0,2.0,14.988465621996392,14.252318021992819,0.0,0.4219653093289804,0.6144169167289701,0.25926262432449826
-4,-24,-3.5,-23.5,10.0,1.0,6.5563552296550185,6.867252362920487,0.0,0.31837995028991856,0.8142129346532145,0.2592290736602991
-75,-18,-74.5,-17.5,9.0,2.0,5.877241489056093,5.665215441618378,0.0,0.3057251647984691,0.8467329150245533,0.2588675599861697
-65,-8,-64.5,-7.5,11.0,4.0,8.451448745249092,7.988067321433951,0.0,0.3299328642953273,0.7838903382297393,0.25863118458557083
67,-2,67.5,-1.5,8.0,1.0,5.012489474387911,4.208171175775346,0.0,0.2917359484560423,0.8861518796883502,0.2585223590969855
-24,-34,-23.5,-33.5,8.0,2.0,4.683372719262721,4.212634833220902,0.0,0.2917359484560423,0.8860311196268734,0.258487129045915
9,-8,9.5,-7.5,9.0,1.0,5.497396189018094,5.7112215856157675,0.0,0.3057251647984691,0.8454882619916536,0.2584870382325695
48,21,48.5,21.5,15.0,2.0,11.372580026703108,11.026461127669982,0.0,0.3681297801346123,0.701689446403423,0.25831278162726995
112,32,112.5,32.5,9.0,1.0,9.582120922950232,5.759120245315455,0.0,0.3057251647984691,0.84419240872322,0.25809086327852304
-78,-16,-77.5,-15.5,10.0,3.0,9.962890814875482,7.01644218434291,0.0,0.31837995028991856,0.8101767441017587,0.25794403151316597
73,20,73.5,20.5,9.0,3.0,8.982913564047056,5.797591396433765,0.0,0.3057251647984691,0.8431516078484224,0.25777266425955314
-53,-20,-52.5,-19.5,10.0,2.0,6.279025617369486,7.0578986032721724,0.0,0.31837995028991856,0.8090551796090597,0.25758694786573355
-72,-25,-71.5,-24.5,9.0,3.0,7.047787642901436,5.86075012263814,0.0,0.3057251647984691,0.8414429078076449,0.2572502716579953
66,-4,66.5,-3.5,9.0,1.0,8.300550603741694,5.862194213774026,0.0,0.3057251647984691,0.841403839277751,0.25723832742525504
-65,-12,-64.5,-11.5,9.0,3.0,6.27633676042426,5.869154986026566,0.0,0.3057251647984691,0.8412155221195918,0.25718075413104247
75,22,75.5,22.5,12.0,2.0,12.038991749085417,9.049941927772732,0.0,0.34056051496016676,0.755162317698096,0.2571784677937766
77,2,77.5,2.5,13.0,1.0,9.969955703492653,9.858399870153473,0.0,0.3504001825878749,0.7332902470891544,0.2569450364699476
16,10,16.5,10.5,9.0,2.0,9.212641792791302,5.90241823323325,0.0,0.3057251647984691,0.8403156161956734,0.25690563024414936
-71,-36,-70.5,-35.5,9.0,3.0,6.7612502169152044,5.925835384146658,0.0,0.3057251647984691,0.8396820871629448,0.2567119444762138
-39,-2,-38.5,-1.5,9.0,1.0,5.7492396533616255,5.939218888031051,0.0,0.3057251647984691,0.8393200090304789,0.25660124807949575
-5,-14,-4.5,-13.5,11.0,2.0,11.042708273403981,8.216682359687992,0.0,0.3299328642953273,0.7777053730054092,0.2565905612935406
6,2,6.5,2.5,12.0,3.0,10.240201003079505,9.118868937985054,0.0,0.34056051496016676,0.7532975621490471,0.2565434056837177
-83,-32,-82.5,-31.5,9.0,3.0,5.737941797880058,5.974328832592447,0.0,0.3057251647984691,0.8383701424434038,0.25631084996062564
71,2,71.5,2.5,12.0,2.0,10.213622782560117,9.145694431970384,0.0,0.34056051496016676,0.7525718235944365,0.2562962477878331
56,-19,56.5,-18.5,17.0,1.0,12.595139041291036,12.295733406344267,0.0,0.3837683934896953,0.6673504765624143,0.2561080202849403
-63,-10,-62.5,-9.5,10.0,2.0,7.736537227103054,7.236349815202949,0.0,0.31837995028991856,0.8042273496095086,0.2560498635904683
-25,-13,-24.5,-12.5,9.0,3.0,10.886134698511835,6.031317201120071,0.0,0.3057251647984691,0.8368283756365196,0.25583949304951015
-79,-26,-78.5,-25.5,8.0,1.0,5.329480061920529,4.555418439063877,0.0,0.2917359484560423,0.8767574309937863,0.2557816606968553
-68,-26,-67.5,-25.5,7.0,1.0,3.1753555850812325,2.7323791830559427,0.0,0.27609733510095924,0.9260780465014508,0.2556876807345528
13,-12,13.5,-11.5,10.0,2.0,8.6060872080681,7.280022835393123,0.0,0.31837995028991856,0.8030458170507557,0.25567368731314666
120,-12,120.5,-11.5,16.0,1.0,17.65428042371228,11.848199594283773,0.0,0.3761791992644713,0.6794580836797999,0.25559799785243925
59,-10,59.5,-9.5,13.0,1.0,10.813095415384348,10.003078826041973,0.0,0.3504001825878749,0.7293760937696847,0.2555735164321285
59,17,59.5,17.5,12.0,3.0,10.838639916126153,9.258437936017243,0.0,0.34056051496016676,0.749521653941887,0.25525748044024493
-1,-23,-0.5,-22.5,7.0,1.0,3.5667846119815385,2.7991302220512657,0.0,0.27609733510095924,0.9242721598107634,0.2551890802317597
-71,-15,-70.5,-14.5,11.0,4.0,7.90332232427366,8.418673529720024,0.0,0.3299328642953273,0.7722406915399599,0.2547875832851833
97,-10,97.5,-9.5,8.0,2.0,6.3935677998498095,4.699086081356815,0.0,0.2917359484560423,0.8728706378141711,0.25464774340214774
30,13,30.5,13.5,13.0,3.0,11.663185336570994,10.114463406430014,0.0,0.3504001825878749,0.7263626885208965,0.25451761868274186
-77,-20,-76.5,-19.5,9.0,2.0,7.12921325090757,6.25717228466625,0.0,0.3057251647984691,0.8307180783956223,0.2539714214185692
95,-1,95.5,-0.5,10.0,1.0,8.210744944245768,7.482084822729826,0.0,0.31837995028991856,0.7975792196896154,0.2539332323170518
73,-12,73.5,-11.5,14.0,2.0,11.699759401969605,10.879134987023566,0.0,0.35956069399283713,0.705675216821204,0.25373307069377793
30,18,30.5,18.5,7.0,1.0,6.620492106677753,3.0026283486307093,0.0,0.27609733510095924,0.9187667090507327,0.25366903994838563
-30,-4,-29.5,-3.5,15.0,2.0,10.470870765672721,11.493081832119248,0.0,0.3681297801346123,0.6890654613322219,0.253665516778586
-50,-18,-49.5,-17.5,8.0,2.0,5.031529931991771,4.828522134152707,0.0,0.2917359484560423,0.8693688669270453,0.25362615095111635
65,-2,65.5,-1.5,9.0,2.0,9.58469641213046,6.3438587626150635,0.0,0.3057251647984691,0.8283728571204704,0.25325442825773453
37,18,37.5,18.5,8.0,1.0,5.783791385461322,4.878584409497634,0.0,0.2917359484560423,0.868014479068644,0.25323102732466835
-80,-30,-79.5,-29.5,8.0,1.0,6.0289111222621,4.897552845785841,0.0,0.2917359484560423,0.8675013058334167,0.253081316244167
-5,-8,-4.5,-7.5,7.0,1.0,3.4731564363884213,3.0884923506463746,0.0,0.27609733510095924,0.916443739089769,0.253027674132644
62,-12,62.5,-11.5,9.0,1.0,9.276521870800156,6.374157826720072,0.0,0.3057251647984691,0.8275531443874393,0.2530038214473412
47,20,47.5,20.5,8.0,2.0,8.338863095818478,4.919350717870696,0.0,0.2917359484560423,0.8669115848691316,0.2529092734393269
83,1,83.5,1.5,18.0,2.0,12.271026474542683,13.062494505019059,0.0,0.39094715538793934,0.6466064749127816,0.2527889620225749
-36,-17,-35.5,-16.5,11.0,3.0,9.904062845329106,8.650487905315376,0.0,0.3299328642953273,0.7659691712475643,0.2527184026316269
-49,-10,-48.5,-9.5,8.0,3.0,4.8690254453695285,4.972871027120746,0.0,0.2917359484560423,0.8654636431500085,0.25248685678858945
123,7,123.5,7.5,8.0,2.0,5.278525434726528,4.973261706367714,0.0,0.2917359484560423,0.8654530736897716,0.2524837732970826
109,-13,109.5,-12.5,14.0,1.0,13.088398903786182,11.017368228419151,0.0,0.35956069399283713,0.7019354462557696,0.25238839619389636
133,42,133.5,42.5,17.0,6.0,13.500276629761109,12.702760959728275,0.0,0.3837683934896953,0.6563387282441484,0.2518820593233266
42,12,42.5,12.5,13.0,3.0,11.058886086332468,10.404188579606311,0.0,0.3504001825878749,0.7185244459696032,0.2517710970616006
-1,-7,-0.5,-6.5,9.0,1.0,6.748449922934054,6.5433686278556005,0.0,0.3057251647984691,0.8229753050265776,0.2516042607543208
75,-16,75.5,-15.5,9.0,1.0,7.988875620768023,6.579062927193153,0.0,0.3057251647984691,0.8220096292696562,0.25130902937439414
-64,-7,-63.5,-6.5,9.0,2.0,6.879078409479823,6.586992068350503,0.0,0.3057251647984691,0.8217951137999322,0.25124344659706094
30,8,30.5,8.5,8.0,2.0,6.952694033949575,5.133104307191136,0.0,0.2917359484560423,0.8611286821930025,0.2512221928422774
-55,-32,-54.5,-31.5,8.0,2.0,11.094744397747105,5.13964325572642,0.0,0.2917359484560423,0.8609517770794839,0.25117058326119834
-69,-11,-68.5,-10.5,10.0,2.0,7.315782530490674,7.803009614620418,0.0,0.31837995028991856,0.788896900745824,0.25116895604332623
-32,-6,-31.5,-5.5,8.0,2.0,4.453368936197757,5.14866337291424,0.0,0.2917359484560423,0.8607077462775203,0.251099390703735
32,15,32.5,15.5,8.0,2.0,4.810177999245753,5.15605193379992,0.0,0.2917359484560423,0.8605078556995217,0.25104107543637516
-66,-7,-65.5,-6.5,8.0,2.0,6.418393958268897,5.156313808530845,0.0,0.2917359484560423,0.8605007709245381,0.2510390085528257
21,-12,21.5,-11.5,7.0,1.0,8.494458827472872,7.562338328850837,0.14285714285714285,0.27609733510095924,0.7954080364276577,0.2509829019149291
62,-3,62.5,-2.5,8.0,2.0,9.49868835072171,5.172185589603876,0.0,0.2917359484560423,0.860071374788857,0.2509137382639194
116,-12,116.5,-11.5,21.0,1.0,18.370225315979603,14.390023106306064,0.0,0.41041239532357165,0.6106914349575372,0.250635334624512
147,40,147.5,40.5,10.0,1.0,12.523253040792357,7.874168844604988,0.0,0.31837995028991856,0.7869717545865604,0.2505560281048391
59,18,59.5,18.5,15.0,3.0,11.250948851120018,11.811965797445229,0.0,0.3681297801346123,0.6804383550351024,0.25048962203422953
67,0,67.5,0.5,12.0,2.0,13.174534834674645,9.788264711868681,0.0,0.34056051496016676,0.735187687950032,0.2503758976006373
60,24,60.5,24.5,23.0,2.0,14.57676464122882,15.035540595536613,0.0,0.4219653093289804,0.5932275653316413,0.250321453107644
-82,-26,-81.5,-25.5,10.0,2.0,7.645931342272223,7.907243368251173,0.0,0.31837995028991856,0.7860769544013879,0.25027114166636444
-79,-37,-78.5,-36.5,9.0,2.0,7.2301634008142095,6.7057670702170284,0.0,0.3057251647984691,0.818581767636554,0.2502610458117076
-28,2,-27.5,2.5,10.0,2.0,11.815288703194572,7.90924288089337,0.0,0.31837995028991856,0.7860228594640992,0.25025391892291954
-8,-5,-7.5,-4.5,8.0,2.0,5.6349414928929,5.274204882603601,0.0,0.2917359484560423,0.8573113385977431,0.2501085364879318
-4,1,-3.5,1.5,11.0,1.0,9.890932549074712,8.968519443030111,0.0,0.3299328642953273,0.7573651265791639,0.24987964552965666
-66,-19,-65.5,-18.5,10.0,3.0,7.6452709595867505,7.958853957288708,0.0,0.31837995028991856,0.7846806783696701,0.24982659537279514
113,31,113.5,31.5,13.0,3.0,14.26511428240326,10.65208120509868,0.0,0.3504001825878749,0.711817943721337,0.24942113744928215
-73,-24,-72.5,-23.5,8.0,2.0,6.341668552822084,5.363851222133917,0.0,0.2917359484560423,0.8548860410463749,0.24940099000649527
-1,1,-0.5,1.5,8.0,1.0,7.133826196664712,5.383685475055348,0.0,0.2917359484560423,0.854349443955009,0.2492444453451069
90,-12,90.5,-11.5,20.0,4.0,16.08437500161557,14.185968641924237,0.0,0.404235711782243,0.6162119369144927,0.24909487092734459
-81,-29,-80.5,-28.5,8.0,2.0,7.301336396296446,5.4202232536966095,0.0,0.2917359484560423,0.8533609486574278,0.24895606573192272
111,-13,111.5,-12.5,13.0,1.0,14.373128566975206,10.702779498799059,0.0,0.3504001825878749,0.710446348983456,0.2489405304026921
-68,-17,-67.5,-16.5,11.0,4.0,9.6301892378925,9.074828924008028,0.0,0.3299328642953273,0.7544890233801506,0.24893072456319726
90,-11,90.5,-10.5,19.0,5.0,16.217464898229473,13.836014635725874,0.0,0.3977576098321221,0.6256796139972517,0.2488688277842316
-53,-14,-52.5,-13.5,9.0,3.0,7.784803153534351,6.887728870970729,0.0,0.3057251647984691,0.8136589619523211,0.2487560202326247
113,-11,113.5,-10.5,9.0,1.0,10.841681096404374,6.903110168600819,0.0,0.3057251647984691,0.8132428353856975,0.24862879986946668
6,8,6.5,8.5,10.0,1.0,8.888049480955079,8.119051911182432,0.0,0.31837995028991856,0.7803466731292079,0.24844673499978054
22,5,22.5,5.5,9.0,1.0,7.833723229387023,6.968845026258276,0.0,0.3057251647984691,0.8114644405270623,0.24808509980823368
-43,-2,-42.5,-1.5,14.0,4.0,14.051099908096308,11.485191552603709,0.0,0.35956069399283713,0.689278925436712,0.2478376087846612
85,-2,85.5,-1.5,12.0,2.0,11.526909165001229,10.069180544064185,0.0,0.34056051496016676,0.7275877738483085,0.2477876669405013
132,42,132.5,42.5,22.0,4.0,17.372280796734028,14.971972743191655,0.0,0.41631446707714126,0.5949473338960436,0.2476851822498974
17,12,17.5,12.5,8.0,1.0,6.669242437323498,5.606910851967548,0.0,0.2917359484560423,0.8483102909581894,0.24748260731770858
-50,-10,-49.5,-9.5,7.0,2.0,3.7630153384331058,3.8508421156938333,0.0,0.27609733510095924,0.8958190819298354,0.24733326125341543
88,3,88.5,3.5,11.0,1.0,7.912238364176352,9.310937761579845,0.0,0.3299328642953273,0.7481013204508449,0.24682321143946379
-81,-36,-80.5,-35.5,7.0,1.0,4.206904697625769,3.934486068903311,0.0,0.27609733510095924,0.8935561733050263,0.24670847821252867
134,42,134.5,42.5,19.0,5.0,13.087684740868113,14.053949845511827,0.0,0.3977576098321221,0.61978358150535,0.24652363599276023
127,-9,127.5,-8.5,13.0,1.0,10.909165645318952,10.961759439068594,0.0,0.3504001825878749,0.7034398898432388,0.2464854658406655
35,10,35.5,10.5,8.0,2.0,7.896565082085833,5.733535496157053,0.0,0.2917359484560423,0.8448845800914135,0.24648320430885354
-24,-21,-23.5,-20.5,14.0,2.0,12.795699894778377,11.625050509014137,0.0,0.35956069399283713,0.6854951726778564,0.24647712001678979
-27,0,-26.5,0.5,8.0,1.0,5.935205795644295,5.758260308756606,0.0,0.2917359484560423,0.8442156734994667,0.24628806020982344
54,21,54.5,21.5,12.0,3.0,10.157334157954516,10.237801424134705,0.0,0.34056051496016676,0.7230258942480122,0.2462340708746381
10,-9,10.5,-8.5,12.0,1.0,10.587209282505247,10.245270888768022,0.0,0.34056051496016676,0.7228238148950779,0.24616525062613998
-2,-22,-1.5,-21.5,9.0,2.0,8.3518610770005,7.251121637371773,0.0,0.3057251647984691,0.8038277118292825,0.24575035966858372
56,-11,56.5,-10.5,11.0,2.0,10.822235673001053,9.43529808750153,0.0,0.3299328642953273,0.7447368685889456,0.2457131681998836
1,10,1.5,10.5,8.0,1.0,5.906719106674263,5.854560130637246,0.0,0.2917359484560423,0.8416103722297441,0.24552800017288717
11,-13,11.5,-12.5,12.0,2.0,13.674892507456969,10.32936080585451,0.0,0.34056051496016676,0.7205488411362704,0.24539048439131964
79,0,79.5,0.5,10.0,1.0,8.650142057324658,8.474654127288108,0.0,0.31837995028991856,0.7707261890302384,0.24538376575058565
-67,-20,-66.5,-19.5,8.0,2.0,6.368721788241508,5.911090703817404,0.0,0.2917359484560423,0.8400809906461835,0.24508182458605593
-16,-1,-15.5,-0.5,6.0,1.0,4.604689099825717,1.919655285510682,0.0,0.2583677375542219,0.948065528522269,0.24494954565744625
-70,-37,-69.5,-36.5,8.0,3.0,5.747292386080476,5.92904023503892,0.0,0.2917359484560423,0.8395953829309345,0.2449401553586702
59,-2,59.5,-1.5,6.0,1.0,4.323759587185285,1.9347403400277279,0.0,0.2583677375542219,0.9476574165349404,0.24484410268661141
-8,-24,-7.5,-23.5,6.0,1.0,2.26869575461273,1.9475297243570764,0.0,0.2583677375542219,0.947311411749246,0.24475470621294862
77,-17,77.5,-16.5,16.0,2.0,17.49684469342551,12.92991647304895,0.0,0.3761791992644713,0.6501932490966131,0.24458917581232886
-44,-7,-43.5,-6.5,7.0,1.0,4.169429026953382,4.219397350333522,0.0,0.27609733510095924,0.8858481660753926,0.24458031795748786
58,24,58.5,24.5,11.0,1.0,13.486604731792205,9.576830791029604,0.0,0.3299328642953273,0.7409078341732227,0.24444984390761876
141,37,141.5,37.5,10.0,2.0,13.841210760292352,8.58945042400593,0.0,0.31837995028991856,0.767620482999244,0.2443949712188226
70,0,70.5,0.5,11.0,1.0,8.117591832940498,9.633826342633279,0.0,0.3299328642953273,0.7393658730349597,0.24394110025263957
-3,2,-2.5,2.5,9.0,1.0,6.228720336929081,7.477267549045332,0.0,0.3057251647984691,0.7977095465064434,0.24387988256699447
-73,-32,-72.5,-31.5,7.0,3.0,6.522121235354091,4.34100932963757,0.0,0.27609733510095924,0.8825580681509435,0.24367193068832627
-78,-31,-77.5,-30.5,7.0,1.0,4.403444210294124,4.341573217164651,0.0,0.27609733510095924,0.882542812703305,0.24366771869988751
201,16,201.5,16.5,5.0,1.0,9.834835614258541,5.427434476804385,0.2,0.2379004192616742,0.8531658557865165,0.24356221774962883
46,14,46.5,14.5,11.0,3.0,12.459621697405861,9.683203334703506,0.0,0.3299328642953273,0.7380300248721761,0.2435003600420287
20,-13,20.5,-12.5,12.0,2.0,10.964323048498173,10.553038637127138,0.0,0.34056051496016676,0.714497447411517,0.24332961862819089
69,23,69.5,23.5,15.0,2.0,14.735257939984857,12.573355041516278,0.0,0.3681297801346123,0.6598396838683989,0.24290663774656576
24,-12,24.5,-11.5,8.0,1.0,8.553314675994306,6.215157683301216,0.0,0.2917359484560423,0.8318547439900705,0.24268193271560146
10,-7,10.5,-6.5,9.0,1.0,8.804047740009112,7.664464560555156,0.0,0.3057251647984691,0.7926451071102906,0.2423315559979938
89,-4,89.5,-3.5,7.0,1.0,5.9326812183168105,4.528244361781002,0.0,0.27609733510095924,0.8774926001422441,0.24227336847008518
-86,-38,-85.5,-37.5,11.0,2.0,14.395613670319728,9.829672476741523,0.0,0.3299328642953273,0.7340674397471505,0.24219297298171497
73,2,73.5,2.5,11.0,2.0,12.545215555305031,9.833235327195732,0.0,0.3299328642953273,0.7339710501731004,0.2421611708934604
-80,-32,-79.5,-31.5,7.0,1.0,5.337425175808533,4.573755568458226,0.0,0.27609733510095924,0.8762613371738687,0.24193342004570825
63,-4,63.5,-3.5,7.0,1.0,6.1408410136009755,4.584040248514652,0.0,0.27609733510095924,0.8759830948107321,0.24185659807073406
71,-18,71.5,-17.5,16.0,1.0,12.603027100742542,13.200228066212425,0.0,0.3761791992644713,0.6428802227260926,0.24183816740806646
100,21,100.5,21.5,10.0,2.0,11.32120939356509,8.894785110467868,0.0,0.31837995028991856,0.7593599397210267,0.24176497986053602
-51,-13,-50.5,-12.5,8.0,2.0,7.674692458247682,6.34293036969891,0.0,0.2917359484560423,0.8283979739191936,0.24167346862037972
93,30,93.5,30.5,6.0,1.0,7.129462158864443,2.4130635918503773,0.0,0.2583677375542219,0.9347168300315097,0.24150067262909533
-78,-25,-77.5,-24.5,7.0,1.0,5.156131526911951,4.632510010783837,0.0,0.27609733510095924,0.8746717908984614,0.24149455055504865
-72,-16,-71.5,-15.5,8.0,2.0,7.133328202813776,6.389840363852712,0.0,0.2917359484560423,0.8271288680688934,0.24130322482145128
80,0,80.5,0.5,8.0,1.0,7.306380412342847,6.415400493676398,0.0,0.2917359484560423,0.8264373627536867,0.24110148786245708
51,16,51.5,16.5,11.0,2.0,10.255075426947068,9.954028933050617,0.0,0.3299328642953273,0.730703092573987,0.24108296428238926
27,6,27.5,6.5,14.0,4.0,13.082534872424876,12.217228824758585,0.0,0.35956069399283713,0.6694743443130495,0.24071665985159968
-20,-17,-19.5,-16.5,7.0,1.0,5.639921378084212,4.762066988189308,0.0,0.27609733510095924,0.8711667485095538,0.24052681769205536
40,-12,40.5,-11.5,7.0,1.0,4.974028182634422,4.765005876177077,0.0,0.27609733510095924,0.8710872396542249,0.24050486550898212
-76,-30,-75.5,-29.5,8.0,2.0,5.331054699851581,6.535592627612656,0.0,0.2917359484560423,0.8231856774126388,0.24015285435540584
-73,-30,-72.5,-29.5,7.0,1.0,4.664684506483432,4.822419517213084,0.0,0.27609733510095924,0.8695339674988941,0.24007601120620878
147,39,147.5,39.5,11.0,1.0,13.67351693237403,10.076856652746702,0.0,0.3299328642953273,0.7273801039346313,0.23998660112258577
67,-1,67.5,-0.5,9.0,1.0,8.577396023871353,7.949160521716052,0.0,0.3057251647984691,0.7849429251683893,0.2399768051544982
101,5,101.5,5.5,10.0,1.0,10.650323161655988,9.102729680470143,0.0,0.31837995028991856,0.7537341946087426,0.23997385541134325
141,39,141.5,39.5,10.0,2.0,11.29504398661242,9.10958583163976,0.0,0.31837995028991856,0.7535487078757582,0.23991480015451627
-66,-8,-65.5,-7.5,10.0,2.0,9.268896195274689,9.109764241447067,0.0,0.31837995028991856,0.7535438811659219,0.2399132634268785
119,4,119.5,4.5,7.0,1.0,8.078305824281589,4.848446452218011,0.0,0.27609733510095924,0.8688298332077697,0.23988160160487612
114,32,114.5,32.5,13.0,2.0,12.622005361400953,11.670390610429994,0.0,0.3504001825878749,0.6842685388016848,0.23976782093524873
125,-8,125.5,-7.5,17.0,1.0,13.448047219073866,13.881920976580414,0.0,0.3837683934896953,0.6244376610446815,0.2396394380135803
112,-14,112.5,-13.5,10.0,1.0,9.071445657920057,9.148144880443029,0.0,0.31837995028991856,0.7525055290116169,0.23958267291960747
85,24,85.5,24.5,9.0,4.0,9.52145137165551,8.005146844375023,0.0,0.3057251647984691,0.7834282677717088,0.23951373627228487
-41,-30,-40.5,-29.5,10.0,2.0,15.538212573882936,9.15727624874683,0.0,0.31837995028991856,0.7522584884151589,0.23950402014678754
28,14,28.5,14.5,7.0,1.0,5.192282792073355,4.907171996170802,0.0,0.27609733510095924,0.8672410687507078,0.23944294797217822
51,14,51.5,14.5,7.0,2.0,8.81799301852649,4.93250453623741,0.0,0.27609733510095924,0.8665557206627058,0.23925372519146432
64,-2,64.5,-1.5,9.0,2.0,9.04015776548976,8.036713880685493,0.0,0.3057251647984691,0.7825742512410969,0.23925264192772294
-67,-17,-66.5,-16.5,7.0,2.0,5.289357539688686,4.956335037101785,0.0,0.27609733510095924,0.8659110088351281,0.23907572197396204
-69,-10,-68.5,-9.5,8.0,2.0,6.9034249973641675,6.689759798776318,0.0,0.2917359484560423,0.8190148293369273,0.23893606803617207
-76,-29,-75.5,-28.5,7.0,1.0,6.115616913815903,4.979552690754942,0.0,0.27609733510095924,0.8652828770134771,0.23890229645191208
-75,-28,-74.5,-27.5,6.0,2.0,3.033445023637963,2.786703566674753,0.0,0.2583677375542219,0.9246083513051875,0.23888896785046046
54,22,54.5,22.5,11.0,2.0,10.440226056564766,10.211292278649873,0.0,0.3299328642953273,0.7237430742909462,0.23878662551471774
-45,-10,-44.5,-9.5,8.0,3.0,16.50115347756869,6.719410965645222,0.0,0.2917359484560423,0.8182126448553395,0.23870204198559936
-35,-8,-34.5,-7.5,7.0,1.0,10.240117056030048,5.023734467503388,0.0,0.27609733510095924,0.8640875805236872,0.23857227827642555
-31,-20,-30.5,-19.5,9.0,2.0,9.062623520158008,8.123916912426372,0.0,0.3057251647984691,0.7802150550880681,0.23853137629504628
159,12,159.5,12.5,8.0,1.0,14.978739567733474,6.809810909820769,0.0,0.2917359484560423,0.8157669592378176,0.2379885475723463
106,-11,106.5,-10.5,12.0,2.0,13.034265790658756,11.15239135630425,0.0,0.34056051496016676,0.6982825222975408,0.23780745538133463
-76,-34,-75.5,-33.5,8.0,1.0,7.408693820263762,6.846247343564684,0.0,0.2917359484560423,0.8147812057312862,0.2377009678381745
-36,-34,-35.5,-33.5,9.0,2.0,7.250908038142007,8.248576240779396,0.0,0.3057251647984691,0.7768425139961079,0.23750030561391716
40,9,40.5,9.5,7.0,2.0,8.253018124909035,5.196049364661825,0.0,0.27609733510095924,0.8594257627592117,0.23728516281492756
-20,-3,-19.5,-2.5,7.0,1.0,6.713530813964413,5.214108744551014,0.0,0.27609733510095924,0.8589371831913903,0.23715026729826733
132,-9,132.5,-8.5,8.0,1.0,8.059393859851667,6.917724933855135,0.0,0.2917359484560423,0.8128474466328401,0.23713682079350384
51,13,51.5,13.5,9.0,1.0,8.589936908713014,8.296531282365063,0.0,0.3057251647984691,0.7755451353686834,0.23710366431924176
26,11,26.5,11.5,12.0,4.0,10.273404441303803,11.268879567239669,0.0,0.34056051496016676,0.695131043115846,0.23673418600833038
-74,-22,-73.5,-21.5,7.0,2.0,5.501688562615071,5.282171144520148,0.0,0.27609733510095924,0.85709581886073,0.23664187151362204
67,-14,67.5,-13.5,15.0,2.0,11.937436265998032,13.21185626624893,0.0,0.3681297801346123,0.6425656326912612,0.23654754508469203
30,10,30.5,10.5,8.0,3.0,7.490618906897803,6.993307152932111,0.0,0.2917359484560423,0.8108026406562127,0.23654027738250383
-62,-37,-61.5,-36.5,6.0,2.0,4.522277371001036,3.1561965548561606,0.0,0.2583677375542219,0.9146120654090851,0.23630625007953932
26,-13,26.5,-12.5,14.0,2.0,11.551437316920117,12.673519569051507,0.0,0.35956069399283713,0.657129826615577,0.23627805650128958
-27,-32,-26.5,-31.5,7.0,3.0,7.361732248946315,5.335569791501087,0.0,0.27609733510095924,0.855651168600075,0.23624300742650226
49,14,49.5,14.5,11.0,3.0,10.778132191041149,10.496943412251506,0.0,0.3299328642953273,0.7160150510554262,0.2362368966732818
15,-12,15.5,-11.5,7.0,2.0,6.022144495653117,5.336912309566585,0.0,0.27609733510095924,0.8556148480342383,0.2362329794150654
115,4,115.5,4.5,9.0,1.0,8.091680636300374,8.403193321589733,0.0,0.3057251647984691,0.7726594940373042,0.23622145114765658
130,42,130.5,42.5,13.0,3.0,13.40592413255402,12.047542786837289,0.0,0.3504001825878749,0.6740650407589734,0.23619251335804764
86,-11,86.5,-10.5,11.0,2.0,15.394794902708743,10.528921312271688,0.0,0.3299328642953273,0.715149918992888,0.23595146117389484
40,-6,40.5,-5.5,7.0,1.0,5.4358617417643975,5.383602604205115,0.0,0.27609733510095924,0.8543516859480587,0.23588422372927065
20,9,20.5,9.5,7.0,1.0,10.617953758693435,5.394381243479515,0.0,0.27609733510095924,0.8540600799820343,0.23580371209915177
123,-10,123.5,-9.5,10.0,1.0,13.871413736324845,9.5901933613771,0.0,0.31837995028991856,0.7405463223779439,0.2357751013060718
-76,-37,-75.5,-36.5,6.0,1.0,5.473126925188684,3.268371212862058,0.0,0.2583677375542219,0.9115772853521116,0.2355221608222444
-90,-37,-89.5,-36.5,7.0,1.0,6.574327095955539,5.437858126137704,0.0,0.27609733510095924,0.8528838537400651,0.23547895916826828
5,2,5.5,2.5,8.0,1.0,6.733128901428388,7.1895213695420335,0.0,0.2917359484560423,0.8054942492418956,0.23499162877847213
127,-8,127.5,-7.5,16.0,1.0,17.034706639052693,13.882137895963885,0.0,0.3761791992644713,0.6244317924944167,0.23489825169582818
57,-10,57.5,-9.5,12.0,1.0,10.799542695716204,11.483528506584147,0.0,0.34056051496016676,0.6893239175854176,0.23475650834724934
26,-12,26.5,-11.5,7.0,1.0,6.08075281945196,5.535386978337784,0.0,0.27609733510095924,0.8502453022089274,0.23475046212199457
91,3,91.5,3.5,8.0,1.0,8.18789762201173,7.220759543977904,0.0,0.2917359484560423,0.8046491297605485,0.23474507704502265
-40,-14,-39.5,-13.5,13.0,3.0,12.028644707028095,12.212901800471428,0.0,0.3504001825878749,0.6695914078927042,0.23462495158487578
39,19,39.5,19.5,9.0,2.0,10.026950716895207,8.643516992517876,0.0,0.3057251647984691,0.7661577627486468,0.23423370827795645
61,22,61.5,22.5,8.0,2.0,11.331832284634677,7.307082369212138,0.0,0.2917359484560423,0.8023137467681734,0.23406376187273398
-14,-33,-13.5,-32.5,6.0,1.0,5.009267511191912,3.4861339631345274,0.0,0.2583677375542219,0.9056859185904332,0.2340000217209274
-30,-2,-29.5,-1.5,6.0,2.0,11.831769292367875,3.5051926546267382,0.0,0.2583677375542219,0.9051703035853977,0.2338668034386274
99,-14,99.5,-13.5,8.0,1.0,10.1816491076416,7.340327461522305,0.0,0.2917359484560423,0.8014143320079355,0.23380137025460065
77,20,77.5,20.5,6.0,1.0,6.195505931419342,3.54603553281551,0.0,0.2583677375542219,0.904065337861409,0.23358131594444545
-88,-37,-87.5,-36.5,7.0,1.0,4.750890283674525,5.7006607511780345,0.0,0.27609733510095924,0.8457739754523084,0.23351594072012646
71,-6,71.5,-5.5,8.0,1.0,8.844463385855075,7.39281694149925,0.0,0.2917359484560423,0.7999942784070004,0.2333870895704734
134,-9,134.5,-8.5,11.0,1.0,10.836807111305857,10.825056350893313,0.0,0.3299328642953273,0.7071382635498848,0.23330815274583755
-75,-36,-74.5,-35.5,6.0,1.0,3.333170094043917,3.588542922072042,0.0,0.2583677375542219,0.9029153403532111,0.23328419369005937
122,-8,122.5,-7.5,9.0,1.0,9.003594793221005,8.76832464043195,0.0,0.3057251647984691,0.7627812090102125,0.23320141082982274
14,9,14.5,9.5,9.0,2.0,11.600937959905732,8.773988146789831,0.0,0.3057251647984691,0.762627988162893,0.2331545673610254
57,-5,57.5,-4.5,8.0,1.0,7.8629148726598075,7.435125744154448,0.0,0.2917359484560423,0.7988496534728583,0.23305316132968504
77,-6,77.5,-5.5,9.0,1.0,9.92820814935265,8.81143716995181,0.0,0.3057251647984691,0.7616148400003273,0.23284482247205976
-67,-21,-66.5,-20.5,7.0,2.0,6.305811054593312,5.791657534765289,0.0,0.27609733510095924,0.8433121429048465,0.23283623531430742
-7,-24,-6.5,-23.5,6.0,1.0,3.675671374741501,3.66379037583244,0.0,0.2583677375542219,0.9008795911379286,0.23275822177107905
-73,-19,-72.5,-18.5,7.0,2.0,6.574800063122433,5.825877187170692,0.0,0.27609733510095924,0.8423863623361995,0.23258062976641572
48,14,48.5,14.5,10.0,3.0,10.677887964211502,10.0144369940369,0.0,0.31837995028991856,0.729068809198218,0.2321208912304588
135,-9,135.5,-8.5,8.0,1.0,6.919506812039465,7.556913545629409,0.0,0.2917359484560423,0.7955547988446461,0.23209193378969875
57,19,57.5,19.5,8.0,2.0,9.03004938451755,7.574917231251241,0.0,0.2917359484560423,0.7950677260329395,0.2319498371410084
-78,-15,-77.5,-14.5,8.0,2.0,7.472620232739438,7.594565870949719,0.0,0.2917359484560423,0.7945361505330573,0.23179475745837425
-27,-34,-26.5,-33.5,6.0,2.0,4.633246071470251,3.8038966550650004,0.0,0.2583677375542219,0.8970891472923197,0.23177889337036275
-70,-22,-69.5,-21.5,9.0,4.0,9.42977771125129,8.956295886131764,0.0,0.3057251647984691,0.7576958234349406,0.23164668048675896
86,-5,86.5,-4.5,10.0,1.0,8.913895988575296,10.071330499629624,0.0,0.31837995028991856,0.7275296088189752,0.2316308406902292
115,7,115.5,7.5,8.0,1.0,8.296381135916818,7.633074028623311,0.0,0.2917359484560423,0.7934943484806503,0.23149082634851184
38,-17,38.5,-16.5,6.0,1.0,4.411302752089152,3.8459198078064754,0.0,0.2583677375542219,0.8959522503484104,0.2314851558791326
107,30,107.5,30.5,15.0,4.0,15.64438287485537,13.72441736468345,0.0,0.3681297801346123,0.6286987733920091,0.23144274121970074
93,22,93.5,22.5,11.0,1.0,17.231755952982073,11.042333313206953,0.0,0.3299328642953273,0.7012600393253497,0.2313687333904665
101,31,101.5,31.5,7.0,1.0,9.569473479356605,5.9911885298331065,0.0,0.27609733510095924,0.8379140191633143,0.23134582773472517
38,-6,38.5,-5.5,7.0,1.0,5.705199926215725,6.014126869297329,0.0,0.27609733510095924,0.8372934439248103,0.23117448856514458
88,-4,88.5,-3.5,6.0,1.0,5.0180610820976215,3.92325141743843,0.0,0.2583677375542219,0.8938601162527363,0.23094461592617324
15,-8,15.5,-7.5,7.0,1.0,5.718092273846082,6.0653204367126605,0.0,0.27609733510095924,0.8359084500215599,0.23079209543932605
5,9,5.5,9.5,6.0,1.0,5.039543672984104,3.9616545650319495,0.0,0.2583677375542219,0.8928211551494567,0.23067618189651204
-71,-23,-70.5,-22.5,11.0,3.0,11.529560281418725,11.147965285197087,0.0,0.3299328642953273,0.6984022654959204,0.23042585988541467
-72,-18,-71.5,-17.5,8.0,2.0,7.827100630374195,7.778211915146873,0.0,0.2917359484560423,0.7895677792237168,0.23034530494216202
-78,-30,-77.5,-29.5,6.0,2.0,4.815792733976132,4.075195793344699,0.0,0.2583677375542219,0.8897494038158383,0.2298825404541159
105,-11,105.5,-10.5,10.0,2.0,11.436844538421294,10.277115389370204,0.0,0.31837995028991856,0.7219622918285515,0.22985831858356992
123,4,123.5,4.5,5.0,1.0,6.462756102036552,1.2772885343571125,0.0,0.2379004192616742,0.9654441578875682,0.22967956993518648
105,30,105.5,30.5,10.0,3.0,14.821303375235061,10.301535028203858,0.0,0.31837995028991856,0.7213016414263282,0.22964798074135104
24,3,24.5,3.5,6.0,1.0,4.308018095405097,4.131462452008087,0.0,0.2583677375542219,0.8882271621917524,0.22948924232968995
137,-2,137.5,-1.5,8.0,1.0,8.690843507981302,7.894793603289468,0.0,0.2917359484560423,0.786413771103943,0.22942516739190175
12,10,12.5,10.5,10.0,2.0,10.89142457065074,10.334162364269755,0.0,0.31837995028991856,0.7204189394812975,0.22936694613997136
-67,-19,-66.5,-18.5,7.0,2.0,6.27962296093333,6.258728385223656,0.0,0.27609733510095924,0.8306759795559895,0.2293474242877876
-44,-14,-43.5,-13.5,7.0,2.0,11.723213810045587,6.299808568520572,0.0,0.27609733510095924,0.8295645937650942,0.22904057363265232
50,14,50.5,14.5,11.0,3.0,10.035019508447952,11.305740709923292,0.0,0.3299328642953273,0.6941337995076895,0.22901755267577045
-73,-15,-72.5,-14.5,7.0,2.0,7.694319288628868,6.308303813229347,0.0,0.27609733510095924,0.8293347628952739,0.228977117941971
90,2,90.5,2.5,8.0,1.0,9.129562613957901,8.009066611539595,0.0,0.2917359484560423,0.7833222221511518,0.22852325142596092
-75,-22,-74.5,-21.5,8.0,2.0,7.370213259009146,8.02338998106365,0.0,0.2917359484560423,0.7829347168361992,0.22841020219537148
-18,-2,-17.5,-1.5,5.0,1.0,2.5309053341248022,1.47924642977445,0.0,0.2379004192616742,0.9599803766355794,0.22837973408458426
106,-12,106.5,-11.5,8.0,1.0,8.210854939506104,8.037133360679782,0.0,0.2917359484560423,0.782562902603681,0.22830173061759831
-65,-10,-64.5,-9.5,8.0,2.0,9.183215369268144,8.039973499402175,0.0,0.2917359484560423,0.7824860653170159,0.2282793144188963
-62,-7,-61.5,-6.5,8.0,2.0,8.24983656624148,8.041120324049231,0.0,0.2917359484560423,0.7824550390528882,0.22827026294230393
58,-6,58.5,-5.5,6.0,1.0,5.952437267798815,4.322853045633624,0.0,0.2583677375542219,0.8830492693686108,0.22815144187567662
68,-10,68.5,-9.5,10.0,2.0,11.30991612062372,10.50539102061707,0.0,0.31837995028991856,0.7157865089421478,0.22789207313519536
-38,-6,-37.5,-5.5,7.0,2.0,5.509335017187361,6.458080287515347,0.0,0.27609733510095924,0.8252827010013739,0.22785835445140107
2,-17,2.5,-16.5,9.0,3.0,10.156085372070956,9.425411821242095,0.0,0.3057251647984691,0.745004332240856,0.22776657224990915
94,-10,94.5,-9.5,12.0,3.0,16.137823321136604,12.271798434757077,0.0,0.34056051496016676,0.6679980147473152,0.22749374789471474
50,19,50.5,19.5,14.0,4.0,11.400716584361977,13.610715634068022,0.0,0.35956069399283713,0.6317748669647387,0.22716140961307382
-72,-30,-71.5,-29.5,6.0,1.0,5.5784449465671875,4.486529310704284,0.0,0.2583677375542219,0.8786211616848751,0.22700736171178337
-55,-18,-54.5,-17.5,7.0,2.0,5.86161155942459,6.579820058330287,0.0,0.27609733510095924,0.8219891457975749,0.22694901263662426
0,-2,0.5,-1.5,8.0,1.0,8.846629655562268,8.210539455780069,0.0,0.2917359484560423,0.777871563503362,0.22693309835563782
110,-13,110.5,-12.5,16.0,1.0,16.415126980908965,14.676748661273587,0.0,0.3761791992644713,0.6029343442606854,0.2268113588330337
106,30,106.5,30.5,10.0,3.0,12.2578259564599,10.631957757509419,0.0,0.31837995028991856,0.7123623647029301,0.22680189426252773
133,41,133.5,41.5,5.0,2.0,6.748753348900604,1.734870947571996,0.0,0.2379004192616742,0.9530646953000976,0.22673449059539302
120,32,120.5,32.5,16.0,3.0,14.046860750888204,14.69406550337855,0.0,0.3761791992644713,0.6024658533554834,0.22663512229945215
40,-5,40.5,-4.5,7.0,1.0,8.166221350834764,6.633877908969379,0.0,0.27609733510095924,0.820526661400843,0.22654522459205986
25,-13,25.5,-12.5,15.0,2.0,15.915237212585437,14.21739533107315,0.0,0.3681297801346123,0.6153617173445716,0.22653297370931455
35,11,35.5,11.5,6.0,1.0,4.949120071684072,4.560774461573316,0.0,0.2583677375542219,0.8766125288333048,0.22648839578634605
-36,-35,-35.5,-34.5,7.0,1.0,5.7322116995278,6.653692283233873,0.0,0.27609733510095924,0.8199906021078773,0.22639722004981594
39,8,39.5,8.5,8.0,3.0,11.22140515230398,8.290204710937012,0.0,0.2917359484560423,0.7757162948189565,0.2263043290018152
58,1,58.5,1.5,6.0,1.0,6.531793816984106,4.61434393987755,0.0,0.2583677375542219,0.8751632568915831,0.2261139506736626
125,33,125.5,33.5,10.0,3.0,10.840957194671349,10.720336068661926,0.0,0.31837995028991856,0.7099713724688328,0.22604065027389222
104,-11,104.5,-10.5,11.0,1.0,14.564406781172833,11.641660706274642,0.0,0.3299328642953273,0.6850457993854866,0.22601912276473576
70,2,70.5,2.5,9.0,2.0,13.180764236676549,9.637652099967474,0.0,0.3057251647984691,0.739262370762102,0.2260111101305506
-77,-19,-76.5,-18.5,7.0,2.0,7.92998838069657,6.709060515452751,0.0,0.27609733510095924,0.8184926665677584,0.2259836440390361
-79,-31,-78.5,-30.5,6.0,1.0,4.059813022873587,4.63612318860317,0.0,0.2583677375542219,0.8745740397647976,0.22596171597768686
60,-6,60.5,-5.5,8.0,1.0,8.788582541822299,8.349039087187863,0.0,0.2917359484560423,0.774124586006248,0.22583997032167383
132,38,132.5,38.5,9.0,1.0,15.756434492338716,9.670172749233128,0.0,0.3057251647984691,0.7383825551282889,0.22574212835091081
-84,-34,-83.5,-33.5,6.0,1.0,5.546308984552211,4.695843465744947,0.0,0.2583677375542219,0.8729583637352147,0.22554427741730293
-73,-26,-72.5,-25.5,6.0,2.0,5.782224143037296,4.7004300738734806,0.0,0.2583677375542219,0.8728342773584424,0.22551221750087497
64,23,64.5,23.5,18.0,3.0,16.08229007050161,15.657843855381135,0.0,0.39094715538793934,0.5763917348870642,0.22533870914321702
-6,-30,-5.5,-29.5,9.0,1.0,10.303355983779195,9.722670929326501,0.0,0.3057251647984691,0.736962266153872,0.22530791027014577
1,9,1.5,9.5,8.0,2.0,10.228480195493288,8.439069009666795,0.0,0.2917359484560423,0.7716889109783325,0.2251293963572742
-84,-35,-83.5,-34.5,6.0,1.0,5.128616523248868,4.759595685192721,0.0,0.2583677375542219,0.8712336072919392,0.22509865599722176
-65,-11,-64.5,-10.5,8.0,4.0,9.564934568340687,8.467736889105906,0.0,0.2917359484560423,0.7709133284149966,0.22490313104255344
69,-7,69.5,-6.5,8.0,1.0,8.59534097667796,8.526151386156634,0.0,0.2917359484560423,0.769332979039843,0.22444208631870108
-48,-10,-47.5,-9.5,8.0,3.0,8.326459047894017,8.526889065303276,0.0,0.2917359484560423,0.769313021823102,0.2244362640811466
-83,-30,-82.5,-29.5,7.0,2.0,8.016250552342195,6.942640419898425,0.0,0.27609733510095924,0.8121733815498872,0.22423890628585844
47,11,47.5,11.5,13.0,2.0,14.203449917089191,13.333848206726428,0.0,0.3504001825878749,0.6392652552739916,0.22399866217009112
80,-5,80.5,-4.5,5.0,1.0,5.559433398106556,2.181596204617515,0.0,0.2379004192616742,0.9409789628795289,0.2238592897854553
46,9,46.5,9.5,9.0,1.0,15.337729280818309,9.902072964789172,0.0,0.3057251647984691,0.7321087125163477,0.22382405678445544
106,-14,106.5,-13.5,6.0,1.0,6.32338841244215,4.963720348759974,0.0,0.2583677375542219,0.8657112061619286,0.22367184571139406
117,35,117.5,35.5,8.0,1.0,9.428074915414719,8.633106765080333,0.0,0.2917359484560423,0.766439401678309,0.22359792578270304
-31,-14,-30.5,-13.5,9.0,3.0,10.549975939821037,9.934252110753631,0.0,0.3057251647984691,0.7312381359337273,0.22355789961526415
-79,-29,-78.5,-28.5,7.0,2.0,8.264281646073039,7.034408290681928,0.0,0.27609733510095924,0.8096906879622673,0.22355344120244433
50,-12,50.5,-11.5,7.0,1.0,7.460073736679766,7.042074268282335,0.0,0.27609733510095924,0.8094832921355049,0.22349617976736416
59,-6,59.5,-5.5,7.0,1.0,8.474122483294781,7.059589010700736,0.0,0.27609733510095924,0.809009447223122,0.2233653524498041
-48,-11,-47.5,-10.5,6.0,1.0,5.374933929565098,5.009379693189105,0.0,0.2583677375542219,0.8644759354657547,0.22335269161635657
0,-22,0.5,-21.5,8.0,2.0,7.439758671353799,8.668840727638761,0.0,0.2917359484560423,0.7654726528701847,0.22331589040224617
60,-19,60.5,-18.5,16.0,1.0,15.32280382054868,15.025015616311368,0.0,0.3761791992644713,0.5935123087631851,0.2232669850641426
134,-8,134.5,-7.5,12.0,2.0,13.066727383628402,12.736039738079121,0.0,0.34056051496016676,0.6554384021397062,0.22321643975736719
150,40,150.5,40.5,6.0,1.0,9.519516807195957,9.613467355921077,0.16666666666666666,0.2583677375542219,0.7399166663063876,0.2230323608942841
22,10,22.5,10.5,7.0,2.0,9.982930161354798,7.122968552510204,0.0,0.27609733510095924,0.8072947732234618,0.22289193552793102
117,7,117.5,7.5,7.0,1.0,8.42004383384365,7.131258093773311,0.0,0.27609733510095924,0.8070705074672389,0.22283001635028346
28,-13,28.5,-12.5,12.0,2.0,16.24750260047012,12.779968525621552,0.0,0.34056051496016676,0.6542499500353656,0.22281169989670746
114,31,114.5,31.5,9.0,2.0,12.790753892083409,10.024579791692563,0.0,0.3057251647984691,0.7287944053302275,0.22281078967378612
-81,-21,-80.5,-20.5,6.0,1.0,5.513199414859964,5.103387653198073,0.0,0.2583677375542219,0.8619326383672516,0.2226955856990881
124,33,124.5,33.5,7.0,3.0,12.276765874922235,7.1518999573546305,0.0,0.27609733510095924,0.8065120612276964,0.22267583083174863
14,-16,14.5,-15.5,9.0,3.0,8.757843625445734,10.044726228221702,0.0,0.3057251647984691,0.7282493624044493,0.22264415633548032
17,9,17.5,9.5,7.0,1.0,7.540500930821807,7.189783376431192,0.0,0.27609733510095924,0.8054871608914951,0.22239285858017938
13,13,13.5,13.5,7.0,1.0,7.136934679226534,7.198915543330532,0.0,0.27609733510095924,0.8052400986897844,0.2223246453646829
118,8,118.5,8.5,7.0,2.0,10.159069973840158,7.202795707224098,0.0,0.27609733510095924,0.8051351244985427,0.22229566227022668
6,10,6.5,10.5,8.0,3.0,7.542901813445766,8.800140568315296,0.0,0.2917359484560423,0.7619204589517687,0.22227958774035728
121,-12,121.5,-11.5,19.0,1.0,17.257500738650908,16.318747286481212,0.0,0.3977576098321221,0.5585116130490069,0.22215224426985603
114,-11,114.5,-10.5,8.0,1.0,10.473345774699961,8.817717201547648,0.0,0.2917359484560423,0.7614449396415207,0.2221408616633729
15,-22,15.5,-21.5,6.0,1.0,5.60660805611191,5.200451750628289,0.0,0.2583677375542219,0.8593066603400767,0.22201711769733984
120,-13,120.5,-12.5,12.0,3.0,14.8675404010443,12.870898425851156,0.0,0.34056051496016676,0.6517899269543515,0.22197391316942341
-66,-15,-65.5,-14.5,7.0,2.0,7.422777226971398,7.2849303359749005,0.0,0.27609733510095924,0.8029130492299312,0.22168215321016932
-63,-30,-62.5,-29.5,6.0,1.0,5.384127507344419,5.268305745167044,0.0,0.2583677375542219,0.8574709342226736,0.22154282529361718
78,-4,78.5,-3.5,8.0,2.0,10.545052322813975,8.9028056813556,0.0,0.2917359484560423,0.7591429507057863,0.2214692887378711
5,8,5.5,8.5,6.0,1.0,7.410910245138898,5.283268110397744,0.0,0.2583677375542219,0.8570661414788,0.2214382399082042
131,33,131.5,33.5,7.0,1.0,8.207290306623827,7.325609940476069,0.0,0.27609733510095924,0.8018125007222708,0.22137829470005493
20,10,20.5,10.5,7.0,2.0,8.822405098409648,7.331137019587105,0.0,0.27609733510095924,0.8016629707860297,0.22133700988314092
-128,-29,-127.5,-28.5,5.0,1.0,4.0221618094282645,2.58254316013995,0.0,0.2379004192616742,0.9301317194276278,0.2212787260204146
134,-3,134.5,-2.5,6.0,1.0,6.505689420275672,5.3071907823227855,0.0,0.2583677375542219,0.8564189360497109,0.22127102290575762
140,32,140.5,32.5,5.0,1.0,5.694649336095042,2.586071344721065,0.0,0.2379004192616742,0.930036267706228,0.22125601801587433
-69,-31,-68.5,-30.5,6.0,1.0,4.604233282006802,5.31018982711603,0.0,0.2583677375542219,0.8563377997084882,0.2212500598928425
43,8,43.5,8.5,6.0,2.0,8.685880576997835,5.319902611582906,0.0,0.2583677375542219,0.8560750294436017,0.22118216853400724
108,-13,108.5,-12.5,7.0,1.0,8.158244832055049,7.363993617596793,0.0,0.27609733510095924,0.8007740663743528,0.22109158574391746
87,-16,87.5,-15.5,8.0,2.0,18.807265385416088,8.957574888222933,0.0,0.2917359484560423,0.7576612212341574,0.2210370149851102
120,39,120.5,39.5,6.0,1.0,8.148471624700957,5.3555775071072755,0.0,0.2583677375542219,0.8551098786386286,0.2209328047041277
-74,-10,-73.5,-9.5,8.0,2.0,9.698439800350272,8.987047588230805,0.0,0.2917359484560423,0.7568638650059409,0.22080439750961414
153,47,153.5,47.5,6.0,1.0,12.03788918712903,9.894033377086554,0.16666666666666666,0.2583677375542219,0.7323262160136609,0.22074437884694292
-38,-8,-37.5,-7.5,5.0,2.0,3.333597221853567,2.699346587600134,0.0,0.2379004192616742,0.926971712358797,0.2205269590138699
130,-12,130.5,-11.5,8.0,2.0,14.570170879180289,9.036718115624614,0.0,0.2917359484560423,0.755520075520564,0.22041236580957244
-13,-7,-12.5,-6.5,5.0,2.0,4.136659622711069,2.7270148514448485,0.0,0.2379004192616742,0.9262231734568767,0.22034888129526936
-68,-18,-67.5,-17.5,7.0,2.0,9.393091592024609,7.470861396114881,0.0,0.27609733510095924,0.7978828589595488,0.22029333108146595
38,7,38.5,7.5,6.0,1.0,7.713003296965936,5.449170105904452,0.0,0.2583677375542219,0.852577818747748,0.2202786021187691
98,-14,98.5,-13.5,6.0,1.0,9.18648631431431,5.450359489806561,0.0,0.2583677375542219,0.8525456410829316,0.22027028844831073
12,-6,12.5,-5.5,6.0,1.0,6.214477632684326,5.472966461046734,0.0,0.2583677375542219,0.8519340307006237,0.22011226805756914
119,-13,119.5,-12.5,13.0,2.0,15.645228546148227,13.743874562874074,0.0,0.3504001825878749,0.6281723771623868,0.22011171565435977
80,22,80.5,22.5,7.0,1.0,9.106188019196095,7.4960881798383445,0.0,0.27609733510095924,0.7972003720101211,0.22010489825348775
42,10,42.5,10.5,8.0,3.0,9.208201984839526,9.093122586636085,0.0,0.2917359484560423,0.753994105512786,0.21996718550203784
0,-6,0.5,-5.5,7.0,1.0,8.588686278848439,7.520574579113392,0.0,0.27609733510095924,0.796537915466834,0.219921995767266
124,-10,124.5,-9.5,6.0,1.0,7.68697017270943,5.506802893672191,0.0,0.2583677375542219,0.8510186177833365,0.21987575489320174
-13,-25,-12.5,-24.5,5.0,2.0,6.614639394625135,2.8255493271222103,0.0,0.2379004192616742,0.9235574157266925,0.2197146964136085
121,-8,121.5,-7.5,8.0,1.0,10.663025596467767,9.125837251511776,0.0,0.2917359484560423,0.7531090409687952,0.21970898035785186
-23,2,-22.5,2.5,6.0,1.0,7.484084084358103,5.564041529868536,0.0,0.2583677375542219,0.8494700802196393,0.21947566274635158
-85,-29,-84.5,-28.5,6.0,1.0,7.669426540268549,5.577224468233708,0.0,0.2583677375542219,0.8491134281989946,0.21938351537068346
76,-6,76.5,-5.5,5.0,1.0,7.9016805761975775,2.8800124999717207,0.0,0.2379004192616742,0.9220839657180951,0.21936416203880207
-74,-18,-73.5,-17.5,9.0,2.0,14.159638437210846,10.467979747788245,0.0,0.3057251647984691,0.716798635804892,0.21914338105876846
105,-10,105.5,-9.5,10.0,1.0,10.908281109400992,11.523733307767579,0.0,0.31837995028991856,0.6882362144357485,0.21912061173977532
-63,-32,-62.5,-31.5,5.0,2.0,4.246094566226303,2.922615951506635,0.0,0.2379004192616742,0.9209313693351439,0.21908995887605848
84,-11,84.5,-10.5,14.0,3.0,17.270162975410248,14.447376809849104,0.0,0.35956069399283713,0.6091397843548063,0.21902272360126132
49,23,49.5,23.5,8.0,1.0,10.838937762898885,9.226523073832047,0.0,0.2917359484560423,0.7503850805749825,0.21891430318880625
-66,-9,-65.5,-8.5,6.0,2.0,7.043537040774223,5.659546171005899,0.0,0.2583677375542219,0.8468862918183692,0.21880809518279656
-69,-18,-68.5,-17.5,7.0,2.0,6.860246864004317,7.694829237871809,0.0,0.27609733510095924,0.7918236192734196,0.2186203911513877
-80,-26,-79.5,-25.5,6.0,1.0,6.201878676266639,5.694112831242178,0.0,0.2583677375542219,0.8459511232786467,0.2185664778029566
-66,-14,-65.5,-13.5,10.0,5.0,12.10502154790602,11.595186078661996,0.0,0.31837995028991856,0.6863031268027604,0.21850515539527854
50,10,50.5,10.5,5.0,1.0,5.6419401008159245,3.0655611231878668,0.0,0.2379004192616742,0.9170641219196354,0.21816993909452037
60,-2,60.5,-1.5,6.0,1.0,5.513931306845514,5.757632320458224,0.0,0.2583677375542219,0.8442326631332915,0.21812248314312407
46,8,46.5,8.5,5.0,1.0,9.70612429858728,3.084439171065214,0.0,0.2379004192616742,0.9165533940580024,0.21804843672210927
-83,-26,-82.5,-25.5,6.0,1.0,6.809380579165333,5.787692859319822,0.0,0.2583677375542219,0.843419403476781,0.21791236308562734
-80,-27,-79.5,-26.5,6.0,1.0,5.538232826899026,5.790767311975027,0.0,0.2583677375542219,0.8433362270466498,0.21789087297955648
-9,-31,-8.5,-30.5,5.0,2.0,3.9394898374265592,3.109981511198582,0.0,0.2379004192616742,0.9158623700261654,0.21788404181521537
-65,-13,-64.5,-12.5,8.0,4.0,10.980436256778646,9.386647993789584,0.0,0.2917359484560423,0.7460530511990957,0.21765049449009247
-72,-35,-71.5,-34.5,10.0,3.0,10.777650715765088,11.694769418234252,0.0,0.31837995028991856,0.6836089930446274,0.21764739722328977
25,-12,25.5,-11.5,8.0,1.0,12.800476008769706,9.420240972327997,0.0,0.2917359484560423,0.7451442247035663,0.21738535713043722
128,34,128.5,34.5,13.0,3.0,12.803945594012497,14.031495180486443,0.0,0.3504001825878749,0.6203910713860097,0.21738514468954515
27,-13,27.5,-12.5,12.0,2.0,15.207569900302127,13.369634511463161,0.0,0.34056051496016676,0.6382970903973748,0.21737878580330608
-79,-32,-78.5,-31.5,5.0,1.0,4.349743339556669,3.2016423910240324,0.0,0.2379004192616742,0.913382570978467,0.2172940965820832
-81,-30,-80.5,-29.5,5.0,1.0,3.206488381449431,3.2592000552284754,0.0,0.2379004192616742,0.9118254024115306,0.21692364552714793
41,-11,41.5,-10.5,7.0,1.0,9.111582543142545,7.924690656416676,0.0,0.27609733510095924,0.7856049344004876,0.21690342883013852
15,4,15.5,4.5,6.0,1.0,5.277588315870402,5.962002252863082,0.0,0.2583677375542219,0.8387036264851506,0.21669395845348952
44,13,44.5,13.5,11.0,4.0,13.1920903694395,12.688309107206381,0.0,0.3299328642953273,0.656729709545981,0.21667671413834386
114,-9,114.5,-8.5,9.0,1.0,12.635268807180658,10.78434907632386,0.0,0.3057251647984691,0.7082395606452647,0.2165266563950689
-71,-19,-70.5,-18.5,6.0,2.0,6.445417648118185,5.988073941875946,0.0,0.2583677375542219,0.8379982814163589,0.2165117200438708
67,-10,67.5,-9.5,9.0,2.0,10.69864696640545,10.791757688162246,0.0,0.3057251647984691,0.7080391276075655,0.21646537897158727
47,-5,47.5,-4.5,7.0,2.0,10.558248944850328,8.017426332683534,0.0,0.27609733510095924,0.7830960577441414,0.21621073467122431
0,2,0.5,2.5,6.0,1.0,12.003368630094835,10.450621573755035,0.16666666666666666,0.2583677375542219,0.7172682449066081,0.2162054692653425
-77,-30,-76.5,-29.5,6.0,1.0,6.237376634584142,6.091078538641914,0.0,0.2583677375542219,0.8352115887569035,0.21579172856618833
-74,-32,-73.5,-31.5,6.0,1.0,6.872586062332537,6.107325640627218,0.0,0.2583677375542219,0.8347720386663116,0.21567816300374035
92,20,92.5,20.5,10.0,1.0,12.606488540320179,11.925606510926217,0.0,0.31837995028991856,0.6773639122236592,0.21565908870195338
-53,-27,-52.5,-26.5,5.0,1.0,4.864755710550433,3.4565481336156316,0.0,0.2379004192616742,0.9064863354313586,0.21565347925409886
84,-3,84.5,-2.5,6.0,1.0,5.303905051390722,6.111073668176468,0.0,0.2583677375542219,0.8346706392998089,0.2156519646788276
14,-11,14.5,-10.5,5.0,1.0,4.18306553155652,3.458337751001382,0.0,0.2379004192616742,0.9064379190131726,0.21564196096791327
64,-5,64.5,-4.5,12.0,2.0,13.956800754049295,13.563483113262773,0.0,0.34056051496016676,0.6330526984707889,0.21559275298813504
75,1,75.5,1.5,10.0,2.0,11.496896315128556,11.934238347542216,0.0,0.31837995028991856,0.6771303859880284,0.21558473863066185
93,-13,93.5,-12.5,6.0,1.0,7.6399965912751,6.1525154680459195,0.0,0.2583677375542219,0.833549470312048,0.21536229078404387
-22,3,-21.5,3.5,6.0,1.0,7.139367438851863,6.172502296810926,0.0,0.2583677375542219,0.8330087454244803,0.21522258491820376
135,-3,135.5,-2.5,8.0,1.0,9.999083615262006,9.703730224321351,0.0,0.2917359484560423,0.7374746891452719,0.21514787790012085
9,8,9.5,8.5,5.0,1.0,4.242592506352713,3.5389447579754134,0.0,0.2379004192616742,0.9042571721175212,0.2151231603671342
95,-12,95.5,-11.5,7.0,2.0,15.18904661646695,8.165735484327753,0.0,0.27609733510095924,0.7790836928867164,0.21510293142663656
14,12,14.5,12.5,6.0,1.0,7.234300880055152,6.20787512780431,0.0,0.2583677375542219,0.8320517666917993,0.21497533248815345
97,1,97.5,1.5,8.0,1.0,11.478035732559936,9.739232026781355,0.0,0.2917359484560423,0.7365142212106465,0.21486767487625127
142,8,142.5,8.5,7.0,1.0,9.918681982371686,8.205790272731653,0.0,0.27609733510095924,0.7780000481919579,0.21480374001421743
52,18,52.5,18.5,5.0,1.0,6.835297771586227,3.6028551178201136,0.0,0.2379004192616742,0.9025281373342773,0.21471182226728244
82,-1,82.5,-0.5,6.0,1.0,7.6909284253910455,6.252380175371492,0.0,0.2583677375542219,0.8308477244135117,0.21466424680879267
-28,-19,-27.5,-18.5,6.0,1.0,8.546228632612157,6.264245033054191,0.0,0.2583677375542219,0.830526731828249,0.21458131268076663
30,17,30.5,17.5,9.0,1.0,10.054809363420368,11.045099229975948,0.0,0.3057251647984691,0.7011852100439504,0.21436996389493593
101,4,101.5,4.5,11.0,2.0,16.006243992211488,12.967677239969438,0.0,0.3299328642953273,0.6491716669993421,0.21418306751246535
41,-12,41.5,-11.5,7.0,1.0,7.760158998004727,8.301279720621922,0.0,0.27609733510095924,0.7754166708297237,0.2140904764089444
88,-16,88.5,-15.5,8.0,1.0,8.36977196859441,9.863361003432795,0.0,0.2917359484560423,0.7331560282860511,0.21388796927829606
-71,-10,-70.5,-9.5,7.0,3.0,8.128335086995701,8.354590115619484,0.0,0.27609733510095924,0.7739744081436233,0.21369227152479656
111,-14,111.5,-13.5,11.0,1.0,13.455147727235046,13.025718444677661,0.0,0.3299328642953273,0.6476014166980488,0.21366499033289907
-2,9,-1.5,9.5,6.0,2.0,7.3571864669684555,6.406455636491513,0.0,0.2583677375542219,0.8266793574669288,0.21358727527150823
114,35,114.5,35.5,6.0,1.0,8.31397677530702,6.411138662596507,0.0,0.2583677375542219,0.8265526625923255,0.21355454140339727
18,14,18.5,14.5,5.0,1.0,7.4815038924200365,3.8192556866491345,0.0,0.2379004192616742,0.896673623112665,0.21331903087938744
46,-5,46.5,-4.5,13.0,4.0,16.402344940882447,14.475249437294432,0.0,0.3504001825878749,0.6083857165875386,0.21317846617612865
43,13,43.5,13.5,9.0,3.0,11.167350513110181,11.204956224814824,0.0,0.3057251647984691,0.6968604291306071,0.21304776953748675
-70,-12,-69.5,-11.5,8.0,3.0,10.189191536190627,9.96984475605286,0.0,0.2917359484560423,0.7302752103313748,0.2130475311199594
-13,1,-12.5,1.5,5.0,1.0,4.60933095023249,3.924630046259083,0.0,0.2379004192616742,0.8938228187443217,0.21264082332492557
15,10,15.5,10.5,8.0,2.0,10.507427220758187,10.038884337972181,0.0,0.2917359484560423,0.7284074092604811,0.212502626403015
-1,9,-0.5,9.5,6.0,2.0,10.271297778524955,6.578139058929888,0.0,0.2583677375542219,0.8220346236581434,0.21238722590579073
-10,-8,-9.5,-7.5,5.0,2.0,5.84202414321186,3.9741893513019235,0.0,0.2379004192616742,0.8924820382752289,0.21232185108919052
39,-4,39.5,-3.5,6.0,1.0,7.32999793698679,6.61393771764035,0.0,0.2583677375542219,0.821066124556366,0.2121369969840412
-67,-27,-66.5,-26.5,5.0,1.0,5.191329582717553,4.022965324235501,0.0,0.2379004192616742,0.8911624501209194,0.21200792051402756
75,-2,75.5,-1.5,7.0,3.0,11.570604463060134,12.16712459868878,0.14285714285714285,0.27609733510095924,0.670829867108927,0.21167352984560614
158,9,158.5,9.5,7.0,1.0,10.48452767610793,8.6284845135173,0.0,0.27609733510095924,0.7665644523547379,0.21164640247826938
114,34,114.5,34.5,9.0,1.0,11.743677915035855,11.3746015754408,0.0,0.3057251647984691,0.6922708334412588,0.21164461463900242
127,41,127.5,41.5,8.0,3.0,12.964348928322206,10.181703459677042,0.0,0.2917359484560423,0.7245435720087412,0.21137540617769887
-13,-9,-12.5,-8.5,6.0,2.0,18.29808158487316,6.745821373265476,0.0,0.2583677375542219,0.8174981360726314,0.2112151438718792
68,19,68.5,19.5,6.0,2.0,7.816189783128905,6.76475837210633,0.0,0.2583677375542219,0.816985813348027,0.21108277620862553
55,12,55.5,12.5,5.0,1.0,5.633717890580951,4.222064897654023,0.0,0.2379004192616742,0.885775998087068,0.2107264813168414
-70,-11,-69.5,-10.5,7.0,2.0,9.48341346321667,8.754335668684963,0.0,0.27609733510095924,0.7631596675072564,0.2107063504552876
-65,-9,-64.5,-8.5,7.0,3.0,10.303617930101272,8.78460346287612,0.0,0.27609733510095924,0.7623408007523867,0.21048026352646532
113,32,113.5,32.5,14.0,2.0,16.11514238415009,15.360297485721016,0.0,0.35956069399283713,0.5844415725662832,0.21014221743019784
-67,-15,-66.5,-14.5,8.0,3.0,11.62518558103482,10.352218753574077,0.0,0.2917359484560423,0.7199304408209422,0.21002958997527418
48,20,48.5,20.5,9.0,2.0,12.841282581664375,11.613787366747161,0.0,0.3057251647984691,0.6857998864174684,0.20966628329375192
101,22,101.5,22.5,10.0,2.0,22.15168120549101,12.623639506030397,0.0,0.31837995028991856,0.6584792848906278,0.2096466019904192
89,3,89.5,3.5,10.0,2.0,11.89348682451145,12.629713867430745,0.0,0.31837995028991856,0.6583149487458663,0.20959428065681918
104,-10,104.5,-9.5,9.0,1.0,16.7099868229661,11.629394653206052,0.0,0.3057251647984691,0.6853776459352516,0.20953719375274163
85,1,85.5,1.5,6.0,1.0,13.81618946021465,7.001677440125377,0.0,0.2583677375542219,0.8105761903946578,0.2094267364275879
112,31,112.5,31.5,11.0,4.0,14.609663361898606,13.501541245354925,0.0,0.3299328642953273,0.6347284775528035,0.2094177846488088
78,0,78.5,0.5,13.0,2.0,17.80437889557861,14.887244808896757,0.0,0.3504001825878749,0.5972395686114211,0.2092728538901456
-62,-6,-61.5,-5.5,6.0,2.0,8.389457702046048,7.035230913054972,0.0,0.2583677375542219,0.8096684326862851,0.20919220112222828
-26,-27,-25.5,-26.5,7.0,3.0,10.364243014164824,8.977033195884346,0.0,0.27609733510095924,0.7571347949888444,0.20904289920863103
25,9,25.5,9.5,6.0,1.0,6.506887193953886,7.0684879715698035,0.0,0.2583677375542219,0.8087686941916145,0.20895973772296977
-127,-28,-126.5,-27.5,5.0,1.0,5.511314084261487,4.521982308678643,0.0,0.2379004192616742,0.8776620141097887,0.20879616112676416
-73,-27,-72.5,-26.5,7.0,3.0,9.584462872743808,9.016600689838908,0.0,0.27609733510095924,0.7560643335879154,0.2087473476685061
-65,-14,-64.5,-13.5,6.0,3.0,7.0477676650982035,7.106007509502445,0.0,0.2583677375542219,0.8077536383181314,0.20869748003344685
15,12,15.5,12.5,5.0,1.0,6.5655567734135944,4.550457119894924,0.0,0.2379004192616742,0.8768916548259591,0.20861289233015898
59,-1,59.5,-0.5,5.0,1.0,3.9870014653564922,4.552587835505326,0.0,0.2379004192616742,0.8768340103155459,0.20859917867696354
21,9,21.5,9.5,8.0,1.0,11.180174460689347,10.536190114251458,0.0,0.2917359484560423,0.714953268379653,0.2085775698524854
157,9,157.5,9.5,6.0,1.0,10.181806068774884,7.131426575380601,0.0,0.2583677375542219,0.8070659493555329,0.20851980339203924
59,24,59.5,24.5,11.0,1.0,14.952709674156301,13.603343118510994,0.0,0.3299328642953273,0.6319743234514348,0.20850909869743353
-69,-9,-68.5,-8.5,6.0,2.0,6.976669078185584,7.132972247829468,0.0,0.2583677375542219,0.8070241326385861,0.20850899930148975
-70,-19,-69.5,-18.5,7.0,2.0,8.875711815832025,9.055922261143255,0.0,0.27609733510095924,0.7550005253934031,0.2084536330609427
96,-10,96.5,-9.5,12.0,4.0,12.589267650031118,14.343211182711833,0.0,0.34056051496016676,0.611957887600922,0.20840869333530584
142,32,142.5,32.5,6.0,1.0,11.870160227032173,7.151672448075059,0.0,0.2583677375542219,0.8065182162776577,0.20837828683592505
-83,-25,-82.5,-24.5,5.0,1.0,4.67007322541779,4.599062621883058,0.0,0.2379004192616742,0.8755766786030317,0.2083000589354054
-43,-9,-42.5,-8.5,6.0,1.0,13.859186958695231,7.19930652632499,0.0,0.2583677375542219,0.8052295210119444,0.20804532955572586
26,9,26.5,9.5,6.0,2.0,8.314190639407768,7.2074358204201285,0.0,0.2583677375542219,0.8050095905924026,0.20798850663080948
116,-10,116.5,-9.5,22.0,2.0,15.923585451840161,18.512288376773657,0.0,0.41631446707714126,0.4991674182610776,0.20781061771563297
-38,-9,-37.5,-8.5,5.0,2.0,6.992283862288119,4.686850755038231,0.0,0.2379004192616742,0.8732016530805626,0.20773503936785284
-8,-31,-7.5,-30.5,11.0,2.0,12.130933214366765,13.710359076264243,0.0,0.3299328642953273,0.6290791071865418,0.20755387170240297
80,-16,80.5,-15.5,12.0,1.0,14.254334676551244,14.445283768653034,0.0,0.34056051496016676,0.6091964096193105,0.20746824297183708
-85,-37,-84.5,-36.5,5.0,1.0,4.428508081608297,4.744009380259549,0.0,0.2379004192616742,0.8716552801386762,0.20736715659664315
56,11,56.5,11.5,7.0,2.0,14.88105097367566,9.202917472195695,0.0,0.27609733510095924,0.7510237079650932,0.2073556443668033
63,19,63.5,19.5,6.0,2.0,8.518176699920962,7.306841895886251,0.0,0.2583677375542219,0.8023202525482365,0.20729366844481978
96,-1,96.5,-0.5,6.0,1.0,8.770132234053744,7.31666542900912,0.0,0.2583677375542219,0.8020544860824387,0.20722500296433383
37,-17,37.5,-16.5,9.0,1.0,16.276973244108515,11.91775855603801,0.0,0.3057251647984691,0.6775762312750933,0.2071521049701035
40,20,40.5,20.5,7.0,1.0,9.504511568814902,9.23696930816266,0.0,0.27609733510095924,0.7501024675126334,0.20710129233289196
27,4,27.5,4.5,11.0,2.0,17.128767099051714,13.763888186117395,0.0,0.3299328642953273,0.6276309273753643,0.2070760695892865
-63,-9,-62.5,-8.5,6.0,2.0,7.449776736992899,7.347326148830174,0.0,0.2583677375542219,0.8012249890935511,0.2070106877040069
45,13,45.5,13.5,11.0,3.0,10.444839712635321,13.771371827091926,0.0,0.3299328642953273,0.6274284644948279,0.20700927043119766
53,-20,53.5,-19.5,8.0,1.0,13.878515802958166,10.73819190243962,0.0,0.2917359484560423,0.7094882996499584,0.20698324201684534
39,9,39.5,9.5,8.0,2.0,10.744317733265937,10.792185074861612,0.0,0.2917359484560423,0.7080275650616669,0.20655709322628757
-83,-24,-82.5,-23.5,5.0,1.0,5.12459432296981,4.872333424551445,0.0,0.2379004192616742,0.868183593597615,0.20654124091297957
-71,-27,-70.5,-26.5,5.0,1.0,5.32037558831861,4.889323572847431,0.0,0.2379004192616742,0.8677239410866978,0.2064318893879177
3,10,3.5,10.5,9.0,3.0,13.762416789266418,12.047207020722292,0.0,0.3057251647984691,0.67407412459598,0.2060814228284898
52,-12,52.5,-11.5,7.0,1.0,9.829203899802883,9.403940131668788,0.0,0.27609733510095924,0.7455852286435282,0.2058540947191175
63,11,63.5,11.5,9.0,1.0,10.757031497732328,12.076595298340143,0.0,0.3057251647984691,0.6732790523362655,0.2058383492308619
61,-19,61.5,-18.5,9.0,1.0,12.307174465007105,12.077648653608694,0.0,0.3057251647984691,0.6732505547984193,0.2058296368164075
56,0,56.5,0.5,5.0,1.0,4.338662841263221,5.001259141456582,0.0,0.2379004192616742,0.8646956293688839,0.20571145276059474
-71,-12,-70.5,-11.5,6.0,2.0,7.7191754059003586,7.535277180856906,0.0,0.2583677375542219,0.7961401503802268,0.20569692942981718
-31,-4,-30.5,-3.5,5.0,2.0,5.143026721938199,5.010309870659095,0.0,0.2379004192616742,0.864450770387603,0.205653200706288
16,4,16.5,4.5,6.0,1.0,7.758188802766511,7.55497884886608,0.0,0.2583677375542219,0.7956071402491844,0.20555921680816627
82,2,82.5,2.5,7.0,1.0,11.298405101935268,9.499995842104893,0.0,0.27609733510095924,0.742986531579753,0.2051366013850745
105,-12,105.5,-11.5,5.0,1.0,3.6946716806054964,5.093298538271265,0.0,0.2379004192616742,0.8622055898994131,0.20511907132682952
23,10,23.5,10.5,5.0,3.0,9.974019525308936,5.113989049653913,0.0,0.2379004192616742,0.8616458275392788,0.20498590362666666
93,-12,93.5,-11.5,11.0,2.0,15.916408111232336,14.034466858417487,0.0,0.3299328642953273,0.6203106754295504,0.2046608778974407
-8,1,-7.5,1.5,5.0,1.0,8.010330487079802,5.197255621960783,0.0,0.2379004192616742,0.8593931286004851,0.20444998560465732
-28,0,-27.5,0.5,5.0,2.0,4.542801157620948,5.203425329538192,0.0,0.2379004192616742,0.8592262129544191,0.20441027630247688
20,14,20.5,14.5,5.0,1.0,6.4754386876714545,5.232916777477244,0.0,0.2379004192616742,0.8584283495185262,0.2042204642565644
77,-4,77.5,-3.5,12.0,4.0,13.419834781777068,14.798132400268333,0.0,0.34056051496016676,0.5996504211635205,0.20421725622752943
60,22,60.5,22.5,7.0,3.0,10.89085750916962,9.627338622900664,0.0,0.27609733510095924,0.7395413922013183,0.20418540758363732
91,20,91.5,20.5,6.0,1.0,11.1603101884834,7.821818762266627,0.0,0.2583677375542219,0.7883880369152574,0.20369403341260942
96,27,96.5,27.5,5.0,1.0,9.036508808279354,5.3516981417072005,0.0,0.2379004192616742,0.8552148312273786,0.20345596690779533
-72,-28,-71.5,-27.5,5.0,1.0,5.879184421331727,5.391716980702659,0.0,0.2379004192616742,0.8541321591101143,0.2031983987571752
-52,-10,-51.5,-9.5,6.0,2.0,7.867736536835614,7.918825928370404,0.0,0.2583677375542219,0.7857635991116692,0.20301596335494454
140,37,140.5,37.5,8.0,2.0,10.885145795517102,11.27285061500556,0.0,0.2917359484560423,0.6950236101467651,0.20276337210550907
43,20,43.5,20.5,9.0,2.0,11.133614649195883,12.455723262822316,0.0,0.3057251647984691,0.6630221012021604,0.20270254115505776
42,11,42.5,11.5,7.0,1.0,8.66697434238765,9.847405749739881,0.0,0.27609733510095924,0.7335876826950947,0.2025416042550037
131,-8,131.5,-7.5,7.0,1.0,13.816220983253174,9.857324839935355,0.0,0.27609733510095924,0.7333193310224115,0.20246751307330602
58,22,58.5,22.5,7.0,2.0,12.211989569585626,9.883803569477243,0.0,0.27609733510095924,0.7326029738542579,0.20226972876819832
-82,-23,-81.5,-22.5,5.0,1.0,7.283348522882325,5.538310392168806,0.0,0.2379004192616742,0.8501662119923814,0.20225489827509693
75,24,75.5,24.5,8.0,1.0,12.206541320948455,11.364223370031798,0.0,0.2917359484560423,0.6925516060450028,0.20204219964429423
-86,-33,-85.5,-32.5,5.0,1.0,5.576206940138077,5.585805044932697,0.0,0.2379004192616742,0.848881288752293,0.20194921449756081
-78,-29,-77.5,-28.5,5.0,1.0,5.868766832829405,5.595663499528103,0.0,0.2379004192616742,0.8486145775188418,0.201885763783301
-68,-16,-67.5,-15.5,7.0,3.0,10.958465054144387,9.94615875602242,0.0,0.27609733510095924,0.7309160128245552,0.20180396332347825
122,4,122.5,4.5,7.0,1.0,9.933113196811755,9.951239219310027,0.0,0.27609733510095924,0.7307785656601109,0.201766014527658
-72,-24,-71.5,-23.5,7.0,3.0,9.423329109125552,10.031612432701145,0.0,0.27609733510095924,0.7286041438303479,0.20116566245507506
62,24,62.5,24.5,7.0,1.0,11.033828368926342,10.095585272782012,0.0,0.27609733510095924,0.7268734187029741,0.20068781385961487
128,8,128.5,8.5,8.0,2.0,14.120107680972746,11.54121536796128,0.0,0.2917359484560423,0.6877632537102709,0.20064526513437952
21,3,21.5,3.5,6.0,1.0,8.079684418363097,8.27075444247571,0.0,0.2583677375542219,0.7762425035712581,0.20055601944113097
-71,-16,-70.5,-15.5,6.0,2.0,9.206388279632733,8.293810536173469,0.0,0.2583677375542219,0.7756187426025196,0.20039485973086335
-7,-26,-6.5,-25.5,5.0,1.0,5.570397944323397,5.827851919871157,0.0,0.2379004192616742,0.8423329377969697,0.20039135905981684
33,10,33.5,10.5,6.0,2.0,9.05825557921707,8.314622657766066,0.0,0.2583677375542219,0.775055690192329,0.20024938515351795
3,2,3.5,2.5,5.0,1.0,5.258971353461152,5.853704211859824,0.0,0.2379004192616742,0.8416335283086863,0.20022496924931862
-6,-1,-5.5,-0.5,5.0,2.0,5.143469441854927,5.86112557449039,0.0,0.2379004192616742,0.8414327503102759,0.20017720407931827
117,-9,117.5,-8.5,19.0,1.0,18.708399347490776,18.362130268573196,0.0,0.3977576098321221,0.5032298049022355,0.2001634843941983
-79,-22,-78.5,-21.5,7.0,2.0,15.088028625949189,10.174196479328842,0.0,0.27609733510095924,0.7247466663141199,0.20010062319263264
-80,-31,-79.5,-30.5,5.0,2.0,9.072881262054263,5.883000000000441,0.0,0.2379004192616742,0.8408409582649445,0.20003641650361823
150,11,150.5,11.5,8.0,1.0,15.18958101091762,11.64985875643265,0.0,0.2917359484560423,0.6848240088352155,0.19978778174301068
65,22,65.5,22.5,7.0,2.0,13.040807988415576,10.221242585908547,0.0,0.27609733510095924,0.7234738780699264,0.19974920975026297
-24,2,-23.5,2.5,5.0,2.0,11.895854866785765,5.949133130129506,0.0,0.2379004192616742,0.8390517885185088,0.19961077227081084
85,-5,85.5,-4.5,8.0,1.0,9.952284648598072,11.707857883074793,0.0,0.2917359484560423,0.683254896916495,0.19933001538916906
-37,-8,-36.5,-7.5,11.0,2.0,17.183967978801448,14.659356875389342,0.0,0.3299328642953273,0.6034048626994747,0.19908309468016638
-72,-29,-71.5,-28.5,5.0,1.0,7.155797554121625,6.057975404374178,0.0,0.2379004192616742,0.836107162975581,0.19891024461957968
2,-2,2.5,-1.5,5.0,1.0,6.492853602856942,6.079455403242959,0.0,0.2379004192616742,0.835526041772721,0.19877199564177747
122,8,122.5,8.5,6.0,1.0,9.430213000290074,8.562696488406083,0.0,0.2583677375542219,0.7683442856089181,0.19851537473549105
-77,-17,-76.5,-16.5,6.0,2.0,8.173871062605627,8.595460392885315,0.0,0.2583677375542219,0.7674578889336822,0.19828635843193476
29,-13,29.5,-12.5,7.0,2.0,11.1432171788105,10.44615378979327,0.0,0.27609733510095924,0.7173891166071068,0.1980692233256535
107,-10,107.5,-9.5,9.0,1.0,12.440812201034328,13.068884611932978,0.0,0.3057251647984691,0.6464335965695887,0.19763101784250459
-67,-12,-66.5,-11.5,5.0,1.0,6.12473628172456,6.267885289314473,0.0,0.2379004192616742,0.830428248112788,0.1975592283927699
11,-7,11.5,-6.5,6.0,1.0,9.44658710271092,8.710889408410635,0.0,0.2583677375542219,0.76433506528938,0.19747952155217557
83,17,83.5,17.5,6.0,2.0,8.307674205455774,8.71237654145005,0.0,0.2583677375542219,0.7642948323011961,0.19746912664604346
-78,-35,-77.5,-34.5,5.0,1.0,6.665066025472332,6.312594553747224,0.0,0.2379004192616742,0.8292186809389319,0.19727147185498436
158,41,158.5,41.5,6.0,1.0,10.999674326743031,8.80084139972945,0.0,0.2583677375542219,0.7619014986158357,0.19685076643654456
90,3,90.5,3.5,9.0,2.0,12.632380751869784,13.169331987603801,0.0,0.3057251647984691,0.6437160871260109,0.1968002068200254
53,11,53.5,11.5,5.0,1.0,9.356579014070908,6.4569729750111104,0.0,0.2379004192616742,0.8253126583015737,0.19634222743191126
73,-18,73.5,-17.5,8.0,1.0,12.492744738933126,12.089344436114423,0.0,0.2917359484560423,0.672934136383333,0.19631907852623937
123,-8,123.5,-7.5,11.0,1.0,14.428230681115657,14.985807485752368,0.0,0.3299328642953273,0.594573047924836,0.19616918873464406
111,-9,111.5,-8.5,5.0,1.0,7.742724017845821,6.490112248644473,0.0,0.2379004192616742,0.8244161063662887,0.1961289373506171
0,-15,0.5,-14.5,5.0,1.0,7.9571916647248715,6.500761878426618,0.0,0.2379004192616742,0.8241279906309565,0.19606039449638568
-82,-29,-81.5,-28.5,6.0,2.0,8.868917651022445,8.92341964045631,0.0,0.2583677375542219,0.7585852593957686,0.19599395721206728
37,10,37.5,10.5,8.0,4.0,12.245156356793736,12.148434521501432,0.0,0.2917359484560423,0.6713355096000186,0.19585270162538193
68,0,68.5,0.5,6.0,1.0,8.89978468853367,8.969322101485563,0.0,0.2583677375542219,0.7573434114082289,0.19567310375714037
51,-12,51.5,-11.5,7.0,1.0,9.673051914026049,10.77576990288919,0.0,0.27609733510095924,0.7084716621279675,0.19560713790807902
120,8,120.5,8.5,7.0,2.0,11.08605001371385,10.792294334390276,0.0,0.27609733510095924,0.7080246091476974,0.1954837077715775
129,-8,129.5,-7.5,8.0,1.0,20.238459737160483,12.217616999242683,0.0,0.2917359484560423,0.6694638426168207,0.1953066690828448
-53,-19,-52.5,-18.5,5.0,1.0,6.290429873339038,6.630545678904795,0.0,0.2379004192616742,0.8206168117567701,0.195225083570114
49,21,49.5,21.5,14.0,2.0,16.416315905941662,16.89399403293757,0.0,0.35956069399283713,0.5429488523950556,0.1952230661697807
32,-13,32.5,-12.5,10.0,2.0,13.661848517456804,14.318168301986116,0.0,0.31837995028991856,0.6126353992274033,0.19505082795186507
112,34,112.5,34.5,10.0,1.0,16.391469238476535,14.322362709454858,0.0,0.31837995028991856,0.6125219234712633,0.19501469954626613
103,31,103.5,31.5,8.0,1.0,12.963020973877939,12.29020303626326,0.0,0.2917359484560423,0.6675000955327581,0.19473377346474802
-42,-1,-41.5,-0.5,9.0,3.0,15.260852897141092,13.433814424802094,0.0,0.3057251647984691,0.636560763097415,0.19461264420219648
112,-9,112.5,-8.5,5.0,1.0,7.3845786181988995,6.7269513154181535,0.0,0.2379004192616742,0.8180086477715036,0.1946046002645159
95,21,95.5,21.5,15.0,2.0,23.061339439294937,17.44855423810354,0.0,0.3681297801346123,0.5279457466941199,0.19435255165351006
30,11,30.5,11.5,7.0,3.0,10.60180131541494,10.96452619700699,0.0,0.27609733510095924,0.7033650378047911,0.19419721254108827
87,-2,87.5,-1.5,5.0,1.0,8.72952622333153,6.791118096452689,0.0,0.2379004192616742,0.8162726757537101,0.1941916117936563
83,2,83.5,2.5,10.0,1.0,12.34781312488416,14.418489669581973,0.0,0.31837995028991856,0.6099212988139908,0.19418671279716096
-20,-2,-19.5,-1.5,5.0,1.0,7.628537979190493,6.807893066140627,0.0,0.2379004192616742,0.8158188446980129,0.19408364519523194
117,4,117.5,4.5,10.0,1.0,14.803198118811219,14.452972277528861,0.0,0.31837995028991856,0.6089884042300453,0.19388969786589866
69,-1,69.5,-0.5,8.0,2.0,17.934371202621023,12.411246296867521,0.0,0.2917359484560423,0.6642253837587893,0.19377842231944906
55,21,55.5,21.5,7.0,2.0,11.92692001360345,11.038858636653295,0.0,0.27609733510095924,0.7013540434373027,0.19364198235532168
-84,-29,-83.5,-28.5,5.0,1.0,7.633410702271066,6.877837450827529,0.0,0.2379004192616742,0.8139265650377181,0.19363347107068749
-76,-15,-75.5,-14.5,6.0,2.0,12.028567002139381,9.28256905906074,0.0,0.2583677375542219,0.7488688090634927,0.19348353992265918
-43,-14,-42.5,-13.5,7.0,3.0,12.556695759490088,11.079939294028295,0.0,0.27609733510095924,0.70024264482067,0.1933351281590345
13,10,13.5,10.5,6.0,2.0,12.181787873853892,9.30594494522251,0.0,0.2583677375542219,0.748236396409878,0.1933201448961441
-67,-13,-66.5,-12.5,5.0,1.0,7.036778891364795,6.929691551579101,0.0,0.2379004192616742,0.8125237010251986,0.19329972913394197
4,10,4.5,10.5,6.0,4.0,14.512942053979698,9.31533786498342,0.0,0.2583677375542219,0.747982279784306,0.19325448935852013
-19,-2,-18.5,-1.5,5.0,1.0,6.697347180799963,6.94030986339985,0.0,0.2379004192616742,0.812236432567909,0.19323138784751212
112,-11,112.5,-10.5,9.0,1.0,12.616106364983056,13.675347893199275,0.0,0.3057251647984691,0.6300263018740534,0.19261489496781503
123,8,123.5,8.5,8.0,1.0,13.21515801338822,12.562967146870417,0.0,0.2917359484560423,0.6601207186053493,0.19258094393781577
85,2,85.5,2.5,12.0,2.0,14.004111528718683,16.099592687608798,0.0,0.34056051496016676,0.5644406349678173,0.19222619330908336
128,-9,128.5,-8.5,9.0,1.0,14.372443948276649,13.749853235581215,0.0,0.3057251647984691,0.6280106297853825,0.19199865328632643
130,-9,130.5,-8.5,6.0,1.0,9.888361669825342,9.512258010755907,0.0,0.2583677375542219,0.7426547901192585,0.19187803790691832
14,13,14.5,13.5,7.0,1.0,10.342858311070719,11.28883103697979,0.0,0.27609733510095924,0.6945912748334997,0.19177479996590724
2,-14,2.5,-13.5,6.0,2.0,14.733458759729155,9.533844642656323,0.0,0.2583677375542219,0.7420707840598404,0.1917271495826285
43,21,43.5,21.5,7.0,2.0,10.51863520724268,11.342866701152937,0.0,0.27609733510095924,0.6931293906707741,0.1913711776443524
98,28,98.5,28.5,5.0,2.0,8.998295962620784,7.251618095282227,0.0,0.2379004192616742,0.8038142806266154,0.19122775436959286
82,-11,82.5,-10.5,5.0,2.0,10.578631252178885,7.251829079618658,0.0,0.2379004192616742,0.8038085726434763,0.19122639643801093
-77,-22,-76.5,-21.5,6.0,3.0,10.18559964883026,9.627016524439629,0.0,0.2583677375542219,0.739550106272779,0.19107588776568224
-39,0,-38.5,0.5,9.0,2.0,14.624958281834786,13.869916257859014,0.0,0.3057251647984691,0.6247624374390375,0.19100559914594298
0,9,0.5,9.5,7.0,2.0,13.160829256606744,11.39196664321024,0.0,0.27609733510095924,0.6918010378359811,0.19100442296659226
41,10,41.5,10.5,5.0,2.0,9.891985902369544,7.292938296736574,0.0,0.2379004192616742,0.8026964013698124,0.19096181042571547
82,0,82.5,0.5,8.0,2.0,15.76464609239941,15.460211295737327,0.125,0.2917359484560423,0.5817384982405491,0.19092828660480032
40,-4,40.5,-3.5,5.0,1.0,8.51627941517947,7.299406277225428,0.0,0.2379004192616742,0.8025214162301613,0.19092018138762792
136,-2,136.5,-1.5,5.0,1.0,9.462495787345489,7.312449999823431,0.0,0.2379004192616742,0.8021685305613944,0.19083622973907685
98,1,98.5,1.5,6.0,1.0,9.664292140055558,9.720914698094521,0.0,0.2583677375542219,0.7370097793410123,0.19041954924367363
102,-11,102.5,-10.5,5.0,1.0,12.070661104489599,7.400248441775925,0.0,0.2379004192616742,0.7997932261440922,0.19027114382232654
-67,-16,-66.5,-15.5,6.0,2.0,9.957358795598585,9.7440410050271,0.0,0.2583677375542219,0.7363841188191256,0.19025789875015678
-78,-26,-77.5,-25.5,5.0,2.0,7.734416263138262,7.412108202124915,0.0,0.2379004192616742,0.7994723714624072,0.19019481235903163
-79,-17,-78.5,-16.5,5.0,1.0,7.351509031393988,7.415972087326654,0.0,0.2379004192616742,0.7993678376758897,0.1901699437273921
102,5,102.5,5.5,5.0,2.0,10.243213035889863,7.421407009456605,0.0,0.2379004192616742,0.79922080096025,0.19013496363109456
-69,-21,-68.5,-20.5,5.0,1.0,8.898487986168945,7.445746772487032,0.0,0.2379004192616742,0.7985623115228915,0.18997830871786758
67,21,67.5,21.5,7.0,2.0,14.599570374125532,11.587584951140713,0.0,0.27609733510095924,0.6865087681715166,0.18954324141559797
133,-9,133.5,-8.5,8.0,1.0,12.906416482996931,12.957786178881605,0.0,0.2917359484560423,0.6494392603708332,0.18946477858887562
64,-4,64.5,-3.5,5.0,1.0,9.857345088763996,7.535926581677955,0.0,0.2379004192616742,0.7961225814507045,0.18939789591080897
95,0,95.5,0.5,6.0,1.0,9.439346658147826,9.901132566660783,0.0,0.2583677375542219,0.7321341541048167,0.18915984498223554
139,37,139.5,37.5,5.0,1.0,14.405415901612946,7.574306700946891,0.0,0.2379004192616742,0.7950842433571262,0.18915087484301135
103,-11,103.5,-10.5,11.0,2.0,14.533709780217565,15.776854249184877,0.0,0.3299328642953273,0.5731720204158226,0.18910828642973218
109,-10,109.5,-9.5,16.0,2.0,18.844808575876407,18.39069621632356,0.0,0.3761791992644713,0.50245698000504,0.1890138644031404
-2,-31,-1.5,-30.5,6.0,1.0,9.79788185072964,9.923177028504224,0.0,0.2583677375542219,0.7315377618861245,0.18900575647399706
64,24,64.5,24.5,11.0,2.0,14.588358518920222,15.794188583151168,0.0,0.3299328642953273,0.5727030562847347,0.18895355975071057
154,49,154.5,49.5,6.0,2.0,14.574102164651464,9.99234436445915,0.0,0.2583677375542219,0.7296665045497397,0.1885222839496136
-33,-26,-32.5,-25.5,5.0,1.0,7.520688736835455,7.694729235002678,0.0,0.2379004192616742,0.791826324757156,0.188375814642158
-75,-15,-74.5,-14.5,5.0,2.0,11.985304734255154,7.6967676332377035,0.0,0.2379004192616742,0.7917711778066612,0.1883626951595143
148,40,148.5,40.5,7.0,1.0,10.230576640180603,11.806140478582124,0.0,0.27609733510095924,0.6805959535678328,0.18791072906057482
-37,-2,-36.5,-1.5,6.0,1.0,9.318324969944147,10.102541313947231,0.0,0.2583677375542219,0.7266852295399406,0.18775201867030486
79,19,79.5,19.5,6.0,1.0,11.626923547466907,10.139928464245328,0.0,0.2583677375542219,0.7256737552896178,0.18749068635665458
82,23,82.5,23.5,11.0,4.0,19.295337533401522,15.95940111658419,0.0,0.3299328642953273,0.5682333863027835,0.18747886873111058
81,0,81.5,0.5,5.0,1.0,10.964473492949919,7.849167344375443,0.0,0.2379004192616742,0.787648146702568,0.1873818243312216
23,13,23.5,13.5,5.0,1.0,7.997791786898455,7.901492011008714,0.0,0.2379004192616742,0.7862325519719107,0.1870450537512936
55,10,55.5,10.5,7.0,1.0,12.694780857227611,11.961857380859044,0.0,0.27609733510095924,0.6763831789718199,0.18674759322123463
117,32,117.5,32.5,12.0,3.0,16.350234299328047,18.289313016254688,0.08333333333333333,0.34056051496016676,0.5051998072991066,0.18638869874252417
31,13,31.5,13.5,6.0,1.0,10.509344922078503,10.30149880593339,0.0,0.2583677375542219,0.7213026213858484,0.18636132637939115
57,21,57.5,21.5,7.0,4.0,12.46114816996594,12.03311367772832,0.0,0.27609733510095924,0.674455406759122,0.18621534045062707
-75,-10,-74.5,-9.5,6.0,2.0,10.172148550686076,10.374046660410023,0.0,0.2583677375542219,0.7193399072946646,0.1858542243801862
137,36,137.5,36.5,6.0,1.0,11.569121864570036,10.422912395338754,0.0,0.2583677375542219,0.7180178907138495,0.18551265794719182
-70,-10,-69.5,-9.5,6.0,3.0,9.854243842508756,10.47240243363199,0.0,0.2583677375542219,0.7166789841916359,0.1851667276982509
-52,-13,-51.5,-12.5,6.0,2.0,10.106867956460016,10.485869811109048,0.0,0.2583677375542219,0.7163146369378652,0.1850725921226101
-69,-8,-68.5,-7.5,5.0,2.0,8.381471375323212,8.209591136635668,0.0,0.2379004192616742,0.7778972193874826,0.18506207463477267
39,20,39.5,20.5,5.0,1.0,10.274724264849658,8.229327554542298,0.0,0.2379004192616742,0.7773632691305895,0.18493504764479293
147,46,147.5,46.5,9.0,1.0,19.402936723444864,14.60889390063539,0.0,0.3057251647984691,0.6047700911041898,0.1848934357680136
-50,-13,-49.5,-12.5,5.0,2.0,9.768632466851896,8.249963866120487,0.0,0.2379004192616742,0.7768049730952793,0.1848022287839205
103,6,103.5,6.5,5.0,1.0,9.0244442491676,8.263606597603204,0.0,0.2379004192616742,0.776435881803517,0.18471442181086442
143,32,143.5,32.5,5.0,1.0,8.424679515773855,8.278965696273248,0.0,0.2379004192616742,0.7760203558089158,0.18461556800253467
62,11,62.5,11.5,7.0,1.0,13.535567573679995,12.250219630687578,0.0,0.27609733510095924,0.6685818090321172,0.184593655770746
-86,-32,-85.5,-31.5,5.0,1.0,7.872575585467198,8.290629047304629,0.0,0.2379004192616742,0.7757048147969197,0.18454050066348654
17,14,17.5,14.5,5.0,1.0,9.829468952480376,8.290694180829297,0.0,0.2379004192616742,0.7757030526705604,0.18454008145288686
103,22,103.5,22.5,9.0,2.0,26.802730964221553,14.696675440385562,0.0,0.3057251647984691,0.6023952439601028,0.18416738523351645
2,9,2.5,9.5,6.0,2.0,12.09964475649277,10.622333962393553,0.0,0.2583677375542219,0.7126227274444727,0.18411872181954733
12,9,12.5,9.5,5.0,1.0,8.465368561503526,8.373550322291496,0.0,0.2379004192616742,0.7734614575529356,0.18400680503458902
-48,-8,-47.5,-7.5,11.0,6.0,14.171720187145876,16.403928950099612,0.0,0.3299328642953273,0.5562071031127667,0.18351100267140158
129,-12,129.5,-11.5,7.0,2.0,20.135064072637572,12.481366151182357,0.0,0.27609733510095924,0.6623283569324506,0.18286709431084655
131,41,131.5,41.5,6.0,4.0,12.919319441015995,14.57139622263951,0.16666666666666666,0.2583677375542219,0.6057845555776069,0.18260104924818876
155,11,155.5,11.5,6.0,1.0,10.700106856728185,10.848036640641812,0.0,0.2583677375542219,0.7065165533858249,0.18254108344290218
126,33,126.5,33.5,8.0,3.0,12.176288714898647,13.839616504803223,0.0,0.2917359484560423,0.6255821688109852,0.1825048073552607
74,20,74.5,20.5,5.0,1.0,10.132908624409477,8.637468900088892,0.0,0.2379004192616742,0.7663213882110507,0.18230817954459716
-32,-20,-31.5,-19.5,8.0,3.0,13.988952844005114,13.86654455674056,0.0,0.2917359484560423,0.6248536556472697,0.18229227387648148
72,19,72.5,19.5,6.0,1.0,11.375789744821743,10.897818371369834,0.0,0.2583677375542219,0.7051697553986442,0.18219311429401175
129,34,129.5,34.5,5.0,2.0,13.57353931747915,8.679298646780781,0.0,0.2379004192616742,0.7651897236862333,0.18203895607967954
50,11,50.5,11.5,6.0,1.0,13.235761345891051,10.930897683171391,0.0,0.2583677375542219,0.7042748256744235,0.1819618933258948
73,23,73.5,23.5,16.0,2.0,17.252059774235935,19.12591438965847,0.0,0.3761791992644713,0.48256634258634656,0.18153142034611638
103,30,103.5,30.5,6.0,1.0,12.750674073449554,11.008559533154845,0.0,0.2583677375542219,0.7021737572360864,0.1814190450270351
-67,-14,-66.5,-13.5,6.0,2.0,15.8267458596525,11.008897846119043,0.0,0.2583677375542219,0.7021646044964658,0.18141668025440688
-5,2,-4.5,2.5,6.0,1.0,10.224954347279752,11.08774717537952,0.0,0.2583677375542219,0.7000314099211558,0.18086553159822108
6,9,6.5,9.5,5.0,1.0,8.371597812772794,8.880504715386897,0.0,0.2379004192616742,0.7597462824027682,0.1807439591161169
73,18,73.5,18.5,7.0,3.0,14.716144598072743,12.76600994829716,0.0,0.27609733510095924,0.6546275862398421,0.18074093204439376
134,-7,134.5,-6.5,5.0,1.0,10.399597296189862,8.88740417669955,0.0,0.2379004192616742,0.7595596239545259,0.18069955299302132
121,32,121.5,32.5,7.0,3.0,15.76359651559642,12.771919276288354,0.0,0.27609733510095924,0.6544677149190233,0.18069679199875666
12,0,12.5,0.5,5.0,1.0,8.156533902664304,8.90435831489234,0.0,0.2379004192616742,0.7591009456631426,0.180590433235195
48,23,48.5,23.5,5.0,1.0,8.519169226000848,8.975141670187675,0.0,0.2379004192616742,0.7571859684407056,0.18013485935110068
9,-7,9.5,-6.5,5.0,1.0,9.534299780215875,8.979152354204137,0.0,0.2379004192616742,0.7570774631500781,0.18010904589696827
42,21,42.5,21.5,6.0,1.0,12.543553187793636,11.199818240577326,0.0,0.2583677375542219,0.696999432470347,0.1800821664439402
13,9,13.5,9.5,5.0,2.0,11.984407846725215,8.990149108886282,0.0,0.2379004192616742,0.7567799562764752,0.18003826888700494
-4,-6,-3.5,-5.5,5.0,1.0,9.478766633361023,8.996944481323055,0.0,0.2379004192616742,0.7565961138550457,0.17999453269786875
135,-7,135.5,-6.5,8.0,1.0,19.40239353366345,14.20206813714298,0.0,0.2917359484560423,0.6157763801863891,0.17964410631050473
57,10,57.5,10.5,6.0,1.0,17.434917798776926,11.288169658570212,0.0,0.2583677375542219,0.6946091678054345,0.17946459917031096
-9,-10,-8.5,-9.5,5.0,1.0,7.207944365610341,9.157039914734721,0.0,0.2379004192616742,0.7522648822099739,0.17896413087358676
100,30,100.5,30.5,7.0,1.0,14.20236331558946,13.015716346019028,0.0,0.27609733510095924,0.6478720140867701,0.17887573657584835
102,30,102.5,30.5,8.0,1.0,13.775817119077674,14.317559746583097,0.0,0.2917359484560423,0.6126518631224886,0.1787325723614006
57,0,57.5,0.5,6.0,1.0,13.096282671852554,11.468247326948635,0.0,0.2583677375542219,0.6897373355536938,0.17820587489368503
-75,-21,-74.5,-20.5,6.0,2.0,17.412202714542843,11.49776906599735,0.0,0.2583677375542219,0.6889386526202677,0.17799952099115254
47,21,47.5,21.5,6.0,2.0,12.532951115665618,11.498298468805302,0.0,0.2583677375542219,0.6889243301243293,0.17799582052028082
-5,-1,-4.5,-0.5,5.0,1.0,7.557595275412126,9.347070396654237,0.0,0.2379004192616742,0.7471237859320955,0.17774106191361486
48,11,48.5,11.5,7.0,2.0,17.96568034476653,13.206260674393004,0.0,0.27609733510095924,0.6427170161754919,0.17745245539009344
57,11,57.5,11.5,6.0,1.0,12.995991972033032,11.615245194977057,0.0,0.2583677375542219,0.6857604462433933,0.1771783750000791
-8,0,-7.5,0.5,6.0,1.0,14.16966404738612,11.680255584031656,0.0,0.2583677375542219,0.6840016512026398,0.17672395910457805
115,-12,115.5,-11.5,14.0,1.0,17.564616469842246,18.799016507876544,0.0,0.35956069399283713,0.49141025786930204,0.17669181335468528
18,-12,18.5,-11.5,6.0,1.0,10.238339327854215,11.725753689205824,0.0,0.2583677375542219,0.6827707426831292,0.17640593205525587
58,10,58.5,10.5,6.0,1.0,12.260471258670913,11.757738812819376,0.0,0.2583677375542219,0.6819054151930544,0.17618235934940177
86,2,86.5,2.5,12.0,2.0,15.203381877253298,17.846281448155402,0.0,0.34056051496016676,0.5171856104330614,0.1761329978190716
118,32,118.5,32.5,12.0,3.0,18.220375445716282,17.874461879981688,0.0,0.34056051496016676,0.5164232153072496,0.17587335614242197
55,-12,55.5,-11.5,5.0,2.0,11.483806981185406,9.707596252404041,0.0,0.2379004192616742,0.7373700973851219,0.17542065531894205
45,14,45.5,14.5,5.0,2.0,11.57676696674439,9.776217059784035,0.0,0.2379004192616742,0.7355136258662227,0.17497899996624858
-78,-21,-77.5,-20.5,6.0,2.0,11.394680119426818,11.94280839146247,0.0,0.2583677375542219,0.6768985314957667,0.17488874213633646
32,16,32.5,16.5,6.0,2.0,12.259032062724517,11.952071159427314,0.0,0.2583677375542219,0.6766479360048441,0.17482399634630547
-5,-4,-4.5,-3.5,6.0,1.0,11.987163762014562,11.989622371605897,0.0,0.2583677375542219,0.6756320232143744,0.17456151725707944
-5,-25,-4.5,-24.5,5.0,1.0,8.590714042213392,9.868276901263533,0.0,0.2379004192616742,0.7330230332855399,0.1743864869470941
-74,-19,-73.5,-18.5,5.0,3.0,10.60365849693183,9.946443786596536,0.0,0.2379004192616742,0.730908301589974,0.17388339139009304
32,10,32.5,10.5,5.0,2.0,8.510790921246462,9.972101533783938,0.0,0.2379004192616742,0.7302141553286401,0.17371825370349278
62,-6,62.5,-5.5,5.0,1.0,11.210079484495012,9.978028863458444,0.0,0.2379004192616742,0.7300537969891803,0.17368010438730316
124,-12,124.5,-11.5,13.0,3.0,16.67466714465275,18.64206517528918,0.0,0.3504001825878749,0.495656428818417,0.17367810315882734
41,21,41.5,21.5,5.0,1.0,13.16152022620658,10.01617022618977,0.0,0.2379004192616742,0.7290219182295702,0.17343461999776472
10,-12,10.5,-11.5,5.0,1.0,14.716912455886922,10.072370773557301,0.0,0.2379004192616742,0.727501465184525,0.17307290358088076
46,21,46.5,21.5,7.0,3.0,12.880565381938125,13.799095079020836,0.0,0.27609733510095924,0.6266784379419155,0.17302424668099473
-71,-18,-70.5,-17.5,5.0,1.0,10.816145344854716,10.11578291582068,0.0,0.2379004192616742,0.7263269904331557,0.17279349554511778
18,3,18.5,3.5,6.0,1.0,17.143660394987165,12.268452339679007,0.0,0.2583677375542219,0.6680885402081652,0.17261252461948645
13,2,13.5,2.5,5.0,1.0,9.193284052549563,10.17871529221699,0.0,0.2379004192616742,0.7246244140739265,0.17238845191543214
10,10,10.5,10.5,5.0,2.0,10.829108273794768,10.220837100259578,0.0,0.2379004192616742,0.7234848481034684,0.1721173486932838
42,20,42.5,20.5,6.0,2.0,14.501116181102502,12.404391304975228,0.0,0.2583677375542219,0.664410839128614,0.17166232531216208
133,38,133.5,38.5,6.0,1.0,13.013191632136767,12.564380109998108,0.0,0.2583677375542219,0.6600824922144926,0.17054402011261072
91,2,91.5,2.5,6.0,1.0,12.006415625421303,12.577045529946611,0.0,0.2583677375542219,0.6597398411687377,0.17045549013714845
-7,-23,-6.5,-22.5,5.0,1.0,12.589019247952493,10.511001664918448,0.0,0.2379004192616742,0.7156347182281374,0.17024979950468397
118,-12,118.5,-11.5,7.0,1.0,27.607100941302324,14.360445675529895,0.0,0.27609733510095924,0.6114916245783633,0.1688312079826423
56,-10,56.5,-9.5,5.0,1.0,13.181063878651349,10.736988264872576,0.0,0.2379004192616742,0.7095208629342975,0.16879531076697427
154,11,154.5,11.5,6.0,1.0,18.306236847877646,12.88587912788137,0.0,0.2583677375542219,0.6513846381255826,0.1682967752300823
68,-1,68.5,-0.5,6.0,1.0,14.589781111395395,12.931481114940334,0.0,0.2583677375542219,0.6501509191792085,0.16797802205712986
110,-14,110.5,-13.5,6.0,1.0,15.790675477694734,12.943512629026227,0.0,0.2583677375542219,0.6498254178614229,0.16789392301808267
-54,-3,-53.5,-2.5,5.0,2.0,11.355125871880567,10.891582529641902,0.0,0.2379004192616742,0.7053384602420624,0.16780031541297036
92,21,92.5,21.5,6.0,2.0,20.82758702662364,13.000077908260975,0.0,0.2583677375542219,0.6482950973381393,0.1674985375667491
70,-1,70.5,-0.5,7.0,2.0,23.389139206863007,14.599035105102862,0.0,0.27609733510095924,0.6050368115613747,0.1670490513100768
79,1,79.5,1.5,8.0,2.0,15.149040492597095,15.806163148246066,0.0,0.2917359484560423,0.5723790956684338,0.1669835583512423
102,-10,102.5,-9.5,5.0,1.0,13.534833040329527,11.0726163574835,0.0,0.2379004192616742,0.7004407599937374,0.16663515047047586
81,-1,81.5,-0.5,5.0,2.0,10.372956503575981,11.09289458321705,0.0,0.2379004192616742,0.6998921516347644,0.1665046363118657
94,21,94.5,21.5,9.0,1.0,24.712860933034445,16.904486771269653,0.0,0.3057251647984691,0.542664981210607,0.16590634081097097
15,9,15.5,9.5,5.0,2.0,9.98761705407448,11.1915722756016,0.0,0.2379004192616742,0.6972225193110264,0.16586952966277393
122,-13,122.5,-12.5,12.0,2.0,23.259748913307035,18.961314827828588,0.0,0.34056051496016676,0.4870194291970643,0.16585958760295869
126,40,126.5,40.5,8.0,2.0,17.954644147981714,15.96033712163123,0.0,0.2917359484560423,0.5682080635650059,0.16576671834450815
84,0,84.5,0.5,5.0,3.0,12.62028538619486,11.282002136560028,0.0,0.2379004192616742,0.694776024323031,0.16528750747940824
118,4,118.5,4.5,7.0,1.0,12.545895443461308,14.975636113362114,0.0,0.27609733510095924,0.5948482248554434,0.16423600967212412
49,15,49.5,15.5,7.0,2.0,15.86138651041241,14.980741613325769,0.0,0.27609733510095924,0.5947101003472344,0.16419787386349546
63,-5,63.5,-4.5,7.0,2.0,13.287663139295741,14.997534097311712,0.0,0.27609733510095924,0.594255795458648,0.16407244149443345
58,21,58.5,21.5,9.0,2.0,17.220580062475676,17.214857420264554,0.0,0.3057251647984691,0.5342681946940828,0.16333923186942906
42,-11,42.5,-10.5,5.0,1.0,10.452466767883331,11.708209811923265,0.0,0.2379004192616742,0.6832453758119086,0.1625443613642532
54,16,54.5,16.5,8.0,2.0,16.002008850155505,16.378243962912403,0.0,0.2917359484560423,0.5569019863267208,0.1624683291780798
116,34,116.5,34.5,6.0,1.0,19.03415202437296,13.729413783161387,0.0,0.2583677375542219,0.6285635999809849,0.162400555236024
-72,-15,-71.5,-14.5,5.0,2.0,9.877530189124782,11.792314658290485,0.0,0.2379004192616742,0.6809699981554272,0.16200304806579766
-68,-19,-67.5,-18.5,5.0,2.0,9.567588270033603,11.928702066864496,0.0,0.2379004192616742,0.6772801648640172,0.16112523517876554
45,20,45.5,20.5,5.0,1.0,9.827420333533059,12.016863151417345,0.0,0.2379004192616742,0.67489504949163,0.16055781523168716
99,21,99.5,21.5,5.0,2.0,12.039506136975504,12.065927647719958,0.0,0.2379004192616742,0.673567655608452,0.16024202767035373
-20,1,-19.5,1.5,5.0,1.0,13.04446380080725,12.093458810448533,0.0,0.2379004192616742,0.6728228258485112,0.16006483235818522
44,20,44.5,20.5,5.0,2.0,12.31081462320125,12.193377382826148,0.0,0.2379004192616742,0.6701196226815633,0.15942173919141883
106,-10,106.5,-9.5,7.0,1.0,15.572487077412214,15.678854454328542,0.0,0.27609733510095924,0.5758233128583801,0.15898328216920465
169,54,169.5,54.5,6.0,1.0,17.703658501309643,14.319335591279094,0.0,0.2583677375542219,0.6126038193114933,0.15827706281258586
106,32,106.5,32.5,7.0,1.0,17.533301016534644,15.789381051834527,0.0,0.27609733510095924,0.5728331195309472,0.15815769776006378
131,42,131.5,42.5,12.0,3.0,20.649040032161654,19.814567454843978,0.0,0.34056051496016676,0.46393548045090105,0.15799810613065124
68,-2,68.5,-1.5,5.0,1.0,18.81026312179898,12.41977427331151,0.0,0.2379004192616742,0.6639946673626029,0.15796460975307913
40,10,40.5,10.5,5.0,2.0,13.549056057486862,12.428049927483237,0.0,0.2379004192616742,0.6637707773085995,0.1579113462153632
76,0,76.5,0.5,8.0,2.0,15.533651049921405,17.020318621594534,0.0,0.2917359484560423,0.5395312592490049,0.1574006636386913
108,33,108.5,33.5,6.0,1.0,12.655368480024649,14.509187913021254,0.0,0.2583677375542219,0.6074675429899474,0.15695001471993472
3,9,3.5,9.5,5.0,2.0,11.490653639649668,12.631277251332031,0.0,0.2379004192616742,0.6582726528622027,0.15660334010441254
61,-3,61.5,-2.5,5.0,2.0,10.720651365805221,12.639398759432654,0.0,0.2379004192616742,0.6580529330854326,0.15655106867739885
84,2,84.5,2.5,8.0,1.0,16.7215285582002,17.295191999032184,0.0,0.2917359484560423,0.532094818087786,0.15523118642338554
-68,-22,-67.5,-21.5,5.0,2.0,12.26669657551707,12.996569585856758,0.0,0.2379004192616742,0.6483900117069907,0.15425225563017494
45,21,45.5,21.5,5.0,2.0,15.423014131621334,13.011812056743667,0.0,0.2379004192616742,0.6479776409675662,0.1541541524583746
113,34,113.5,34.5,8.0,1.0,19.553055910607167,17.500364044768556,0.0,0.2917359484560423,0.5265440810165265,0.15361183687927152
-72,-14,-71.5,-13.5,5.0,3.0,14.171468745819686,13.0991189398323,0.0,0.2379004192616742,0.6456156352138247,0.153592230299261
66,-12,66.5,-11.5,6.0,1.0,14.661872548208763,15.084839685273034,0.0,0.2583677375542219,0.59189382474336,0.15292626837125706
52,23,52.5,23.5,8.0,2.0,17.39091062490595,17.68675665575902,0.0,0.2917359484560423,0.521501403921212,0.1521407066941124
41,20,41.5,20.5,5.0,2.0,14.524348145915454,13.675084972314506,0.0,0.2379004192616742,0.630033414951747,0.14988521356588497
-12,-8,-11.5,-7.5,10.0,2.0,28.334505806309313,19.698102203481923,0.0,0.31837995028991856,0.46708633848289416,0.1487109252272839
111,32,111.5,32.5,6.0,1.0,16.96759663680135,15.720523498425727,0.0,0.2583677375542219,0.5746959959913864,0.1484829042657647
145,40,145.5,40.5,6.0,2.0,20.546516607880548,15.728206683128878,0.0,0.2583677375542219,0.5744881346426143,0.14842919959935744
55,17,55.5,17.5,5.0,1.0,13.435997855226494,13.902875242200261,0.0,0.2379004192616742,0.6238707630612859,0.1484191160973805
122,-12,122.5,-11.5,8.0,1.0,17.898436344687397,18.25928515942278,0.0,0.2917359484560423,0.5060121827739874,0.14762194407188145
146,39,146.5,39.5,5.0,1.0,21.9001900666021,14.14842493000623,0.0,0.2379004192616742,0.617227646792454,0.14683871595182138
114,33,114.5,33.5,6.0,1.0,13.822389507966141,16.066101749855186,0.0,0.2583677375542219,0.5653467008457151,0.1460673480312509
-80,-17,-79.5,-16.5,5.0,1.0,11.916130741711637,14.29207084365389,0.0,0.2379004192616742,0.6133414414609367,0.14591418607411646
2,2,2.5,2.5,5.0,1.0,12.997283593147534,14.331126543298103,0.0,0.2379004192616742,0.6122848261745752,0.14566281685449275
12,-13,12.5,-12.5,8.0,3.0,23.996903728162216,18.51181054490144,0.0,0.2917359484560423,0.4991803455537671,0.14562885156074318
123,33,123.5,33.5,7.0,3.0,18.970801156022386,17.491609531430747,0.0,0.27609733510095924,0.5267809261556906,0.14544280989360137
71,-1,71.5,-0.5,7.0,2.0,18.949833083411324,17.512531541728496,0.0,0.27609733510095924,0.5262149008097514,0.14528653180398796
98,22,98.5,22.5,15.0,1.0,22.053673799405782,22.45528055937088,0.0,0.3681297801346123,0.3924934666460951,0.14448853358069877
131,-9,131.5,-8.5,5.0,1.0,13.606170940731346,14.594363912140889,0.0,0.2379004192616742,0.6051631863014031,0.14396857574283445
24,11,24.5,11.5,6.0,2.0,17.082970833513198,16.450329035438536,0.0,0.2583677375542219,0.5549517923667242,0.14338163904545084
68,23,68.5,23.5,5.0,2.0,12.371078151463417,15.085618648236405,0.0,0.2379004192616742,0.5918727506317168,0.1408067755248458
96,21,96.5,21.5,8.0,1.0,17.777927041228224,19.27552210298016,0.0,0.2917359484560423,0.47851884636189446,0.13960114949747846
63,22,63.5,22.5,14.0,4.0,19.745224175091366,22.62616467720634,0.0,0.35956069399283713,0.38787035727291297,0.13946293484029826
123,5,123.5,5.5,5.0,1.0,16.640517137128434,15.530513513719432,0.0,0.2379004192616742,0.579836537736405,0.13794335543072833
127,8,127.5,8.5,5.0,2.0,17.093460226201184,15.6932505726583,0.0,0.2379004192616742,0.5754338393927896,0.13689595164889953
74,-1,74.5,-0.5,5.0,1.0,24.292450218294768,15.990638261183863,0.0,0.2379004192616742,0.5673882946826878,0.1349819131891778
54,10,54.5,10.5,6.0,1.0,19.83767800906118,17.8910163973211,0.0,0.2583677375542219,0.5159753483828696,0.13331138339543347
123,-12,123.5,-11.5,10.0,3.0,22.73317004690093,21.548592061271023,0.0,0.31837995028991856,0.4170230727160864,0.1327717851610967
96,22,96.5,22.5,8.0,2.0,17.466504758710137,20.19602099445079,0.0,0.2917359484560423,0.4536156130651692,0.1323359811120362
129,42,129.5,42.5,6.0,3.0,17.328033867759633,18.363237306914527,0.0,0.2583677375542219,0.5031998550192558,0.13001060807893758
102,29,102.5,29.5,5.0,3.0,23.970797526025688,16.798609763907027,0.0,0.2379004192616742,0.5455293842419873,0.12978166923073173
104,31,104.5,31.5,5.0,1.0,20.855701847333297,16.987302581621005,0.0,0.2379004192616742,0.5404244772133212,0.12856720970832022
102,-14,102.5,-13.5,7.0,2.0,17.53760050009078,20.2607511459973,0.0,0.27609733510095924,0.45186439958709557,0.12475855655299208
144,45,144.5,45.5,5.0,1.0,18.53427473962331,17.77845384166025,0.0,0.2379004192616742,0.5190206226467193,0.12347522373310973
110,33,110.5,33.5,5.0,1.0,29.85198304757257,17.985815411040967,0.0,0.2379004192616742,0.5134106500689003,0.1221406089048001
75,-1,75.5,-0.5,5.0,1.0,16.65933417756252,18.24743631308352,0.0,0.2379004192616742,0.5063327421873858,0.12045677165229228
49,18,49.5,18.5,5.0,2.0,17.580207403364597,18.315995304652105,0.0,0.2379004192616742,0.5044779430372281,0.12001551415682357
128,-8,128.5,-7.5,8.0,1.0,23.368584194228372,21.98040717880982,0.0,0.2917359484560423,0.40534072012146116,0.11825245943248966
75,0,75.5,0.5,6.0,2.0,19.703197811717228,20.045598987090763,0.0,0.2583677375542219,0.45768513925032706,0.11825107394029599
111,30,111.5,30.5,7.0,3.0,20.987263760693818,21.243288940275917,0.0,0.27609733510095924,0.42528276202023385,0.11741943725816201
97,21,97.5,21.5,5.0,2.0,27.66835504054356,19.584964130680728,0.0,0.2379004192616742,0.4701471828226508,0.11184821190820361
152,11,152.5,11.5,6.0,1.0,21.11601644517279,21.220237705791376,0.0,0.2583677375542219,0.42590639152752074,0.11004047078884814
56,17,56.5,17.5,5.0,2.0,16.67033062876107,19.97034113378388,0.0,0.2379004192616742,0.4597211698155761,0.10936785904259289
104,29,104.5,29.5,5.0,2.0,25.00538688892223,20.231309953990017,0.0,0.2379004192616742,0.45266090339593745,0.10768821870126173
103,-10,103.5,-9.5,5.0,1.0,17.943159693973065,20.23480251942286,0.0,0.2379004192616742,0.45256641531715314,0.1076657399477037
142,37,142.5,37.5,5.0,2.0,27.238572853828867,21.09888226897465,0.0,0.2379004192616742,0.42918954893583083,0.102104373634563
149,46,149.5,46.5,5.0,1.0,31.30329386875203,21.226844403263176,0.0,0.2379004192616742,0.42572765353013087,0.10128078726610691
99,-11,99.5,-10.5,5.0,3.0,22.810385837885228,21.31433264261529,0.0,0.2379004192616742,0.42336074135294766,0.10071769786679946
72,-1,72.5,-0.5,5.0,2.0,21.939239790674122,22.082485457938223,0.0,0.2379004192616742,0.40257908811601517,0.0957737338487825
100,22,100.5,22.5,6.0,2.0,24.907725895030197,23.93002398390992,0.0,0.2583677375542219,0.3525956678606641,0.09109934497657965
134,39,134.5,39.5,5.0,1.0,17.093561196090334,25.274524268521166,0.2,0.2379004192616742,0.3162214749469774,0.0902750657633171
119,-12,119.5,-11.5,6.0,1.0,28.641791062689105,24.278636992740346,0.0,0.2583677375542219,0.343164270202697,0.0886625761017165
137,-7,137.5,-6.5,6.0,1.0,19.64631484080002,25.13841112171128,0.0,0.2583677375542219,0.3199038883438502,0.08265284386619899
148,39,148.5,39.5,8.0,1.0,24.967703512332584,28.884014989676555,0.0,0.2917359484560423,0.21857009226286672,0.06376475317043209
-130,-28,-129.5,-27.5,5.0,2.0,25.633986958554516,29.47732067201582,0.0,0.2379004192616742,0.2025187640532672,0.04817929887662834
102,22,102.5,22.5,6.0,1.0,32.879472733146585,32.32797279272579,0.0,0.2583677375542219,0.1253970472672451,0.032398551398417935
13,-13,13.5,-12.5,7.0,2.0,37.28106073493118,36.19886535514819,0.0,0.27609733510095924,0.020673683185236325,0.00570794883416526
99,22,99.5,22.5,7.0,2.0,29.97771789771962,36.96302727050588,0.0,0.27609733510095924,0.0,0.0
