track_id,frame,time_s,dx,dy,dt,speed,ux,uy,mid_x,mid_y,cell_col,cell_row,cell_x,cell_y
1,1,0.0333333333333333,-0.0013999999999967372,0.012500000000002842,0.0333333333333333,0.37734467003000854,-0.11130407644703737,0.9937863968510899,-61.9965,-21.06945,-62,-22,-61.5,-21.5
1,41,1.3666666666666667,-0.2446999999999946,-0.019000000000001904,0.03333333333333344,7.36309588420505,-0.9969991041061093,-0.07741308940751285,-62.48095,-19.673099999999998,-63,-20,-62.5,-19.5
1,81,2.7,0.17680000000000007,0.04860000000000042,0.03333333333333366,5.500743586098108,0.9642332744621323,0.26505507431481906,-62.245,-18.1274,-63,-19,-62.5,-18.5
1,121,4.033333333333333,-0.011000000000002785,0.0004000000000026205,0.033333333333333215,0.33021810973969584,-0.9993394979464238,0.03633961810737155,-60.995599999999996,-16.5756,-61,-17,-60.5,-16.5
1,161,5.366666666666666,-0.0788999999999973,0.013399999999998968,0.033333333333333215,2.40089420841478,-0.9858826730906933,0.1674376149482221,-61.12595,-15.158000000000001,-62,-16,-61.5,-15.5
1,201,6.7,-0.023599999999994736,0.0686,0.033333333333333215,2.1763795624844047,-0.32531090265874424,0.9456071153557132,-60.7638,-13.7022,-61,-14,-60.5,-13.5
1,241,8.033333333333333,0.4233000000000047,0.11929999999999907,0.033333333333333215,13.193704635166146,0.96250449370775,0.2712657361193773,-58.901650000000004,-11.95725,-59,-12,-58.5,-11.5
1,281,9.366666666666667,-0.4427999999999983,-0.045700000000000074,0.033333333333333215,13.354560906297142,-0.9947163439672604,-0.10266155582498657,-59.092299999999994,-10.43155,-60,-11,-59.5,-10.5
1,326,10.866666666666667,0.08770000000000522,0.031299999999999883,0.033333333333333215,2.793542911787981,0.9418147789669065,0.3361322985366284,-57.258449999999996,-8.469750000000001,-58,-9,-57.5,-8.5
1,366,12.2,-0.21300000000000097,-0.028200000000000003,0.033333333333333215,6.44575953631538,-0.9913494234463479,-0.13124907859712154,-56.793400000000005,-7.0552,-57,-8,-56.5,-7.5
1,406,13.533333333333331,0.1676000000000002,0.054199999999999804,0.03333333333333144,5.284378866054478,0.9514836326931251,0.30769936093059147,-56.3814,-5.6388,-57,-6,-56.5,-5.5
2,9,0.3,-0.1174000000000035,0.009700000000002262,0.03333333333333338,3.534001273344528,-0.9966040551725467,0.08234292449042308,-40.631,-27.62265,-41,-28,-40.5,-27.5
2,49,1.6333333333333333,0.46770000000000067,0.0779999999999994,0.033333333333333215,14.224786852533217,0.986376818539208,0.16450158615791646,-38.676050000000004,-26.714799999999997,-39,-27,-38.5,-26.5
2,89,2.966666666666667,-0.0409000000000006,0.005299999999998306,0.03333333333333366,1.2372590674551545,-0.991708230131423,0.12850986845219523,-37.934650000000005,-25.94885,-38,-26,-37.5,-25.5
2,129,4.3,0.3757000000000019,0.05019999999999669,0.033333333333333215,11.371168673447858,0.9911909957257377,0.13244021289706814,-36.158950000000004,-25.1921,-37,-26,-36.5,-25.5
2,169,5.633333333333334,0.41689999999999827,0.05959999999999965,0.0333333333333341,12.634159766284077,0.9899352415485706,0.14152108514342698,-32.54925,-24.328400000000002,-33,-25,-32.5,-24.5
2,209,6.966666666666667,0.2914999999999992,0.0367999999999995,0.033333333333333215,8.814410984291582,0.9921252838771333,0.12524943549460757,-29.84525,-23.6667,-30,-24,-29.5,-23.5
2,249,8.3,-0.1545000000000023,-0.007400000000000517,0.033333333333333215,4.640313459239667,-0.9988549352783483,-0.047841595605567534,-30.24825,-23.473,-31,-24,-30.5,-23.5
2,289,9.633333333333333,0.18159999999999954,0.02740000000000009,0.033333333333333215,5.509663147598051,0.9888081819257992,0.14919242392492874,-28.727400000000003,-23.1385,-29,-24,-28.5,-23.5
2,329,10.966666666666669,-0.26940000000000097,-0.043900000000000716,0.03333333333333499,8.18860262804307,-0.9869815849070066,-0.16083330206910965,-23.291800000000002,-22.45695,-24,-23,-23.5,-22.5
2,369,12.3,-0.1647999999999996,-0.015000000000000568,0.033333333333333215,4.964437128215048,-0.9958832939793136,-0.0906447172918101,-22.6858,-22.182,-23,-23,-22.5,-22.5
2,409,13.633333333333333,0.26200000000000045,0.03399999999999892,0.033333333333333215,7.92590688817378,0.9916846249768493,0.12869189789775476,-20.9692,-21.9103,-21,-22,-20.5,-21.5
2,449,14.966666666666669,0.03190000000000026,0.008800000000000807,0.03333333333333499,0.992746191128392,0.9639926182060681,0.2659289981258341,-18.30585,-21.56,-19,-22,-18.5,-21.5
2,489,16.3,-0.009399999999999409,-0.0022999999999981924,0.03333333333333499,0.2903187902977934,-0.9713460148780168,-0.23766976959764077,-17.4557,-21.40785,-18,-22,-17.5,-21.5
2,529,17.633333333333333,0.12049999999999983,0.01290000000000191,0.03333333333333144,3.6356559243142783,0.9943185150784108,0.10644571655197856,-15.64865,-21.19465,-16,-22,-15.5,-21.5
2,569,18.966666666666665,0.05429999999999957,0.015000000000000568,0.03333333333333144,1.6900121301340705,0.9638984069722917,0.26627027816915355,-14.294450000000001,-21.1337,-15,-22,-14.5,-21.5
2,609,20.3,0.126100000000001,0.0257000000000005,0.03333333333333499,3.8607680583011934,0.9798568426989185,0.19970119633118555,-12.60525,-20.87945,-13,-21,-12.5,-20.5
2,649,21.633333333333333,0.10029999999999895,-0.0004999999999988347,0.03333333333333144,3.0090373876043546,0.9999875748954237,-0.004984982925688453,-11.04165,-20.90565,-12,-21,-11.5,-20.5
2,689,22.966666666666665,0.032099999999999795,-0.0005999999999986017,0.03333333333333144,0.9631682096083175,0.9998253580147363,-0.01868832444883014,-10.78915,-20.9848,-11,-21,-10.5,-20.5
2,729,24.3,0.24210000000000065,0.0400000000000027,0.03333333333333499,7.3614651394946575,0.9866242469903541,0.1630110280033735,-9.07845,-20.7584,-10,-21,-9.5,-20.5
2,769,25.633333333333333,-0.05250000000000021,0.010099999999997777,0.03333333333333144,1.6038809182730094,-0.9819931031388469,0.18891676841333582,-5.66685,-20.198050000000002,-6,-21,-5.5,-20.5
2,809,26.966666666666665,-0.0658000000000003,-0.010899999999999466,0.03333333333333144,2.000901047028683,-0.9865555335339998,-0.1634263725762921,-5.149699999999999,-20.20515,-6,-21,-5.5,-20.5
2,849,28.3,0.30920000000000014,0.0367999999999995,0.03333333333333499,9.34146626606291,0.99299186399664,0.11818273154940438,-3.6418999999999997,-20.0643,-4,-21,-3.5,-20.5
2,889,29.633333333333333,0.15260000000000007,0.019400000000000972,0.03333333333333144,4.61484647631993,0.9920156658496144,0.12611470457066498,-0.7762,-19.7716,-1,-20,-0.5,-19.5
2,929,30.966666666666665,-0.2583,-0.03909999999999769,0.03333333333333144,7.837278226527806,-0.9887361116990131,-0.14966930688125876,-0.05735,-19.78595,-1,-20,-0.5,-19.5
2,969,32.3,0.5422,0.0765000000000029,0.03333333333333144,16.427105070584748,0.9901927290358479,0.13970812204213434,0.9708,-19.74305,0,-20,0.5,-19.5
2,1009,33.63333333333333,0.07399999999999984,-0.007799999999999585,0.03333333333333144,2.232298367154476,0.9944907153383662,-0.10482469702214676,3.2306,-19.5407,3,-20,3.5,-19.5
2,1049,34.96666666666667,-0.12409999999999988,-0.008000000000002672,0.033333333333338544,3.7307276770082884,-0.9979286408234784,-0.0643306134294158,3.91875,-19.3718,3,-20,3.5,-19.5
2,1089,36.3,0.14039999999999964,0.01799999999999713,0.03333333333333144,4.24647430228912,0.9918816646858529,0.1271643159853458,5.2089,-19.095399999999998,5,-20,5.5,-19.5
2,1129,37.63333333333333,-0.0029000000000003467,-0.01279999999999859,0.03333333333333144,0.3937321424521841,-0.22096240215029148,-0.975282326732097,7.19135,-18.8093,7,-19,7.5,-18.5
2,1169,38.96666666666667,0.1100999999999992,0.008399999999998187,0.033333333333338544,3.3125991305916243,0.9971022359743088,0.07607319511519026,8.10225,-18.711,8,-19,8.5,-18.5
2,1209,40.3,0.22199999999999953,0.01589999999999847,0.03333333333333144,6.677059906875543,0.9974449971824257,0.07143862817657243,8.6269,-18.66435,8,-19,8.5,-18.5
2,1249,41.63333333333333,-0.13210000000000122,-0.030000000000001137,0.03333333333333144,4.063910555118337,-0.9751691003654147,-0.22146156707769327,11.15925,-18.3601,11,-19,11.5,-18.5
2,1289,42.96666666666667,0.1889000000000003,0.02079999999999771,0.033333333333338544,5.701251178468622,0.9939923400325086,0.1094496594635991,12.83325,-18.1944,12,-19,12.5,-18.5
2,1329,44.3,0.5858000000000008,0.07109999999999772,0.03333333333333144,17.702970513448758,0.9927147529647774,0.12048825356058948,14.411999999999999,-17.894550000000002,14,-18,14.5,-17.5
2,1369,45.63333333333333,-0.05120000000000147,0.003700000000002035,0.03333333333333144,1.540005519470764,-0.9973990226528477,0.07207766374643478,16.6749,-17.51905,16,-18,16.5,-17.5
2,1409,46.96666666666667,0.046700000000001296,0.0069000000000016826,0.033333333333338544,1.416209730230485,0.9892602558039268,0.14616479154279594,17.21765,-17.42125,17,-18,17.5,-17.5
2,1449,48.3,-0.10330000000000084,-0.016600000000000392,0.03333333333333144,3.1387585125334643,-0.9873330450958548,-0.15866145739197912,17.89615,-17.387500000000003,17,-18,17.5,-17.5
2,1489,49.63333333333333,0.4498999999999995,0.06459999999999866,0.03333333333333144,13.635426395973855,0.9898480332075295,0.14212976871572605,17.87015,-17.4009,17,-18,17.5,-17.5
2,1529,50.96666666666667,0.41219999999999857,0.06070000000000064,0.033333333333338544,12.499359863607022,0.989330664524886,0.14568746078763084,19.628,-17.23755,19,-18,19.5,-17.5
2,1569,52.3,0.15319999999999823,0.022700000000000387,0.03333333333333144,4.646178752480578,0.9891999952749171,0.14657206196306305,23.497,-16.76655,23,-17,23.5,-16.5
2,1609,53.63333333333333,-0.28389999999999915,-0.02430000000000021,0.03333333333333144,8.548141903361682,-0.9963568803942087,-0.08528169141803295,21.806649999999998,-16.76665,21,-17,21.5,-16.5
2,1649,54.96666666666667,0.3353999999999999,0.017399999999998528,0.033333333333338544,10.075531152250393,0.9986570283940864,0.05180868304727382,23.8979,-16.592399999999998,23,-17,23.5,-16.5
2,1689,56.3,0.2533999999999992,0.006099999999999994,0.03333333333333144,7.604202325030955,0.9997103805321831,0.02406564057318994,26.7581,-16.245350000000002,26,-17,26.5,-16.5
2,1729,57.63333333333333,-0.19699999999999918,-0.06080000000000041,0.03333333333333144,6.18506879509065,-0.9555269627221168,-0.294903752961956,22.341900000000003,-17.0285,22,-18,22.5,-17.5
2,1769,58.96666666666667,-0.03999999999999915,-0.015200000000000102,0.033333333333338544,1.2837195955501441,-0.9347835805883458,-0.35521776062358135,18.2429,-17.7581,18,-18,18.5,-17.5
2,1809,60.3,0.29480000000000217,0.04529999999999745,0.03333333333333144,8.947805149868321,0.9883988142199005,0.15188082185942553,21.1842,-17.32835,21,-18,21.5,-17.5
2,1849,61.63333333333333,0.0329999999999977,0.02499999999999858,0.03333333333333144,1.2420144926690568,0.7970921481540065,0.6038576879954674,25.955199999999998,-16.6339,25,-17,25.5,-16.5
2,1889,62.96666666666667,-0.14339999999999975,-0.00829999999999842,0.033333333333338544,4.30920004177041,-0.9983291465466216,-0.05778334669689956,24.1048,-16.77375,24,-17,24.5,-16.5
2,1929,64.3,-0.10670000000000002,-0.0143000000000022,0.03333333333333144,3.229619482230259,-0.9911384352281921,-0.13283298616462347,25.392249999999997,-16.693649999999998,25,-17,25.5,-16.5
2,1969,65.63333333333334,0.7165999999999997,0.0812000000000026,0.03333333333334565,21.63557487102328,0.9936412657462831,0.11259233990873682,24.5681,-16.91,24,-17,24.5,-16.5
3,17,0.5666666666666667,0.25840000000000174,0.03710000000000235,0.033333333333333326,7.8314923865123545,0.989849650285148,0.14211850629094844,-14.0808,-16.95025,-15,-17,-14.5,-16.5
3,57,1.9,-0.1343999999999994,-0.021100000000000563,0.033333333333333215,4.081386161587751,-0.9878996596664741,-0.1550943662125242,-12.573,-16.887549999999997,-13,-17,-12.5,-16.5
3,97,3.2333333333333334,0.26539999999999964,0.026700000000001722,0.033333333333333215,8.002190012740286,0.9949776232910889,0.10009759812311161,-12.5875,-17.11555,-13,-18,-12.5,-17.5
3,137,4.566666666666666,-0.12289999999999957,-0.00560000000000116,0.033333333333333215,3.6908255174147713,-0.9989635062950766,-0.04551827205251104,-9.40815,-16.8381,-10,-17,-9.5,-16.5
3,177,5.9,-0.1269999999999989,-0.003600000000002268,0.0333333333333341,3.811530401295403,-0.9995984811520842,-0.028335075056297652,-8.5473,-16.7399,-9,-17,-8.5,-16.5
3,217,7.233333333333333,-0.19790000000000063,-0.023799999999997823,0.033333333333333215,5.97977967821561,-0.992845944078606,-0.11940239246623843,-7.34485,-16.6943,-8,-17,-7.5,-16.5
3,257,8.566666666666666,0.3252000000000006,0.051499999999997215,0.033333333333333215,9.877578701281037,0.9876914469671382,0.15641485091883386,-4.6909,-16.34385,-5,-17,-4.5,-16.5
3,297,9.9,-0.11290000000000067,0.0045999999999999375,0.033333333333333215,3.389810171676316,-0.9991709943819967,0.040710244235226706,-5.01125,-16.352600000000002,-6,-17,-5.5,-16.5
3,337,11.233333333333333,0.18169999999999975,0.03190000000000026,0.033333333333333215,5.5343698828322045,0.9849359756219387,0.17291941454232332,-3.42385,-16.08555,-4,-17,-3.5,-16.5
3,377,12.566666666666666,0.253,0.04039999999999999,0.03333333333333499,7.68615924893533,0.9874892978636856,0.15768603807783751,-0.4076,-15.6358,-1,-16,-0.5,-15.5
3,417,13.9,0.9924,0.10899999999999999,0.033333333333333215,29.951041451008116,0.9940221961463052,0.10917817349853613,1.7711999999999999,-15.2409,1,-16,1.5,-15.5
3,457,15.233333333333333,-0.25119999999999987,-0.0472999999999999,0.033333333333333215,7.668432499539939,-0.982730173402731,-0.18504433599502032,1.9293,-15.39985,1,-16,1.5,-15.5
3,497,16.566666666666666,0.14040000000000052,0.011999999999998678,0.03333333333333144,4.227356620868664,0.9963673230707341,0.0851596002624462,4.1301000000000005,-15.314499999999999,4,-16,4.5,-15.5
3,537,17.9,0.12890000000000068,0.012599999999999056,0.03333333333333144,3.885430864138732,0.9952564169115444,0.09728650778188096,5.17515,-15.1823,5,-16,5.5,-15.5
3,577,19.23333333333333,-0.16270000000000007,-0.023699999999999832,0.03333333333333144,4.932512747069467,-0.9895564898236112,-0.1441455980873965,6.11595,-14.98405,6,-15,6.5,-14.5
3,617,20.566666666666663,0.16969999999999974,0.023699999999999832,0.03333333333333144,5.140408738612419,0.9903881692829208,0.138315849216294,7.210850000000001,-14.83735,7,-15,7.5,-14.5
3,657,21.9,0.3492000000000015,0.05530000000000079,0.03333333333333144,10.606547836125278,0.9876917694483025,0.15641281457758213,10.3472,-14.41045,10,-15,10.5,-14.5
3,713,23.766666666666666,0.5649000000000015,0.0926000000000009,0.03333333333333499,17.173179466830607,0.986829493788948,0.16176387170270354,8.83765,-14.9033,8,-15,8.5,-14.5
3,753,25.1,-0.673,-0.09600000000000009,0.033333333333338544,20.394374224277392,-0.9899788921183343,-0.14121541403173873,14.067499999999999,-14.2599,14,-15,14.5,-14.5
3,793,26.433333333333334,0.004799999999999471,-0.005599999999999383,0.03333333333333499,0.2212690669749939,0.6507913734559685,-0.7592566023652966,13.4979,-14.5273,13,-15,13.5,-14.5
3,833,27.766666666666666,0.29969999999999963,0.040800000000000836,0.03333333333333499,9.073932829814847,0.9908603213875677,0.13489189560431644,15.09795,-14.661,15,-15,15.5,-14.5
3,873,29.1,-0.09649999999999892,-0.025600000000000733,0.033333333333338544,2.9951375594448146,-0.9665666242508537,-0.2564156018738118,17.68535,-14.7903,17,-15,17.5,-14.5
3,913,30.433333333333334,0.031500000000001194,-0.016399999999999082,0.03333333333333499,1.0654055565839367,0.886986175508592,-0.46179597709014425,17.60115,-15.053799999999999,17,-16,17.5,-15.5
3,957,31.9,0.17490000000000094,0.028600000000000847,0.03333333333333144,5.316688160876426,0.9868925619168509,0.1613786579235141,20.79775,-14.8833,20,-15,20.5,-14.5
3,997,33.233333333333334,-0.11400000000000077,-0.02210000000000001,0.03333333333333144,3.4836717698430686,-0.9817227988026784,-0.1903164373117461,21.1179,-15.040949999999999,21,-16,21.5,-15.5
3,1037,34.56666666666667,0.17330000000000112,0.027699999999999392,0.033333333333338544,5.264994017089824,0.987465509575815,0.15783493719128275,22.407049999999998,-15.01045,22,-16,22.5,-15.5
3,1077,35.9,0.32280000000000086,0.04380000000000095,0.03333333333333144,9.772740250309093,0.990919614352207,0.13445563540467004,24.3786,-14.8004,24,-15,24.5,-14.5
3,1117,37.23333333333333,-0.042200000000001125,-0.015699999999998937,0.03333333333332433,1.3507764433839673,-0.9372387312505912,-0.34868834314295954,25.1219,-14.83525,25,-15,25.5,-14.5
3,1157,38.56666666666667,0.10730000000000217,0.015200000000000102,0.033333333333338544,3.2511378008317515,0.9901149065954794,0.14025858881874262,26.63785,-14.6936,26,-15,26.5,-14.5
3,1197,39.9,-0.020400000000002194,-0.001700000000001367,0.03333333333333144,0.6141213235185109,-0.9965457582448749,-0.08304547985379743,27.9788,-14.564350000000001,27,-15,27.5,-14.5
3,1237,41.23333333333333,-0.3429000000000002,-0.060399999999999565,0.03333333333332433,10.445368016497024,-0.9848384454962122,-0.17347402189551112,28.88135,-14.5121,28,-15,28.5,-14.5
3,1277,42.56666666666667,0.329699999999999,0.038600000000000634,0.033333333333338544,9.95855637128035,0.9932162485441411,0.11628191444890687,31.60805,-14.4545,31,-15,31.5,-14.5
3,1317,43.9,-0.40919999999999845,-0.049000000000001265,0.03333333333333144,12.363699931655425,-0.9929066596456105,-0.11889644751377408,34.4034,-14.197,34,-15,34.5,-14.5
3,1357,45.23333333333333,-0.5778000000000034,-0.09409999999999918,0.03333333333332433,17.562371280671922,-0.9869965577530825,-0.16074139163129753,33.959900000000005,-14.445450000000001,33,-15,33.5,-14.5
3,1397,46.56666666666667,0.07259999999999422,-0.0051000000000005485,0.033333333333338544,2.183367353424009,0.9975417084916539,-0.07007524398496401,34.9525,-14.659749999999999,34,-15,34.5,-14.5
3,1437,47.9,0.1880999999999986,0.01750000000000007,0.03333333333333144,5.667369230957445,0.9957000805904702,0.09263557368598314,35.18615,-14.923749999999998,35,-15,35.5,-14.5
3,1477,49.23333333333333,0.6040999999999954,0.06269999999999953,0.03333333333332433,18.22035372873354,0.9946568694451164,0.10323619552095482,38.46825,-14.71425,38,-15,38.5,-14.5
3,1517,50.56666666666667,-0.3318999999999974,-0.055899999999999395,0.033333333333338544,10.097236156491862,-0.9861114314531177,-0.16608505278164842,40.68615,-14.582650000000001,40,-15,40.5,-14.5
3,1557,51.9,-0.25210000000000576,-0.04180000000000028,0.03333333333333144,7.666256257131594,-0.9865310715337834,-0.16357397378068814,41.65035,-14.614,41,-15,41.5,-14.5
3,1597,53.23333333333333,0.8249999999999957,0.11459999999999937,0.03333333333332433,24.987643826506147,0.9904895464274425,0.13758800244919378,42.8886,-14.3477,42,-15,42.5,-14.5
3,1637,54.56666666666667,0.02459999999999951,-0.00039999999999906777,0.033333333333338544,0.7380975545277246,0.9998678297641603,-0.0162580134920626,41.3237,-14.6395,41,-15,41.5,-14.5
3,1677,55.9,0.8273999999999972,0.10620000000000118,0.03333333333333144,25.025632459541704,0.991863044425767,0.12730946980664487,47.3129,-14.1303,47,-15,47.5,-14.5
4,38,1.2666666666666666,-0.025600000000000733,-0.008399999999999963,0.033333333333333215,0.8082870777143711,-0.9501574640680043,-0.3117704178973036,-29.749200000000002,-8.5622,-30,-9,-29.5,-8.5
4,78,2.6,-0.14440000000000097,-0.05349999999999966,0.033333333333333215,4.619767201926995,-0.9377095880920328,-0.34742010362135106,-30.4775,-8.90875,-31,-9,-30.5,-8.5
4,118,3.933333333333333,0.1357999999999997,0.013600000000000279,0.033333333333333215,4.094379073803506,0.9950226704864996,0.09964880941543963,-29.5816,-8.6829,-30,-9,-29.5,-8.5
4,158,5.266666666666667,-0.12630000000000052,-0.024799999999999045,0.033333333333333215,3.861354296098738,-0.9812619380273364,-0.192678511980023,-29.65825,-8.7689,-30,-9,-29.5,-8.5
4,198,6.6,-0.22020000000000195,-0.011499999999999844,0.033333333333333215,6.615002721087957,-0.9986390449909907,-0.052154173557657287,-30.5967,-8.855250000000002,-31,-9,-30.5,-8.5
4,238,7.933333333333334,0.9959999999999987,0.21760000000000002,0.033333333333333215,30.584786806515492,0.9769562949392446,0.21343944756905617,-28.572200000000002,-7.6997,-29,-8,-28.5,-7.5
4,278,9.266666666666667,-0.10930000000000106,-0.027599999999999625,0.03333333333333499,3.381926226279789,-0.9695657978934857,-0.24483088766568695,-28.25745,-7.1624,-29,-8,-28.5,-7.5
4,318,10.6,-0.07339999999999947,-0.0017999999999993577,0.033333333333333215,2.2026620258223826,-0.9996994428493206,-0.024515790151609648,-30.2344,-7.2508,-31,-8,-30.5,-7.5
4,358,11.933333333333334,0.22520000000000095,0.04269999999999996,0.033333333333333215,6.876372372116036,0.9824947856802959,0.1862900859171777,-29.0713,-7.05615,-30,-8,-29.5,-7.5
4,398,13.266666666666667,-0.073599999999999,-0.015300000000000757,0.03333333333333499,2.2552039819048257,-0.9790688637109023,-0.20352926107034985,-28.3322,-6.86985,-29,-7,-28.5,-6.5
4,438,14.6,-0.10680000000000334,-0.024799999999999933,0.033333333333333215,3.289247938359271,-0.9740828481292041,-0.22619152278654908,-28.647100000000002,-6.9506,-29,-7,-28.5,-6.5
4,478,15.933333333333334,0.2923999999999971,0.06189999999999962,0.033333333333333215,8.966405801657597,0.9783184248005244,0.20710639704224587,-28.5357,-6.94975,-29,-7,-28.5,-6.5
4,518,17.266666666666666,-0.021399999999999864,0.0030999999999998806,0.03333333333333144,0.6487010097109777,-0.989670110558436,0.14336342723042306,-28.4057,-6.93105,-29,-7,-28.5,-6.5
4,558,18.6,-0.1454999999999984,-0.025100000000000122,0.033333333333338544,4.429473332123521,-0.9854444699651589,-0.1699976370867758,-28.48525,-6.90515,-29,-7,-28.5,-6.5
4,598,19.933333333333334,-0.03129999999999811,-0.006299999999999528,0.03333333333333499,0.9578319268012508,-0.9803390070069549,-0.19732063080331394,-29.038449999999997,-7.01495,-30,-8,-29.5,-7.5
4,638,21.266666666666666,0.006499999999999062,0.00140000000000029,0.03333333333333499,0.19947180251851587,0.9775817811736142,0.2105560759451601,-28.64365,-6.9351,-29,-7,-28.5,-6.5
4,678,22.6,-0.07620000000000005,-0.015699999999999825,0.033333333333338544,2.3340173521202234,-0.9794271657505201,-0.2017979855942649,-29.1958,-7.01055,-30,-8,-29.5,-7.5
4,718,23.933333333333334,0.4201000000000015,0.09980000000000011,0.03333333333333499,12.953750229180137,0.9729228815613099,0.23112997757633538,-27.94225,-6.7274,-28,-7,-27.5,-6.5
4,758,25.266666666666666,-0.21369999999999933,-0.04870000000000019,0.03333333333333499,6.575366301583164,-0.975002715583476,-0.222192944543358,-28.841749999999998,-6.93295,-29,-7,-28.5,-6.5
4,798,26.6,0.21599999999999753,0.036399999999999544,0.033333333333338544,6.57136698107673,0.9860961986538078,0.16617547051388223,-28.2292,-6.783799999999999,-29,-7,-28.5,-6.5
4,838,27.933333333333334,-0.10549999999999926,-0.025100000000000122,0.03333333333333499,3.253341974032059,-0.9728457768235318,-0.23145430330114633,-28.09635,-6.79915,-29,-7,-28.5,-6.5
4,878,29.266666666666666,-0.06020000000000181,-0.012199999999999989,0.03333333333333499,1.8427132169710667,-0.9800765433096262,-0.19862016326207757,-28.8047,-7.0061,-29,-8,-28.5,-7.5
4,918,30.6,0.3202999999999996,0.06590000000000007,0.033333333333338544,9.8102706384671,0.9794836813492778,0.2015234923537857,-28.56315,-6.8401499999999995,-29,-7,-28.5,-6.5
4,971,32.36666666666667,0.13180000000000192,0.04940000000000033,0.03333333333333144,4.222610566936349,0.9363875586729863,0.3509677192598267,-27.524900000000002,-6.8026,-28,-7,-27.5,-6.5
4,1011,33.7,0.01770000000000138,-0.02090000000000014,0.033333333333338544,0.821638606687781,0.6462695346565379,-0.7631092245378914,-26.35355,-6.66535,-27,-7,-26.5,-6.5
4,1051,35.03333333333333,-0.18029999999999902,-0.01839999999999975,0.03333333333333144,5.4370934330764475,-0.9948330052771829,-0.10152483248530236,-26.515749999999997,-6.5662,-27,-7,-26.5,-6.5
4,1091,36.36666666666667,0.0259999999999998,-0.023099999999999454,0.03333333333333144,1.0433834386265155,0.7475679324820522,-0.664185355397505,-25.108600000000003,-6.21755,-26,-7,-25.5,-6.5
4,1131,37.7,-0.02470000000000283,-0.023600000000000065,0.03333333333334565,1.0248634055323433,-0.7230231814306166,-0.6908237684923338,-24.23545,-6.6623,-25,-7,-24.5,-6.5
4,1171,39.03333333333333,0.19350000000000023,0.056999999999999496,0.03333333333333144,6.051621683483212,0.9592470090858483,0.2825688863973788,-23.63605,-6.8740000000000006,-24,-7,-23.5,-6.5
4,1211,40.36666666666667,0.23959999999999937,0.052400000000000446,0.03333333333333144,7.35788882764655,0.9769106558109685,0.21364824025248463,-22.379800000000003,-6.9132,-23,-7,-22.5,-6.5
4,1251,41.7,-1.554199999999998,-0.31879999999999953,0.03333333333334565,47.59678531159767,-0.9796039731410514,-0.20093794018618397,-21.046799999999998,-6.899,-22,-7,-21.5,-6.5
4,1291,43.03333333333333,0.07649999999999935,0.021700000000000053,0.03333333333333144,2.3855452206991505,0.9620442237215261,0.27289359025826593,-18.719050000000003,-6.29275,-19,-7,-18.5,-6.5
4,1331,44.36666666666667,0.09420000000000073,0.01980000000000004,0.03333333333333144,2.887752066920059,0.9786158695452901,0.2056963292674802,-15.6965,-5.4482,-16,-6,-15.5,-5.5
4,1371,45.7,-0.00590000000000046,0.009200000000000763,0.03333333333334565,0.3278795510548624,-0.5398323848818859,0.8417725323581992,-14.68525,-4.9376999999999995,-15,-5,-14.5,-4.5
4,1411,47.03333333333333,-0.05019999999999847,-0.009100000000000108,0.03333333333333144,1.5305440209285488,-0.9839638582145328,-0.17836795039347866,-13.1094,-4.49215,-14,-5,-13.5,-4.5
4,1451,48.36666666666667,-0.21640000000000015,-0.041999999999999815,0.03333333333333144,6.613143276839314,-0.9816814377418358,-0.1905296690626474,-12.8756,-4.2035,-13,-5,-12.5,-4.5
4,1491,49.7,0.4603999999999999,0.12329999999999997,0.03333333333334565,14.29873928008511,0.9659592870003488,0.2586941357235947,-11.6033,-3.52785,-12,-4,-11.5,-3.5
4,1531,51.03333333333333,0.30180000000000007,0.05190000000000028,0.03333333333333144,9.18690181726188,0.9855335541943373,0.1694804223415718,-9.8133,-2.73505,-10,-3,-9.5,-2.5
4,1571,52.36666666666667,-0.09109999999999996,-0.025500000000000078,0.03333333333333144,2.838047568311869,-0.962985973355549,-0.2695515073607748,-6.74005,-1.77285,-7,-2,-6.5,-1.5
4,1611,53.7,-0.17650000000000077,-0.09349999999999992,0.03333333333334565,5.992082275801435,-0.8836661040823018,-0.4681177378566277,-7.83615,-1.72425,-8,-2,-7.5,-1.5
5,16,0.5333333333333333,0.3182000000000045,0.06320000000000014,0.033333333333333326,9.732467929564557,0.9808406325185021,0.19481184153101383,-53.4865,-6.3388,-54,-7,-53.5,-6.5
6,24,0.8,-0.2875000000000014,-0.06759999999999966,0.033333333333333326,8.860214952245839,-0.9734526810564372,-0.22888835213709394,-30.10415,-7.853899999999999,-31,-8,-30.5,-7.5
6,64,2.1333333333333333,0.028999999999999915,-0.017400000000000304,0.033333333333333215,1.0145856297030884,0.8574929257125395,-0.5144957554275342,-30.740000000000002,-7.9679,-31,-8,-30.5,-7.5
6,104,3.466666666666667,-0.1808000000000014,-0.03629999999999978,0.03333333333333366,5.532241589084829,-0.9804344066791295,-0.1968460672701986,-30.4767,-7.9395500000000006,-31,-8,-30.5,-7.5
6,144,4.8,0.012299999999999756,0.000300000000000189,0.033333333333333215,0.3691097397793719,0.9997026906430496,0.024382992454724372,-31.129649999999998,-7.95965,-32,-8,-31.5,-7.5
6,184,6.133333333333334,0.18859999999999744,0.03610000000000024,0.0333333333333341,5.760716361703431,0.9821695158632553,0.1879974524001285,-29.872799999999998,-7.966749999999999,-30,-8,-29.5,-7.5
6,224,7.466666666666667,0.2970000000000006,0.0702000000000007,0.033333333333333215,9.15550850581228,0.9731846127764098,0.23002545392897145,-27.2534,-7.5962,-28,-8,-27.5,-7.5
6,269,8.966666666666667,0.0992999999999995,0.028100000000000236,0.033333333333333215,3.0959796510959166,0.9622156266258042,0.27228861136138427,-32.28215,-8.56505,-33,-9,-32.5,-8.5
6,309,10.3,0.09339999999999904,0.012699999999999712,0.033333333333333215,2.827784468448734,0.9908817419656818,0.1347344552779872,-28.683300000000003,-7.9060500000000005,-29,-8,-28.5,-7.5
6,349,11.633333333333333,-0.23570000000000135,-0.038599999999999746,0.033333333333333215,7.165193995978122,-0.986853950356274,-0.16161460536169583,-29.03595,-7.821199999999999,-30,-8,-29.5,-7.5
6,389,12.966666666666669,0.13200000000000145,0.026900000000000368,0.03333333333333499,4.041391963172929,0.979860413462796,0.1996836751677976,-29.002699999999997,-7.789149999999999,-30,-8,-29.5,-7.5
6,429,14.3,0.15360000000000085,0.03110000000000035,0.033333333333333215,4.701505397210601,0.9801116048349033,0.1984470762393598,-27.776699999999998,-7.80265,-28,-8,-27.5,-7.5
6,469,15.633333333333333,-0.1725999999999992,-0.04249999999999954,0.033333333333333215,5.3326643434590855,-0.9709967975672802,-0.23909249071036587,-27.976399999999998,-7.721550000000001,-28,-8,-27.5,-7.5
6,509,16.966666666666665,0.014000000000002899,0.015100000000000335,0.03333333333333144,0.6177450930603379,0.6798920861020706,0.7333121785813834,-28.4924,-7.82765,-29,-8,-28.5,-7.5
6,549,18.3,0.0555000000000021,0.006000000000000227,0.03333333333333499,1.6747014659335357,0.9942070475658493,0.10748184298009182,-28.30885,-7.6791,-29,-8,-28.5,-7.5
6,589,19.633333333333333,0.025399999999997647,0.0,0.03333333333333144,0.7619999999999727,1.0,0.0,-27.8432,-7.5872,-28,-8,-27.5,-7.5
6,629,20.966666666666665,-0.026199999999999335,-0.004700000000000593,0.03333333333333144,0.7985468051404664,-0.984287952741562,-0.17657073961397107,-28.223799999999997,-7.64955,-29,-8,-28.5,-7.5
6,669,22.3,0.001300000000000523,-0.007400000000000517,0.03333333333333499,0.2253996450751488,0.17302600448643585,-0.9849172563070767,-28.03945,-7.6029,-29,-8,-28.5,-7.5
6,709,23.633333333333333,-0.1457000000000015,-0.017699999999999605,0.03333333333333144,4.403135473728078,-0.9927016840795554,-0.120595880632859,-30.29255,-8.06155,-31,-9,-30.5,-8.5
6,749,24.966666666666665,0.3069999999999986,0.0671999999999997,0.03333333333333144,9.42806215507775,0.9768709463842657,0.21382973158639304,-28.1334,-7.6181,-29,-8,-28.5,-7.5
6,789,26.3,-0.19200000000000017,-0.05109999999999992,0.03333333333333499,5.960510800258357,-0.9663601313749911,-0.2571927224649059,-28.2611,-7.64415,-29,-8,-28.5,-7.5
6,829,27.633333333333333,-0.06569999999999965,-0.0045000000000001705,0.03333333333333144,1.9756178780321876,-0.9976625651734405,-0.06833305240914271,-28.61395,-7.69975,-29,-8,-28.5,-7.5
6,869,28.966666666666665,0.06680000000000064,0.014000000000000234,0.03333333333333144,2.0475390106175166,0.9787359310901467,0.20512429693506218,-27.8855,-7.5632,-28,-8,-27.5,-7.5
6,909,30.3,-0.21340000000000003,-0.033500000000000085,0.03333333333333499,6.48040345966174,-0.9879014539526603,-0.1550829367732624,-27.9207,-7.70995,-28,-8,-27.5,-7.5
6,949,31.633333333333333,-0.09359999999999857,-0.012900000000000134,0.03333333333333144,2.834542820279961,-0.9906359430910898,-0.13652995369524984,-28.0818,-7.66535,-29,-8,-28.5,-7.5
6,989,32.96666666666667,0.07079999999999842,-0.012399999999999523,0.033333333333338544,2.1563302158988393,0.985006834453812,-0.17251532128851796,-26.4514,-7.5877,-27,-8,-26.5,-7.5
6,1029,34.3,-0.10470000000000113,-0.024099999999999788,0.03333333333333144,3.2231366710087523,-0.9745165410615884,-0.2243156508078684,-25.46525,-7.826650000000001,-26,-8,-25.5,-7.5
6,1069,35.63333333333333,0.03470000000000084,-0.0021999999999984254,0.03333333333333144,1.0430901207470857,0.9979962222770317,-0.06327353570627796,-25.23835,-8.0907,-26,-9,-25.5,-8.5
6,1109,36.96666666666667,0.029400000000002535,0.0026999999999990365,0.033333333333338544,0.8857115783368106,0.9958094955201534,0.09145189244568785,-24.7805,-8.021550000000001,-25,-9,-24.5,-8.5
6,1149,38.3,-0.020400000000002194,-0.012300000000000644,0.03333333333333144,0.7146362711198984,-0.8563797063379422,-0.5163465876449073,-23.7972,-7.76735,-24,-8,-23.5,-7.5
6,1189,39.63333333333333,0.11139999999999972,0.027200000000000557,0.03333333333333144,3.440177321011421,0.9714615521672079,0.23719707557404543,-22.836,-7.6882,-23,-8,-22.5,-7.5
6,1246,41.53333333333333,0.2004000000000019,0.03289999999999971,0.03333333333333144,6.092480036898348,0.9867902666220437,0.16200299287357606,-20.6585,-7.89645,-21,-8,-20.5,-7.5
6,1286,42.86666666666667,0.1332000000000022,0.0257000000000005,0.03333333333333144,4.069699866083793,0.9818905893533569,0.18944885995781793,-19.3448,-8.14245,-20,-9,-19.5,-8.5
6,1326,44.2,0.44439999999999813,0.09719999999999995,0.03333333333334565,13.64717113543539,0.976905753411268,0.21367065533657875,-18.4917,-7.904400000000001,-19,-8,-18.5,-7.5
6,1366,45.53333333333333,0.32560000000000144,0.07840000000000025,0.03333333333333144,10.047175125377898,0.9722135702927943,0.23409565083217132,-15.4146,-6.9267,-16,-7,-15.5,-6.5
6,1406,46.86666666666667,0.17680000000000007,0.04830000000000023,0.03333333333333144,5.498364938779845,0.9646504113598046,0.26353288952872606,-14.3342,-6.266450000000001,-15,-7,-14.5,-6.5
6,1446,48.2,-0.15169999999999995,-0.0118999999999998,0.03333333333334565,4.564980832378662,-0.9969373732566014,-0.07820405235170311,-12.291049999999998,-5.41555,-13,-6,-12.5,-5.5
6,1486,49.53333333333333,-0.1639999999999997,-0.02320000000000011,0.03333333333333144,4.9689854095179955,-0.9901417682925986,-0.14006883551456364,-12.7879,-4.9884,-13,-5,-12.5,-4.5
6,1526,50.86666666666667,0.018299999999999983,0.0030999999999998806,0.03333333333333144,0.5568213357981482,0.9859535989458695,0.16701946211650714,-11.04315,-4.23165,-12,-5,-11.5,-4.5
6,1566,52.2,0.6181999999999999,0.14169999999999972,0.03333333333334565,19.02695763909018,0.9747223046258889,0.2234198488603821,-8.0247,-3.1891499999999997,-9,-4,-8.5,-3.5
6,1606,53.53333333333333,-0.3433999999999999,-0.0806,0.03333333333333144,10.58196238889615,-0.9735434337595704,-0.22850204065527488,-7.615500000000001,-2.5899,-8,-3,-7.5,-2.5
6,1646,54.86666666666667,0.32760000000000034,0.05889999999999995,0.03333333333333144,9.985583257877906,0.984218923040573,0.17695511162115274,-7.6497,-2.56205,-8,-3,-7.5,-2.5
6,1686,56.2,-0.2936000000000001,-0.08409999999999984,0.03333333333334565,9.162226421560318,-0.9613383903359981,-0.2753697500928381,-3.2668,-1.55115,-4,-2,-3.5,-1.5
6,1755,58.5,0.11509999999999998,0.023100000000000342,0.03333333333333144,3.5218543411108616,0.9804494069198365,0.19677134057209872,-8.490950000000002,-3.15605,-9,-4,-8.5,-3.5
8,14,0.4666666666666667,0.019800000000003593,0.061299999999999244,0.03333333333333338,1.9325519397936068,0.3073656069826227,0.9515915004056121,-53.9797,-21.78165,-54,-22,-53.5,-21.5
8,54,1.8,-0.17710000000000292,0.03999999999999915,0.03333333333333344,5.446831097069258,-0.9754295489094207,0.2203115864278676,-54.209050000000005,-19.4922,-55,-20,-54.5,-19.5
8,94,3.1333333333333333,-0.005400000000001626,0.05600000000000094,0.033333333333333215,1.6877926412922089,-0.09598335484862572,0.9953829391706505,-56.473299999999995,-17.4169,-57,-18,-56.5,-17.5
8,152,5.066666666666666,0.15139999999999532,0.056199999999998695,0.033333333333333215,4.844828170327484,0.9374945488918879,0.3479999580430945,-55.9692,-13.7222,-56,-14,-55.5,-13.5
8,192,6.4,0.014000000000002899,0.18219999999999992,0.0333333333333341,5.482112366597264,0.07661280395475921,0.997060920039588,-56.0517,-11.076899999999998,-57,-12,-56.5,-11.5
8,248,8.266666666666667,-0.12400000000000233,0.03279999999999994,0.03333333333333499,3.8479417875013446,-0.9667505917274963,0.255721124263397,-56.2375,-7.6267,-57,-8,-56.5,-7.5
8,288,9.6,0.07809999999999917,0.04899999999999949,0.033333333333333215,2.7659625810917783,0.8470830429944415,0.5314605519427356,-56.323350000000005,-5.3033,-57,-6,-56.5,-5.5
9,5,0.1666666666666666,-0.17919999999999447,-0.022500000000000853,0.0333333333333333,5.418210128815448,-0.9922095806895483,-0.12457988596828332,-66.126,-33.87235,-67,-34,-66.5,-33.5
9,45,1.5,-0.012000000000000455,-0.0014000000000038426,0.03333333333333344,0.3624417194529607,-0.9932631390872068,-0.1158806995604878,-66.9169,-33.966,-67,-34,-66.5,-33.5
9,85,2.833333333333333,0.0011999999999972033,0.002400000000001512,0.033333333333333215,0.08049844718999577,0.4472135954988987,0.8944271910004454,-66.79589999999999,-33.941199999999995,-67,-34,-66.5,-33.5
9,125,4.166666666666667,-0.14029999999999632,-0.010600000000003718,0.033333333333333215,4.220995735605435,-0.9971580791934134,-0.07533767383787716,-66.90505,-33.933099999999996,-67,-34,-66.5,-33.5
9,165,5.5,0.06080000000000041,0.010399999999997078,0.033333333333333215,1.8504918265153225,0.9856838997418375,0.1686038249557921,-66.8581,-33.926100000000005,-67,-34,-66.5,-33.5
9,205,6.833333333333333,0.24580000000000268,0.009599999999998943,0.033333333333333215,7.379621941536135,0.9992381802779916,0.03902638946569389,-66.78,-33.9594,-67,-34,-66.5,-33.5
9,257,8.566666666666666,0.2599000000000018,0.04809999999999803,0.033333333333333215,7.929404643477411,0.9833020700253653,0.18198087559914508,-66.24685,-34.032849999999996,-67,-35,-66.5,-34.5
9,297,9.9,-0.16169999999999618,-0.007600000000003604,0.033333333333333215,4.856355114692407,-0.9988972975480513,-0.04694879073202826,-67.01915,-33.785799999999995,-68,-34,-67.5,-33.5
9,337,11.233333333333333,0.18850000000000477,0.03999999999999915,0.033333333333333215,5.780919044581216,0.9782181615743117,0.20757945073193976,-66.07325,-33.167100000000005,-67,-34,-66.5,-33.5
9,377,12.566666666666666,0.06709999999999638,0.022100000000001785,0.03333333333333499,2.1193720768187894,0.9498096261706609,0.31282850578799454,-65.00444999999999,-32.380849999999995,-66,-33,-65.5,-32.5
10,39,1.3,-0.15729999999999933,-0.026700000000001722,0.03333333333333344,4.786497884675156,-0.9858982733719996,-0.16734573362386648,-17.30235,-18.99705,-18,-19,-17.5,-18.5
10,79,2.6333333333333333,0.09970000000000212,0.010699999999999932,0.033333333333333215,3.0081758592210734,0.9942902742310263,0.10670918690342716,-16.53965,-19.10225,-17,-20,-16.5,-19.5
10,119,3.966666666666667,0.08150000000000013,0.008799999999997254,0.03333333333333366,2.4592114589843344,0.9942211317646414,0.10735148416596443,-14.17005,-18.936799999999998,-15,-19,-14.5,-18.5
10,159,5.3,-0.2637999999999998,-0.039699999999999847,0.033333333333333215,8.003116705384244,-0.9888647499886803,-0.14881702264803065,-13.5588,-18.98485,-14,-19,-13.5,-18.5
10,199,6.633333333333334,-0.21839999999999904,-0.030900000000002592,0.0333333333333341,6.617252677659947,-0.9901390077062612,-0.14008834861779382,-12.3048,-18.96255,-13,-19,-12.5,-18.5
10,239,7.966666666666667,0.3912999999999993,0.04870000000000019,0.033333333333333215,11.829566433306022,0.992344061482168,0.12350410374183965,-10.461649999999999,-18.98395,-11,-19,-10.5,-18.5
10,279,9.3,-0.22419999999999973,-0.04660000000000153,0.033333333333333215,6.869751087193797,-0.9790747749999626,-0.20350082299286268,-8.8666,-18.932499999999997,-9,-19,-8.5,-18.5
10,319,10.633333333333333,0.2787000000000006,0.03410000000000224,0.033333333333333215,8.423351470762746,0.9925977835569227,0.12144809622997206,-8.78965,-19.00675,-9,-20,-8.5,-19.5
10,359,11.966666666666669,0.31040000000000045,0.032200000000003115,0.03333333333333499,9.361970946333454,0.994662347638082,0.10318340075370262,-6.3794,-18.9101,-7,-19,-6.5,-18.5
10,399,13.3,-0.10099999999999998,-0.013400000000000745,0.033333333333333215,3.0565509974479537,-0.9913134125783892,-0.13152078939159562,-4.1777,-18.807299999999998,-5,-19,-4.5,-18.5
10,439,14.633333333333333,-0.09940000000000015,-0.024899999999998812,0.033333333333333215,3.0741393917647977,-0.9700275816992516,-0.2429948368642875,-2.9145,-18.73285,-3,-19,-2.5,-18.5
10,479,15.966666666666669,0.17630000000000012,0.005400000000001626,0.03333333333333499,5.2914804166695415,0.9995312433431697,0.030615250788739293,-1.39555,-18.7466,-2,-19,-1.5,-18.5
10,519,17.3,-0.008699999999999986,-0.008499999999997954,0.03333333333333499,0.3648917647740974,-0.7152805987867946,-0.6988373666306092,0.23105,-18.72965,0,-19,0.5,-18.5
10,559,18.633333333333333,-0.21229999999999993,-0.03409999999999869,0.03333333333333144,6.450634852478059,-0.9873446793463534,-0.15858904176028904,1.45725,-18.592950000000002,1,-19,1.5,-18.5
10,599,19.966666666666665,0.03860000000000019,0.010900000000003018,0.03333333333333144,1.2032842556936565,0.9623661196601629,0.2717562358626588,1.8851,-18.634149999999998,1,-19,1.5,-18.5
10,639,21.3,-0.2239999999999993,-0.03289999999999793,0.03333333333333499,6.792096068224817,-0.9893852991034011,-0.14531596580580336,4.1434999999999995,-18.39095,4,-19,4.5,-18.5
10,682,22.73333333333333,0.12549999999999972,0.015900000000002024,0.03333333333333144,3.795096046215647,0.9920697537430042,0.1256885186017196,5.616149999999999,-18.32515,5,-19,5.5,-18.5
10,722,24.066666666666663,-0.44209999999999994,-0.06329999999999814,0.03333333333333144,13.398259961652489,-0.9899046620950133,-0.1417348226885603,7.50065,-18.36235,7,-19,7.5,-18.5
10,762,25.4,0.1429999999999998,0.018599999999999284,0.03333333333333144,4.326137307113824,0.9916467498490714,0.1289834234069374,7.429399999999999,-18.587,7,-19,7.5,-18.5
10,802,26.73333333333333,0.02149999999999963,0.001200000000000756,0.03333333333333144,0.6460038699574754,0.9984460310469722,0.05572722033754149,10.07385,-18.5531,10,-19,10.5,-18.5
10,842,28.066666666666663,-0.2646999999999995,-0.04299999999999926,0.03333333333333144,8.0450967054478,-0.9870608509432989,-0.16034611481133812,12.660350000000001,-18.5422,12,-19,12.5,-18.5
10,882,29.4,0.04439999999999955,-0.006000000000000227,0.03333333333333144,1.344107138586866,0.9909924304103225,-0.13391789600140136,11.9652,-19.0454,11,-20,11.5,-19.5
10,922,30.73333333333333,-0.2710999999999988,-0.05180000000000007,0.03333333333333144,8.280133151103742,-0.9822305815113971,-0.18767814135850483,14.67885,-19.353,14,-20,14.5,-19.5
10,962,32.06666666666667,0.5096000000000007,0.05620000000000047,0.033333333333338544,15.380687240820118,0.9939737906784494,0.10961798868942159,15.5079,-19.9448,15,-20,15.5,-19.5
10,1002,33.4,0.03529999999999944,-0.00140000000000029,0.03333333333333144,1.0598325339411376,0.9992144665176504,-0.039628902354816496,14.80005,-20.738,14,-21,14.5,-20.5
11,8,0.2666666666666666,-0.08220000000000027,0.011400000000001853,0.0333333333333333,2.4896023778909138,-0.9905196194779915,0.13737133408821048,-40.2379,-28.1526,-41,-29,-40.5,-28.5
11,48,1.6,0.27199999999999847,0.03819999999999979,0.033333333333333215,8.240079853981982,0.9902816652992386,0.13907632211187837,-38.6459,-27.347299999999997,-39,-28,-38.5,-27.5
11,88,2.933333333333333,-0.1267999999999958,-0.0032999999999994145,0.033333333333333215,3.8052880311481205,-0.9996615154654024,-0.02601642745296019,-37.754599999999996,-26.55475,-38,-27,-37.5,-26.5
11,128,4.266666666666667,0.01960000000000406,0.02149999999999963,0.033333333333333215,0.8727937900788103,0.6736986521719288,0.7390061745761848,-36.7007,-25.801949999999998,-37,-26,-36.5,-25.5
11,168,5.6,0.3633000000000024,0.045700000000000074,0.033333333333333215,10.984891533374483,0.9921809393280383,0.12480778675279694,-33.041250000000005,-25.01045,-34,-26,-33.5,-25.5
11,208,6.933333333333334,0.1518999999999977,0.028700000000000614,0.033333333333333215,4.637625470000737,0.9826149242705499,0.18565535435527195,-30.38625,-24.49195,-31,-25,-30.5,-24.5
11,248,8.266666666666667,-0.21979999999999933,-0.0031999999999996476,0.03333333333333499,6.594698780080512,-0.9998940391207903,-0.014557147066361175,-30.0957,-24.0426,-31,-25,-30.5,-24.5
11,288,9.6,0.26850000000000307,0.0370999999999988,0.033333333333333215,8.13153085218287,0.9905883832240266,0.1368745959687515,-29.46415,-23.748849999999997,-30,-24,-29.5,-23.5
11,328,10.933333333333334,0.034900000000000375,-0.009599999999998943,0.033333333333333215,1.08588811578358,0.9641877324023357,-0.2652206942997508,-24.66365,-23.1571,-25,-24,-24.5,-23.5
11,368,12.266666666666667,-0.36400000000000077,-0.03810000000000002,0.03333333333333499,10.979656142156207,-0.9945666657148143,-0.10410162077949003,-23.0175,-22.73575,-24,-23,-23.5,-22.5
11,408,13.6,0.21799999999999997,0.03810000000000002,0.033333333333333215,6.639130138805858,0.9850688061939894,0.17216110787151845,-21.055100000000003,-22.45675,-22,-23,-21.5,-22.5
11,448,14.933333333333334,0.16400000000000148,0.009700000000002262,0.033333333333333215,4.928598279430029,0.9982554310693462,0.05904315659374896,-18.5044,-22.24155,-19,-23,-18.5,-22.5
11,488,16.266666666666666,-0.006199999999999761,-0.003899999999998016,0.03333333333333144,0.21973848092673456,-0.8464607528711355,-0.5324511187412704,-17.2933,-22.07795,-18,-23,-17.5,-22.5
11,528,17.6,0.1272999999999982,0.016100000000001558,0.03333333333333499,3.8494220345394914,0.9920969864393226,0.12547338163138153,-15.94005,-21.78765,-16,-22,-15.5,-21.5
11,568,18.933333333333334,0.4764999999999997,0.05969999999999942,0.03333333333333499,14.40675903872828,0.9922425967958116,0.1243166485387396,-13.902149999999999,-21.67805,-14,-22,-13.5,-21.5
11,608,20.266666666666666,-0.0002999999999993008,-0.006200000000003314,0.03333333333333499,0.18621761463415099,-0.04833055142318444,-0.9988313960820069,-12.32605,-21.601399999999998,-13,-22,-12.5,-21.5
11,648,21.6,0.061799999999999855,-0.0008999999999979025,0.033333333333338544,1.8541965915185221,0.9998939748246137,-0.014561562740130376,-10.821100000000001,-21.396250000000002,-11,-22,-10.5,-21.5
11,688,22.933333333333334,-0.19069999999999965,-0.014000000000002899,0.03333333333333499,5.736396168326999,-0.9973160556078219,-0.07321670046414484,-10.83755,-21.4283,-11,-22,-10.5,-21.5
11,728,24.266666666666666,0.09169999999999945,0.002500000000001279,0.03333333333333499,2.752022165608257,0.9996285765350351,0.02725268747370645,-9.10655,-21.25875,-10,-22,-9.5,-21.5
11,768,25.6,0.060100000000000264,0.018299999999999983,0.033333333333338544,1.88473075000089,0.9566353178027549,0.2912882914440985,-6.10865,-20.806849999999997,-7,-21,-6.5,-20.5
11,808,26.933333333333334,-0.20259999999999945,-0.014500000000001734,0.03333333333333499,6.093546504294206,-0.997448693583684,-0.07138699929400388,-5.0703,-20.64195,-6,-21,-5.5,-20.5
11,849,28.3,0.3107000000000002,0.04520000000000124,0.03333333333333499,9.419117633833404,0.989583139562731,0.14396252947613983,-3.5725499999999997,-20.483,-4,-21,-3.5,-20.5
11,898,29.933333333333334,0.04360000000000008,0.020199999999999108,0.03333333333333499,1.441561653207995,0.907349329866791,0.42037744181899844,-1.6731,-20.397599999999997,-2,-21,-1.5,-20.5
11,938,31.266666666666666,0.09499999999999997,-0.0023999999999979593,0.03333333333333499,2.8509093286176563,0.9996810390956067,-0.02525509993502544,0.9009,-20.1697,0,-21,0.5,-20.5
11,978,32.6,-0.07999999999999985,-0.028600000000000847,0.03333333333333144,2.5487573442759826,-0.9416353445297838,-0.3366346356694083,1.5255,-20.237299999999998,1,-21,1.5,-20.5
11,1018,33.93333333333333,0.22560000000000002,0.024399999999999977,0.03333333333333144,6.807470014624029,0.9942019554197297,0.10752893489468697,2.3172,-20.0763,2,-21,2.5,-20.5
11,1059,35.3,0.23579999999999934,0.022699999999996834,0.03333333333333144,7.1067036662580305,0.9953981947477392,0.09582501705161403,4.5084,-19.778950000000002,4,-20,4.5,-19.5
11,1099,36.63333333333333,-0.13310000000000066,-0.01710000000000278,0.03333333333333144,4.025818922902778,-0.991847888956002,-0.1274274898658926,5.63335,-19.51215,5,-20,5.5,-19.5
11,1139,37.96666666666667,-0.04589999999999961,0.006399999999999295,0.033333333333338544,1.3903211859132967,-0.9904186269701608,0.13809758633133737,7.39295,-19.169,7,-20,7.5,-19.5
11,1179,39.3,-0.12700000000000067,-0.01980000000000004,0.03333333333333144,3.8560259335229903,-0.9880638941967118,-0.15404460712673096,8.7959,-19.0535,8,-20,8.5,-19.5
11,1219,40.63333333333333,0.2370000000000001,0.04820000000000135,0.03333333333333144,7.255550702738294,0.9799393996815494,0.19929569225591556,9.616499999999998,-19.029,9,-20,9.5,-19.5
11,1259,41.96666666666667,0.45700000000000074,0.05740000000000123,0.033333333333338544,13.817719927684923,0.9922042183333577,0.12462258672283556,11.6557,-18.8008,11,-19,11.5,-18.5
11,1299,43.3,-0.2364000000000015,-0.021100000000000563,0.03333333333333144,7.12019332602749,-0.9960403707124099,-0.08890208046544956,13.2908,-18.59465,13,-19,13.5,-18.5
11,1339,44.63333333333333,-0.07150000000000034,-0.004800000000003024,0.03333333333333144,2.1498281326656317,-0.9977541773725359,-0.06698209862085548,13.79405,-18.468,13,-19,13.5,-18.5
11,1379,45.96666666666667,0.8724999999999987,0.09730000000000061,0.033333333333338544,26.33725851336432,0.9938392026153324,0.11083158099079954,15.64335,-18.197650000000003,15,-19,15.5,-18.5
11,1419,47.3,0.04720000000000013,0.001100000000000989,0.03333333333333144,1.4163844816998812,0.9997285470825441,0.023298758512537803,16.450699999999998,-18.08325,16,-19,16.5,-18.5
11,1459,48.63333333333333,0.245000000000001,0.043900000000000716,0.03333333333333144,7.467060264923997,0.9843231123400152,0.17637463114990692,18.3243,-17.75385,18,-18,18.5,-17.5
11,1499,49.96666666666667,-0.5071000000000012,-0.0771000000000015,0.033333333333338544,15.387830841282577,-0.9886383699503714,-0.15031358375700046,19.50705,-17.65035,19,-18,19.5,-17.5
11,1539,51.3,-0.2397999999999989,-0.019999999999999574,0.03333333333333144,7.218977489922339,-0.9965400238528473,-0.08311426387429781,22.2969,-17.380899999999997,22,-18,22.5,-17.5
11,1579,52.63333333333333,-0.015100000000000335,-0.007400000000000517,0.03333333333333144,0.504472992339575,-0.8979668027403709,-0.4400632013429842,21.949150000000003,-17.448500000000003,21,-18,21.5,-17.5
11,1619,53.96666666666667,-0.09629999999999939,-0.025800000000000267,0.033333333333338544,2.9908856547847344,-0.965934620528802,-0.2587862223223625,24.19955,-17.075899999999997,24,-18,24.5,-17.5
11,1659,55.3,-0.024799999999999045,-0.009000000000000341,0.03333333333333144,0.7914771001109471,-0.940014562513207,-0.34113431704110925,24.6985,-17.0813,24,-18,24.5,-17.5
11,1699,56.63333333333333,-0.017399999999998528,-0.003899999999998016,0.03333333333333144,0.5349513996616633,-0.9757895770160261,-0.2187114569172924,26.7354,-16.76665,26,-17,26.5,-16.5
12,6,0.2,-0.0069000000000016826,0.051899999999999835,0.03333333333333341,1.570699844018581,-0.13178838769758053,0.9912778726815564,-54.19325,-6.22335,-55,-7,-54.5,-6.5
12,46,1.5333333333333334,0.3190000000000026,0.11769999999999925,0.03333333333333344,10.200630421694568,0.938177309085397,0.34615507611081386,-53.7877,-4.78695,-54,-5,-53.5,-4.5
13,5,0.1666666666666666,-0.09159999999999968,-0.06649999999999956,0.0333333333333333,3.395810507080735,-0.8092324333969851,-0.5874886115818706,-48.7606,-4.64335,-49,-5,-48.5,-4.5
13,59,1.9666666666666663,-0.31510000000000105,-0.10289999999999999,0.03333333333333344,9.944283684609966,-0.9505963727311715,-0.3104295993463574,-51.86995,-6.33005,-52,-7,-51.5,-6.5
13,99,3.3,0.2214000000000027,0.025399999999999423,0.033333333333333215,6.6855671412380095,0.9934834038283494,0.11397686746720502,-53.6764,-7.2911,-54,-8,-53.5,-7.5
13,177,5.9,0.1833999999999989,-0.05299999999999905,0.0333333333333341,5.727137504897017,0.9606893487881735,-0.27762560243060297,-55.457300000000004,-9.3371,-56,-10,-55.5,-9.5
13,244,8.133333333333333,-0.18010000000000304,-0.035800000000000054,0.033333333333333215,5.508709921569768,-0.9808104033295088,-0.19496397800775053,-56.473150000000004,-12.203800000000001,-57,-13,-56.5,-12.5
13,284,9.466666666666669,-0.1203000000000003,-0.09759999999999991,0.03333333333333499,4.647371837931402,-0.776567945466192,-0.6300335118661686,-58.81225,-14.2066,-59,-15,-58.5,-14.5
13,324,10.8,0.21340000000000003,-0.006199999999999761,0.033333333333333215,6.404701398191824,0.999578216372029,-0.029041166548764482,-57.560100000000006,-15.6001,-58,-16,-57.5,-15.5
13,364,12.133333333333333,0.02740000000000009,-0.03960000000000008,0.033333333333333215,1.4446549761102216,0.5689939906712301,-0.8223416799482002,-58.3003,-17.2492,-59,-18,-58.5,-17.5
13,409,13.633333333333333,0.29939999999999856,0.03020000000000067,0.033333333333333215,9.027577748211304,0.99495127602525,0.10035914674670461,-59.309799999999996,-19.0676,-60,-20,-59.5,-19.5
13,449,14.966666666666669,0.00840000000000174,-0.042099999999997806,0.03333333333333499,1.2878947938398133,0.19566815644056645,-0.9806701650173467,-59.744299999999996,-20.51295,-60,-21,-59.5,-20.5
13,489,16.3,1.2563999999999993,0.1136000000000017,0.03333333333333499,37.84575706733657,0.9959372706677555,0.09004972456849632,-58.6318,-21.804299999999998,-59,-22,-58.5,-21.5
14,10,0.3333333333333333,-0.27779999999999916,-0.21920000000000073,0.033333333333333326,10.615994159757244,-0.7850418787523664,-0.6194426919457157,-59.9277,-19.5934,-60,-20,-59.5,-19.5
14,51,1.7,0.14260000000000161,-0.09570000000000078,0.033333333333333215,5.152079677178987,0.8303443013409442,-0.5572506987260035,-62.3974,-25.04245,-63,-26,-62.5,-25.5
15,11,0.3666666666666666,-0.013000000000001677,0.01589999999999847,0.03333333333333327,0.6161404060764047,-0.6329726084409548,0.7741741903237628,-31.990299999999998,-28.768349999999998,-32,-29,-31.5,-28.5
15,51,1.7,0.18290000000000006,0.040699999999997516,0.033333333333333215,5.621210723678669,0.9761242319002025,0.21721299200839694,-29.442149999999998,-27.38425,-30,-28,-29.5,-27.5
15,91,3.033333333333333,-0.04070000000000107,0.01180000000000092,0.033333333333333215,1.2712816367745225,-0.9604480743526981,0.27845914686394163,-29.50255,-26.3237,-30,-27,-29.5,-26.5
15,131,4.366666666666666,0.5045000000000002,0.06119999999999948,0.033333333333333215,15.245954250226575,0.9927223807440675,0.12042539088510681,-25.88245,-25.2693,-26,-26,-25.5,-25.5
15,171,5.7,0.015000000000000568,0.01699999999999946,0.033333333333333215,0.6801470429252796,0.6616216370868723,0.7498378553650696,-22.5392,-24.120600000000003,-23,-25,-22.5,-24.5
15,211,7.033333333333333,-0.1457999999999977,-0.006599999999998829,0.033333333333333215,4.378479188028592,-0.9989769991277125,-0.04522118103046527,-20.0569,-23.0517,-21,-24,-20.5,-23.5
15,251,8.366666666666667,0.12110000000000198,0.05560000000000187,0.033333333333333215,3.9976134130254177,0.908792227923459,0.4172489502274582,-20.392049999999998,-22.305999999999997,-21,-23,-20.5,-22.5
15,291,9.7,0.4012999999999991,0.08869999999999933,0.033333333333333215,12.329575905115322,0.9764326115227734,0.21582250845270257,-17.79205,-21.073549999999997,-18,-22,-17.5,-21.5
15,331,11.033333333333331,-0.5153999999999996,-0.055699999999998084,0.03333333333333144,15.552031539320739,-0.9942109467118658,-0.10744576975523683,-15.5223,-19.762050000000002,-16,-20,-15.5,-19.5
15,371,12.366666666666667,-0.03689999999999927,0.025500000000000966,0.033333333333333215,1.3456128715198916,-0.8226734623529629,0.5685141813008608,-14.09155,-18.53565,-15,-19,-14.5,-18.5
15,411,13.7,0.24080000000000013,0.053599999999999426,0.033333333333333215,7.400799956761458,0.9761106964389841,0.2172738095063495,-10.6977,-17.0905,-11,-18,-10.5,-17.5
15,451,15.033333333333331,-0.3451999999999984,-0.04320000000000057,0.03333333333333144,10.436778813408447,-0.9922601776992604,-0.12417624471787027,-8.4352,-15.9983,-9,-16,-8.5,-15.5
15,491,16.366666666666667,-0.0376000000000003,0.006600000000000605,0.03333333333333499,1.1452458251396933,-0.9849413769854722,0.17288864596023035,-7.0487,-15.200800000000001,-8,-16,-7.5,-15.5
15,531,17.7,0.2934000000000001,0.047699999999998965,0.03333333333333144,8.917564970327327,0.9870407481513891,0.1604698148835045,-5.4224,-14.52145,-6,-15,-5.5,-14.5
15,571,19.03333333333333,-0.07129999999999992,-0.009800000000000253,0.03333333333333144,2.1591102334064662,-0.990685869996263,-0.13616720232768076,-3.41745,-13.928999999999998,-4,-14,-3.5,-13.5
15,614,20.466666666666665,-0.05979999999999963,0.002000000000000668,0.03333333333333144,1.7950030640643289,-0.9994411908902446,0.03342612678563828,-2.0544000000000002,-13.2746,-3,-14,-2.5,-13.5
15,664,22.133333333333333,-0.049499999999999995,-0.02120000000000033,0.03333333333333144,1.6154630915004866,-0.9192410571390867,-0.3936951598252311,0.04635,-12.4548,0,-13,0.5,-12.5
15,704,23.466666666666665,-0.09660000000000046,-0.0038000000000000256,0.03333333333333144,2.9002413692658475,-0.9992271783688692,-0.039307073269168845,-4.8654,-12.4844,-5,-13,-4.5,-12.5
16,5,0.1666666666666666,-0.20420000000000016,-0.0647000000000002,0.0333333333333333,6.426146356876737,-0.9532929472489319,-0.3020472756464546,-49.0307,-4.07155,-50,-5,-49.5,-4.5
16,53,1.7666666666666666,0.06630000000000535,0.02939999999999987,0.033333333333333215,2.175786064851199,0.9141523756087638,0.4053707366952544,-51.60925,-4.762499999999999,-52,-5,-51.5,-4.5
16,93,3.1,-0.35439999999999827,-0.07679999999999998,0.033333333333333215,10.8787793432903,-0.977315530033016,-0.21178846700489834,-53.0218,-3.5736999999999997,-54,-4,-53.5,-3.5
18,3,0.1,-9.99999999891088e-05,0.00030000000000285354,0.03333333333333341,0.009486832980483006,-0.3162277659831339,0.9486832980617484,-65.78444999999999,-35.65445,-66,-36,-65.5,-35.5
18,43,1.4333333333333331,-0.1396000000000015,-0.012399999999999523,0.033333333333333215,4.204489029596878,-0.9960782322225731,-0.08847686303409238,-66.6491,-35.7594,-67,-36,-66.5,-35.5
18,83,2.7666666666666666,0.01300000000000523,0.0005000000000023874,0.033333333333333215,0.39028835493789155,0.9992611746313078,0.038433122101372195,-66.6675,-35.80665,-67,-36,-66.5,-35.5
18,123,4.1,-0.20770000000000266,-0.01829999999999643,0.033333333333333215,6.255138847379901,-0.9961409573841977,-0.08776783591779985,-66.54585,-35.81675,-67,-36,-66.5,-35.5
18,163,5.433333333333334,0.00039999999999906777,0.002300000000005298,0.033333333333333215,0.07003570517972456,0.17134117475047705,0.9852117548198085,-66.79499999999999,-35.81655,-67,-36,-66.5,-35.5
18,203,6.766666666666667,0.23629999999999995,0.015799999999998704,0.033333333333333215,7.104829132357815,0.9977720600928036,0.06671518641330938,-67.15745,-35.8271,-68,-36,-67.5,-35.5
18,243,8.1,0.08190000000000452,-0.007000000000005002,0.033333333333333215,2.4659580288400638,0.9963673230707285,-0.08515960026251158,-66.34015,-35.777,-67,-36,-66.5,-35.5
18,283,9.433333333333334,-0.18940000000000623,0.002600000000001046,0.033333333333333215,5.682535349648285,-0.9999057903532248,0.01372626744941576,-67.2491,-35.6242,-68,-36,-67.5,-35.5
18,323,10.766666666666667,0.25839999999999463,0.04169999999999874,0.03333333333333499,7.85229297721317,0.9872275553771669,0.15931652112704128,-65.5971,-35.03475,-66,-36,-65.5,-35.5
18,381,12.7,0.16620000000000346,-0.005400000000001626,0.033333333333333215,4.9886310747539975,0.9994725858227538,-0.032473838528546226,-65.6666,-33.9264,-66,-34,-65.5,-33.5
18,421,14.033333333333331,-0.07439999999999714,0.007199999999997431,0.03333333333333144,2.2424272563452656,-0.995350013555303,0.09632419486015995,-64.253,-33.1974,-65,-34,-64.5,-33.5
18,461,15.366666666666667,0.011499999999998067,0.011100000000006105,0.033333333333333215,0.4794934827503744,0.7195092580216594,0.6944828490474917,-63.63765,-32.55555,-64,-33,-63.5,-32.5
18,501,16.7,9.999999999621423e-05,-0.0025999999999939405,0.03333333333333144,0.07805767098736455,0.03843312209984099,-0.9992611746313667,-63.63305,-32.439099999999996,-64,-33,-63.5,-32.5
18,541,18.03333333333333,-0.07869999999999777,-0.0020000000000024443,0.03333333333333144,2.3617622657668846,-0.9996772470379995,-0.025404758501632773,-63.82235,-32.4872,-64,-33,-63.5,-32.5
18,581,19.366666666666667,-0.11730000000000018,-0.012000000000000455,0.033333333333338544,3.5373663932360944,-0.9948078906183544,-0.10177062819625479,-62.68925,-32.3831,-63,-33,-62.5,-32.5
18,621,20.7,0.025900000000000034,-0.006800000000005468,0.03333333333333144,0.8033336791148133,0.9672195006889478,-0.25394179940888517,-62.33725,-32.3554,-63,-33,-62.5,-32.5
18,661,22.03333333333333,-0.08449999999999847,-0.008699999999997488,0.03333333333333144,2.5484006749332937,-0.994741535322523,-0.10241717582607819,-63.32315,-32.439350000000005,-64,-33,-63.5,-32.5
18,701,23.366666666666667,-0.023300000000006094,-0.007799999999996032,0.033333333333338544,0.7371275330633295,-0.9482755271603994,-0.3174484597358549,-64.12665,-32.4894,-65,-33,-64.5,-32.5
18,741,24.7,-0.07150000000000034,-0.006199999999999761,0.03333333333333144,2.1530492330647175,-0.9962614728260867,-0.08638910673456603,-64.09105,-32.4851,-65,-33,-64.5,-32.5
18,784,26.133333333333333,0.05079999999999529,-0.024099999999997124,0.03333333333333144,1.686803189468104,0.9034841820998127,-0.4286214328465533,-66.7361,-32.958749999999995,-67,-33,-66.5,-32.5
20,7,0.2333333333333333,-0.5001999999999995,-0.054400000000001114,0.0333333333333333,15.094484423126222,-0.9941379632025952,-0.10811896281132015,49.0278,-18.6169,49,-19,49.5,-18.5
20,47,1.5666666666666669,0.3243000000000009,0.04240000000000066,0.03333333333333344,9.811800293524119,0.9915611517716305,0.12963981756126325,46.66974999999999,-18.6514,46,-19,46.5,-18.5
20,87,2.9,-0.35199999999999676,-0.02949999999999875,0.033333333333333215,10.597019628178419,-0.9965066000179862,-0.0835140474446864,45.1662,-18.69765,45,-19,45.5,-18.5
20,127,4.233333333333333,-0.4410000000000025,-0.04619999999999891,0.033333333333333215,13.302401888381029,-0.9945572319203387,-0.1041917100106991,43.0651,-18.7776,43,-19,43.5,-18.5
20,167,5.566666666666666,0.2652999999999963,0.041100000000000136,0.033333333333333215,8.053941271203726,0.9882118247443318,0.15309274782130697,42.42895,-18.74975,42,-19,42.5,-18.5
20,207,6.9,0.18900000000000006,0.03810000000000002,0.0333333333333341,5.78405990632864,0.9802803034242488,0.1976120611664756,42.3913,-18.48905,42,-19,42.5,-18.5
20,247,8.233333333333333,-0.6193999999999988,-0.0511000000000017,0.033333333333333215,18.645128398592522,-0.9966142148639074,-0.08221986822658615,39.2555,-18.394750000000002,39,-19,39.5,-18.5
20,287,9.566666666666666,0.1413999999999973,0.023900000000001143,0.03333333333333499,4.302168406745315,0.986014399935793,0.16666014256341605,35.722899999999996,-18.22855,35,-19,35.5,-18.5
20,327,10.9,-0.09250000000000114,-0.0024999999999977263,0.033333333333333215,2.776013328498304,-0.9996349698728543,-0.027017161347890076,37.89295,-17.50535,37,-18,37.5,-17.5
20,367,12.233333333333333,-0.1559000000000026,-0.012999999999998124,0.033333333333333215,4.693232255066953,-0.9965413484386302,-0.08309838056254078,36.13545,-17.198,36,-18,36.5,-17.5
20,407,13.566666666666666,0.41840000000000543,0.06400000000000006,0.03333333333333499,12.697996062370947,0.9885024328520584,0.15120496104811418,33.3046,-17.1994,33,-18,33.5,-17.5
20,448,14.933333333333334,0.12139999999999418,0.022400000000001086,0.033333333333333215,3.7034778249638367,0.9833999748696757,0.18145106620331844,34.0351,-16.6314,34,-17,34.5,-16.5
20,488,16.266666666666666,-0.2375000000000007,-0.01770000000000138,0.03333333333333144,7.144759338144718,-0.9972344291516161,-0.07432020798309444,31.82045,-16.41155,31,-17,31.5,-16.5
20,528,17.6,-0.18319999999999936,-0.023699999999998056,0.03333333333333499,5.541799076112075,-0.9917357025248742,-0.12829768640741088,31.4299,-16.08605,31,-17,31.5,-16.5
20,585,19.5,0.7480999999999973,0.10180000000000078,0.03333333333333499,22.649838078890223,0.9908680107040503,0.13483540100210326,28.09905,-16.1862,28,-17,28.5,-16.5
20,625,20.83333333333333,-0.02049999999999841,9.999999999976694e-05,0.033333333333327886,0.6150073170296959,-0.9999881025323756,0.004877990744049379,27.26595,-16.001849999999997,27,-17,27.5,-16.5
20,665,22.166666666666668,0.5914000000000001,0.09090000000000131,0.03333333333333499,17.950350776515997,0.9883929412237752,0.15191903678938526,25.5687,-15.65325,25,-16,25.5,-15.5
20,705,23.5,-0.43710000000000093,-0.046899999999999054,0.03333333333333499,13.188268195634457,-0.994292791553936,-0.10668572849205801,21.95335,-15.589649999999999,21,-16,21.5,-15.5
20,745,24.83333333333333,0.44429999999999836,0.06769999999999854,0.033333333333327886,13.482848437925048,0.9885893223059476,0.1506358251634289,21.16975,-15.22405,21,-16,21.5,-15.5
20,785,26.166666666666668,0.2043999999999997,0.034900000000000375,0.03333333333333499,6.220742158295589,0.9857344741129381,0.16830789210636968,21.0047,-14.82905,21,-15,21.5,-14.5
20,825,27.5,-0.23789999999999978,-0.013300000000000978,0.03333333333333499,7.148144514487298,-0.9984409220511599,-0.055818681224385935,19.705750000000002,-14.39945,19,-15,19.5,-14.5
21,32,1.0666666666666669,0.2527000000000008,0.018800000000000594,0.03333333333333344,7.601950868033813,0.997244014280346,0.07419148186969149,-9.33935,-10.538599999999999,-10,-11,-9.5,-10.5
21,87,2.9,-0.2021999999999995,-0.03530000000000122,0.033333333333333215,6.157746097396365,-0.9851007014668643,-0.17197851019674382,-8.009699999999999,-10.79985,-9,-11,-8.5,-10.5
22,23,0.7666666666666667,-0.004399999999996851,-0.05670000000000108,0.03333333333333344,1.7061140055694013,-0.07736880394217924,-0.9970025417101788,-37.2782,-14.24035,-38,-15,-37.5,-14.5
22,63,2.1,-0.012400000000006628,-0.08550000000000324,0.033333333333333215,2.5918350641969283,-0.14352765156198824,-0.9896463071406372,-38.3612,-16.25685,-39,-17,-38.5,-16.5
22,103,3.433333333333333,0.0036999999999949296,-0.032399999999999096,0.033333333333333215,0.9783174331472992,0.11346010634069494,-0.9935425528225543,-38.94605,-18.197499999999998,-39,-19,-38.5,-18.5
22,143,4.766666666666667,-0.2126000000000019,-0.05089999999999861,0.033333333333333215,6.558247708039161,-0.9725158737419857,-0.23283658501159585,-39.8809,-20.07895,-40,-21,-39.5,-20.5
22,183,6.1,0.1109999999999971,-0.013100000000001444,0.033333333333333215,3.353110347125417,0.9931077880734511,-0.11720461282670255,-40.348600000000005,-21.70185,-41,-22,-40.5,-21.5
22,223,7.433333333333334,0.28470000000000084,-0.02710000000000079,0.033333333333333215,8.57960663433942,0.9955001859660042,-0.09475958918046863,-40.46355,-23.48225,-41,-24,-40.5,-23.5
22,263,8.766666666666667,-0.5411000000000001,-0.09860000000000113,0.03333333333333499,16.500304633550655,-0.9838000182731209,-0.1792694174861039,-41.97805,-25.3268,-42,-26,-41.5,-25.5
22,303,10.1,0.10190000000000055,0.029800000000001603,0.033333333333333215,3.1850408160650403,0.9597993170388313,0.2806871408023411,-43.90985,-27.1681,-44,-28,-43.5,-27.5
22,343,11.433333333333334,0.18880000000000052,-0.024799999999999045,0.033333333333333215,5.712655424581494,0.9914828707553244,-0.13023715675175332,-43.0718,-28.4985,-44,-29,-43.5,-28.5
23,10,0.3333333333333333,-0.13859999999999673,-0.019600000000000506,0.033333333333333326,4.199369952742817,-0.9901485334208544,-0.14002100472618836,62.4077,-14.2342,62,-15,62.5,-14.5
23,50,1.6666666666666667,0.442600000000013,0.05209999999999937,0.03333333333333344,13.369676622865985,0.9931429438832617,0.11690634291982782,65.0764,-14.07865,65,-15,65.5,-14.5
23,90,3.0,-0.3692999999999955,-0.04779999999999873,0.033333333333333215,11.171418755019337,-0.9917272141483455,-0.12836328414917475,63.78765,-14.3437,63,-15,63.5,-14.5
23,130,4.333333333333333,0.2307999999999879,0.031200000000000117,0.033333333333333215,6.9869787462103625,0.9909862691016686,0.1339634817849818,65.2701,-14.336500000000001,65,-15,65.5,-14.5
23,170,5.666666666666667,0.2797999999999945,0.02210000000000001,0.033333333333333215,8.420142813515561,0.9968952054502291,0.07873975711383312,69.0132,-14.14695,69,-15,69.5,-14.5
23,210,7.0,-0.020899999999997476,-0.010899999999999466,0.033333333333333215,0.7071477921904997,-0.8866604787914235,-0.4624210152548904,71.22885,-14.24135,71,-15,71.5,-14.5
23,250,8.333333333333334,-0.11980000000001212,-0.016500000000000625,0.033333333333333215,3.6279279210043196,-0.9906481270458782,-0.13644152000213655,67.5156,-14.94455,67,-15,67.5,-14.5
23,290,9.666666666666666,0.48869999999999436,0.04069999999999929,0.033333333333333215,14.711755911515,0.9965499759634138,0.08299485169165276,69.13365,-14.95235,69,-15,69.5,-14.5
23,330,11.0,-0.6110000000000042,-0.06050000000000111,0.03333333333333144,18.419639654456958,-0.9951334740452372,-0.09853612959040514,72.69919999999999,-14.58925,72,-15,72.5,-14.5
23,370,12.333333333333334,-0.35429999999999495,-0.03140000000000143,0.033333333333333215,10.670660944852369,-0.9960957484201033,-0.08827944256390942,72.87845,-14.4002,72,-15,72.5,-14.5
23,410,13.666666666666666,0.4689999999999941,0.045000000000001705,0.033333333333333215,14.134617080062572,0.9954284520269145,0.09551019262518852,75.526,-13.8811,75,-14,75.5,-13.5
23,450,15.0,0.39449999999999363,0.04680000000000106,0.03333333333333144,11.917988127197129,0.9930367335232306,0.11780511819743726,78.59965,-13.5679,78,-14,78.5,-13.5
23,490,16.333333333333332,-0.2644999999999982,-0.028999999999999915,0.03333333333333144,7.982551283894541,-0.9940430969745121,-0.10898771195561802,78.55945,-13.56,78,-14,78.5,-13.5
23,530,17.666666666666668,0.021399999999999864,0.017599999999999838,0.03333333333333499,0.8312328193712762,0.7723467902597454,0.6352010985313776,79.8618,-13.276900000000001,79,-14,79.5,-13.5
23,570,19.0,0.20489999999999498,0.023999999999999133,0.03333333333333499,6.189023267042571,0.9932100324671896,0.11633499648224634,81.53285,-12.909099999999999,81,-13,81.5,-12.5
23,610,20.33333333333333,-0.22299999999999898,-0.010099999999999554,0.033333333333327886,6.696858143936919,-0.9989759162000369,-0.04524509754986535,83.30619999999999,-12.67025,83,-13,83.5,-12.5
23,650,21.666666666666668,0.2850999999999999,0.021900000000000475,0.03333333333333499,8.57819666363465,0.9970627085594932,0.07658952408787577,83.98805,-12.73975,83,-13,83.5,-12.5
23,690,23.0,0.029799999999994498,0.00730000000000075,0.03333333333333499,0.920433050253863,0.9712819414222662,0.2379314822947846,82.3417,-13.08245,82,-14,82.5,-13.5
24,15,0.5,0.4037000000000006,0.09600000000000009,0.033333333333333326,12.44872366951731,0.9728708196532421,0.23134901829752585,-40.21305,-2.6345,-41,-3,-40.5,-2.5
24,55,1.8333333333333333,-0.1343000000000032,-0.030899999999999928,0.033333333333333215,4.1342677707184,-0.9745377472973895,-0.22422350254272935,-40.001149999999996,-2.77245,-41,-3,-40.5,-2.5
24,95,3.1666666666666665,0.03410000000000224,0.015800000000000036,0.033333333333333215,1.1274772724982742,0.9073353627193729,0.42040758741833384,-41.910650000000004,-3.197,-42,-4,-41.5,-3.5
24,135,4.5,0.08459999999999468,0.020199999999999996,0.033333333333333215,2.6093447453334404,0.9726579841697099,0.23224221371429518,-40.6021,-2.8765,-41,-3,-40.5,-2.5
24,175,5.833333333333333,-0.20339999999999492,-0.0517000000000003,0.033333333333333215,6.296030892554328,-0.969182029779441,-0.2463456781691182,-40.9023,-2.96305,-41,-3,-40.5,-2.5
24,215,7.166666666666667,-0.2597999999999985,-0.05249999999999977,0.033333333333333215,7.951544566937906,-0.98018692272782,-0.1980747245697099,-40.9426,-2.96675,-41,-3,-40.5,-2.5
24,255,8.5,0.375,0.08219999999999983,0.033333333333333215,11.517102760677309,0.9768081638040745,0.2141163495058527,-41.0977,-2.9866,-42,-3,-41.5,-2.5
24,295,9.833333333333334,-0.06689999999999685,-0.01880000000000015,0.033333333333333215,2.0847409911064867,-0.9627095205408166,-0.27053720457650743,-41.86435,-3.1746,-42,-4,-41.5,-3.5
24,335,11.166666666666666,0.020600000000001728,0.004899999999999682,0.033333333333333215,0.6352424733911172,0.9728568631454734,0.23140770045689857,-42.1023,-3.2346500000000002,-43,-4,-42.5,-3.5
24,375,12.5,0.1127000000000038,0.024700000000000166,0.03333333333333144,3.4612486186349196,0.9768151244026316,0.21408459248220366,-41.31845,-3.08385,-42,-4,-41.5,-3.5
24,415,13.833333333333334,0.012700000000002376,-0.016900000000000137,0.033333333333333215,0.634200283822123,0.6007565901798514,-0.7994319979557222,-40.339749999999995,-2.84865,-41,-3,-40.5,-2.5
24,455,15.166666666666666,-0.10379999999999967,-0.04590000000000005,0.033333333333333215,3.404867838844854,-0.9145729430298436,-0.4044209834785164,-40.7287,-3.1484500000000004,-41,-4,-40.5,-3.5
24,511,17.033333333333335,0.06850000000000023,-0.018000000000000238,0.03333333333333499,2.124764692854149,0.9671659204951626,-0.2541457893271985,-39.63545,-3.5122999999999998,-40,-4,-39.5,-3.5
24,551,18.366666666666667,0.019599999999996953,-0.03710000000000013,0.033333333333338544,1.2587744039340036,0.46712103309549424,-0.8841933840737547,-38.0587,-3.77295,-39,-4,-38.5,-3.5
24,591,19.7,0.1383999999999972,0.018200000000000216,0.03333333333333144,4.187746410660668,0.9914640460154137,0.13038038755405426,-36.231700000000004,-3.9217,-37,-4,-36.5,-3.5
25,27,0.9,-0.269200000000005,-0.030400000000000205,0.033333333333333326,8.12733166543623,-0.9936840690709865,-0.11221395133639536,58.039500000000004,-13.3431,58,-14,58.5,-13.5
25,67,2.2333333333333334,0.4256999999999991,0.051000000000000156,0.033333333333333215,12.86232253521892,0.9928999964843948,0.11895207850764482,57.611850000000004,-13.383700000000001,57,-14,57.5,-13.5
25,107,3.566666666666667,-0.1484000000000023,-0.0027999999999988034,0.03333333333333366,4.452792382314745,-0.9998220482235223,-0.018864566947605275,55.272800000000004,-13.511,55,-14,55.5,-13.5
26,23,0.7666666666666667,-0.1512999999999991,-0.013299999999999645,0.03333333333333344,4.55650326456589,-0.996158619109955,-0.08756714893696052,-50.502750000000006,-3.0355499999999997,-51,-4,-50.5,-3.5
27,29,0.9666666666666668,0.11319999999999997,0.03500000000000014,0.03333333333333355,3.5546189669217485,0.9553766610717398,0.295390310402041,0.7421,-12.8564,0,-13,0.5,-12.5
27,72,2.4,-0.13049999999999984,0.005300000000000082,0.033333333333333215,3.918227405345442,-0.9991763098433158,0.04057957426949933,1.40125,-12.156949999999998,1,-13,1.5,-12.5
27,112,3.733333333333333,-0.00019999999999997797,0.017400000000000304,0.03333333333333277,0.5220344816197668,-0.011493493650807627,0.9999339476203911,3.1727999999999996,-11.215399999999999,3,-12,3.5,-11.5
27,152,5.066666666666666,0.015099999999999447,0.043900000000000716,0.033333333333333215,1.3927304118170376,0.32526036349631704,0.9456245004959652,4.42285,-10.13095,4,-11,4.5,-10.5
28,24,0.8,-0.24300000000000033,-0.01150000000000162,0.033333333333333326,7.298159014436462,-0.9988820448526387,-0.04727219553830019,-9.9633,-29.152749999999997,-10,-30,-9.5,-29.5
28,64,2.1333333333333333,0.13989999999999903,0.02360000000000184,0.033333333333333215,4.256298039376467,0.9860681656153082,0.16634173487150286,-12.957550000000001,-29.2455,-13,-30,-12.5,-29.5
28,104,3.466666666666667,-0.1396999999999995,-0.013199999999997658,0.03333333333333366,4.209667088975026,-0.9955656614690576,-0.09406919635926468,-12.95225,-28.8216,-13,-29,-12.5,-28.5
28,144,4.8,0.08819999999999872,0.02930000000000277,0.033333333333333215,2.788181665530422,0.9490055948332898,0.31525922821562835,-13.6643,-28.73935,-14,-29,-13.5,-28.5
28,184,6.133333333333334,0.007199999999999207,-0.00829999999999842,0.0333333333333341,0.32963161256160045,0.6552769569684578,-0.7553887142830227,-13.3205,-28.64705,-14,-29,-13.5,-28.5
28,224,7.466666666666667,0.3102999999999998,0.03529999999999944,0.033333333333333215,9.369042747260815,0.9935913679891852,0.1130318249758869,-12.08035,-28.56065,-13,-29,-12.5,-28.5
28,264,8.8,-0.5508000000000006,-0.02639999999999887,0.033333333333333215,16.54296950368955,-0.998853319309738,-0.047875322494146555,-14.085799999999999,-28.7541,-15,-29,-14.5,-28.5
30,31,1.0333333333333334,0.4128000000000007,0.057000000000000384,0.03333333333333344,12.501502149741832,0.9906009575221907,0.136783562448559,11.2994,-14.796800000000001,11,-15,11.5,-14.5
30,71,2.3666666666666667,0.20289999999999964,0.021800000000000708,0.03333333333333366,6.122032750647382,0.9942775950285878,0.10682726255112841,13.58465,-14.7961,13,-15,13.5,-14.5
30,111,3.7,0.17540000000000155,0.036300000000000665,0.03333333333333366,5.3735058388355705,0.9792489592121225,0.2026609875678471,12.947,-15.13055,12,-16,12.5,-15.5
30,151,5.033333333333333,0.6043000000000003,0.0909999999999993,0.033333333333333215,18.333399602910603,0.9888509710507767,0.14890855264871744,15.62135,-14.8509,15,-15,15.5,-14.5
30,191,6.366666666666666,0.05460000000000065,0.007400000000000517,0.033333333333333215,1.6529754989110061,0.9909402777471009,0.13430326108661123,17.8546,-14.7364,17,-15,17.5,-14.5
30,231,7.7,-0.4969000000000001,-0.06819999999999915,0.033333333333333215,15.046752639689457,-0.9907121062573483,-0.1359761836320191,18.00875,-14.958300000000001,18,-15,18.5,-14.5
30,271,9.033333333333331,0.8116000000000003,0.10850000000000115,0.03333333333333144,24.564611313840675,0.9911819767440312,0.13250769403244023,16.3121,-15.306049999999999,16,-16,16.5,-15.5
30,311,10.366666666666667,-0.12219999999999942,-0.028499999999999304,0.033333333333333215,3.764383216411413,-0.9738647181343014,-0.22712884179072867,20.87,-14.806049999999999,20,-15,20.5,-14.5
30,351,11.7,-0.452499999999997,-0.05689999999999884,0.033333333333333215,13.681903157090346,-0.9921865287407047,-0.12476334471899518,20.73635,-14.95205,20,-15,20.5,-14.5
30,391,13.033333333333331,0.07010000000000005,0.009400000000001185,0.03333333333333144,2.1218230369190874,0.9911288375178084,0.13290458020925203,22.270850000000003,-14.7984,22,-15,22.5,-14.5
30,431,14.366666666666667,0.08539999999999992,0.006199999999999761,0.033333333333333215,2.5687428832018266,0.9973750260308595,0.07240895973525874,25.2909,-14.4847,25,-15,25.5,-14.5
30,471,15.7,-0.22609999999999886,-0.0259999999999998,0.033333333333333215,6.827700125225174,-0.9934531211966914,-0.11424051813849584,25.495150000000002,-14.592,25,-15,25.5,-14.5
30,511,17.033333333333335,0.18769999999999953,0.021999999999998465,0.03333333333333499,5.6695468072850925,0.9932010778646618,0.11641142095376181,26.54155,-14.6517,26,-15,26.5,-14.5
30,551,18.366666666666667,0.3003,0.03500000000000014,0.033333333333338544,9.069982414535007,0.9932764572466327,0.11576648685858237,28.23035,-14.7159,28,-15,28.5,-14.5
30,591,19.7,0.035300000000002996,0.004199999999999093,0.03333333333333144,1.0664694088441133,0.9929961339893856,0.11814684880323414,30.345950000000002,-14.6475,30,-15,30.5,-14.5
30,631,21.03333333333333,0.07239999999999824,-0.006000000000000227,0.03333333333333144,2.179445801115576,0.9965836263917672,-0.08258980329214054,30.331899999999997,-14.8419,30,-15,30.5,-14.5
30,708,23.6,-0.4687000000000019,-0.06510000000000105,0.033333333333338544,14.195982882489636,-0.9904914732844406,-0.13757413038365235,29.90715,-15.31705,29,-16,29.5,-15.5
30,748,24.933333333333334,0.3327999999999989,0.04309999999999903,0.03333333333333499,10.067378258513443,0.9917179769774257,0.12843462983090814,34.208,-14.91775,34,-15,34.5,-14.5
30,788,26.266666666666666,-0.34489999999999554,-0.05860000000000021,0.03333333333333499,10.495283369208584,-0.9858714277649453,-0.16750381463330458,35.85485,-14.7519,35,-15,35.5,-14.5
30,828,27.6,-0.023499999999998522,-0.008999999999998565,0.033333333333338544,0.7549337719295224,-0.9338567516961759,-0.3576472666070115,36.24865,-14.827300000000001,36,-15,36.5,-14.5
30,868,28.933333333333334,0.5668000000000006,0.06479999999999997,0.03333333333333499,17.11476415262482,0.9935281519723042,0.11358614016902824,38.7964,-14.6478,38,-15,38.5,-14.5
30,908,30.266666666666666,-0.1086000000000027,-0.017300000000000537,0.03333333333333499,3.2990794170494686,-0.9875482181977029,-0.15731661302781183,40.320499999999996,-14.49745,40,-15,40.5,-14.5
30,948,31.6,-0.1980000000000004,-0.02490000000000059,0.033333333333338544,5.9867861996223795,-0.9921850892844233,-0.12477479153122563,39.751999999999995,-14.69415,39,-15,39.5,-14.5
30,988,32.93333333333333,0.32330000000000325,0.035800000000000054,0.03333333333333144,9.758282482077096,0.9939249061312448,0.11006035149860273,42.27785,-14.515899999999998,42,-15,42.5,-14.5
30,1028,34.266666666666666,0.020600000000001728,0.0010999999999992127,0.03333333333333144,0.6188804407962059,0.9985773652904814,0.05332209232129374,44.2755,-14.46235,44,-15,44.5,-14.5
30,1081,36.03333333333333,-0.4258999999999986,-0.06820000000000093,0.03333333333333144,12.939777625601534,-0.9874203691662528,-0.1581170912823188,45.29755,-14.538,45,-15,45.5,-14.5
31,15,0.5,0.6255999999999999,0.10609999999999964,0.033333333333333326,19.036000446522372,0.9859213889348626,0.16720949387146514,0.6276,-13.757449999999999,0,-14,0.5,-13.5
31,55,1.8333333333333333,-1.4575000000000005,-0.20610000000000106,0.033333333333333215,44.15999449728244,-0.9901495799029358,-0.14001360440342783,4.63125,-12.67025,4,-13,4.5,-12.5
31,95,3.1666666666666665,-0.19669999999999999,-0.02030000000000065,0.033333333333333215,5.932342033295136,-0.9947167521496217,-0.10265760075565822,0.50345,-12.614550000000001,0,-13,0.5,-12.5
31,135,4.5,0.1791999999999998,0.048199999999999577,0.033333333333333215,5.567072120962699,0.9656781667614458,0.2597415604793601,4.3416,-10.983799999999999,4,-11,4.5,-10.5
32,1,0.0333333333333333,0.0,0.0,0.0333333333333333,0.0,,,-130.7568,-28.6548,-131,-29,-130.5,-28.5
32,57,1.9,-0.004600000000010596,0.010500000000000398,0.033333333333333215,0.3439026024910194,-0.40127640500749645,0.9159570114280798,-130.7745,-28.61405,-131,-29,-130.5,-28.5
32,102,3.4,9.999999997489795e-05,-0.00019999999999953388,0.033333333333333215,0.0067082039321501065,0.44721359541098393,-0.8944271910444029,-130.77955,-28.6023,-131,-29,-130.5,-28.5
32,142,4.733333333333333,0.033799999999985175,0.0113999999999983,0.033333333333333215,1.070121488429735,0.94755596533948,0.31958988180098225,-130.7601,-28.6025,-131,-29,-130.5,-28.5
32,182,6.066666666666666,-0.0007999999999981355,0.0009999999999976694,0.033333333333333215,0.03841874542450769,-0.6246950475544242,0.7808688094430303,-130.78730000000002,-28.5841,-131,-29,-130.5,-28.5
32,223,7.433333333333334,-0.0012000000000114142,0.00269999999999726,0.033333333333333215,0.08863972021622922,-0.4061384660570177,0.9138115486186705,-130.77870000000001,-28.60435,-131,-29,-130.5,-28.5
32,264,8.8,0.03319999999999368,0.0143000000000022,0.033333333333333215,1.0844616175779054,0.9184280788326411,0.39558799781058096,-130.75459999999998,-28.61435,-131,-29,-130.5,-28.5
33,16,0.5333333333333333,0.15559999999999974,0.006000000000000227,0.033333333333333326,4.671469147923374,0.9992573753965767,0.0385317754008978,4.0982,-17.7342,4,-18,4.5,-17.5
33,56,1.8666666666666667,-0.09649999999999981,-0.014200000000002433,0.03333333333333344,2.9261751485514287,-0.9893461098639716,-0.145582536373791,6.032450000000001,-17.5227,6,-18,6.5,-17.5
33,96,3.2,0.1781000000000006,0.023399999999998755,0.03333333333333366,5.388919464976218,0.9914789105172767,0.1302673021117516,5.16045,-17.643900000000002,5,-18,5.5,-17.5
33,140,4.666666666666667,-0.32230000000000025,-0.04129999999999967,0.033333333333333215,9.748060422463578,-0.9918896253165043,-0.12710220764992636,7.78515,-17.32335,7,-18,7.5,-17.5
33,188,6.266666666666667,0.1191999999999993,0.018899999999998585,0.033333333333333215,3.6206718989712248,0.9876619864440283,0.15660076798482253,9.9847,-17.167749999999998,9,-18,9.5,-17.5
33,228,7.6,-0.0031999999999996476,-0.01150000000000162,0.033333333333333215,0.358107525751739,-0.2680759076438471,-0.9633977930953173,13.3949,-16.78335,13,-17,13.5,-16.5
33,268,8.933333333333334,0.07110000000000127,-0.0070000000000014495,0.033333333333333215,2.1433126230207797,0.995188465317673,-0.09797917380063331,8.92305,-17.606299999999997,8,-18,8.5,-17.5
33,308,10.266666666666667,0.4037000000000006,0.051499999999997215,0.03333333333333499,12.209150093269612,0.9919609397443396,0.12654443496861692,14.30845,-17.02835,14,-18,14.5,-17.5
33,348,11.6,-0.33759999999999835,-0.06729999999999947,0.033333333333333215,10.327281588104377,-0.9807033839056024,-0.19550159282241364,16.670099999999998,-16.73375,16,-17,16.5,-16.5
33,392,13.066666666666666,0.2286999999999999,0.02979999999999805,0.03333333333333499,6.918999710940526,0.9916173271623122,0.12920942872512017,17.444450000000003,-16.798099999999998,17,-17,17.5,-16.5
33,446,14.866666666666667,0.32479999999999976,0.047100000000000364,0.033333333333333215,9.84591818978812,0.9896486861028564,0.14351124727661618,20.6284,-16.58515,20,-17,20.5,-16.5
33,493,16.433333333333334,0.13279999999999959,0.017500000000001847,0.03333333333333499,4.018442608772502,0.9914288663231069,0.13064762922180917,21.7046,-16.806150000000002,21,-17,21.5,-16.5
33,536,17.866666666666667,-0.03640000000000043,-0.03229999999999933,0.03333333333333499,1.4599400672629606,-0.7479759097558013,-0.6637258759646042,24.187,-16.87625,24,-17,24.5,-16.5
34,37,1.2333333333333334,-0.1546000000000003,-0.010099999999999554,0.03333333333333344,4.647886939244536,-0.9978728098652613,-0.06519091448666672,-10.300799999999999,-14.53315,-11,-15,-10.5,-14.5
34,77,2.566666666666667,-0.28359999999999985,-0.043900000000000716,0.03333333333333366,8.609329416394667,-0.9882302777029539,-0.15297358671072075,-12.5155,-14.84835,-13,-15,-12.5,-14.5
34,117,3.9,0.22090000000000032,0.028700000000000614,0.0333333333333341,6.682697808520006,0.9916653707655105,0.1288401817155759,-13.14375,-14.53105,-14,-15,-13.5,-14.5
34,157,5.233333333333333,-0.26060000000000016,-0.02940000000000076,0.033333333333333215,7.867594804004624,-0.993696319492795,-0.11210541747156143,-14.2109,-14.3173,-15,-15,-14.5,-14.5
34,197,6.566666666666666,-0.38409999999999833,-0.04420000000000002,0.033333333333333215,11.599043279512316,-0.9934440041579428,-0.11431977345426003,-16.09205,-14.2757,-17,-15,-16.5,-14.5
34,237,7.9,0.2765999999999984,0.052799999999999514,0.0333333333333341,8.447831674459184,0.982263889689893,0.18750373599286396,-17.6353,-14.2411,-18,-15,-17.5,-14.5
34,277,9.233333333333333,0.062000000000001165,-0.0020999999999986585,0.033333333333333215,1.861066629650897,0.9994268718626933,-0.03385155533726251,-17.947499999999998,-14.14785,-18,-15,-17.5,-14.5
34,317,10.566666666666666,-0.09619999999999962,-0.016199999999999548,0.03333333333333499,2.9266349276941033,-0.9861154777762888,-0.1660610264030717,-20.6924,-14.4286,-21,-15,-20.5,-14.5
34,357,11.9,-0.1758000000000024,-0.02200000000000024,0.033333333333333215,5.315136498717693,-0.9922605000403044,-0.12417366894702297,-21.6465,-14.486699999999999,-22,-15,-21.5,-14.5
34,397,13.233333333333333,-0.14390000000000214,-9.999999999976694e-05,0.033333333333333215,4.317001042390503,-0.9999997585382971,-0.0006949268648616759,-22.87135,-14.50705,-23,-15,-22.5,-14.5
34,437,14.566666666666666,-0.23409999999999798,-0.058699999999999974,0.03333333333333499,7.240417805623784,-0.9699716492250874,-0.24321800858399445,-24.88475,-14.655550000000002,-25,-15,-24.5,-14.5
34,477,15.9,0.10290000000000177,0.04049999999999976,0.033333333333333215,3.317498153729763,0.9305204877143467,0.36623984210330585,-26.01665,-14.641950000000001,-27,-15,-26.5,-14.5
34,517,17.233333333333334,-0.20009999999999906,-0.03480000000000061,0.03333333333333499,6.09310635062248,-0.9852117548196739,-0.17134117475125143,-26.47845,-14.5886,-27,-15,-26.5,-14.5
34,557,18.566666666666663,0.15570000000000306,0.01810000000000045,0.03333333333333144,4.70245574141888,0.9933107841629507,0.11547158120327232,-28.46115,-14.82645,-29,-15,-28.5,-14.5
34,597,19.9,-0.26219999999999644,-0.03560000000000052,0.03333333333333144,7.9381723337305745,-0.9909081926297364,-0.1345397851167796,-31.9536,-15.1344,-32,-16,-31.5,-15.5
34,654,21.8,0.26300000000000523,0.04520000000000124,0.03333333333333499,8.005675236980089,0.9855508456743294,0.16937984115771873,-33.0428,-14.901,-34,-15,-33.5,-14.5
34,699,23.3,-0.09819999999999851,0.017300000000000537,0.03333333333333499,2.9913670787783406,-0.9848339981072937,0.17349926850567177,-34.6348,-14.55135,-35,-15,-34.5,-14.5
34,739,24.633333333333333,-0.21710000000000207,-0.000600000000000378,0.03333333333333144,6.513024873283199,-0.9999961809937393,-0.0027636928079070285,-35.36595,-13.8936,-36,-14,-35.5,-13.5
34,779,25.966666666666665,0.16130000000000422,0.08910000000000018,0.03333333333333144,5.528186863701762,0.8753322055325984,0.4835220056599667,-36.518550000000005,-13.258949999999999,-37,-14,-36.5,-13.5
34,825,27.5,-0.13750000000000284,-0.002100000000000435,0.03333333333333499,4.125481062857884,-0.9998833923000314,-0.015270946355130599,-37.23635,-12.59665,-38,-13,-37.5,-12.5
34,865,28.83333333333333,0.1676999999999964,0.043699999999999406,0.033333333333327886,5.199007789954512,0.9676846435432505,0.25216349983804637,-39.12115,-12.61225,-40,-13,-39.5,-12.5
34,905,30.166666666666668,-0.039400000000000546,-0.006000000000000227,0.03333333333333499,1.1956270321466889,-0.9886026061804035,-0.15054862023052193,-38.8523,-12.2241,-39,-13,-38.5,-12.5
34,945,31.5,-0.35130000000000194,-0.04440000000000133,0.03333333333333499,10.622840721765064,-0.9921075045779657,-0.12539018845221392,-41.31885,-12.476700000000001,-42,-13,-41.5,-12.5
34,985,32.833333333333336,0.015600000000006276,0.024100000000000676,0.033333333333338544,0.861250834542396,0.5433956998703812,0.8394766901840567,-42.9407,-12.75325,-43,-13,-42.5,-12.5
34,1025,34.166666666666664,0.208599999999997,0.03880000000000017,0.03333333333333144,6.365332670018394,0.9831379323623288,0.18286554063115568,-44.519800000000004,-12.965399999999999,-45,-13,-44.5,-12.5
36,4,0.1333333333333333,-0.1203000000000003,-0.009199999999999875,0.0333333333333333,3.619538230216679,-0.9970885152894116,-0.07625282078688644,76.54185000000001,-11.9312,76,-12,76.5,-11.5
36,44,1.4666666666666666,-0.20430000000000348,-0.022199999999999775,0.03333333333333344,6.165078831612864,-0.994147871811829,-0.10802781573285367,72.20384999999999,-12.4591,72,-13,72.5,-12.5
36,84,2.8,0.018799999999998818,0.015900000000000247,0.033333333333333215,0.7386643351346882,0.7635403161804566,0.6457601610250112,71.1356,-12.324449999999999,71,-13,71.5,-12.5
36,124,4.133333333333334,-0.6092999999999904,-0.07269999999999932,0.0333333333333341,18.40865562717641,-0.9929568117410099,-0.1184768754530968,69.81205,-12.312249999999999,69,-13,69.5,-12.5
36,167,5.566666666666666,0.23040000000000305,0.024399999999999977,0.033333333333333215,6.950652343485582,0.9944390336941982,0.10531385599886324,69.0389,-12.3215,69,-13,69.5,-12.5
36,207,6.9,0.7094000000000023,0.09839999999999982,0.0333333333333341,21.485758725257565,0.9905165683063145,0.1373933328465476,68.45500000000001,-12.2775,68,-13,68.5,-12.5
36,263,8.766666666666667,-1.0562999999999931,-0.13710000000000022,0.03333333333333499,31.954803864206166,-0.991681880904746,-0.12871304162836483,64.81345,-12.58595,64,-13,64.5,-12.5
36,303,10.1,0.1822000000000017,0.04420000000000002,0.033333333333333215,5.624538381058554,0.9718130857471994,0.23575268051605833,61.3231,-12.8021,61,-13,61.5,-12.5
36,352,11.733333333333333,0.19180000000000064,0.03759999999999941,0.033333333333333215,5.863522831881907,0.9813213259294641,0.19237581780472968,62.5682,-12.455200000000001,62,-13,62.5,-12.5
36,392,13.066666666666666,0.3432999999999993,0.04049999999999976,0.03333333333333499,10.370420724348113,0.9931130350207527,0.11716014540734147,61.28605,-12.50815,61,-13,61.5,-12.5
36,439,14.633333333333333,-0.11059999999999803,-0.013099999999999667,0.033333333333333215,3.341193349688054,-0.9930583635064798,-0.11762264522545016,60.2753,-12.443249999999999,60,-13,60.5,-12.5
37,9,0.3,-0.35439999999999827,-0.03450000000000131,0.03333333333333338,10.68225860948885,-0.9952951326750064,-0.09688962211424715,82.5373,-14.09765,82,-15,82.5,-14.5
37,49,1.6333333333333333,1.0467000000000013,0.12150000000000105,0.033333333333333215,31.611846292173603,0.993330149393215,0.11530487546696905,84.37565000000001,-13.88345,84,-14,84.5,-13.5
37,89,2.966666666666667,-0.32049999999999557,-0.055600000000000094,0.03333333333333366,9.758608968495233,-0.98528386894494,-0.17092600035363342,83.43854999999999,-14.031600000000001,83,-15,83.5,-14.5
37,129,4.3,0.267399999999995,0.023200000000000998,0.033333333333333215,8.05213636248158,0.9962573457371984,0.08643668818662839,84.1308,-14.027899999999999,84,-15,84.5,-14.5
37,169,5.633333333333334,-0.22030000000000882,-0.040300000000000225,0.0333333333333341,6.7186726367640075,-0.9836764428491759,-0.1799462580427618,87.79585,-13.756450000000001,87,-14,87.5,-13.5
37,209,6.966666666666667,0.2686999999999955,0.03950000000000031,0.033333333333333215,8.147634380603877,0.9893669282939077,0.14544098871458996,89.53255,-13.74225,89,-14,89.5,-13.5
37,249,8.3,-0.6866999999999877,-0.0708000000000002,0.033333333333333215,20.710204658573215,-0.9947270120998873,-0.1025581366778411,86.25534999999999,-14.3809,86,-15,86.5,-14.5
37,289,9.633333333333333,0.5794999999999959,0.06310000000000038,0.033333333333333215,17.48775783226649,0.994124013309645,0.10824715313173325,86.04465,-14.614550000000001,86,-15,86.5,-14.5
40,11,0.3666666666666666,0.07839999999999492,-0.035599999999998744,0.03333333333333327,2.583123690418101,0.9105255039564755,-0.4134529074088199,-41.123400000000004,-18.845399999999998,-42,-19,-41.5,-18.5
40,51,1.7,0.15269999999999584,-0.0257000000000005,0.033333333333333215,4.64542807500009,0.9861308637309605,-0.1659696345637647,-41.22945,-20.65065,-42,-21,-41.5,-20.5
40,97,3.2333333333333334,0.03810000000000002,-0.041499999999999204,0.033333333333333215,1.6901106472654275,0.6762870832447336,-0.7366381615395247,-43.62965,-23.22335,-44,-24,-43.5,-23.5
40,140,4.666666666666667,-0.11529999999999774,-0.0724000000000018,0.033333333333333215,4.084392855737543,-0.8468822961388058,-0.5317803836986319,-44.059650000000005,-25.3275,-45,-26,-44.5,-25.5
40,181,6.033333333333333,-0.013100000000001444,-0.04240000000000066,0.033333333333333215,1.3313275329535166,-0.2951940752912877,-0.955437312393085,-45.57415,-27.5806,-46,-28,-45.5,-27.5
40,222,7.4,0.10170000000000101,-0.05209999999999937,0.0333333333333341,3.428056300587781,0.8900087199492114,-0.4559435035334601,-45.41215,-29.48935,-46,-30,-45.5,-29.5
41,36,1.2,0.06550000000000011,0.025299999999999656,0.033333333333333215,2.106491395662472,0.9328307744556612,0.3603147876905018,80.23495,-12.911950000000001,80,-13,80.5,-12.5
41,76,2.533333333333333,-0.45879999999999654,-0.05620000000000047,0.033333333333333215,13.86687751442258,-0.9925810612868229,-0.12158468972170954,77.9327,-13.126,77,-14,77.5,-13.5
41,116,3.866666666666666,0.41669999999999163,0.05090000000000039,0.03333333333333233,12.593916388479133,0.9926221212200513,0.1212490184067723,77.35025,-13.21125,77,-14,77.5,-13.5
45,20,0.6666666666666666,0.005500000000012051,0.004699999999999704,0.033333333333333326,0.21703916697250022,0.7602314471713199,0.6496523275813,-66.36555,-35.09225,-67,-36,-66.5,-35.5
45,60,2.0,-0.179300000000012,-0.01960000000000406,0.03333333333333366,5.41104287545418,-0.9940782440295887,-0.10866666805902213,-66.95335,-35.1302,-67,-36,-66.5,-35.5
45,100,3.333333333333333,0.01629999999998688,0.005699999999997374,0.033333333333333215,0.5180366782377384,0.9439486054599312,0.3300924571241386,-66.87434999999999,-35.075050000000005,-67,-36,-66.5,-35.5
45,140,4.666666666666667,-0.1238000000000028,-0.023200000000002774,0.033333333333333215,3.7786521406449736,-0.9828901581202866,-0.18419266291108932,-66.614,-35.0715,-67,-36,-66.5,-35.5
47,32,1.0666666666666669,0.2487999999999957,0.09809999999999874,0.06666666666666687,4.011625138269946,0.9302962942368506,0.3668089488128434,-52.7208,-8.25685,-53,-9,-52.5,-8.5
47,148,4.933333333333334,0.2004000000000019,0.049300000000000566,0.033333333333333215,6.191250681405252,0.9710477429150892,0.23888549763330336,-55.0372,-8.75205,-56,-9,-55.5,-8.5
68,37,1.2333333333333334,-0.15169999999999995,-0.024499999999999744,0.03333333333333344,4.609970281899856,-0.987208099338209,-0.15943703647848304,-9.838349999999998,-13.56535,-10,-14,-9.5,-13.5
68,77,2.566666666666667,-0.4924999999999997,-0.07200000000000095,0.03333333333333366,14.932053609600908,-0.9894821158758712,-0.14465525348845423,-12.19055,-13.729,-13,-14,-12.5,-13.5
68,117,3.9,0.23049999999999926,0.0389999999999997,0.0333333333333341,7.013282041954209,0.9859862983740769,0.16682631512619883,-13.07335,-13.6415,-14,-14,-13.5,-13.5
68,157,5.233333333333333,-0.18810000000000038,-0.021699999999999164,0.033333333333333215,5.680426920575629,-0.9934112486440008,-0.1146040621774266,-14.22055,-13.57755,-15,-14,-14.5,-13.5
68,197,6.566666666666666,-0.35330000000000084,-0.05109999999999992,0.033333333333333215,10.709289892425236,-0.989701474744541,-0.14314674599333668,-15.60445,-13.46865,-16,-14,-15.5,-13.5
68,237,7.9,0.2759999999999998,0.045499999999998764,0.0333333333333341,8.391759350696168,0.9866822502855622,0.16265957386953586,-17.600700000000003,-13.61025,-18,-14,-17.5,-13.5
68,277,9.233333333333333,0.0832000000000015,0.016899999999999693,0.033333333333333215,2.54697173129194,0.9799873195820549,0.1990599242900977,-17.9197,-13.48235,-18,-14,-17.5,-13.5
68,317,10.566666666666666,-0.192499999999999,-0.030700000000001282,0.03333333333333499,5.847979651127074,-0.9875205360686703,-0.15749028808992,-20.33345,-13.77545,-21,-14,-20.5,-13.5
68,357,11.9,0.1902000000000008,-0.00140000000000029,0.033333333333333215,5.706154572038907,0.9999729113474038,-0.007360473585103309,-21.5895,-13.8431,-22,-14,-21.5,-13.5
68,397,13.233333333333333,-0.015100000000000335,0.022800000000000153,0.033333333333333215,0.8204053875981191,-0.5521660472345857,0.8337341640363152,-22.64685,-13.7883,-23,-14,-22.5,-13.5
68,437,14.566666666666666,-0.21259999999999835,-0.022299999999999542,0.03333333333333499,6.412990332130187,-0.9945438351972485,-0.1043195085837176,-24.339399999999998,-13.79525,-25,-14,-24.5,-13.5
68,477,15.9,0.019499999999997186,0.0035000000000007248,0.033333333333333215,0.5943483826846915,0.9842712069938732,0.17666406279383418,-25.704250000000002,-13.854849999999999,-26,-14,-25.5,-13.5
68,517,17.233333333333334,0.0016999999999995907,-0.011100000000000776,0.03333333333333499,0.33688276892711944,0.1513879744054776,-0.9884744211184255,-26.47355,-13.95785,-27,-14,-26.5,-13.5
68,557,18.566666666666663,-0.01320000000000121,0.01980000000000004,0.03333333333333144,0.7138991525419316,-0.5547001962252636,0.8320502943378207,-28.883699999999997,-14.2109,-29,-15,-28.5,-14.5
68,597,19.9,-0.14910000000000068,-0.018299999999999983,0.03333333333333144,4.506565210889829,-0.9925519305016498,-0.12182226913601671,-31.87205,-14.47975,-32,-15,-31.5,-14.5
68,642,21.4,-0.06210000000000093,0.04300000000000104,0.03333333333333144,2.2660249336670524,-0.8221445282092669,0.5692788198550531,-33.67355,-14.476099999999999,-34,-15,-33.5,-14.5
74,46,1.5333333333333334,-0.00730000000000075,-0.014699999999999491,0.03333333333333344,0.4923839964905387,-0.4447748130746365,-0.8956424318077066,83.02875,-13.43795,83,-14,83.5,-13.5
74,86,2.8666666666666667,-0.09100000000000819,-0.014999999999998792,0.03333333333333366,2.7668393520407286,-0.9866854026008637,-0.16264045097813662,84.4246,-13.367,84,-14,84.5,-13.5
74,126,4.2,-0.3627999999999929,-0.0517000000000003,0.033333333333333215,10.993955475623697,-0.9899985518526367,-0.14107752241119795,84.6169,-13.47305,84,-14,84.5,-13.5
94,44,1.4666666666666666,-0.036599999999999966,0.03439999999999799,0.03333333333333344,1.5068603120395265,-0.7286674094653531,0.6848677291149373,-63.8801,-33.070499999999996,-64,-34,-63.5,-33.5
94,93,3.1,0.0660000000000025,0.04790000000000205,0.033333333333333215,2.4465013795214823,0.8093189795737435,0.5873693806300381,-59.4593,-30.75145,-60,-31,-59.5,-30.5
116,33,1.1,0.8902000000000001,0.07730000000000103,0.033333333333333215,26.806495425549482,0.9962510793017127,0.08650888388005326,-10.8274,-29.81755,-11,-30,-10.5,-29.5
116,73,2.433333333333333,-0.022199999999999775,0.024100000000000676,0.033333333333333215,0.9829979654099125,-0.6775192049581426,0.7355050828599936,-12.3335,-29.571150000000003,-13,-30,-12.5,-29.5
116,128,4.266666666666667,-0.0782999999999987,-0.0002999999999993008,0.033333333333333215,2.3490172413160053,-0.9999926602003032,-0.0038313895026742878,-14.16765,-29.21635,-15,-30,-14.5,-29.5
122,75,2.5,-0.24490000000000123,-0.0965000000000007,0.033333333333333215,7.8967989717353895,-0.9303769826605446,-0.36660424184051754,-54.52115,-11.107050000000001,-55,-12,-54.5,-11.5
122,115,3.8333333333333335,0.12529999999999575,-0.022599999999998843,0.03333333333333366,3.819655089140734,0.9841202706198944,-0.17750293787716862,-55.05525,-13.0293,-56,-14,-55.5,-13.5
122,169,5.633333333333334,0.012399999999999523,-0.06909999999999883,0.0333333333333341,2.106113244818435,0.17662867887811354,-0.9842775572966055,-55.0402,-15.71805,-56,-16,-55.5,-15.5
122,215,7.166666666666667,-0.2558000000000007,-0.1106999999999978,0.033333333333333215,8.361777143645982,-0.9177474917316388,-0.3971643758197425,-55.668000000000006,-18.01245,-56,-19,-55.5,-18.5
122,255,8.5,0.32100000000000506,-0.01899999999999835,0.033333333333333215,9.646854409599198,0.998252859545362,-0.05908661785470384,-55.923500000000004,-19.9145,-56,-20,-55.5,-19.5
122,299,9.966666666666669,-0.06220000000000425,-0.025800000000000267,0.03333333333333499,2.0201564295866006,-0.9236908452588932,-0.38313864642569234,-56.8716,-22.1548,-57,-23,-56.5,-22.5
122,339,11.3,0.1671000000000049,-0.02710000000000079,0.033333333333333215,5.078497612483607,0.987102954952181,-0.16008671501618252,-56.03445,-23.928849999999997,-57,-24,-56.5,-23.5
122,392,13.066666666666666,0.010400000000004184,0.025200000000001666,0.03333333333333499,0.8178508421467128,0.38148765510978205,0.9243739335349304,-55.8497,-24.0873,-56,-25,-55.5,-24.5
122,432,14.4,0.04529999999999745,0.0006000000000021544,0.033333333333333215,1.3591192000703278,0.9999122960882362,0.013243871471415666,-53.50135,-23.255499999999998,-54,-24,-53.5,-23.5
122,472,15.733333333333333,-0.2336000000000027,-0.030100000000000904,0.033333333333333215,7.065937517414199,-0.9918004486635631,-0.12779620507180564,-53.006699999999995,-22.63725,-54,-23,-53.5,-22.5
122,512,17.066666666666666,0.17680000000000007,0.036999999999999034,0.03333333333333144,5.418903579138799,0.9787957882142724,0.2048384850900855,-52.5554,-22.1007,-53,-23,-52.5,-22.5
122,552,18.4,0.041600000000002524,0.00969999999999871,0.03333333333333144,1.2814776627005067,0.9738757344940284,0.22708160155265014,-52.2699,-21.517249999999997,-53,-22,-52.5,-21.5
122,592,19.73333333333333,-0.038800000000001944,-0.00980000000000203,0.03333333333333144,1.2005548717157144,-0.9695516859938693,-0.24488676605003637,-52.1807,-21.6319,-53,-22,-52.5,-21.5
122,632,21.066666666666663,0.0005000000000023874,-0.005200000000002092,0.03333333333333144,0.15671949463938595,0.09571240664467248,-0.9954090291002413,-52.68625,-21.8232,-53,-22,-52.5,-21.5
122,672,22.4,-0.03820000000000334,-0.009500000000002728,0.03333333333333144,1.180906854921435,-0.9704406365533446,-0.24133994888111554,-52.8095,-21.75545,-53,-22,-52.5,-21.5
122,712,23.73333333333333,0.2722000000000051,0.03219999999999956,0.03333333333333144,8.222938161023112,0.993075691449027,0.11747625740138734,-54.224199999999996,-21.9315,-55,-22,-54.5,-21.5
122,752,25.066666666666663,0.021599999999999397,0.006799999999998363,0.03333333333333144,0.6793526330264784,0.9538492507392142,0.30028587523265166,-52.368399999999994,-21.7651,-53,-22,-52.5,-21.5
122,792,26.4,-0.22690000000000055,-0.021500000000003183,0.03333333333333144,6.837490329061216,-0.9955407133914003,-0.09433285737293179,-53.09495,-21.73545,-54,-22,-53.5,-21.5
122,832,27.73333333333333,-0.05819999999999936,-0.02289999999999992,0.03333333333333144,1.8762955524118075,-0.930557021123754,-0.36614700659336985,-51.3887,-21.43005,-52,-22,-51.5,-21.5
122,872,29.066666666666663,0.0694999999999979,0.013400000000000745,0.03333333333333144,2.123400339078872,0.9819156386235323,0.18931898643966133,-48.789550000000006,-20.983600000000003,-49,-21,-48.5,-20.5
122,912,30.4,-0.148299999999999,0.004400000000000404,0.03333333333333144,4.450957762100421,-0.9995601481288211,0.029656538447520205,-48.005250000000004,-20.5231,-49,-21,-48.5,-20.5
122,952,31.73333333333333,0.24639999999999418,0.06820000000000093,0.03333333333333144,7.66992698791874,0.9637640634185606,0.2667561246962186,-46.302,-19.8059,-47,-20,-46.5,-19.5
122,992,33.06666666666667,0.0472999999999999,0.013999999999999346,0.033333333333338544,1.4798516817570908,0.9588798779584019,0.28381222603418665,-44.244550000000004,-18.863100000000003,-45,-19,-44.5,-18.5
122,1032,34.4,0.008699999999997488,0.004799999999999471,0.03333333333333144,0.2980889129101688,0.8755776840267576,0.48307734291140086,-43.228049999999996,-18.199399999999997,-44,-19,-43.5,-18.5
122,1072,35.733333333333334,0.09300000000000352,0.004299999999997084,0.03333333333333144,2.7929806658839325,0.9989328011038254,0.04618721553487499,-42.1192,-17.39945,-43,-18,-42.5,-17.5
122,1112,37.06666666666667,0.027000000000001023,0.0045000000000001705,0.033333333333338544,0.8211729415901624,0.9863939238321437,0.1643989873053573,-40.4744,-16.94345,-41,-17,-40.5,-16.5
122,1152,38.4,0.16400000000000148,0.033799999999999386,0.03333333333333144,5.023404821433693,0.9794153915304288,0.20185512337638775,-39.3031,-16.3476,-40,-17,-39.5,-16.5
122,1192,39.73333333333333,0.13300000000000267,0.047900000000000276,0.03333333333332433,4.240880686839748,0.9408423142822383,0.33884471318886145,-37.828900000000004,-15.096150000000002,-38,-16,-37.5,-15.5
129,64,2.1333333333333333,-0.11420000000000385,-0.056100000000000705,0.033333333333333215,3.817062352123812,-0.8975488697725629,-0.44091498769036525,-52.452600000000004,-5.78465,-53,-6,-52.5,-5.5
129,104,3.466666666666667,-0.11820000000000164,-0.0528000000000004,0.03333333333333366,3.883705962093435,-0.9130454351102866,-0.40785785933860264,-53.8502,-6.6775,-54,-7,-53.5,-6.5
129,144,4.8,0.07609999999999673,0.05120000000000147,0.033333333333333215,2.7516149803342294,0.8296945671238501,0.5582176325459155,-55.46085,-8.1143,-56,-9,-55.5,-8.5
148,70,2.333333333333333,0.0010000000000047748,0.001900000000000901,0.033333333333333215,0.06441273166084252,0.46574643283419087,0.8849182223811569,80.2748,-12.456150000000001,80,-13,80.5,-12.5
148,110,3.6666666666666665,0.2886999999999915,0.028999999999999915,0.03333333333333366,8.70458620498379,0.9949927309629981,0.099947312774256,76.31875,-12.9194,76,-13,76.5,-12.5
148,173,5.766666666666667,-0.32629999999998915,-0.038899999999999935,0.033333333333333215,9.858316793448784,-0.9929686989268657,-0.1183772062159249,77.73655,-12.56185,77,-13,77.5,-12.5
148,231,7.7,-0.7286000000000001,-0.07709999999999972,0.033333333333333215,21.98003942216673,-0.994447715956161,-0.10523184037911025,75.6102,-12.685649999999999,75,-13,75.5,-12.5
161,118,3.933333333333333,0.20170000000000243,0.013600000000000279,0.033333333333333215,6.064739483275531,0.997734530343253,0.06727411805983319,56.36425,-12.7074,56,-13,56.5,-12.5
166,117,3.9,0.08319999999999794,0.045999999999999375,0.0333333333333341,2.8520897601582007,0.875147772299225,0.4838557394923654,-59.409000000000006,-32.1455,-60,-33,-59.5,-32.5
166,179,5.966666666666667,-0.09759999999999991,0.0036999999999984823,0.033333333333333215,2.930103240501951,-0.9992821957694626,0.03788262422485142,-58.6581,-30.161450000000002,-59,-31,-58.5,-30.5
166,219,7.3,0.13300000000000267,0.04299999999999926,0.033333333333333215,4.193351881252122,0.9515061251689407,0.3076297998666385,-57.598299999999995,-28.9083,-58,-29,-57.5,-28.5
166,259,8.633333333333333,-0.10649999999999693,0.006399999999999295,0.033333333333333215,3.20076381509156,-0.9981992376118275,0.05998568188464955,-57.19045,-27.7682,-58,-28,-57.5,-27.5
166,299,9.966666666666669,-0.05109999999999815,0.013399999999997192,0.03333333333333499,1.584832167770301,-0.9672948537867226,0.25365461919256044,-58.75935,-26.8292,-59,-27,-58.5,-26.5
166,339,11.3,0.35649999999999693,0.08310000000000173,0.033333333333333215,10.981715439766193,0.9738915617201286,0.22701371326492306,-57.24675,-25.56135,-58,-26,-57.5,-25.5
172,189,6.3,0.007900000000006457,-0.01810000000000045,1.2999999999999998,0.015191480016404834,0.4000217931607555,-0.9165056273675868,-130.43295,-29.40115,-131,-30,-130.5,-29.5
182,128,4.266666666666667,-0.08780000000001564,-0.0030000000000001137,0.033333333333333215,2.635537136904453,-0.9994167652269246,-0.03414863662506097,131.8149,41.8705,131,41,131.5,41.5
188,169,5.633333333333334,0.15390000000000015,0.03399999999999892,0.0333333333333341,4.728328351542324,0.9764550295018932,0.2157210591492091,-45.094849999999994,-33.5437,-46,-34,-45.5,-33.5
191,144,4.8,-0.35599999999999454,-0.0893999999999977,0.033333333333333215,11.011608601834565,-0.9698855440812304,-0.24356114505859858,130.7477,41.7579,130,41,130.5,41.5
191,196,6.533333333333333,-0.6282999999999959,-0.1576999999999984,0.033333333333333215,19.433660540412802,-0.9699150585039272,-0.24344358543063627,132.09365000000003,42.660849999999996,132,42,132.5,42.5
194,158,5.266666666666667,-0.3517999999999972,-0.02230000000000132,0.033333333333333215,10.575182126091214,-0.9979969965681255,-0.06326132184045108,-56.3921,-35.63705,-57,-36,-56.5,-35.5
194,198,6.6,-0.19909999999999428,0.005000000000002558,0.033333333333333215,5.974883178774145,-0.9996848174737566,0.025105093356963756,-55.813050000000004,-35.002399999999994,-56,-36,-55.5,-35.5
194,238,7.933333333333334,0.2383000000000024,0.029000000000003467,0.033333333333333215,7.201742914045292,0.9926763681132893,0.1208040901187098,-54.33825,-34.112899999999996,-55,-35,-54.5,-34.5
194,278,9.266666666666667,0.028900000000000148,0.006799999999998363,0.03333333333333499,0.8906767090251708,0.9734171683335885,0.22903933372549393,-52.109350000000006,-33.1349,-53,-34,-52.5,-33.5
196,186,6.2,0.127900000000011,0.010599999999996612,0.033333333333333215,3.8501549319478787,0.9965832720552678,0.08259407884113802,-66.89385,-34.9902,-67,-35,-66.5,-34.5
200,165,5.5,0.24310000000000542,0.07420000000000115,0.033333333333333215,7.625150818180774,0.9564400985500991,0.291928652046141,-61.895250000000004,-28.0479,-62,-29,-61.5,-28.5
200,205,6.833333333333333,0.2833000000000041,0.07090000000000174,0.033333333333333215,8.76111465511112,0.9700820425905449,0.2427773272843993,-60.837050000000005,-26.23835,-61,-27,-60.5,-26.5
200,245,8.166666666666666,-0.25789999999999935,-0.01290000000000191,0.033333333333333215,7.746672705103797,-0.9987513729478443,-0.04995693179925991,-60.494749999999996,-24.37735,-61,-25,-60.5,-24.5
200,285,9.5,-0.20690000000000452,0.0019999999999988916,0.03333333333333144,6.2072899883931685,-0.9999532826091222,0.00966605396431654,-61.61215,-22.8296,-62,-23,-61.5,-22.5
200,325,10.833333333333334,0.1536000000000044,0.03009999999999735,0.033333333333333215,4.6956440452829495,0.9813350321196418,0.19230588845571467,-59.981899999999996,-20.77045,-60,-21,-59.5,-20.5
200,365,12.166666666666666,-0.07870000000000488,0.06449999999999889,0.033333333333333215,3.0526293584384967,-0.7734315970832013,0.6338797714340856,-59.82285,-18.870350000000002,-60,-19,-59.5,-18.5
200,409,13.633333333333333,0.13620000000000232,0.050799999999998846,0.033333333333333215,4.360959986058185,0.9369496654550519,0.34946433924460163,-59.2064,-16.8435,-60,-17,-59.5,-16.5
200,455,15.166666666666666,-0.029800000000001603,0.07929999999999993,0.033333333333333215,2.541432076605653,-0.3517701725060783,0.9360863986486739,-58.209900000000005,-14.67845,-59,-15,-58.5,-14.5
200,553,18.433333333333334,0.007200000000004536,0.0649999999999995,0.03333333333333499,1.9619266041316676,0.1100958616623302,0.9939209733398471,-56.458600000000004,-9.8899,-57,-10,-56.5,-9.5
200,617,20.566666666666663,0.12630000000000052,0.07450000000000045,0.03333333333333144,4.399061945460916,0.8613199920746365,0.5080628615167105,-55.19075,-7.52255,-56,-8,-55.5,-7.5
203,158,5.266666666666667,-0.2510000000000048,-0.058699999999999974,0.033333333333333215,7.733176643527715,-0.9737266258236071,-0.22772013121850448,-54.7286,-9.185749999999999,-55,-10,-54.5,-9.5
203,224,7.466666666666667,0.15579999999999927,-0.625,0.5333333333333332,1.207736739215132,0.24187804387721207,-0.9703066586858681,-54.7734,-11.5273,-55,-12,-54.5,-11.5
203,266,8.866666666666667,-0.30630000000000024,-0.09190000000000076,0.033333333333333215,9.593683859706912,-0.9578176782115441,-0.2873765740373541,-58.04455,-14.06205,-59,-15,-58.5,-14.5
203,306,10.2,-0.07600000000000051,-0.04410000000000025,0.033333333333333215,2.636044195380673,-0.8649323877025389,-0.5018883986537095,-57.430899999999994,-15.51375,-58,-16,-57.5,-15.5
203,346,11.533333333333331,-0.03829999999999956,-0.01320000000000121,0.03333333333333144,1.2153258822226105,-0.9454254342865961,-0.3258385308768762,-57.18235,-17.1177,-58,-18,-57.5,-17.5
203,389,12.966666666666669,-0.14110000000000156,-0.07400000000000162,0.03333333333333499,4.7798210217536745,-0.8855980131337189,-0.4644525370084756,-58.742149999999995,-19.081400000000002,-59,-20,-58.5,-19.5
203,429,14.3,0.0964000000000027,0.002100000000002211,0.033333333333333215,2.8926861219289823,0.9997628080268752,0.021779065320109852,-58.9627,-20.504550000000002,-59,-21,-58.5,-20.5
203,469,15.633333333333333,-0.08299999999999841,-0.06180000000000163,0.033333333333333215,3.1044187861820465,-0.8020825060984361,-0.5972132394805496,-59.7934,-22.1074,-60,-23,-59.5,-22.5
206,182,6.066666666666666,-0.026399999999995316,-0.0015000000000000568,0.033333333333333215,0.7932773789789938,-0.9983897448572459,-0.056726690048719365,76.8777,-16.72235,76,-17,76.5,-16.5
217,183,6.1,0.08110000000000639,0.02499999999999858,0.033333333333333215,2.545975058793961,0.9556260151082243,0.29458261871396263,52.19585,-19.2225,52,-20,52.5,-19.5
217,229,7.633333333333334,-0.5396000000000001,-0.07090000000000174,0.0333333333333341,16.327139155405884,-0.991478044372508,-0.13027389426614627,53.5363,-19.00985,53,-20,53.5,-19.5
217,269,8.966666666666667,0.40320000000000533,0.06819999999999737,0.033333333333333215,12.2678169207078,0.9859944991176406,0.16677783938447324,46.697900000000004,-19.4481,46,-20,46.5,-19.5
217,309,10.3,0.22000000000000597,0.016799999999999926,0.033333333333333215,6.619215663505962,0.9970969878483184,0.07614195179932373,50.167699999999996,-18.928400000000003,50,-19,50.5,-18.5
217,349,11.633333333333333,-0.10679999999999978,-0.029399999999998983,0.033333333333333215,3.323182209870531,-0.9641361194350011,-0.26540825759726694,49.406800000000004,-18.8945,49,-19,49.5,-18.5
217,389,12.966666666666669,-0.1180000000000021,-0.015200000000000102,0.03333333333333499,3.5692486604324984,-0.9918053732829398,-0.12775798028729254,46.246700000000004,-19.121,46,-20,46.5,-19.5
217,429,14.3,0.144200000000005,0.022800000000000153,0.033333333333333215,4.379741088238143,0.9877296198210664,0.15617361533924887,47.5172,-18.9018,47,-19,47.5,-18.5
217,469,15.633333333333333,-0.09490000000000265,0.009500000000002728,0.033333333333333215,2.861229456020708,-0.9950268036033683,0.09960753039235458,45.673649999999995,-19.02675,45,-20,45.5,-19.5
217,509,16.966666666666665,-0.06059999999999377,0.002600000000001046,0.03333333333333144,1.8196724980060839,-0.9990808796593892,0.042864856223031746,43.9206,-19.2012,43,-20,43.5,-19.5
217,549,18.3,0.05859999999999843,0.008699999999997488,0.03333333333333499,1.7772689723279034,0.9891581000804853,0.14685453021668887,42.4653,-19.26915,42,-20,42.5,-19.5
217,589,19.633333333333333,0.17730000000000246,0.01640000000000086,0.03333333333333144,5.341706188101706,0.9957492630066577,0.09210540278234526,42.61595,-19.163800000000002,42,-20,42.5,-19.5
217,629,20.966666666666665,-0.17099999999999937,-0.016099999999998005,0.03333333333333144,5.152687551171987,-0.9955969480108388,-0.0937374904267402,40.294799999999995,-19.32195,40,-20,40.5,-19.5
217,669,22.3,0.10319999999999396,0.019400000000000972,0.03333333333333499,3.150228563136003,0.9827858321866162,0.1847484994614576,39.422200000000004,-19.2765,39,-20,39.5,-19.5
217,709,23.633333333333333,-0.3293000000000035,-0.027999999999998693,0.03333333333333144,9.914647800099264,-0.9964045318787581,-0.08472313055755733,34.84755,-19.5229,34,-20,34.5,-19.5
217,749,24.966666666666665,0.8121000000000009,0.08429999999999893,0.03333333333333144,24.493909651177972,0.994655420345675,0.10325015630481375,37.22375,-19.06335,37,-20,37.5,-19.5
217,789,26.3,-0.30299999999999727,-0.031500000000001194,0.03333333333333499,9.138989276719297,-0.9946395301234651,-0.10340311946828587,35.6184,-19.20605,35,-20,35.5,-19.5
217,829,27.633333333333333,0.009700000000002262,0.009199999999999875,0.03333333333333144,0.40106981935824554,0.7255594561209203,0.6881594841557546,33.85865,-19.3578,33,-20,33.5,-19.5
217,869,28.966666666666665,0.09890000000000043,0.015399999999999636,0.03333333333333144,3.002754235697802,0.9880928531304489,0.1538587455835034,33.98305,-19.4191,33,-20,33.5,-19.5
217,909,30.3,-0.1763000000000048,-0.0015000000000000568,0.03333333333333499,5.2891914315894,-0.9999638070219246,-0.008507916679142954,32.54015,-19.47955,32,-20,32.5,-19.5
217,955,31.83333333333333,0.2859000000000016,0.03119999999999834,0.033333333333327886,8.627921244426437,0.9940980865515106,0.10848499580414588,31.34135,-19.4419,31,-20,31.5,-19.5
217,995,33.166666666666664,-0.15060000000000073,-0.011199999999998766,0.03333333333333144,4.53047679610022,-0.9972460302388746,-0.0741643794068666,30.2556,-19.524099999999997,30,-20,30.5,-19.5
217,1035,34.5,-0.13509999999999778,-0.02779999999999916,0.03333333333333144,4.137917954720872,-0.9794780960739381,-0.20155063708997115,27.95745,-19.5553,27,-20,27.5,-19.5
217,1075,35.833333333333336,-0.011700000000001154,0.008199999999998653,0.033333333333338544,0.4286222112769553,-0.8189029657475688,0.5739319930878888,27.49675,-19.421799999999998,27,-20,27.5,-19.5
217,1115,37.16666666666666,0.056800000000002626,0.008099999999998886,0.03333333333332433,1.7212393790527372,0.9899843221913236,0.14117734172091986,26.09,-19.39435,26,-20,26.5,-19.5
217,1155,38.5,0.05880000000000152,0.00030000000000285354,0.03333333333333144,1.76402295903441,0.9999869848438498,0.005101974412517018,24.458199999999998,-19.53125,24,-20,24.5,-19.5
217,1195,39.833333333333336,0.19140000000000157,0.02179999999999893,0.033333333333338544,5.779124501167115,0.9935761028923207,0.11316593021447938,23.7772,-19.5659,23,-20,23.5,-19.5
217,1235,41.16666666666666,-0.17009999999999792,-0.018200000000000216,0.03333333333332433,5.132126752138298,-0.9943246233883746,-0.10638864283168051,22.46115,-19.4441,22,-20,22.5,-19.5
217,1275,42.5,0.1598000000000006,0.02400000000000091,0.03333333333333144,4.8477660834659595,0.9889091011117376,0.1485220176888768,21.283299999999997,-19.4103,21,-20,21.5,-19.5
217,1315,43.833333333333336,-0.6784999999999997,-0.08870000000000289,0.033333333333338544,20.52819880067095,-0.9915628837017848,-0.12962657005799738,22.81605,-19.14545,22,-20,22.5,-19.5
217,1355,45.16666666666666,-0.3711999999999982,-0.03999999999999915,0.03333333333332433,11.200468561630199,-0.9942441192283599,-0.10713837491684736,19.573700000000002,-19.517,19,-20,19.5,-19.5
217,1395,46.5,-0.1266999999999996,-0.017600000000001614,0.03333333333333144,3.837497231269572,-0.9904893139799624,-0.137589675817277,17.47905,-19.6113,17,-20,17.5,-19.5
217,1435,47.833333333333336,-0.3968000000000007,-0.04690000000000083,0.033333333333338544,11.9868621832386,-0.9930872498595749,-0.11737850811092439,15.970600000000001,-19.63085,15,-20,15.5,-19.5
217,1475,49.16666666666666,0.7094000000000005,0.08480000000000132,0.03333333333332433,21.433512544616875,0.9929310445828363,0.11869263121035492,14.644400000000001,-19.7425,14,-20,14.5,-19.5
217,1515,50.5,0.1943999999999999,0.01880000000000237,0.03333333333333144,5.859208137624396,0.9953563456042203,0.09625874124157258,15.232399999999998,-19.5417,15,-20,15.5,-19.5
217,1555,51.833333333333336,-0.29879999999999995,-0.01969999999999672,0.033333333333338544,8.983461303972685,-0.9978336519393164,-0.06578756005087437,14.3605,-19.53505,14,-20,14.5,-19.5
217,1595,53.16666666666666,0.3412000000000006,0.05350000000000321,0.03333333333332433,10.36106756082879,0.9879290854835423,0.15490681733110373,12.0969,-19.606749999999998,12,-20,12.5,-19.5
217,1640,54.66666666666666,0.09350000000000058,0.03570000000000206,0.03333333333332433,3.002509950025994,0.9342183861793665,0.35670156563214017,8.608049999999999,-19.85505,8,-20,8.5,-19.5
217,1680,56.0,-0.03409999999999869,0.04370000000000118,0.03333333333333144,1.6629040862299687,-0.6151888184479117,0.7883798054596923,11.29035,-19.31645,11,-20,11.5,-19.5
217,1720,57.333333333333336,-0.2254000000000005,-0.01769999999999783,0.033333333333338544,6.78281689270658,-0.9969309369489237,-0.07828605849154278,4.5439,-19.92295,4,-20,4.5,-19.5
217,1760,58.66666666666666,0.0655,0.001100000000000989,0.03333333333332433,1.965277079702017,0.9998590123986343,0.01679152539907613,0.31895,-20.28615,0,-21,0.5,-20.5
217,1800,60.0,-1.1613,-0.13370000000000104,0.03333333333333144,35.06913232459765,-0.9934377525378847,-0.11437408724215639,-1.6994500000000001,-19.97005,-2,-20,-1.5,-19.5
217,1840,61.333333333333336,0.0024000000000001798,0.025600000000000733,0.033333333333338544,0.7713676166393353,0.09334070869306255,0.9956342260592878,-1.0847,-19.235500000000002,-2,-20,-1.5,-19.5
219,218,7.266666666666667,-0.793600000000005,-0.09050000000000225,0.033333333333333215,23.962305586066037,-0.9935604866772282,-0.11330295368484226,-56.451499999999996,-28.29285,-57,-29,-56.5,-28.5
219,258,8.6,-0.06799999999999784,-0.015200000000000102,0.033333333333333215,2.090343512439946,-0.9759161534262661,-0.21814596370705613,-57.7521,-27.2779,-58,-28,-57.5,-27.5
219,298,9.933333333333334,-0.007899999999999352,0.054000000000002046,0.033333333333333215,1.6372443311858522,-0.14475542561709337,0.9894674662435416,-58.55785,-26.236,-59,-27,-58.5,-26.5
219,338,11.266666666666667,0.20959999999999468,0.06109999999999971,0.03333333333333499,6.549720070353671,0.9600410296099859,0.2798592886887946,-57.7729,-24.96985,-58,-25,-57.5,-24.5
219,379,12.633333333333333,-0.033900000000002706,0.0004999999999988347,0.033333333333333215,1.0171106134537045,-0.9998912473705842,0.014747658515754781,-56.41245,-23.693350000000002,-57,-24,-56.5,-23.5
219,419,13.966666666666669,-0.11969999999999459,-0.011599999999997834,0.03333333333333499,3.6078227506347225,-0.9953371460302189,-0.09645706678319889,-55.06615,-22.752000000000002,-56,-23,-55.5,-22.5
219,459,15.3,0.09809999999999519,0.022800000000000153,0.033333333333333215,3.0214408814337608,0.9740385847309142,0.2263820563900722,-54.145849999999996,-22.1017,-55,-23,-54.5,-22.5
219,499,16.633333333333333,0.0016000000000033765,0.009300000000003195,0.03333333333333144,0.28309892264025366,0.16955204051094094,0.9855212354681031,-52.994299999999996,-21.63485,-53,-22,-52.5,-21.5
219,539,17.966666666666665,0.08189999999999742,0.06960000000000122,0.03333333333333144,3.2243748231247795,0.7620081829131002,0.6475673935379045,-52.50435,-21.2176,-53,-22,-52.5,-21.5
219,579,19.3,-0.11619999999999919,-0.02990000000000137,0.03333333333333499,3.599556222647261,-0.9684527159395376,-0.2491973855989131,-52.929500000000004,-21.262549999999997,-53,-22,-52.5,-21.5
219,622,20.73333333333333,0.011500000000005173,-0.00829999999999842,0.03333333333333144,0.42547150315867693,0.8108651165563706,-0.585233084122919,-52.74435,-21.20805,-53,-22,-52.5,-21.5
219,662,22.066666666666663,0.00039999999999906777,-0.0045999999999999375,0.03333333333333144,0.1385207565673859,0.08662961636464278,-0.9962405881957003,-52.7325,-21.191699999999997,-53,-22,-52.5,-21.5
219,702,23.4,-0.10260000000000247,-0.016100000000001558,0.03333333333333144,3.115665739453063,-0.9879108535373804,-0.15502304816718304,-53.0814,-21.20485,-54,-22,-53.5,-21.5
219,742,24.73333333333333,-0.15200000000000102,-0.028700000000000614,0.03333333333333144,4.6405733481976945,-0.9826371997269049,-0.18553741863264858,-53.2115,-21.25475,-54,-22,-53.5,-21.5
219,782,26.066666666666663,0.15570000000000306,0.014900000000000801,0.03333333333333144,4.692339501784092,0.9954522681541647,0.0952616492967088,-52.58055,-21.08135,-53,-22,-52.5,-21.5
219,822,27.4,0.0049999999999954525,-0.0035999999999987153,0.03333333333333144,0.18483506160886964,0.8115343414513413,-0.5843047258452886,-51.1646,-20.779,-52,-21,-51.5,-20.5
219,862,28.73333333333333,0.09979999999999478,0.020299999999998875,0.03333333333333144,3.0553096406092926,0.9799334117254799,0.1993251328459637,-50.356899999999996,-20.56635,-51,-21,-50.5,-20.5
219,902,30.066666666666663,-0.004899999999999238,0.004000000000001336,0.03333333333333144,0.18976037521044004,-0.7746612001423678,0.6323764899124464,-48.31595,-19.8686,-49,-20,-48.5,-19.5
219,942,31.4,-0.13440000000000651,-0.017800000000001148,0.03333333333333144,4.067207887482947,-0.99134347482191,-0.13129400187373721,-46.2332,-19.0883,-47,-20,-46.5,-19.5
219,985,32.833333333333336,0.15489999999999782,0.02839999999999776,0.033333333333338544,4.724459016648604,0.9836046801599004,0.18033810791826574,-45.41645,-18.4786,-46,-19,-45.5,-18.5
219,1025,34.166666666666664,0.06419999999999959,0.0254000000000012,0.03333333333333144,2.07126048579132,0.929868557437513,0.3678919214784127,-43.2673,-17.700200000000002,-44,-18,-43.5,-17.5
223,193,6.433333333333334,0.06439999999999912,0.026699999999999946,0.033333333333333215,2.091464797695607,0.9237544911722511,0.3829851694766986,54.364999999999995,-12.82065,54,-13,54.5,-12.5
223,270,9.0,0.674199999999999,0.09490000000000087,0.033333333333333215,20.425388246004086,0.9902382151270465,0.13938535540723482,46.0294,-13.50875,46,-14,46.5,-13.5
223,325,10.833333333333334,-0.00010000000000331966,0.006700000000000372,0.033333333333333215,0.2010223868130248,-0.014923710973991988,0.9998886352243258,49.11515,-12.99955,49,-13,49.5,-12.5
236,234,7.8,-0.044799999999995066,-0.24709999999999965,0.033333333333333215,7.533850609084299,-0.17839483017877536,-0.9839589852049149,-67.41069999999999,-15.40555,-68,-16,-67.5,-15.5
236,274,9.133333333333333,0.40439999999999543,-0.14300000000000068,0.033333333333333215,12.868159308929853,0.942792182529238,-0.3333810140991177,-71.6462,-24.8969,-72,-25,-71.5,-24.5
236,314,10.466666666666669,-0.5096999999999952,-0.26140000000000185,0.03333333333333499,17.184633979225946,-0.889806557328133,-0.456337912665446,-76.88374999999999,-33.5844,-77,-34,-76.5,-33.5
238,222,7.4,0.18720000000000425,0.014199999999995327,0.0333333333333341,5.632133876249733,0.9971353883618126,0.07563740659579464,-66.5658,-34.977000000000004,-67,-35,-66.5,-34.5
238,262,8.733333333333333,-0.24320000000000164,-0.021999999999998465,0.033333333333333215,7.3257911518143235,-0.9959333877806671,-0.09009265843409951,-66.7603,-34.9671,-67,-35,-66.5,-34.5
238,302,10.066666666666666,0.09610000000000696,0.010899999999999466,0.03333333333333499,2.901485481611162,0.9936289594663655,0.1127008913442463,-67.75725,-35.013549999999995,-68,-36,-67.5,-35.5
238,343,11.433333333333334,0.10849999999999227,0.02009999999999934,0.033333333333333215,3.310382757325585,0.9832699837493872,0.18215416288814232,-66.26165,-34.67195,-67,-35,-66.5,-34.5
241,238,7.933333333333334,0.19320000000000004,0.014500000000001734,0.033333333333333215,5.812300835297525,0.997195459120335,0.07484127410583118,-5.7448,-31.232950000000002,-6,-32,-5.5,-31.5
241,278,9.266666666666667,-0.05469999999999953,0.006499999999999062,0.03333333333333499,1.652545309514892,-0.993013619990621,0.11799979030965559,-6.36265,-31.16865,-7,-32,-6.5,-31.5
241,318,10.6,0.026199999999999335,-0.007699999999999818,0.033333333333333215,0.8192417225703112,0.9594237919596735,-0.2819680609957824,-13.1715,-31.90155,-14,-32,-13.5,-31.5
241,358,11.933333333333334,0.17999999999999972,0.008500000000005059,0.033333333333333215,5.4060174805488925,0.9988868921400027,0.04716965879552828,-15.7754,-32.42755,-16,-33,-15.5,-32.5
246,237,7.9,0.3826000000000036,0.03410000000000046,0.0333333333333341,11.523498296958106,0.9960516940441365,0.08877512484815786,50.420100000000005,-13.687850000000001,50,-14,50.5,-13.5
246,293,9.766666666666667,-0.17139999999999844,-0.010899999999999466,0.03333333333333499,5.152387116667077,-0.9979840185855253,-0.06346572813641652,48.359700000000004,-13.75295,48,-14,48.5,-13.5
246,334,11.133333333333333,-0.2922000000000011,-0.014999999999998792,0.033333333333333215,8.777542708526179,-0.9986849726729439,-0.05126719572242606,46.4615,-13.875399999999999,46,-14,46.5,-13.5
258,251,8.366666666666667,0.40960000000001173,0.030300000000000438,0.033333333333333215,12.321575589185409,0.9972750571595339,0.07377303279280627,85.6648,-13.82865,85,-14,85.5,-13.5
258,291,9.7,0.6727999999999952,0.06729999999999947,0.033333333333333215,20.28472866468756,0.9950342611748619,0.09953300501942354,87.8349,-13.65325,87,-14,87.5,-13.5
258,331,11.033333333333331,-0.48680000000000234,-0.05530000000000079,0.03333333333333144,14.697928323407577,-0.9936094175083784,-0.11287305009904242,90.6884,-13.52645,90,-14,90.5,-13.5
258,371,12.366666666666667,-0.2587999999999937,-0.032099999999999795,0.033333333333333215,7.82349442384907,-0.9923954155744179,-0.12309077604304246,90.2493,-13.79465,90,-14,90.5,-13.5
258,411,13.7,-0.15560000000000684,-0.020500000000000185,0.033333333333333215,4.708338241885568,-0.9914325947259915,-0.13061933285271282,94.30250000000001,-13.580850000000002,94,-14,94.5,-13.5
258,451,15.033333333333331,-0.06590000000001339,-0.019199999999999662,0.03333333333333144,2.0592000874130854,-0.9600815443263521,-0.27972026784615917,95.87735,-13.697600000000001,95,-14,95.5,-13.5
258,573,19.1,-0.0009000000000014552,0.00019999999999953388,0.033333333333338544,0.02765863337191392,-0.9761870601841341,0.21693045781784015,97.23555,-14.6456,97,-15,97.5,-14.5
267,253,8.433333333333334,0.4569000000000001,0.0754999999999999,0.033333333333333215,13.892878535422435,0.9866205887463528,0.1630331679806293,-2.30805,-11.35155,-3,-12,-2.5,-11.5
267,305,10.166666666666666,0.44419999999999993,0.07820000000000071,0.033333333333333215,13.530927240954382,0.9848549003845,0.173380579041127,-0.746,-11.1588,-1,-12,-0.5,-11.5
267,347,11.566666666666666,-0.19989999999999997,-0.03190000000000026,0.03333333333333499,6.07287888896167,-0.9875052853268834,-0.15758588595261552,2.9197499999999996,-10.14755,2,-11,2.5,-10.5
270,235,7.833333333333333,0.059499999999999886,0.023400000000002308,0.033333333333333215,1.9180795082582243,0.9306183567024974,0.3659910848208509,-68.09205,-33.688,-69,-34,-68.5,-33.5
317,271,9.033333333333331,0.3434999999999917,0.051700000000003854,0.03333333333333144,10.42106645214431,0.988862324918762,0.1488331359484863,-75.15775,-36.68245,-76,-37,-75.5,-36.5
317,311,10.366666666666667,0.17189999999999372,0.04720000000000368,0.033333333333333215,5.347869201840913,0.9643092987810211,0.26477835312663994,-72.79285,-35.3502,-73,-36,-72.5,-35.5
317,351,11.7,0.05280000000000484,0.03130000000000166,0.033333333333333215,1.8414062560990117,0.8602121312196628,0.5099363580904243,-72.5897,-34.15755,-73,-35,-72.5,-34.5
317,391,13.033333333333331,0.16859999999999786,0.02459999999999951,0.03333333333333144,5.11155631877438,0.9895225024563559,0.14437872811640676,-71.182,-32.948800000000006,-72,-33,-71.5,-32.5
332,295,9.833333333333334,-0.14330000000000354,0.018499999999999517,0.033333333333333215,4.334677150607762,-0.991769363814641,0.12803721724054382,-42.567750000000004,-28.95295,-43,-29,-42.5,-28.5
332,344,11.466666666666669,0.06320000000000192,0.0669000000000004,0.03333333333333499,2.7609536395962007,0.686719245411618,0.7269227455385463,-40.113299999999995,-26.77295,-41,-27,-40.5,-26.5
332,384,12.8,-0.010000000000005116,0.049799999999997624,0.033333333333333215,1.523822824346681,-0.19687328159609083,0.980428942347984,-39.4148,-25.218,-40,-26,-39.5,-25.5
332,424,14.133333333333333,-0.04940000000000566,0.03389999999999915,0.033333333333333215,1.7973906086325462,-0.8245286210367372,0.5658202480393014,-38.6507,-23.567549999999997,-39,-24,-38.5,-23.5
332,464,15.466666666666669,0.05659999999999599,0.05910000000000082,0.03333333333333499,2.4549405288110506,0.6916664497865257,0.7222170880280412,-36.6887,-21.89575,-37,-22,-36.5,-21.5
332,504,16.8,-0.1056999999999988,0.0019999999999988916,0.03333333333333499,3.1715675934778322,-0.9998210369284914,0.018918089629667904,-36.02865,-20.352800000000002,-37,-21,-36.5,-20.5
332,544,18.133333333333333,-0.12119999999999465,0.010400000000000631,0.03333333333333144,3.6493615880041754,-0.996338650560676,0.08549440565868083,-35.283699999999996,-18.8333,-36,-19,-35.5,-18.5
332,584,19.466666666666665,0.05190000000000339,0.011299999999998533,0.03333333333333144,1.593477329616137,0.9771083472993405,0.21274227985511354,-34.33545,-17.17895,-35,-18,-34.5,-17.5
332,627,20.9,-0.025300000000001432,0.023899999999999366,0.03333333333333144,1.0441120629511766,-0.7269334652209429,0.6867078979754582,-33.67335,-15.13465,-34,-16,-33.5,-15.5
332,683,22.766666666666666,-0.1856999999999971,-0.022500000000000853,0.03333333333333499,5.6117435793161405,-0.9927395864154095,-0.12028347169815784,-34.39665,-14.13965,-35,-15,-34.5,-14.5
332,726,24.2,-0.2638999999999996,-0.02519999999999989,0.03333333333333144,7.953013579770059,-0.9954717064910804,-0.09505830619012944,-36.011849999999995,-13.5958,-37,-14,-36.5,-13.5
332,766,25.53333333333333,-0.07079999999999842,0.019900000000001583,0.03333333333333144,2.2063057358399827,-0.9626952264580076,0.2705880650637896,-34.7385,-12.487449999999999,-35,-13,-34.5,-12.5
332,806,26.866666666666667,-0.3323999999999998,-0.039400000000000546,0.033333333333338544,10.041808004536255,-0.9930482633698747,-0.11770788681339842,-37.592299999999994,-12.3162,-38,-13,-37.5,-12.5
332,846,28.2,-0.017600000000001614,-0.0030000000000001137,0.03333333333333144,0.5356155337554022,-0.9857817160343944,-0.16803097432403544,-39.1194,-12.0995,-40,-13,-39.5,-12.5
332,886,29.53333333333333,0.02949999999999875,0.008099999999998886,0.03333333333333144,0.9177548692325272,0.9643097843110267,0.2647765848446974,-38.75655,-11.72255,-39,-12,-38.5,-11.5
332,926,30.866666666666667,-0.11460000000000292,-0.020500000000000185,0.033333333333338544,3.49257340652946,-0.9843744425162595,-0.17608792383580266,-39.167500000000004,-11.62875,-40,-12,-39.5,-11.5
332,966,32.2,0.09199999999999875,0.015000000000000568,0.033333333333338544,2.796444170727777,0.986967674481139,0.16091864257845484,-40.853,-11.7784,-41,-12,-40.5,-11.5
332,1006,33.53333333333333,-0.08709999999999951,-0.016299999999999315,0.03333333333333144,2.6583622777944895,-0.9829360060616003,-0.18394784039958095,-44.43675,-12.41215,-45,-13,-44.5,-12.5
342,287,9.566666666666666,-1.5053999999999945,-0.15910000000000224,0.03333333333333499,45.413519716046906,-0.9944615674446294,-0.10510086048920111,72.6979,-16.86335,72,-17,72.5,-16.5
342,327,10.9,-0.19299999999999784,-0.018899999999998585,0.033333333333333215,5.817696193511607,-0.9952393193816926,-0.09746125977364141,75.3478,-16.542650000000002,75,-17,75.5,-16.5
342,393,13.1,0.3442000000000007,0.03319999999999723,0.033333333333333215,10.373923655011206,0.9953803732700502,0.09600996046648125,72.0978,-16.7691,72,-17,72.5,-16.5
342,433,14.433333333333334,-0.0007000000000090267,0.0019999999999988916,0.033333333333333215,0.06356886030130958,-0.3303504247320643,0.943858356364632,72.73044999999999,-16.5773,72,-17,72.5,-16.5
342,475,15.833333333333334,0.18629999999998859,0.024899999999998812,0.033333333333333215,5.638699318104872,0.9911860315116255,0.1324773600893173,68.61515,-16.88075,68,-17,68.5,-16.5
342,525,17.5,-0.069500000000005,-0.006299999999999528,0.03333333333333499,2.0935486619613557,-0.9959166643142172,-0.09027733791623953,68.28815,-16.61535,68,-17,68.5,-16.5
342,565,18.83333333333333,0.3348000000000013,0.046700000000001296,0.033333333333327886,10.141239421295333,0.990411485494617,0.13814879442234085,66.7702,-16.64905,66,-17,66.5,-16.5
342,605,20.166666666666668,0.06090000000000373,0.013100000000001444,0.03333333333333499,1.8687905179554223,0.9776376658839628,0.2102964437287445,66.51625,-16.62235,66,-17,66.5,-16.5
349,307,10.233333333333333,0.37190000000000367,0.0530999999999997,0.033333333333333215,11.2701507532066,0.9899601384502992,0.1413468226719819,-41.456050000000005,-2.16045,-42,-3,-41.5,-2.5
349,347,11.566666666666666,-0.21770000000000067,-0.05830000000000002,0.03333333333333499,6.76113614712762,-0.9659619120041393,-0.258684333807263,-40.491150000000005,-2.47375,-41,-3,-40.5,-2.5
349,387,12.9,-0.05969999999999942,0.0041999999999999815,0.033333333333333215,1.7954266902327034,-0.9975344633914622,0.07017830395718867,-41.25075,-2.6801,-42,-3,-41.5,-2.5
349,435,14.5,-0.2477000000000018,-0.06779999999999964,0.03333333333333144,7.704344034374861,-0.9645207907182245,-0.26400690194063303,-40.58855,-2.5300000000000002,-41,-3,-40.5,-2.5
349,475,15.833333333333334,0.3772999999999982,0.049499999999999655,0.033333333333333215,11.415996934127113,0.9915034197462717,0.13008062358187208,-40.75895,-2.82135,-41,-3,-40.5,-2.5
354,307,10.233333333333333,0.18319999999999936,0.03739999999999988,0.033333333333333215,5.609358252064134,0.979791226202673,0.20002288133176843,74.1016,-13.039100000000001,74,-14,74.5,-13.5
354,347,11.566666666666666,-0.6128000000000071,-0.08179999999999943,0.03333333333333499,18.547063702914635,-0.9912081122097126,-0.13231204892094156,73.52969999999999,-12.8906,73,-13,73.5,-12.5
354,387,12.9,-0.38340000000000884,-0.03059999999999974,0.033333333333333215,11.538575648666825,-0.9968301417973765,-0.07955921319509326,70.77420000000001,-13.1388,70,-14,70.5,-13.5
354,427,14.233333333333333,0.32099999999999795,0.04560000000000031,0.033333333333333215,9.72668103722948,0.9900602233321466,0.14064406910886754,71.366,-12.9657,71,-13,71.5,-12.5
384,336,11.2,-0.5615999999999985,-0.024199999999993338,0.033333333333333215,16.86363483950006,-0.9990728665765803,-0.04305121682896484,-53.7932,-34.7637,-54,-35,-53.5,-34.5
384,376,12.533333333333331,0.19590000000000174,0.020400000000002194,0.03333333333333144,5.908779315561266,0.9946216783765834,0.10357469238838338,-52.90035,-33.5583,-53,-34,-52.5,-33.5
396,374,12.466666666666669,-0.0671999999999997,0.021699999999999164,0.03333333333333499,2.118503481233742,-0.9516151461907644,0.30729239095742383,-66.49289999999999,-28.361449999999998,-67,-29,-66.5,-28.5
396,414,13.8,0.0036000000000058208,0.022100000000001785,0.033333333333333215,0.6717387885183586,0.16077678086505703,0.9869907936423061,-64.4627,-26.71565,-65,-27,-64.5,-26.5
396,454,15.133333333333333,-0.03340000000000032,0.04989999999999739,0.033333333333333215,1.8013919617894958,-0.5562365222306367,0.8310240257277561,-64.2722,-25.12175,-65,-26,-64.5,-25.5
396,498,16.6,0.12650000000000006,0.08470000000000155,0.03333333333333499,4.567133236506044,0.8309370021582884,0.556366514488603,-63.527950000000004,-23.341450000000002,-64,-24,-63.5,-23.5
406,387,12.9,-0.16889999999999894,-0.0057000000000009265,0.033333333333333215,5.069884614071594,-0.9994310296404771,-0.03372857826495963,-13.30535,-28.112450000000003,-14,-29,-13.5,-28.5
406,433,14.433333333333334,0.005300000000000082,0.009299999999999642,0.033333333333333215,0.32112614343898493,0.49513253046684313,0.8688174591210174,-12.486249999999998,-28.00745,-13,-29,-12.5,-28.5
406,473,15.766666666666667,-0.2599,-0.01630000000000109,0.03333333333333499,7.81231911790564,-0.9980391075076648,-0.06259344922037716,-13.31925,-28.02185,-14,-29,-13.5,-28.5
406,513,17.1,-0.01249999999999929,-0.00549999999999784,0.03333333333333499,0.4096950085123639,-0.9153150324228154,-0.4027386142659035,-13.01385,-28.02055,-14,-29,-13.5,-28.5
406,553,18.433333333333334,0.02689999999999948,0.007699999999999818,0.03333333333333499,0.8394105074395377,0.9613889662419695,0.27519312416591574,-12.824549999999999,-28.00365,-13,-29,-12.5,-28.5
406,593,19.766666666666666,-0.17070000000000007,-0.0146000000000015,0.03333333333333499,5.139696975503267,-0.9963622416666521,-0.08521903180043708,-12.85055,-28.0331,-13,-29,-12.5,-28.5
406,633,21.1,-0.01440000000000019,-0.010400000000000631,0.033333333333338544,0.5328864794681208,-0.8106792283998677,-0.5854905538443768,-13.120000000000001,-28.025399999999998,-14,-29,-13.5,-28.5
406,673,22.433333333333334,-0.045700000000000074,0.002400000000001512,0.03333333333333499,1.3728892890542286,-0.9986238591346314,0.05244414139878821,-13.53415,-28.0667,-14,-29,-13.5,-28.5
406,713,23.766666666666666,0.4803999999999995,0.05570000000000164,0.03333333333333499,14.508548686894178,0.9933453931900077,0.1151734771038408,-14.8329,-28.17615,-15,-29,-14.5,-28.5
406,753,25.1,-0.049900000000000944,-0.002200000000001978,0.033333333333338544,1.4984542035041946,-0.9990295308985756,-0.044045390139855735,-12.61745,-27.9546,-13,-28,-12.5,-27.5
406,793,26.433333333333334,0.027300000000000324,0.004899999999999238,0.03333333333333499,0.8320877357586399,0.9842712069938894,0.17666406279374544,-13.50685,-28.08495,-14,-29,-13.5,-28.5
406,833,27.766666666666666,0.18100000000000094,0.028199999999998226,0.03333333333333499,5.495508711666028,0.9880795909708583,0.15394389207390224,-13.3255,-28.0972,-14,-29,-13.5,-28.5
406,873,29.1,-0.019000000000000128,-0.006700000000002149,0.033333333333338544,0.6044013567158136,-0.9430819333318039,-0.33256047122763527,-12.779399999999999,-27.99765,-13,-28,-12.5,-27.5
406,913,30.433333333333334,-0.10630000000000095,-0.008200000000002206,0.03333333333333499,3.1984741674741093,-0.9970379102727844,-0.07691167322896479,-13.27955,-27.9772,-14,-28,-13.5,-27.5
406,958,31.933333333333334,0.15410000000000146,0.02650000000000219,0.03333333333333499,4.690858556810078,0.9855338727466536,0.16947856994022212,-12.432549999999999,-27.34765,-13,-28,-12.5,-27.5
406,998,33.266666666666666,-0.22449999999999903,-0.010500000000000398,0.03333333333333144,6.742362345647464,-0.9989080465763067,-0.046719530018047496,-12.77735,-26.77755,-13,-27,-12.5,-26.5
406,1039,34.63333333333333,0.22350000000000136,-0.023399999999998755,0.03333333333333144,6.741648833928215,0.9945638174235133,-0.10412882920675091,-16.46455,-26.315199999999997,-17,-27,-16.5,-26.5
408,403,13.433333333333334,-0.12229999999999563,-0.053300000000000125,0.033333333333333215,4.0022945918559225,-0.9167241230732376,-0.3995208156975096,-55.95485,-26.67545,-56,-27,-55.5,-26.5
408,444,14.8,0.10969999999999658,-0.03059999999999974,0.033333333333333215,3.416636503931812,0.9632280156852149,-0.26868529881466036,-55.57245,-28.4984,-56,-29,-55.5,-28.5
408,484,16.133333333333333,-0.02120000000000033,-0.04589999999999961,0.03333333333333144,1.5167811312118311,-0.41930901361616646,-0.9078435719330933,-55.718500000000006,-30.15835,-56,-31,-55.5,-30.5
408,544,18.133333333333333,0.041600000000002524,-0.029800000000001603,0.03333333333333144,1.5351677432777642,0.8129404786316833,-0.5823467851736538,-56.5817,-32.7291,-57,-33,-56.5,-32.5
408,598,19.933333333333334,-0.1623000000000019,-0.03870000000000573,0.03333333333333499,5.005505169310932,-0.9727289924405554,-0.23194462111801992,-56.69265,-35.02335,-57,-36,-56.5,-35.5
411,395,13.166666666666666,0.24290000000000056,0.038399999999999324,0.033333333333333215,7.377497746526297,0.9877332735792613,0.15615050516855858,-13.198550000000001,-28.445300000000003,-14,-29,-13.5,-28.5
428,397,13.233333333333333,0.011299999999998533,0.05859999999999843,0.033333333333333215,1.7903868297102241,0.18934455636876232,0.981910708248727,-49.04205,-29.8109,-50,-30,-49.5,-29.5
428,437,14.566666666666666,-0.14059999999999917,0.0015999999999998238,0.03333333333333499,4.218273106378724,-0.9999352563544199,0.011379064083690648,-48.203500000000005,-28.630499999999998,-49,-29,-48.5,-28.5
428,477,15.9,-0.010699999999999932,0.01950000000000074,0.033333333333333215,0.6672825488502062,-0.48105558964956274,0.8766900932866251,-47.46005,-27.43965,-48,-28,-47.5,-27.5
428,517,17.233333333333334,0.12240000000000606,0.03909999999999769,0.03333333333333499,3.85480388606213,0.9525776429968079,0.3042956359572806,-46.1934,-26.24645,-47,-27,-46.5,-26.5
428,557,18.566666666666663,-0.11510000000000531,0.02039999999999864,0.03333333333333144,3.506815221821995,-0.9846541039611209,0.17451732164035275,-45.19315,-24.975,-46,-25,-45.5,-24.5
428,597,19.9,-0.11749999999999972,0.004899999999999238,0.03333333333333144,3.528063774933972,-0.9991315987665679,0.04166591348047177,-44.60535,-23.75815,-45,-24,-44.5,-23.5
428,637,21.23333333333333,0.11129999999999995,0.02260000000000062,0.03333333333333144,3.4071402964951907,0.9800007365223276,0.19899386024622837,-43.36315,-22.6102,-44,-23,-43.5,-22.5
428,677,22.566666666666663,0.09570000000000078,0.021000000000000796,0.03333333333333144,2.9393096128174636,0.9767599804663657,0.21433604587036875,-42.896649999999994,-21.5698,-43,-22,-42.5,-21.5
428,717,23.9,0.369099999999996,0.09740000000000038,0.03333333333333144,11.452048419388223,0.9669012559581928,0.2551508597408002,-40.96695,-20.2693,-41,-21,-40.5,-20.5
431,401,13.366666666666667,-0.06999999999999318,0.020400000000002194,0.033333333333333215,2.187360052666057,-0.960061420816488,0.27978932835229103,-65.5369,-33.188500000000005,-66,-34,-65.5,-33.5
440,411,13.7,0.9251000000000005,0.12380000000000013,0.033333333333333215,28.000407229181622,0.991164156036857,0.1326409280265517,41.75745,-3.4626,41,-4,41.5,-3.5
459,502,16.733333333333334,-0.10949999999999704,-0.02809999999999846,0.03333333333333499,3.3914412865326438,-0.9686147341086008,-0.24856688610457467,-60.32385,-23.350749999999998,-61,-24,-60.5,-23.5
459,573,19.1,0.03849999999999909,-0.007400000000000517,0.033333333333338544,1.1761415731107847,0.9820246358139735,-0.18875278714348268,-57.11665,-25.118299999999998,-58,-26,-57.5,-25.5
465,448,14.933333333333334,-0.04080000000000439,-0.03529999999999944,0.033333333333333215,1.6185354491021522,-0.7562392289147104,-0.6542952152128918,55.5379,24.08165,55,24,55.5,24.5
465,488,16.266666666666666,-0.1512000000000029,-0.030300000000000438,0.03333333333333144,4.626183848487136,-0.9805057793982218,-0.19649024547464275,56.2913,23.846449999999997,56,23,56.5,23.5
465,528,17.6,-0.002200000000001978,-0.03930000000000078,0.03333333333333499,1.180845883254849,-0.05589213709932713,-0.9984368127280112,57.8414,23.774050000000003,57,23,57.5,23.5
465,574,19.133333333333333,0.19650000000000034,0.048799999999999955,0.03333333333333144,6.074069558377177,0.9705190142036052,0.2410245694307166,59.98485,23.6996,59,23,59.5,23.5
465,632,21.066666666666663,-0.9870000000000019,-0.38700000000000045,0.1666666666666643,6.360956531843406,-0.9309920560459952,-0.365039438388855,60.878299999999996,23.3282,60,23,60.5,23.5
471,451,15.033333333333331,0.17839999999999634,0.011200000000000543,0.03333333333333144,5.362536713161235,0.9980351252169183,0.06265691369075255,94.81030000000001,-14.4113,94,-15,94.5,-14.5
471,491,16.366666666666667,-0.09649999999999181,-0.01750000000000007,0.03333333333333499,2.942218550685472,-0.9839513789093401,-0.1784367785587045,94.43745,-14.63355,94,-15,94.5,-14.5
472,419,13.966666666666669,-0.644999999999996,-0.07719999999999949,0.03333333333333499,19.488108066201747,-0.9929132132409328,-0.11884170552279068,46.6725,-12.9409,46,-13,46.5,-12.5
502,457,15.233333333333333,0.04370000000000118,0.026399999999995316,0.033333333333333215,1.5316608632461324,0.8559336021823828,0.5170857459407389,-68.22985,-36.3547,-69,-37,-68.5,-36.5
502,497,16.566666666666666,0.0461000000000098,0.011400000000001853,0.03333333333333144,1.4246589065460833,0.9707586803028467,0.2400574610727093,-67.35985,-35.386700000000005,-68,-36,-67.5,-35.5
502,537,17.9,0.001600000000010482,0.013200000000004763,0.03333333333333144,0.39889848332647426,0.12033136751997148,0.9927337820336193,-66.41669999999999,-34.6279,-67,-35,-66.5,-34.5
502,577,19.23333333333333,-0.0020999999999986585,0.0081999999999951,0.03333333333333144,0.25393896904557584,-0.24809110723236957,0.9687367044311973,-66.01615000000001,-33.952799999999996,-67,-34,-66.5,-33.5
502,617,20.566666666666663,0.10660000000000025,0.005199999999994986,0.03333333333333144,3.201802617276894,0.9988123511248989,0.048722553713362614,-63.3446,-33.5774,-64,-34,-63.5,-33.5
502,666,22.2,0.07090000000000174,0.02640000000000242,0.03333333333333144,2.2696680374012677,0.937141451943586,0.34894970848113305,-62.779849999999996,-33.4965,-63,-34,-62.5,-33.5
502,706,23.53333333333333,-0.08829999999998961,0.0007999999999981355,0.03333333333333144,2.6491087180406816,-0.9999589605212869,0.00905965083142989,-66.73564999999999,-33.8973,-67,-34,-66.5,-33.5
502,746,24.866666666666667,0.11540000000000816,-0.001300000000000523,0.033333333333338544,3.4622196637414486,0.9999365540713533,-0.011264449915885532,-65.68549999999999,-33.82665,-66,-34,-65.5,-33.5
502,786,26.2,0.224899999999991,0.013700000000000045,0.03333333333333144,6.7595066388015,0.9981497704685139,0.06080325413703528,-65.75985,-33.79005,-66,-34,-65.5,-33.5
502,833,27.766666666666666,0.27429999999999666,0.05089999999999861,0.03333333333333499,8.369478478375536,0.9832153844783754,0.18244864407564185,-64.41975,-33.38525,-65,-34,-64.5,-33.5
502,873,29.1,-0.17440000000000566,0.012700000000002376,0.033333333333338544,5.245854077268374,-0.9973590425762974,0.07262878349037233,-61.5852,-32.31455,-62,-33,-61.5,-32.5
505,456,15.2,-0.006399999999999295,-0.0251000000000019,0.033333333333333215,0.7770926585678711,-0.24707478301728197,-0.9689964146460828,-45.472,-33.39905,-46,-34,-45.5,-33.5
515,441,14.7,-0.27820000000000533,-0.04599999999999982,0.033333333333333215,8.459321249367655,-0.9866039784958,-0.16313365568226365,45.944900000000004,-3.1696999999999997,45,-4,45.5,-3.5
515,481,16.033333333333335,0.01190000000000424,-0.03600000000000003,0.03333333333333499,1.1374748348864534,0.3138530972737928,-0.9494715547775231,48.535849999999996,-3.1334999999999997,48,-4,48.5,-3.5
515,521,17.366666666666667,1.4688999999999979,0.23909999999999965,0.03333333333333499,44.646975463067996,0.9870097479828167,0.16066037902014532,50.237449999999995,-3.17875,50,-4,50.5,-3.5
533,493,16.433333333333334,0.24159999999999826,0.2027000000000001,0.03333333333333499,9.461081597787347,0.7660857720215276,0.6427383526025034,-64.0885,-21.96585,-65,-22,-64.5,-21.5
533,571,19.03333333333333,0.09570000000000078,0.17379999999999995,0.03333333333333144,5.952179180771035,0.4823443503305763,0.8759816937037979,-57.82995,-8.1829,-58,-9,-57.5,-8.5
562,473,15.766666666666667,-0.09530000000000882,0.0020000000000024443,0.03333333333333499,2.8596295214591536,-0.9997798590851342,0.020981738910519698,-67.56845,-36.595299999999995,-68,-37,-67.5,-36.5
562,513,17.1,0.21479999999999677,0.04570000000000363,0.03333333333333499,6.588230187235015,0.978107901039207,0.2080983755935567,-66.9733,-35.83225,-67,-36,-66.5,-35.5
562,553,18.433333333333334,0.16209999999999525,0.0344999999999942,0.03333333333333499,4.971920554473472,0.9780928610422274,0.20816905432419594,-66.27945,-35.02955,-67,-36,-66.5,-35.5
562,593,19.766666666666666,0.29929999999999524,0.04240000000000066,0.03333333333333499,9.068650671405825,0.9901142215468626,0.1402634246361119,-64.02015,-34.2539,-65,-35,-64.5,-34.5
562,635,21.166666666666668,-0.0012000000000043087,0.002899999999996794,0.03333333333333499,0.09415412895880716,-0.38235179272783276,0.9240168324212565,-62.9293,-33.79585,-63,-34,-62.5,-33.5
566,510,17.0,0.09850000000000136,0.04329999999999856,0.03333333333333499,3.227913567615944,0.9154520212827083,0.40242713219836956,-50.00295,-28.65565,-51,-29,-50.5,-28.5
566,550,18.33333333333333,0.07800000000000296,0.05410000000000181,0.033333333333327886,2.847758592297325,0.8216988639169592,0.5699219043321448,-48.9636,-27.207050000000002,-49,-28,-48.5,-27.5
566,590,19.666666666666668,0.023400000000002308,0.02470000000000283,0.03333333333333499,1.0207276816076458,0.6877446479107773,0.725952683905832,-47.7051,-25.69585,-48,-26,-47.5,-25.5
566,630,21.0,0.08910000000000196,0.02740000000000009,0.03333333333333499,2.7965358928502133,0.9558253862694462,0.29393507950372993,-47.23035,-24.3348,-48,-25,-47.5,-24.5
566,670,22.33333333333333,0.0018000000000029104,0.04649999999999821,0.033333333333327886,1.3960447700559235,0.03868070792452664,0.9992516213819507,-45.8909,-22.967950000000002,-46,-23,-45.5,-22.5
566,710,23.666666666666668,-0.06360000000000099,0.02230000000000132,0.03333333333333499,2.0218864953304774,-0.9436731509936082,0.33087910797418835,-46.587199999999996,-21.95515,-47,-22,-46.5,-21.5
566,751,25.03333333333333,0.06450000000000244,0.09639999999999915,0.03333333333333144,3.4796392054351717,0.5560921365001656,0.8311206505211389,-43.18285,-20.0079,-44,-21,-43.5,-20.5
566,792,26.4,0.5028000000000006,0.10820000000000007,0.03333333333333144,15.429308863329803,0.9776199396623909,0.21037883347547862,-42.171499999999995,-18.5753,-43,-19,-42.5,-18.5
566,832,27.73333333333333,0.13599999999999568,0.04550000000000054,0.03333333333333144,4.302281371551736,0.948334069216988,0.3172735305101091,-41.7455,-17.06445,-42,-18,-41.5,-17.5
566,872,29.066666666666663,-0.014900000000004354,0.0240999999999989,0.03333333333333144,0.8500223526473589,-0.5258685240546831,0.8505658677660122,-39.71695,-15.630749999999999,-40,-16,-39.5,-15.5
566,912,30.4,-0.0688999999999993,0.017099999999999227,0.03333333333333144,2.1297084307483045,-0.970555391600636,0.24087804348868352,-38.12345,-13.97485,-39,-14,-38.5,-13.5
566,976,32.53333333333333,-0.08319999999999794,-0.01649999999999885,0.03333333333333144,2.5446101862565107,-0.9808968043439521,-0.19452881336147212,-38.1763,-12.438749999999999,-39,-13,-38.5,-12.5
566,1016,33.86666666666667,-0.20759999999999934,-0.039400000000000546,0.03333333333333144,6.33917250120269,-0.98246261618827,-0.18645966800490607,-40.0188,-12.7227,-41,-13,-40.5,-12.5
588,519,17.3,-0.16959999999999553,-0.05010000000000003,0.03333333333333499,5.305351354999577,-0.9590316756692957,-0.28329886173958146,-38.641999999999996,-3.08075,-39,-4,-38.5,-3.5
588,561,18.7,-0.05559999999999832,-0.020399999999999974,0.03333333333333144,1.776729579874267,-0.9388035291887711,-0.344453093443372,-37.8302,-3.4924999999999997,-38,-4,-37.5,-3.5
588,601,20.03333333333333,0.17549999999999955,0.024100000000000232,0.03333333333333144,5.314410033108386,0.9907026306212205,0.13604520454684735,-36.51675,-3.70395,-37,-4,-36.5,-3.5
607,518,17.266666666666666,-0.14289999999999736,-0.2049000000000003,0.03333333333333144,7.494263005793553,-0.572037570163475,-0.8202274186598906,-59.79925,-6.72015,-60,-7,-59.5,-6.5
607,558,18.6,-0.13179999999999836,-0.19949999999999868,0.033333333333338544,7.173168128517765,-0.551220873281883,-0.8343593643379081,-63.757,-14.98285,-64,-15,-63.5,-14.5
607,598,19.933333333333334,-0.33660000000000423,-0.22860000000000014,0.03333333333333499,12.206628035620149,-0.8272554853422798,-0.5618259178527715,-68.0915,-22.8236,-69,-23,-68.5,-22.5
607,639,21.3,-0.10989999999999611,-0.13829999999999742,0.03333333333333499,5.299472615269919,-0.6221373784439855,-0.7829080931647374,-72.11075,-29.58065,-73,-30,-72.5,-29.5
613,530,17.666666666666668,0.13589999999999947,0.15339999999999776,0.03333333333333499,6.148197540742774,0.6631211786840591,0.7485120589413802,-59.46745,-32.438199999999995,-60,-33,-59.5,-32.5
613,570,19.0,0.21309999999999718,0.15930000000000177,0.03333333333333499,7.98180994511853,0.8009461568186539,0.5987363809536118,-57.91155,-26.85265,-58,-27,-57.5,-26.5
613,610,20.33333333333333,-0.1967999999999961,0.12020000000000053,0.033333333333327886,6.918124890460881,-0.8534104390254116,0.5212395059494764,-57.1047,-21.0512,-58,-22,-57.5,-21.5
613,650,21.666666666666668,-0.14350000000000307,0.14229999999999876,0.03333333333333499,6.062786982897949,-0.7100694799509735,0.7041316167039755,-56.50155,-15.00985,-57,-16,-56.5,-15.5
631,544,18.133333333333333,0.0004000000000132786,-0.0008000000000016882,0.03333333333333144,0.026832815730222455,0.4472135955110797,-0.894427190994355,-130.7926,-28.572200000000002,-131,-29,-130.5,-28.5
631,584,19.466666666666665,-0.022799999999989495,-0.0045999999999999375,0.03333333333333144,0.6977822009765109,-0.9802485632945357,-0.19776944698056495,-130.72410000000002,-28.668599999999998,-131,-29,-130.5,-28.5
638,525,17.5,-0.027000000000015234,0.001200000000000756,0.03333333333333499,0.8107996053283923,-0.9990138064662085,0.0444006136207233,-130.9823,-28.1044,-131,-29,-130.5,-28.5
638,629,20.966666666666665,-0.0033000000000242835,0.007699999999999818,0.03333333333333144,0.2513205124938052,-0.3939192985816245,0.9191450300170051,-130.95335,-28.20145,-131,-29,-130.5,-28.5
646,569,18.966666666666665,0.6753,0.10489999999999977,0.03333333333333144,20.501967954322037,0.9881490423328037,0.15349745970784967,51.63605,-3.27855,51,-4,51.5,-3.5
646,609,20.3,-0.5703000000000031,-0.08579999999999988,0.03333333333333499,17.301542041100657,-0.988871394200354,-0.14877286625002592,54.77565,-2.9972,54,-3,54.5,-2.5
646,671,22.366666666666667,-0.22279999999999944,-0.05679999999999996,0.1333333333333364,1.7244468678390323,-0.9690063701956493,-0.2470357353102019,54.931200000000004,-3.2873,54,-4,54.5,-3.5
646,711,23.7,0.16070000000000562,0.025500000000000078,0.03333333333333144,4.881318059705221,0.9876430793963833,0.15671996592785917,51.73565,-4.02805,51,-5,51.5,-4.5
646,751,25.03333333333333,0.20929999999999893,0.018200000000000216,0.03333333333333144,6.302694423816224,0.9962405881956828,0.08662961636484345,58.47885,-3.2795,58,-4,58.5,-3.5
646,802,26.73333333333333,0.4054999999999964,0.04760000000000009,0.03333333333333144,12.248526809376482,0.993180664852531,0.11658544919107516,61.141549999999995,-3.1713,61,-4,61.5,-3.5
646,842,28.066666666666663,-0.2892999999999972,-0.03359999999999985,0.03333333333333144,8.737339698100746,-0.99332294495623,-0.11536692343770999,60.12175,-3.3879,60,-4,60.5,-3.5
646,882,29.4,0.5618000000000052,0.10499999999999998,0.03333333333333144,17.145839611988638,0.982978983905608,0.18371803721980753,61.9555,-2.8749000000000002,61,-3,61.5,-2.5
647,570,19.0,0.1787999999999954,0.015600000000000058,0.03333333333333499,5.384377401333941,0.9962154582014817,0.08691812722563519,45.1265,-3.5278,45,-4,45.5,-3.5
647,610,20.33333333333333,-0.12719999999999487,-0.02330000000000032,0.033333333333327886,3.8794918481682314,-0.9836339781980106,-0.18017823657244406,46.0941,-3.52105,46,-4,46.5,-3.5
652,535,17.833333333333332,0.0,0.0,0.03333333333333144,0.0,,,44.4934,-2.8239,44,-3,44.5,-2.5
652,575,19.166666666666668,-0.23869999999999436,-0.03949999999999987,0.03333333333333499,7.258384531009109,-0.9865831672883146,-0.1632594684033901,45.44755,-2.78235,45,-3,45.5,-2.5
652,615,20.5,-0.039299999999997226,-0.00849999999999973,0.03333333333333499,1.2062611657512874,-0.9774002790395309,-0.2113970069169551,45.13245,-2.95105,45,-3,45.5,-2.5
661,551,18.366666666666667,0.10300000000000153,0.00409999999999755,0.033333333333338544,3.0924470892801508,0.9992086883914456,0.03977432643109143,42.916,-19.82795,42,-20,42.5,-19.5
661,591,19.7,-0.19010000000000105,-0.013999999999999346,0.03333333333333144,5.718444631191603,-0.9972991552445916,-0.0734465448365258,42.10815,-19.8059,42,-20,42.5,-19.5
661,631,21.03333333333333,-0.004799999999995919,-0.010600000000000165,0.03333333333333144,0.3490845169869064,-0.41250755330774797,-0.9109541802220654,40.1011,-19.851799999999997,40,-20,40.5,-19.5
661,671,22.366666666666667,-0.029899999999997817,-0.008600000000001273,0.033333333333338544,0.9333664875061831,-0.961037290289311,-0.27641875239096664,39.65375,-19.928,39,-20,39.5,-19.5
661,711,23.7,0.16140000000000043,0.022000000000002018,0.03333333333333144,4.886774396266204,0.9908376379519124,0.13505841409506825,35.02,-20.4672,35,-21,35.5,-20.5
661,751,25.03333333333333,0.17309999999999803,0.027899999999998926,0.03333333333333144,5.260020722392877,0.9872584679928501,0.15912484839399058,37.035849999999996,-20.24745,37,-21,37.5,-20.5
661,791,26.366666666666667,-0.4975999999999985,-0.038999999999997925,0.033333333333338544,14.973779883513995,-0.9969426635176615,-0.07813658335447518,35.1465,-20.3422,35,-21,35.5,-20.5
661,831,27.7,0.003900000000001569,0.018000000000000682,0.03333333333333144,0.5525296372142112,0.21175334700587975,0.9773231400267811,33.74735,-20.279,33,-21,33.5,-20.5
661,871,29.03333333333333,-0.00269999999999726,-0.0019999999999988916,0.03333333333333144,0.10080178569838855,-0.8035571933446146,-0.5952275506259146,33.704750000000004,-20.1167,33,-21,33.5,-20.5
661,911,30.366666666666667,-0.3410999999999973,-0.04299999999999926,0.033333333333338544,10.313989965089409,-0.9921475621592397,-0.12507283838418914,32.02605,-20.1324,32,-21,32.5,-20.5
661,951,31.7,0.2331000000000003,0.0224999999999973,0.03333333333333144,7.025501690271353,0.9953737552556633,0.09607854780458905,30.18935,-20.23005,30,-21,30.5,-20.5
661,991,33.03333333333333,-0.31969999999999743,-0.03450000000000131,0.03333333333333144,9.64668367886131,-0.9942276868699592,-0.1072907575758998,30.87715,-20.09255,30,-21,30.5,-20.5
661,1031,34.36666666666667,-0.1711999999999989,-0.023900000000001143,0.03333333333333144,5.185806108986603,-0.9903956862367003,-0.1382620146089861,28.4023,-20.23735,28,-21,28.5,-20.5
661,1071,35.7,0.0007000000000019213,-0.007500000000000284,0.033333333333338544,0.2259778750231763,0.0929294516018464,-0.9956726957313735,26.62125,-20.22455,26,-21,26.5,-20.5
661,1111,37.03333333333333,-0.17579999999999885,-0.022800000000000153,0.03333333333333144,5.3181699860010925,-0.9916945140683553,-0.1286156707665461,26.2738,-20.1954,26,-21,26.5,-20.5
661,1152,38.4,0.6206999999999994,0.06639999999999802,0.06666666666666288,9.363622496128821,0.9943267153123416,0.10636908957102881,25.01115,-20.133200000000002,25,-21,25.5,-20.5
661,1192,39.73333333333333,-0.010400000000000631,-0.0045999999999999375,0.03333333333332433,0.34115685542001667,-0.9145353377582962,-0.4045060147776779,23.5368,-20.116,23,-21,23.5,-20.5
661,1232,41.06666666666667,-0.11110000000000042,-0.0023999999999979593,0.033333333333338544,3.3337775870619506,-0.999766754967255,-0.021597121619436208,22.69085,-20.070700000000002,22,-21,22.5,-20.5
661,1272,42.4,-0.06070000000000064,-0.006000000000000227,0.03333333333333144,1.829874585866598,-0.9951501671562523,-0.09836739708299302,20.68385,-20.306,20,-21,20.5,-20.5
661,1312,43.73333333333333,0.5461000000000027,0.059200000000000585,0.03333333333332433,16.478982523206625,0.9941754581590853,0.10777364424650822,21.90455,-20.1023,21,-21,21.5,-20.5
661,1352,45.06666666666667,-0.17510000000000048,-0.022000000000002018,0.033333333333338544,5.294299670399426,-0.9921992193545182,-0.12466238050143542,20.38925,-20.1184,20,-21,20.5,-20.5
661,1392,46.4,-0.22409999999999997,-0.028499999999997527,0.03333333333333144,6.777149400744024,-0.9920100033890801,-0.12615923737878773,17.54315,-20.333750000000002,17,-21,17.5,-20.5
661,1432,47.73333333333333,-0.29660000000000153,-0.030000000000001137,0.03333333333332433,8.94340002460161,-0.9949236280973373,-0.10063286865448784,16.534399999999998,-20.3444,16,-21,16.5,-20.5
661,1472,49.06666666666667,0.13589999999999947,0.01419999999999888,0.033333333333338544,4.099195652807339,0.9945853638889396,0.10392282683754146,13.05465,-20.604,13,-21,13.5,-20.5
661,1512,50.4,0.2309000000000001,0.028999999999999915,0.03333333333333144,6.981420270976786,0.9922049856814057,0.12461647719688465,15.618950000000002,-20.149900000000002,15,-21,15.5,-20.5
661,1552,51.73333333333333,-0.13440000000000119,-0.014299999999998647,0.03333333333332433,4.054758315856708,-0.9943872571229252,-0.10580162036351458,14.4585,-20.08335,14,-21,14.5,-20.5
661,1592,53.06666666666667,-0.013999999999999346,0.032399999999999096,0.033333333333338544,1.0588597640856794,-0.3966530925486463,0.9179685856125986,10.9689,-20.227400000000003,10,-21,10.5,-20.5
661,1636,54.53333333333333,-0.0743999999999998,-0.0017999999999993577,0.03333333333333144,2.232653130246734,-0.9997074645238149,-0.02418647091589018,7.8492999999999995,-20.432699999999997,7,-21,7.5,-20.5
661,1676,55.86666666666667,0.48999999999999844,0.06050000000000111,0.03333333333333144,14.811624657680996,0.9924637127756055,0.12253888698556209,10.0038,-20.09185,10,-21,10.5,-20.5
661,1716,57.2,-0.4672999999999998,-0.055800000000001404,0.03333333333334565,14.118591891539776,-0.9929460464393309,-0.11856706482199032,5.05265,-20.3746,5,-21,5.5,-20.5
661,1756,58.53333333333333,-0.19669999999999999,-0.03610000000000113,0.03333333333333144,5.999557483681955,-0.9835725411499624,-0.1805133133478127,0.5399499999999999,-20.685650000000003,0,-21,0.5,-20.5
661,1796,59.86666666666667,-0.15769999999999973,-0.02359999999999829,0.03333333333333144,4.7836832043941255,-0.9889868952138234,-0.14800311177580586,-3.04695,-20.7432,-4,-21,-3.5,-20.5
661,1836,61.2,-0.08680000000000021,0.03529999999999944,0.03333333333334565,2.811102452774384,-0.9263269637963772,0.3767205279033585,-2.0457,-20.04465,-3,-21,-2.5,-20.5
661,1880,62.66666666666666,-0.02540000000000031,-0.005400000000001626,0.03333333333332433,0.7790301662967601,-0.9781392723500034,-0.20795086892486395,-3.7395,-19.9638,-4,-20,-3.5,-19.5
661,1924,64.13333333333334,-0.17589999999999995,-0.041799999999998505,0.03333333333334565,5.423951050662066,-0.9729070101681541,-0.23119677671988287,-3.18895,-20.1943,-4,-21,-3.5,-20.5
661,1964,65.46666666666667,-0.11269999999999936,-0.02710000000000079,0.03333333333333144,3.47737400922036,-0.9722854058940312,-0.23379711179883908,-7.05505,-21.124450000000003,-8,-22,-7.5,-21.5
661,2009,66.96666666666667,0.23289999999999988,0.03230000000000288,0.03333333333333144,7.053873404024613,0.9905196194779928,0.13737133408820112,-6.076549999999999,-21.429949999999998,-7,-22,-6.5,-21.5
661,2052,68.4,-0.1791999999999998,-0.030999999999998806,0.03333333333334565,5.455847871777389,-0.9853647180684,-0.17045929832655837,-4.2714,-21.4136,-5,-22,-4.5,-21.5
661,2092,69.73333333333333,0.015400000000000524,0.011700000000001154,0.03333333333333144,0.5802111684551385,0.7962618183137636,0.6049521606669893,-5.047499999999999,-21.39015,-6,-22,-5.5,-21.5
661,2132,71.06666666666666,0.14569999999999972,0.0070000000000014495,0.03333333333333144,4.376041704554714,0.9988478847106904,0.04798857373353668,-5.74475,-21.2305,-6,-22,-5.5,-21.5
661,2172,72.4,-0.5129000000000001,-0.06449999999999889,0.03333333333334565,15.508191190458747,-0.9921853432823945,-0.12477277177171638,-7.18625,-21.568550000000002,-8,-22,-7.5,-21.5
661,2212,73.73333333333333,0.009999999999999787,-0.014299999999998647,0.03333333333333144,0.5234892549040453,0.5730776652808283,-0.8195010613515243,-7.6121,-22.06915,-8,-23,-7.5,-22.5
661,2252,75.06666666666666,-0.34299999999999997,-0.10219999999999985,0.03333333333333144,10.737059932775502,-0.9583629098120017,-0.2855530302705144,-10.0433,-23.340200000000003,-11,-24,-10.5,-23.5
661,2293,76.43333333333334,-0.27000000000000135,-0.06340000000000146,0.03333333333333144,8.320312734507562,-0.9735210993219836,-0.22859717665561063,-15.1887,-25.302,-16,-26,-15.5,-25.5
661,2333,77.76666666666667,0.3208000000000002,0.012299999999999756,0.03333333333333144,9.63107143572358,0.999265768531547,0.03831349424232474,-14.854800000000001,-26.414050000000003,-15,-27,-14.5,-26.5
661,2384,79.46666666666667,0.5602,0.047100000000000364,0.03333333333333144,16.865295876444993,0.996484148462118,0.08378151266077492,-15.555599999999998,-27.79375,-16,-28,-15.5,-27.5
661,2424,80.8,-0.14509999999999934,-0.03790000000000049,0.03333333333333144,4.499041898004747,-0.967539333636949,-0.25272047377560997,-18.17935,-29.08255,-19,-30,-18.5,-29.5
661,2464,82.13333333333334,-0.041999999999999815,-0.044700000000002404,0.03333333333334565,1.8400763571106709,-0.6847541924716696,-0.7287741048448907,-14.8244,-30.06725,-15,-31,-14.5,-30.5
661,2504,83.46666666666667,0.0002999999999993008,-0.030699999999999505,0.03333333333333144,0.9210439728916686,0.009771520432106556,-0.999952257554552,-19.20375,-31.68325,-20,-32,-19.5,-31.5
664,543,18.1,-0.1623000000000019,-9.999999999976694e-05,0.033333333333338544,4.869000924213625,-0.9999998101839896,-0.000616142828208039,74.90244999999999,-16.73135,74,-17,74.5,-16.5
664,583,19.433333333333334,1.6691999999999894,0.1805000000000021,0.03333333333333499,50.36792631228445,0.9942041228682456,0.10750889298928921,74.8138,-16.66235,74,-17,74.5,-16.5
664,623,20.766666666666666,-0.025199999999998113,0.00590000000000046,0.03333333333333499,0.7764438163832973,-0.9736699347048451,0.2279624053475978,73.01320000000001,-16.76695,73,-17,73.5,-16.5
664,663,22.1,0.24899999999999523,0.026700000000001722,0.033333333333338544,7.512822439002554,0.9943000863721263,0.10661772010497186,72.8116,-16.732950000000002,72,-17,72.5,-16.5
664,703,23.433333333333334,-0.20309999999999206,-0.015400000000003189,0.03333333333333499,6.110490405850702,-0.9971376428585018,-0.0756076794683639,70.07045,-16.826999999999998,70,-17,70.5,-16.5
664,743,24.766666666666666,0.38109999999998934,0.044899999999998386,0.03333333333333499,11.512076181122993,0.9931310234678999,0.11700756482211586,68.72325000000001,-16.80405,68,-17,68.5,-16.5
664,783,26.1,0.053999999999987836,0.015399999999999636,0.033333333333338544,1.6845901578716174,0.9616582362360223,0.2742506821858839,68.3555,-16.6744,68,-17,68.5,-16.5
704,581,19.366666666666667,0.11129999999999995,0.006999999999999673,0.033333333333338544,3.345597256095911,0.998028078219991,0.06276906152326696,96.87435,-13.929300000000001,96,-14,96.5,-13.5
712,589,19.633333333333333,0.04549999999999699,0.010500000000000398,0.03333333333333144,1.4008747267332593,0.9743911956946146,0.22485950669878063,-60.462450000000004,-31.10955,-61,-32,-60.5,-31.5
720,593,19.766666666666666,-0.017100000000006332,0.041100000000000136,0.03333333333333499,1.335461717908839,-0.38413680685917106,0.9232761849067915,-62.75975,-19.44755,-63,-20,-62.5,-19.5
720,633,21.1,-0.1390999999999991,0.051899999999999835,0.033333333333338544,4.454006960029761,-0.9369091780609695,0.3495728708940652,-62.21615,-17.852649999999997,-63,-18,-62.5,-17.5
720,673,22.433333333333334,-0.029699999999998283,0.023900000000001143,0.03333333333333499,1.1436651607878185,-0.7790741823298483,0.6269317494170148,-61.63605,-16.340249999999997,-62,-17,-61.5,-16.5
728,578,19.266666666666666,-0.10620000000000118,-0.004599999999996385,0.03333333333333499,3.188987300068657,-0.9990632449151755,-0.0432739258625814,-63.7091,-36.2579,-64,-37,-63.5,-36.5
728,618,20.6,0.1092000000000013,0.0730000000000004,0.033333333333338544,3.9405933563354965,0.8313468819949492,0.555753868000283,-63.1753,-34.916399999999996,-64,-35,-63.5,-34.5
728,658,21.933333333333334,0.013100000000001444,0.024500000000003297,0.03333333333333499,0.833471055286331,0.4715220732710536,0.881854259171076,-62.194649999999996,-33.27735,-63,-34,-62.5,-33.5
728,711,23.7,-0.02039999999999509,0.03129999999999811,0.03333333333333144,1.1208322800490071,-0.5460228179483986,0.8377703040092135,-60.2361,-31.190849999999998,-61,-32,-60.5,-31.5
728,751,25.03333333333333,0.12359999999999616,0.07749999999999702,0.03333333333333144,4.3766298678322,0.8472272300779947,0.5312306661087711,-57.0672,-29.257550000000002,-58,-30,-57.5,-29.5
728,791,26.366666666666667,-0.125,0.014800000000001035,0.033333333333338544,3.776193321321827,-0.9930635645228977,0.11757872603951931,-58.5121,-27.7287,-59,-28,-58.5,-27.5
728,831,27.7,0.10300000000000153,0.04279999999999973,0.03333333333333144,3.3461554058354097,0.9234478454322609,0.3837239590728148,-59.2534,-26.1458,-60,-27,-59.5,-26.5
728,871,29.03333333333333,0.00730000000000075,0.01880000000000237,0.03333333333333144,0.6050264457031045,0.36196764877861476,0.932190657128509,-59.31615,-24.5482,-60,-25,-59.5,-24.5
728,911,30.366666666666667,-0.10470000000000113,0.024699999999999278,0.033333333333338544,3.2272220252094406,-0.9732828963931286,0.22960924107840797,-59.10055,-22.84905,-60,-23,-59.5,-22.5
728,951,31.7,0.19319999999999737,0.040800000000000836,0.03333333333333144,5.923832543210783,0.9784206352427974,0.20662299129351705,-58.730599999999995,-20.984,-59,-21,-58.5,-20.5
728,991,33.03333333333333,-0.15489999999999782,-0.012699999999998823,0.03333333333333144,4.662592626425972,-0.9966558033962909,-0.08171419433913428,-57.62565,-19.071150000000003,-58,-20,-57.5,-19.5
728,1031,34.36666666666667,-0.11370000000000147,0.007999999999999119,0.03333333333333144,3.4194328477105116,-0.9975338460833001,0.07018707800057536,-57.249449999999996,-17.289,-58,-18,-57.5,-17.5
728,1071,35.7,-0.12180000000000035,0.03110000000000035,0.033333333333338544,3.7712338829613383,-0.9689136535679824,0.2473991348601355,-56.7987,-15.44915,-57,-16,-56.5,-15.5
728,1111,37.03333333333333,-0.0008999999999943498,0.008699999999999264,0.03333333333333144,0.26239283526801405,-0.10289915108487474,0.9946917938266164,-55.84065,-13.39535,-56,-14,-55.5,-13.5
728,1155,38.5,-0.005699999999997374,0.03960000000000008,0.03333333333333144,1.2002437252492273,-0.14247106350372568,0.9897989675000259,-55.73335,-11.1168,-56,-12,-55.5,-11.5
728,1215,40.5,-0.10990000000000322,0.015000000000000568,0.03333333333333144,3.327568030860062,-0.9908137022064497,0.13523389930024454,-54.41045,-8.0418,-55,-9,-54.5,-8.5
728,1255,41.833333333333336,0.07819999999999538,0.05009999999999959,0.033333333333338544,2.7861667215005075,0.8420170917611283,0.5394508477907247,-53.2267,-6.285550000000001,-54,-7,-53.5,-6.5
728,1301,43.36666666666667,-0.07849999999999824,0.00990000000000002,0.03333333333333144,2.373654144984141,-0.992141169755721,0.12512353605836787,-51.544250000000005,-4.18725,-52,-5,-51.5,-4.5
732,594,19.8,-0.4037000000000006,-0.06789999999999807,0.03333333333333499,12.281111106084222,-0.9861485573564651,-0.16586447125217235,26.29175,-16.752850000000002,26,-17,26.5,-16.5
732,634,21.133333333333333,-0.01980000000000004,-0.015100000000000335,0.03333333333333144,0.7470240959969592,-0.7951550735552885,-0.6064061419537928,27.078899999999997,-16.712249999999997,27,-17,27.5,-16.5
732,682,22.73333333333333,0.2413000000000025,0.031200000000001893,0.03333333333333144,7.299261400991695,0.9917441782557587,0.1282321523480366,28.65605,-16.4413,28,-17,28.5,-16.5
732,722,24.066666666666663,-0.5370999999999988,-0.07519999999999882,0.03333333333333144,16.27016610241053,-0.9903402275416004,-0.13865869504957615,31.888350000000003,-16.1216,31,-17,31.5,-16.5
759,603,20.1,0.29949999999999477,0.03920000000000101,0.033333333333338544,9.061633462018401,0.9915430852129289,0.1297779263450701,74.96885,-16.1809,74,-17,74.5,-16.5
759,643,21.433333333333334,-0.018100000000004002,-0.006800000000001916,0.03333333333333499,0.5800560317763451,-0.9361164616066954,-0.3516901623715975,72.58985,-16.355600000000003,72,-17,72.5,-16.5
759,683,22.766666666666666,-0.06510000000000105,-0.00590000000000046,0.03333333333333499,1.9610043345183472,-0.9959182474115342,-0.09025987188522912,73.45105,-16.04555,73,-17,73.5,-16.5
761,605,20.166666666666668,0.09159999999999968,0.044899999999998386,0.03333333333333499,3.0603779178393777,0.8979283192384089,0.44014171980134553,-48.2191,-34.43815,-49,-35,-48.5,-34.5
761,645,21.5,-0.0016999999999995907,0.003299999999995862,0.03333333333333499,0.11136426715950198,-0.45795658967467723,0.8889745564264139,-47.48185,-32.80415,-48,-33,-47.5,-32.5
773,638,21.266666666666666,0.07939999999999969,0.0018999999999991246,0.03333333333333499,2.3826818923220507,0.9997138131093471,0.02392262273182483,-3.435,-15.08245,-4,-16,-3.5,-15.5
773,678,22.6,-0.008500000000000618,-0.00590000000000046,0.033333333333338544,0.3104094070739226,-0.8214957220650583,-0.5702146776686905,-5.62515,-15.99445,-6,-16,-5.5,-15.5
773,718,23.933333333333334,0.24179999999999957,0.01279999999999859,0.03333333333333499,7.264156661305877,0.9986018113623083,0.052862296052258735,-5.5716,-16.5263,-6,-17,-5.5,-16.5
773,758,25.266666666666666,-0.4347000000000003,-0.09819999999999851,0.03333333333333499,13.369614691530277,-0.9754207806946676,-0.22035040410447398,-8.15065,-17.5485,-9,-18,-8.5,-17.5
773,798,26.6,0.16269999999999918,0.0843999999999987,0.033333333333338544,5.498653016875144,0.8876719416590974,0.4604764098096315,-8.79975,-18.411,-9,-19,-8.5,-18.5
773,862,28.73333333333333,0.15859999999999985,-0.009700000000002262,0.03333333333333144,4.766890495910577,0.9981349485754,-0.061046084496744306,-10.5366,-20.29365,-11,-21,-10.5,-20.5
773,902,30.066666666666663,0.23179999999999978,0.019400000000000972,0.03333333333333144,6.978312116837817,0.9965160462257391,0.08340125667290908,-11.1191,-21.276899999999998,-12,-22,-11.5,-21.5
773,942,31.4,0.03190000000000026,-0.024499999999999744,0.03333333333333144,1.2066789133817535,0.793085873455799,-0.609109840114944,-11.84005,-22.63015,-12,-23,-11.5,-22.5
773,982,32.733333333333334,-0.014099999999999113,-0.03480000000000061,0.03333333333333144,1.126439079577835,-0.3755196420906568,-0.9268144357982913,-13.90165,-23.9326,-14,-24,-13.5,-23.5
773,1066,35.53333333333333,-0.2745999999999995,-0.06980000000000075,0.03333333333333144,8.499969411710142,-0.9691799583009344,-0.24635382771087425,-18.342,-27.0933,-19,-28,-18.5,-27.5
773,1106,36.86666666666667,0.10639999999999716,0.04279999999999973,0.03333333333333144,3.440569720264477,0.9277533256192021,0.37319400692201743,-18.761400000000002,-28.4353,-19,-29,-18.5,-28.5
773,1146,38.2,0.7191999999999972,0.027699999999999392,0.03333333333334565,21.5919970590877,0.999259120911698,0.03848648171475742,-19.461100000000002,-29.513849999999998,-20,-30,-19.5,-29.5
773,1186,39.53333333333333,0.004000000000001336,0.004999999999999005,0.03333333333333144,0.1920937271229981,0.6246950475546272,0.780868809442868,-21.3423,-30.561300000000003,-22,-31,-21.5,-30.5
773,1226,40.86666666666667,0.14790000000000347,-0.05480000000000018,0.03333333333333144,4.731776093604123,0.9377028651033993,-0.3474382488685953,-22.428350000000002,-31.7506,-23,-32,-22.5,-31.5
773,1266,42.2,-0.18719999999999715,-0.03609999999999758,0.03333333333334565,5.719470692290915,-0.9819090440602241,-0.18935318638126203,-22.9329,-33.018249999999995,-23,-34,-22.5,-33.5
804,639,21.3,-0.0385000000000133,-0.048500000000000654,0.03333333333333499,1.8577001910966784,-0.6217364920000878,-0.7832264899219284,-64.29515,-27.22565,-65,-28,-64.5,-27.5
809,623,20.766666666666666,-0.06980000000000075,-0.03989999999999938,0.03333333333333499,2.411979477524523,-0.8681665907659566,-0.4962728792487215,-63.4349,-27.491149999999998,-64,-28,-63.5,-27.5
813,624,20.8,-0.13359999999999994,-0.03420000000000023,0.03333333333333499,4.13723820924035,-0.968762202536005,-0.24799152190667373,-1.6891,-15.295300000000001,-2,-16,-1.5,-15.5
813,664,22.133333333333333,0.13129999999999997,-0.01010000000000133,0.03333333333333144,3.9506366575530323,0.9970544855015807,-0.0766964988847471,-3.3885500000000004,-16.08955,-4,-17,-3.5,-16.5
813,704,23.466666666666665,-0.16270000000000007,-0.025300000000001432,0.03333333333333144,4.939660109764928,-0.9881246667865494,-0.1536542966791709,-6.05345,-17.05225,-7,-18,-6.5,-17.5
813,744,24.8,-0.011700000000000266,-0.0257000000000005,0.03333333333333499,0.8471375331077932,-0.4143364994256817,-0.9101237636957251,-7.00675,-17.83885,-8,-18,-7.5,-17.5
813,784,26.133333333333333,0.22419999999999973,0.013400000000000745,0.03333333333333144,6.738002671415698,0.998218660335912,0.05966159700491517,-7.5286,-18.683799999999998,-8,-19,-7.5,-18.5
813,824,27.466666666666665,-0.11969999999999992,-0.025499999999997414,0.03333333333333144,3.67158085843161,-0.9780528166099466,-0.2083571163203937,-9.15145,-19.81575,-10,-20,-9.5,-19.5
813,864,28.8,0.07569999999999943,-0.01810000000000045,0.03333333333333499,2.3350139185879373,0.9725852089880567,-0.23254679369464193,-11.069749999999999,-20.97005,-12,-21,-11.5,-20.5
813,904,30.133333333333333,0.23569999999999958,-0.023399999999998755,0.03333333333333144,7.1057613948123475,0.9951079985830461,-0.09879307240917302,-11.859549999999999,-21.956899999999997,-12,-22,-11.5,-21.5
813,944,31.466666666666665,-0.47140000000000093,-0.10800000000000054,0.03333333333333144,14.508403220203967,-0.9747454482314847,-0.2233188553436586,-13.148900000000001,-23.230800000000002,-14,-24,-13.5,-23.5
813,984,32.8,-0.008300000000000196,-0.01869999999999905,0.03333333333333144,0.6137768324073611,-0.4056849116044181,-0.9140129936147053,-15.249849999999999,-24.515549999999998,-16,-25,-15.5,-24.5
813,1024,34.13333333333333,-0.2680000000000007,-0.03889999999999816,0.03333333333333144,8.12425313490463,-0.9896294301143608,-0.14364397325166683,-15.874500000000001,-25.61955,-16,-26,-15.5,-25.5
823,646,21.53333333333333,0.059600000000003206,0.027499999999999858,0.03333333333333144,1.9691543870404822,0.9080039695046216,0.4189615631103292,-65.6585,-25.514449999999997,-66,-26,-65.5,-25.5
823,686,22.866666666666667,0.04609999999999559,0.02979999999999805,0.033333333333338544,1.6467923366346715,0.8398144497234563,0.542873548845114,-65.79955,-24.5711,-66,-25,-65.5,-24.5
831,660,22.0,0.06940000000000168,0.0026999999999999247,0.03333333333333499,2.0835750526438392,0.9992440624387906,0.03887548946087311,-34.5541,-4.49245,-35,-5,-34.5,-4.5
831,700,23.33333333333333,-0.03939999999999344,-0.041999999999999815,0.033333333333327886,1.727635378197754,-0.6841721435648319,-0.729320559130142,-33.324799999999996,-4.6504,-34,-5,-33.5,-4.5
831,741,24.7,-0.1264000000000003,-0.04499999999999993,0.03333333333333144,4.025141488196645,-0.9420786849654635,-0.3353919368943489,-31.469700000000003,-4.5182,-32,-5,-31.5,-4.5
831,781,26.03333333333333,0.15960000000000107,0.042300000000000004,0.03333333333333144,4.953312527996099,0.9666258635889724,0.256192193169256,-29.729100000000003,-4.697850000000001,-30,-5,-29.5,-4.5
831,821,27.366666666666667,0.00420000000000087,-0.013099999999999667,0.033333333333338544,0.4127044947658621,0.3053031929576862,-0.9522551970820856,-28.021700000000003,-4.79835,-29,-5,-28.5,-4.5
831,861,28.7,-0.16410000000000124,-0.044299999999999784,0.03333333333333144,5.099232295160057,-0.965439445595171,-0.26062746764086253,-27.39615,-5.20095,-28,-6,-27.5,-5.5
832,652,21.73333333333333,0.11879999999999313,0.01869999999999905,0.03333333333333144,3.6078826200418415,0.9878370155952203,0.1554928635659154,64.509,-16.822049999999997,64,-17,64.5,-16.5
832,692,23.066666666666663,0.12579999999999814,0.01559999999999917,0.03333333333333144,3.802906782975517,0.9923987663582065,0.12306375799036111,60.216,-17.2139,60,-18,60.5,-17.5
832,732,24.4,0.34830000000000183,0.04870000000000019,0.03333333333333144,10.550645572665866,0.9903659380873758,0.13847493880234032,60.91875,-16.981949999999998,60,-17,60.5,-16.5
832,772,25.73333333333333,-0.3462999999999994,-0.051600000000000534,0.03333333333333144,10.503695778154096,-0.9890804360126202,-0.1473766979447064,60.30015,-17.0013,60,-18,60.5,-17.5
832,812,27.066666666666663,-0.04279999999999973,0.001300000000000523,0.03333333333333144,1.2845921531755393,-0.9995390341019827,0.03035983047507263,57.7213,-17.17975,57,-18,57.5,-17.5
832,852,28.4,0.05359999999999587,0.016500000000000625,0.03333333333333144,1.6824651556570027,0.9557404470418548,0.2942111450782167,58.087,-17.13945,58,-18,58.5,-17.5
832,892,29.73333333333333,-0.3421999999999983,-0.04469999999999885,0.03333333333333144,10.353213848849595,-0.9915761569187762,-0.12952499770388187,56.4384,-17.24895,56,-18,56.5,-17.5
834,711,23.7,0.08259999999999934,0.01410000000000089,0.03333333333333144,2.513844267252974,0.9857412538557839,0.16826818013762157,48.0326,-13.212150000000001,48,-14,48.5,-13.5
847,683,22.766666666666666,-0.15140000000000242,0.06460000000000043,0.03333333333333499,4.938178611593377,-0.9197723203726532,0.39245239033073215,-34.497299999999996,-12.6648,-35,-13,-34.5,-12.5
847,723,24.1,-0.44019999999999726,-0.08220000000000027,0.033333333333338544,13.434269313957548,-0.9830084310039449,-0.18356041124153802,-34.3468,-10.8203,-35,-11,-34.5,-10.5
849,690,23.0,-0.2027000000000001,-0.04330000000000034,0.03333333333333499,6.218196040653288,-0.9779363597164471,-0.20890303096064367,-50.39975,-4.81975,-51,-5,-50.5,-4.5
849,730,24.33333333333333,0.42730000000000246,0.11439999999999984,0.033333333333327886,13.270470413668816,0.9659793210343451,0.25861931740306177,-50.87655,-3.8645,-51,-4,-50.5,-3.5
856,674,22.466666666666665,-0.41969999999999885,-0.046100000000002694,0.03333333333333144,12.666726885822461,-0.9940215900678699,-0.10918369145135004,-63.838449999999995,-33.914249999999996,-64,-34,-63.5,-33.5
856,714,23.8,0.4818000000000069,0.04590000000000316,0.03333333333333499,14.519443687689458,0.9954926862834657,0.09483834433460682,-65.9651,-34.27695,-66,-35,-65.5,-34.5
856,754,25.133333333333333,-0.1373000000000104,-0.00549999999999784,0.03333333333333144,4.122303482278383,-0.9991986319561289,-0.04002616515481525,-64.95465,-34.13695,-65,-35,-64.5,-34.5
856,794,26.466666666666665,-0.0007000000000090267,-0.008099999999998886,0.03333333333333144,0.24390571949013803,-0.08609884197947683,-0.9962866000352474,-65.49255,-34.17945,-66,-35,-65.5,-34.5
863,681,22.7,0.042499999999996874,0.12750000000000128,0.03333333333333144,4.03190401671492,0.3162277660168141,0.9486832980505217,-63.83615,-26.576549999999997,-64,-27,-63.5,-26.5
865,691,23.03333333333333,-0.43439999999999657,-0.3761999999999972,0.23333333333333073,2.462812478879074,-0.7559301821312978,-0.6546522433650883,-65.9488,-29.0382,-66,-30,-65.5,-29.5
878,721,24.03333333333333,-0.20219999999999771,0.005500000000004945,0.03333333333333144,6.068243650349201,-0.9996302636350477,0.027190734174074027,-63.757999999999996,-35.409549999999996,-64,-36,-63.5,-35.5
878,761,25.366666666666667,0.12110000000000554,0.032399999999995543,0.033333333333338544,3.760780902950413,0.9660227739269341,0.258456960158769,-63.78715,-34.387,-64,-35,-63.5,-34.5
878,833,27.766666666666666,0.26440000000000197,0.049399999999998556,0.03333333333333499,8.069259445574565,0.9829898336395445,0.18365997648181437,-62.0342,-32.413799999999995,-63,-33,-62.5,-32.5
878,875,29.166666666666668,-0.14939999999999998,0.002300000000001745,0.03333333333333499,4.482531093031927,-0.9998815193868982,0.015393088986556967,-58.6185,-30.83665,-59,-31,-58.5,-30.5
878,915,30.5,-0.005899999999996908,0.024200000000000443,0.03333333333333499,0.7472650132315382,-0.2368637589955726,0.9715428758806722,-57.95075,-29.5407,-58,-30,-57.5,-29.5
880,705,23.5,-0.4711999999999996,-0.054999999999999716,0.03333333333333499,14.231970910593498,-0.9932566675974037,-0.11593615602261666,-5.8056,-15.7064,-6,-16,-5.5,-15.5
880,749,24.966666666666665,0.12590000000000057,0.0030000000000001137,0.03333333333333144,3.778072127421835,0.9997162236756091,0.023821673320309194,-6.23875,-16.6143,-7,-17,-6.5,-16.5
880,789,26.3,-0.26530000000000076,-0.05559999999999832,0.03333333333333499,8.131906603004833,-0.9787372615738952,-0.20511794852433762,-7.26965,-17.6539,-8,-18,-7.5,-17.5
880,831,27.7,0.059200000000000585,0.01010000000000133,0.03333333333333144,1.8016617329566769,0.9857566309551099,0.1681780738622943,-10.9876,-19.17315,-11,-20,-10.5,-19.5
880,871,29.03333333333333,0.013799999999999812,-0.010099999999997777,0.03333333333333144,0.5130350865194162,0.8069623518514454,-0.5906028807027475,-11.518,-19.94815,-12,-20,-11.5,-19.5
880,911,30.366666666666667,-0.2665999999999986,-0.06320000000000192,0.033333333333338544,8.219660576932506,-0.9730328795381329,-0.23066645906531202,-13.338799999999999,-20.9372,-14,-21,-13.5,-20.5
880,951,31.7,0.12289999999999957,-0.012899999999998357,0.03333333333333144,3.7072547794832533,0.9945364479411689,-0.10438991194824647,-15.066949999999999,-22.303150000000002,-16,-23,-15.5,-22.5
880,991,33.03333333333333,-0.0810000000000013,-0.03730000000000189,0.03333333333333144,2.675268397750239,-0.908320078106436,-0.4182757890539659,-15.8006,-23.64125,-16,-24,-15.5,-23.5
880,1031,34.36666666666667,-0.3111999999999995,-0.06429999999999936,0.03333333333333144,9.53320182310277,-0.9793142087242551,-0.2023454486534996,-17.1668,-25.16675,-18,-26,-17.5,-25.5
880,1072,35.733333333333334,0.031100000000002126,0.015399999999999636,0.03333333333333144,1.0411210304283707,0.8961494127308453,0.4437524423168408,-19.18045,-26.5355,-20,-27,-19.5,-26.5
880,1112,37.06666666666667,-0.0034999999999989484,-0.03849999999999909,0.033333333333338544,1.159762906804451,-0.09053574604249366,-0.9958932064677061,-20.21085,-27.49005,-21,-28,-20.5,-27.5
880,1152,38.4,-0.06909999999999883,-0.011599999999997834,0.03333333333333144,2.1020068981809525,-0.9862003791681311,-0.16555606944064225,-21.83785,-28.726100000000002,-22,-29,-21.5,-28.5
880,1192,39.73333333333333,0.00039999999999906777,-0.03860000000000241,0.03333333333332433,1.1580621744970738,0.010362137944093255,-0.999946311607392,-22.9419,-29.9846,-23,-30,-22.5,-29.5
880,1232,41.06666666666667,-0.15770000000000195,-0.049399999999998556,0.033333333333338544,4.957689482005982,-0.9542751753958298,-0.29892957301554873,-23.99855,-31.3769,-24,-32,-23.5,-31.5
880,1272,42.4,-0.005500000000001393,-0.01010000000000133,0.03333333333333144,0.34501304323177623,-0.4782427888942327,-0.8782276668783934,-25.77865,-32.67725,-26,-33,-25.5,-32.5
886,720,24.0,-0.20069999999999766,-0.08930000000000149,0.03333333333333499,6.590104855007625,-0.9136425189690952,-0.40651856972567274,66.77535,23.74455,66,23,66.5,23.5
886,764,25.466666666666665,0.4253999999999962,0.1205999999999996,0.03333333333333144,13.264937542258426,0.962085193341047,0.27274911687101766,65.7979,22.988999999999997,65,22,65.5,22.5
898,707,23.566666666666663,-0.1383999999999972,0.13780000000000037,0.03333333333333144,5.8591006135757135,-0.708641184686237,0.7055690408220066,-60.1131,-6.6388,-61,-7,-60.5,-6.5
900,734,24.466666666666665,0.18840000000000146,0.0802999999999976,0.03333333333333144,6.143971435480836,0.9199261518959245,0.3920916666520168,-44.9921,-28.76545,-45,-29,-44.5,-28.5
900,774,25.8,-0.049699999999994304,0.03819999999999979,0.03333333333333499,1.8805310420195473,-0.7928611475610285,0.609402330721018,-44.217349999999996,-27.0253,-45,-28,-44.5,-27.5
900,814,27.133333333333333,0.003700000000002035,0.015999999999998238,0.03333333333333144,0.49266723049132305,0.225304207648173,0.9742884655049698,-43.69045,-25.2531,-44,-26,-43.5,-25.5
900,854,28.466666666666665,0.051400000000001,0.08370000000000033,0.03333333333333144,2.946673548257616,0.5233019453111495,0.8521473311778702,-42.0859,-23.10875,-43,-24,-42.5,-23.5
900,894,29.8,-0.051499999999997215,0.03900000000000148,0.03333333333333499,1.9380208977200093,-0.7972050259197202,0.6037086604052806,-41.28305,-21.3128,-42,-22,-41.5,-21.5
900,934,31.133333333333333,0.17379999999999995,0.0840999999999994,0.03333333333333144,5.792350559142955,0.9001527008358013,0.4355744657093807,-40.4287,-19.35705,-41,-20,-40.5,-19.5
900,974,32.46666666666667,0.2179000000000002,0.06409999999999982,0.033333333333338544,6.813978133218916,0.9593514790031932,0.2822139963474275,-38.78475,-17.262549999999997,-39,-18,-38.5,-17.5
900,1014,33.8,-0.12279999999999802,0.014700000000001268,0.03333333333333144,3.710301470231383,-0.9929112309492218,0.11885826624556234,-38.757,-15.36275,-39,-16,-38.5,-15.5
922,746,24.866666666666667,0.06520000000000437,0.15869999999999607,0.033333333333338544,5.147140662541787,0.38001681481809424,0.9249795783991722,-68.3674,-33.66845,-69,-34,-68.5,-33.5
924,778,25.933333333333334,0.041100000000000136,0.010699999999999932,0.03333333333333499,1.2740996821284618,0.9677421769230335,0.2519426105371377,-59.88215,-12.36495,-60,-13,-59.5,-12.5
924,833,27.766666666666666,0.009199999999999875,0.05109999999999992,0.03333333333333499,1.5576472643059307,0.17719030895160007,0.9841766073290079,-58.0543,-9.95375,-59,-10,-58.5,-9.5
936,784,26.133333333333333,0.06929999999999836,-0.18510000000000026,0.03333333333333144,5.929422400200873,0.3506243710904519,-0.9365161773282002,-75.41915,-15.42775,-76,-16,-75.5,-15.5
936,824,27.466666666666665,-0.19129999999999825,-0.20390000000000086,0.03333333333333144,8.387717806412404,-0.6842147211501098,-0.7292806149634566,-80.24905000000001,-23.996850000000002,-81,-24,-80.5,-23.5
936,864,28.8,0.007699999999999818,-0.18030000000000257,0.03333333333333499,5.413930365270495,0.042667708007811,-0.9990893186764435,-85.80435,-31.97155,-86,-32,-85.5,-31.5
944,774,25.8,-0.10330000000000439,0.176499999999999,0.03333333333333499,6.135211976777717,-0.5051170215030789,0.8630508644268067,-56.98055,-13.608550000000001,-57,-14,-56.5,-13.5
944,817,27.23333333333333,-0.15270000000000294,0.08399999999999963,0.03333333333333144,5.228380341941839,-0.8761795623879477,0.48198482803265136,-56.97125,-7.8914,-57,-8,-56.5,-7.5
944,857,28.566666666666663,-0.17860000000000298,-0.009399999999999853,0.03333333333333144,5.3654159205046,-0.9986178293325098,-0.05255883312276197,-55.7956,-3.4423000000000004,-56,-4,-55.5,-3.5
950,811,27.03333333333333,-0.04259999999999309,-0.16870000000000118,0.03333333333333144,5.219866377600382,-0.2448338535032334,-0.969565048967194,-71.0227,-15.14265,-72,-16,-71.5,-15.5
950,851,28.366666666666667,0.1822999999999979,-0.11359999999999815,0.033333333333338544,6.443944832164996,0.8487037276763343,-0.5288685872958372,-74.42815,-22.1416,-75,-23,-74.5,-22.5
950,891,29.7,-0.23349999999999227,-0.15979999999999706,0.03333333333333144,8.488372105415978,-0.8252465741376546,-0.5647726019151997,-77.99905,-28.006,-78,-29,-77.5,-28.5
950,931,31.03333333333333,0.07040000000000646,-0.10470000000000113,0.03333333333333144,3.7850264199874033,0.5579881791174769,-0.8298488970681123,-82.8582,-33.217749999999995,-83,-34,-82.5,-33.5
950,973,32.43333333333333,0.48799999999999955,-0.24990000000000379,0.09999999999999432,5.482645438107736,0.8900812673534004,-0.455801862113972,-84.7621,-37.371449999999996,-85,-38,-84.5,-37.5
965,795,26.5,0.16550000000000153,0.04420000000000357,0.03333333333333499,5.139017513104827,0.9661379801370065,0.2580259741514123,-63.40615,-35.6355,-64,-36,-63.5,-35.5
965,835,27.83333333333333,-0.1670000000000016,0.01899999999999835,0.033333333333327886,5.042320894192349,-0.9935900759055797,0.11304318228864789,-60.949,-34.0497,-61,-35,-60.5,-34.5
965,877,29.23333333333333,-0.09259999999999735,0.017499999999998295,0.03333333333333144,2.8271733233037577,-0.9826068947034996,0.18569784727116695,-61.9143,-32.69635,-62,-33,-61.5,-32.5
967,804,26.8,-0.0020999999999986585,0.025200000000001666,0.03333333333333499,0.7586204584639233,-0.08304547985368183,0.9965457582448843,-56.84915,-28.810499999999998,-57,-29,-56.5,-28.5
969,792,26.4,-0.356899999999996,-0.041100000000000136,0.03333333333333144,10.77776127032004,-0.9934345112547245,-0.11440223707640731,49.80155,-19.29035,49,-20,49.5,-19.5
969,832,27.73333333333333,0.08310000000000173,0.008800000000000807,0.03333333333333144,2.5069393690316857,0.9944396864145636,0.10530769242417305,47.98265,-19.3599,47,-20,47.5,-19.5
969,885,29.5,-0.02719999999999345,-0.003600000000002268,0.03333333333333499,0.8231160307026141,-0.9913547659899457,-0.1312087190281953,47.5182,-19.1991,47,-20,47.5,-19.5
983,818,27.266666666666666,0.0818000000000012,0.0595999999999961,0.03333333333333499,3.036290499935545,0.8082230603600044,0.5888764596265574,-62.2937,-35.2191,-63,-36,-62.5,-35.5
983,858,28.6,-0.2807999999999993,0.001999999999995339,0.033333333333338544,8.424213672502463,-0.9999746359111833,0.007122326466587289,-62.146,-33.7988,-63,-34,-62.5,-33.5
983,910,30.33333333333333,-0.016899999999999693,0.02459999999999951,0.033333333333327886,0.8953731065875449,-0.5662443916060392,0.824237398432458,-61.73845,-32.4611,-62,-33,-61.5,-32.5
983,950,31.666666666666668,0.3018999999999963,0.05779999999999674,0.03333333333333499,9.221496895840133,0.9821615842092948,0.18803888561541815,-59.94445,-31.3803,-60,-32,-59.5,-31.5
983,991,33.03333333333333,0.016399999999997306,0.015799999999998704,0.03333333333333144,0.6831837234594634,0.7201576722416453,0.6938104403304227,-58.150800000000004,-30.3328,-59,-31,-58.5,-30.5
983,1031,34.36666666666667,-0.19750000000000512,-0.00140000000000029,0.03333333333333144,5.9251488588900285,-0.9999748767679795,-0.007088429506204683,-57.46085,-29.453200000000002,-58,-30,-57.5,-29.5
983,1076,35.86666666666667,0.18019999999999925,0.050900000000002166,0.03333333333333144,5.617523030660715,0.9623458543016331,0.27182799103193905,-55.4998,-27.97705,-56,-28,-55.5,-27.5
1013,835,27.83333333333333,0.1858000000000004,0.04169999999999874,0.033333333333327886,5.712659363204733,0.9757277032660279,0.21898732629812723,-37.9595,-16.88525,-38,-17,-37.5,-16.5
1013,875,29.166666666666668,-0.1180000000000021,0.010699999999999932,0.03333333333333499,3.554524018768081,-0.9959139342731949,0.09030744997222818,-36.745000000000005,-15.76285,-37,-16,-36.5,-15.5
1013,915,30.5,-0.005099999999998772,0.009999999999999787,0.03333333333333499,0.33676252760658154,-0.45432608279593334,0.8908354564628098,-35.95375,-14.723099999999999,-36,-15,-35.5,-14.5
1013,955,31.83333333333333,0.1810000000000045,0.06450000000000067,0.033333333333327886,5.7644709210830785,0.9419771691693757,0.3356769470244412,-33.836600000000004,-13.507349999999999,-34,-14,-33.5,-13.5
1013,995,33.166666666666664,-0.10960000000000036,0.009599999999998943,0.03333333333333144,3.300589038338656,-0.9961858207149611,0.08725715217940275,-32.5869,-12.5098,-33,-13,-32.5,-12.5
1013,1035,34.5,0.16799999999999926,0.041999999999999815,0.03333333333333144,5.195113088278524,0.9701425001453319,0.24253562503633297,-32.025800000000004,-11.750900000000001,-33,-12,-32.5,-11.5
1013,1075,35.833333333333336,0.1136000000000017,0.04579999999999984,0.033333333333338544,3.6745530340432038,0.9274597395726276,0.37392302880656303,-29.9336,-10.7282,-30,-11,-29.5,-10.5
1013,1115,37.16666666666666,-0.0023999999999979593,0.01609999999999978,0.03333333333332433,0.48833697382044866,-0.147439173889854,0.9890711248452649,-28.302799999999998,-9.94005,-29,-10,-28.5,-9.5
1013,1155,38.5,0.057800000000000296,0.02800000000000047,0.03333333333333144,1.9267475184882104,0.899962233432983,0.43596786394677883,-27.1442,-9.2412,-28,-10,-27.5,-9.5
1013,1195,39.833333333333336,0.057399999999997675,0.013299999999999201,0.033333333333338544,1.7676212829672435,0.9741905783737795,0.2257270852329445,-25.224800000000002,-8.289850000000001,-26,-9,-25.5,-8.5
1013,1235,41.16666666666666,0.017499999999998295,0.02259999999999973,0.03333333333332433,0.8575016034972369,0.6122437530832936,0.7906690754104925,-24.01435,-7.6411,-25,-8,-24.5,-7.5
1013,1322,44.06666666666667,-0.4873000000000012,-0.08790000000000031,0.033333333333338544,14.854929484852228,-0.9841177647396403,-0.17751683053686534,-20.82915,-6.025650000000001,-21,-7,-20.5,-6.5
1013,1362,45.4,0.28440000000000154,0.08379999999999921,0.03333333333333144,8.894673687101156,0.9592257456699547,0.2826410600813678,-18.8774,-5.4536999999999995,-19,-6,-18.5,-5.5
1013,1402,46.73333333333333,0.03130000000000166,0.007200000000000095,0.03333333333332433,0.9635232223462993,0.97454838474336,0.22417726422210585,-17.12285,-4.7925,-18,-5,-17.5,-4.5
1013,1442,48.06666666666667,0.12729999999999997,0.02939999999999987,0.033333333333338544,3.919526119315342,0.9743524813317229,0.2250272030726829,-15.32565,-4.0281,-16,-5,-15.5,-4.5
1013,1482,49.4,-0.21979999999999933,-0.04500000000000037,0.03333333333333144,6.730775289667967,-0.9796791181132478,-0.20057124802136786,-14.3641,-3.4292,-15,-4,-14.5,-3.5
1013,1522,50.73333333333333,-0.29579999999999984,-0.06230000000000002,0.03333333333332433,9.068684413962387,-0.9785322319012166,-0.20609384059312322,-13.8671,-2.96485,-14,-3,-13.5,-2.5
1013,1562,52.06666666666667,0.21669999999999945,0.026899999999999924,0.033333333333338544,6.550896885159037,0.992383197898732,0.12318923868701377,-11.98035,-2.30905,-12,-3,-11.5,-2.5
1013,1602,53.4,-0.2353000000000005,-0.06340000000000012,0.03333333333333144,7.310751329378282,-0.9655642329993906,-0.2601647784622242,-9.984549999999999,-1.8088,-10,-2,-9.5,-1.5
1013,1652,55.06666666666667,1.326600000000001,0.37850000000000006,0.23333333333333428,5.912313040578593,0.9616250919745215,0.2743668757065854,-10.306000000000001,-2.15585,-11,-3,-10.5,-2.5
1013,1696,56.53333333333333,-0.41250000000000053,-0.0849000000000002,0.03333333333333144,12.634390923191296,-0.979469455649465,-0.20159262250821736,-5.94225,-1.43645,-6,-2,-5.5,-1.5
1016,813,27.1,0.03350000000000364,0.00560000000000116,0.033333333333338544,1.0189450426789006,0.9863142347282188,0.16487640938741996,-60.96465,-31.1298,-61,-32,-60.5,-31.5
1016,853,28.433333333333334,0.052099999999995816,0.01770000000000138,0.03333333333333499,1.6507361993969178,0.9468502602480185,0.3216746565526407,-58.06485,-30.146050000000002,-59,-31,-58.5,-30.5
1016,893,29.766666666666666,-0.19380000000000308,-0.009599999999998943,0.03333333333333499,5.821128756521168,-0.9987753652565442,-0.04947494069381639,-57.494600000000005,-29.2116,-58,-30,-57.5,-29.5
1016,933,31.1,-0.004300000000000637,0.011599999999997834,0.033333333333338544,0.371140135258795,-0.34757760679816424,0.9376512183389198,-57.22305,-28.400100000000002,-58,-29,-57.5,-28.5
1016,973,32.43333333333333,0.4703000000000017,0.05480000000000018,0.03333333333333144,14.204457645402178,0.9932797402206889,0.11573831546692268,-55.795550000000006,-27.6402,-56,-28,-55.5,-27.5
1016,1018,33.93333333333333,-0.3415999999999997,-0.04540000000000077,0.03333333333333144,10.338111432946155,-0.9912835691963612,-0.13174553290841803,-57.1444,-27.4692,-58,-28,-57.5,-27.5
1016,1058,35.266666666666666,0.07600000000000051,0.01180000000000092,0.03333333333333144,2.3073179234775374,0.9881603123698621,0.15342489060480533,-56.522400000000005,-27.1174,-57,-28,-56.5,-27.5
1016,1098,36.6,-0.12810000000000343,-0.02319999999999922,0.03333333333333144,3.90551725127447,-0.9839925809433443,-0.17820942917942398,-54.90865,-26.630899999999997,-55,-27,-54.5,-26.5
1016,1144,38.13333333333333,-0.12120000000000175,0.0004999999999988347,0.03333333333333144,3.6360309404626747,-0.9999914905942985,0.0041253774364354515,-54.3635,-26.06555,-55,-27,-54.5,-26.5
1016,1184,39.46666666666667,-0.17009999999999792,-0.008499999999997954,0.033333333333338544,5.109367279809817,-0.9987538026800622,-0.0499083322914673,-53.450050000000005,-25.55415,-54,-26,-53.5,-25.5
1016,1224,40.8,0.16150000000000375,0.024699999999999278,0.03333333333333144,4.901337164489277,0.9885057561644487,0.15118323329573127,-53.06745,-25.08195,-54,-26,-53.5,-25.5
1016,1264,42.13333333333333,0.3826000000000036,0.06969999999999743,0.03333333333333144,11.666908973674973,0.9838081385480538,0.17922484907683267,-51.032399999999996,-24.23405,-52,-25,-51.5,-24.5
1016,1304,43.46666666666667,0.11959999999999837,0.04420000000000002,0.033333333333338544,3.825182348593996,0.9379944988291118,0.34665014087163315,-50.182100000000005,-23.628,-51,-24,-50.5,-23.5
1016,1344,44.8,-0.008699999999997488,0.01419999999999888,0.03333333333333144,0.4995968374599267,-0.5224212413491801,0.8526875433517144,-50.10355,-23.2153,-51,-24,-50.5,-23.5
1016,1384,46.13333333333333,0.01630000000000109,0.01180000000000092,0.03333333333333144,0.6036861767508785,0.8100235169072867,0.5863973926077355,-48.03295,-22.5945,-49,-23,-48.5,-22.5
1016,1424,47.46666666666667,0.2183999999999955,0.04100000000000037,0.033333333333338544,6.666453629928312,0.9828314068794173,0.18450589598011585,-47.6245,-22.197699999999998,-48,-23,-47.5,-22.5
1016,1464,48.8,-0.08590000000000231,-0.03059999999999974,0.03333333333333144,2.735626619259506,-0.9420145212279636,-0.3355721111708343,-46.844750000000005,-21.8292,-47,-22,-46.5,-21.5
1016,1504,50.13333333333333,-0.10549999999999926,-0.029599999999998516,0.03333333333333144,3.287212953247935,-0.9628217109795019,-0.270137655402768,-46.864850000000004,-21.7855,-47,-22,-46.5,-21.5
1016,1544,51.46666666666667,0.028199999999998226,0.00560000000000116,0.033333333333338544,0.8625195649953044,0.9808473156251478,0.19477819033696137,-45.5289,-21.5262,-46,-22,-45.5,-21.5
1016,1584,52.8,0.0016000000000033765,-0.02289999999999992,0.03333333333333144,0.6886748144081213,0.06969907857216678,-0.9975680620620284,-45.826499999999996,-21.60945,-46,-22,-45.5,-21.5
1016,1624,54.13333333333333,-0.0490999999999957,-0.014500000000001734,0.03333333333333144,1.5358886678401964,-0.9590538890239504,-0.28322365358146967,-45.93555,-21.643050000000002,-46,-22,-45.5,-21.5
1016,1664,55.46666666666667,0.14910000000000423,0.0016999999999995907,0.033333333333338544,4.473290735017664,0.9999350064559943,0.011401002756369771,-45.43965,-21.59995,-46,-22,-45.5,-21.5
1016,1704,56.8,0.012099999999996669,0.004799999999999471,0.03333333333333144,0.39051888558677955,0.9295325101998333,0.368740169335532,-45.16875,-21.506300000000003,-46,-22,-45.5,-21.5
1016,1744,58.13333333333333,0.2710000000000008,0.03249999999999886,0.03333333333333144,8.18825530867278,0.9928855041182472,0.11907298481122439,-48.6956,-22.04295,-49,-23,-48.5,-22.5
1016,1784,59.46666666666667,0.08330000000000126,0.02079999999999771,0.033333333333338544,2.575728440654804,0.9702109743231896,0.2422615638165644,-51.347449999999995,-22.4735,-52,-23,-51.5,-22.5
1016,1824,60.8,0.7000999999999991,0.12229999999999919,0.03333333333333144,21.321059307643473,0.9850823871810026,0.172083382305722,-48.56725,-21.988349999999997,-49,-22,-48.5,-21.5
1016,1864,62.13333333333333,-0.019899999999999807,-0.010699999999999932,0.03333333333333144,0.6778274116617327,-0.8807551741474257,-0.4735718775566576,-48.219750000000005,-21.87275,-49,-22,-48.5,-21.5
1016,1904,63.46666666666667,-0.15409999999999968,0.015100000000000335,0.033333333333338544,4.6451413326176825,-0.9952334426375921,0.09752125232853993,-49.54025,-21.731450000000002,-50,-22,-49.5,-21.5
1016,1944,64.8,0.1173999999999964,0.025600000000000733,0.03333333333333144,3.6047618506637504,0.9770409657857372,0.21305152235192806,-50.3377,-21.4857,-51,-22,-50.5,-21.5
1016,1984,66.13333333333334,-0.002100000000005764,0.004799999999999471,0.03333333333334565,0.15717824276915354,-0.4008188340206682,0.916157334901769,-49.543350000000004,-21.2489,-50,-22,-49.5,-21.5
1016,2024,67.46666666666667,0.07689999999999486,0.005400000000001626,0.03333333333333144,2.312680911842339,0.9975435816444577,0.07004857400366779,-48.53615,-21.0671,-49,-22,-48.5,-21.5
1016,2064,68.8,0.03920000000000101,0.004400000000000404,0.03333333333333144,1.18338497539906,0.9937594480642511,0.11154442784395391,-46.370000000000005,-20.7325,-47,-21,-46.5,-20.5
1016,2104,70.13333333333334,0.12609999999999388,0.014499999999998181,0.03333333333334565,3.807927782927067,0.993453714369161,0.11423535970144112,-45.96875,-20.65935,-46,-21,-45.5,-20.5
1016,2144,71.46666666666667,-0.016999999999995907,0.01969999999999672,0.03333333333333144,0.7806285928659209,-0.6533196511897467,0.7570821840258214,-45.8519,-20.596049999999998,-46,-21,-45.5,-20.5
1016,2184,72.8,0.26069999999999993,0.030000000000001137,0.03333333333333144,7.872613352629931,0.9934439365535148,0.11432036093826843,-45.27165,-20.4256,-46,-21,-45.5,-20.5
1016,2224,74.13333333333334,0.08449999999999847,0.02289999999999992,0.03333333333334565,2.626441318589598,0.9651843283368369,0.26157066412915847,-46.116150000000005,-20.56315,-47,-21,-46.5,-20.5
1016,2264,75.46666666666667,-0.054400000000001114,-0.014699999999997715,0.03333333333333144,1.6905339393222407,-0.965375472233594,-0.2608643279748407,-45.7868,-20.54325,-46,-21,-45.5,-20.5
1016,2304,76.8,0.15930000000000177,0.03340000000000032,0.03333333333333144,4.882913576954157,0.9787189399697198,0.2052053521342661,-49.78315,-21.0985,-50,-22,-49.5,-21.5
1016,2344,78.13333333333334,-0.012500000000002842,0.010400000000000631,0.03333333333334565,0.48782066376886896,-0.7687251234966606,0.639579302749115,-47.28825,-20.7397,-48,-21,-47.5,-20.5
1016,2384,79.46666666666667,0.4037000000000006,0.0777000000000001,0.03333333333333144,12.333283504404566,0.9819769403399772,0.18900076359776122,-47.05945,-20.69015,-48,-21,-47.5,-20.5
1016,2424,80.8,0.000800000000005241,-0.00039999999999906777,0.03333333333333144,0.026832815730127125,0.8944271910015047,-0.44721359549678025,-48.3077,-20.8522,-49,-21,-48.5,-20.5
1016,2464,82.13333333333334,-0.16250000000000142,-0.02869999999999706,0.03333333333334565,4.950449070537152,-0.9847591461978774,-0.17392361535923656,-44.456649999999996,-20.30175,-45,-21,-44.5,-20.5
1016,2504,83.46666666666667,-0.015899999999994918,0.013100000000001444,0.03333333333333144,0.6180436877761409,-0.771790100658138,0.6358773785299342,-47.19745,-20.73685,-48,-21,-47.5,-20.5
1016,2544,84.8,-0.02379999999999427,-0.022400000000001086,0.03333333333333144,0.9804998725139681,-0.728199992692704,-0.685364699005096,-50.2059,-21.1271,-51,-22,-50.5,-21.5
1016,2584,86.13333333333334,-0.03180000000000405,-0.0033999999999991815,0.03333333333334565,0.9594373351082115,-0.9943327876563931,-0.10631231062988969,-50.1614,-21.1269,-51,-22,-50.5,-21.5
1016,2624,87.46666666666667,0.046100000000002694,0.007799999999999585,0.03333333333333144,1.402656408391036,0.9859862983740799,0.16682631512618146,-48.464749999999995,-20.918100000000003,-49,-21,-48.5,-20.5
1016,2664,88.8,-0.13009999999999877,-0.020800000000001262,0.03333333333333144,3.9525668874797724,-0.9874595702259723,-0.15787209116603892,-49.63035,-21.0393,-50,-22,-49.5,-21.5
1016,2704,90.13333333333334,0.000800000000005241,-0.003400000000002734,0.03333333333334565,0.10478549517951503,0.22903933372679453,-0.9734171683332824,-53.500299999999996,-21.538899999999998,-54,-22,-53.5,-21.5
1016,2744,91.46666666666668,-0.023299999999998988,-0.0070000000000014495,0.03333333333334565,0.7298636859027733,-0.9577130819094165,-0.2877249602303689,-47.577349999999996,-20.667299999999997,-48,-21,-47.5,-20.5
1016,2784,92.8,0.010500000000000398,0.00280000000000058,0.03333333333331723,0.32600766862163405,0.9662349396012354,0.257662650560373,-47.671350000000004,-20.7392,-48,-21,-47.5,-20.5
1016,2824,94.13333333333334,-0.06649999999999778,-0.009000000000000341,0.03333333333334565,2.01318777067534,-0.9909656858932526,-0.13411565673744225,-46.083349999999996,-20.5437,-47,-21,-46.5,-20.5
1016,2864,95.46666666666668,-0.42269999999999897,-0.055800000000001404,0.03333333333334565,12.791013916022392,-0.9913991246706955,-0.13087312788414085,-47.27695,-20.7031,-48,-21,-47.5,-20.5
1016,2904,96.8,-0.09890000000000043,-0.012000000000000455,0.03333333333331723,2.9887604454035315,-0.992719240702094,-0.1204512728860013,-48.24515,-20.8318,-49,-21,-48.5,-20.5
1016,2944,98.13333333333334,0.03609999999999758,0.00420000000000087,0.03333333333334565,1.0903050031981742,0.9933000369830283,0.11556399322243387,-47.66875,-20.793599999999998,-48,-21,-47.5,-20.5
1016,2984,99.46666666666668,0.07950000000000301,0.007999999999999119,0.03333333333334565,2.3970450558961494,0.9949750398444484,0.10012327444974099,-44.53905,-20.308300000000003,-45,-21,-44.5,-20.5
1016,3024,100.8,-0.1751999999999967,-0.0005999999999986017,0.03333333333331723,5.256030821829877,-0.9999941359119682,-0.0034246374517453992,-45.248999999999995,-20.3506,-46,-21,-45.5,-20.5
1016,3064,102.13333333333334,0.01379999999999626,-0.01249999999999929,0.03333333333334565,0.5585883994495952,0.7411539523693466,-0.6713351017839723,-43.679500000000004,-19.97115,-44,-20,-43.5,-19.5
1016,3104,103.46666666666668,-0.006099999999996442,0.0018999999999991246,0.03333333333334565,0.19167159413937893,-0.9547580632462027,0.29738365904393566,-44.691050000000004,-20.08335,-45,-21,-44.5,-20.5
1016,3144,104.8,0.007199999999997431,-0.008099999999998886,0.03333333333331723,0.32512305362747285,0.6643638388298384,-0.7474093186837321,-43.5079,-19.96675,-44,-20,-43.5,-19.5
1016,3184,106.13333333333334,-0.11490000000000578,-0.019700000000000273,0.03333333333334565,3.497297528091107,-0.9856181729783623,-0.1689876240876678,-43.22645,-19.93035,-44,-20,-43.5,-19.5
1016,3224,107.46666666666668,-0.05190000000000339,-0.005500000000001393,0.03333333333334565,1.5657183654790918,-0.9944317153890586,-0.10538293708363873,-44.64495,-20.25045,-45,-21,-44.5,-20.5
1016,3264,108.8,0.17629999999999768,0.023299999999998988,0.03333333333331723,5.334990346760407,0.9913794882898245,0.13102179283693824,-45.51085,-20.36305,-46,-21,-45.5,-20.5
1016,3304,110.13333333333334,-0.06909999999999883,-0.001100000000000989,0.03333333333334565,2.0732626461682755,-0.9998733174643541,-0.015916941377884186,-44.776250000000005,-20.26105,-45,-21,-44.5,-20.5
1016,3344,111.46666666666668,0.07099999999999795,0.02779999999999916,0.03333333333334565,2.287456229088511,0.9311653586691356,0.3645971404366469,-44.0854,-19.4668,-45,-20,-44.5,-19.5
1016,3384,112.8,-0.0583999999999989,-0.024499999999999744,0.03333333333331723,1.899928682872955,-0.9221398759828959,-0.3868566260544716,-43.485699999999994,-18.755850000000002,-44,-19,-43.5,-18.5
1016,3424,114.13333333333334,-0.14529999999999887,0.009299999999999642,0.03333333333334565,4.367919642116324,-0.9979579198225251,0.06387480147521815,-44.437250000000006,-18.56765,-45,-19,-44.5,-18.5
1016,3464,115.46666666666668,-0.04520000000000124,0.028900000000000148,0.03333333333334565,1.609479729601524,-0.8425082808189548,0.538683391939541,-44.087199999999996,-17.44735,-45,-18,-44.5,-17.5
1016,3504,116.8,-0.20080000000000098,0.006699999999998596,0.03333333333331723,6.02735240383665,-0.99944380158831,0.033347975451395624,-42.9099,-16.18425,-43,-17,-42.5,-16.5
1020,841,28.03333333333333,-0.28419999999999845,-0.07629999999999981,0.03333333333333144,8.827921442786407,-0.9657992603646605,-0.2592909344328776,50.9245,-2.93715,50,-3,50.5,-2.5
1031,814,27.133333333333333,0.7154999999999987,0.09889999999999999,0.03333333333333144,21.66908659819448,0.9905816704701201,0.13692316870649204,48.666250000000005,-3.8160499999999997,48,-4,48.5,-3.5
1031,854,28.466666666666665,0.33799999999999386,0.05069999999999997,0.03333333333333144,10.25344044699184,0.9889363528682971,0.14834045293024717,52.3795,-3.34855,52,-4,52.5,-3.5
1031,896,29.866666666666667,-0.06279999999999575,-0.01949999999999985,0.033333333333338544,1.9727343967190054,-0.9550195926694399,-0.2965427079148917,51.4525,-3.65835,51,-4,51.5,-3.5
1031,936,31.2,0.424199999999999,0.08000000000000007,0.03333333333333144,12.95033111545872,0.9826775768543675,0.18532344683722218,53.6199,-3.4516,53,-4,53.5,-3.5
1031,1028,34.266666666666666,-0.07839999999999492,-0.012199999999999989,0.03333333333333144,2.3803067029271516,-0.9881079598304031,-0.15376169783076132,51.0412,-4.184,51,-5,51.5,-4.5
1031,1074,35.8,-0.04509999999999792,-0.00990000000000002,0.03333333333333144,1.3852140628798315,-0.9767443431718816,-0.21440729484261847,50.47955,-4.45985,50,-5,50.5,-4.5
1031,1118,37.266666666666666,0.2265999999999977,0.03989999999999938,0.033333333333338544,6.902580169761458,0.9848491191423273,0.17341341506521912,53.0292,-4.44555,53,-5,53.5,-4.5
1031,1158,38.6,0.01950000000000074,-0.011400000000000077,0.03333333333333144,0.6776348574269772,0.8632967941190891,-0.5046965873311441,54.407849999999996,-4.2452,54,-5,54.5,-4.5
1031,1201,40.03333333333333,-0.21519999999999584,-0.035200000000000564,0.03333333333333144,6.54179424928691,-0.986885211301774,-0.16142360333561187,55.1301,-4.2951999999999995,55,-5,55.5,-4.5
1033,837,27.9,0.05670000000000641,-0.19030000000000058,0.03333333333333144,5.957019556792212,0.28554547853730033,-0.9583651598878709,-69.89125,-12.71275,-70,-13,-69.5,-12.5
1033,886,29.53333333333333,0.024299999999996658,-0.221899999999998,0.03333333333333144,6.696796995579615,0.10885801084923666,-0.9940573089485069,-73.48325,-21.25405,-74,-22,-73.5,-21.5
1033,926,30.866666666666667,-0.23059999999999548,-0.1451999999999991,0.033333333333338544,8.175173392655168,-0.8462205836776663,-0.5328327352558491,-77.10650000000001,-27.1804,-78,-28,-77.5,-27.5
1037,853,28.433333333333334,0.06169999999999476,0.1847000000000012,0.03333333333333499,5.841992981851008,0.3168439273635125,0.948477688558284,-56.649950000000004,-13.333549999999999,-57,-14,-56.5,-13.5
1047,865,28.83333333333333,0.515900000000002,0.12249999999999872,0.033333333333327886,15.907330197116178,0.9729476793540376,0.23102556836764468,69.29554999999999,22.92485,69,22,69.5,22.5
1047,905,30.166666666666668,0.4164999999999992,0.0987000000000009,0.03333333333333499,12.841049256193326,0.9730513255350166,0.23058863344611571,72.50264999999999,23.33945,72,23,72.5,23.5
1047,945,31.5,-0.30689999999999884,-0.06029999999999802,0.03333333333333499,9.383034157456231,-0.9812391008598387,-0.19279477934782194,75.54105000000001,24.04795,75,24,75.5,24.5
1047,985,32.833333333333336,0.5086000000000013,0.11990000000000123,0.033333333333338544,15.676255069369232,0.9733191972495502,0.22945531213177736,75.8809,23.78285,75,23,75.5,23.5
1047,1025,34.166666666666664,-0.04840000000000089,-0.019899999999999807,0.03333333333333144,1.5699404447304206,-0.9248758479175537,-0.38026920193303315,79.09280000000001,24.37035,79,24,79.5,24.5
1047,1072,35.733333333333334,-0.18139999999999645,-0.062300000000000466,0.03333333333333144,5.7540007820648285,-0.9457767223395017,-0.32481747410006917,79.7101,24.14235,79,24,79.5,24.5
1049,849,28.3,0.30299999999999727,0.05630000000000024,0.03333333333333499,9.24558386474267,0.9831720887486065,0.18268181054966098,-64.3732,-22.89595,-65,-23,-64.5,-22.5
1049,889,29.633333333333333,-0.039299999999997226,0.001300000000000523,0.03333333333333144,1.1796448618122164,-0.9994533424142229,0.03306079758623675,-63.99445,-22.85275,-64,-23,-63.5,-22.5
1049,929,30.966666666666665,-0.1390000000000029,-0.044599999999999085,0.03333333333333144,4.379399958898802,-0.9521852397899889,-0.3055213071556241,-63.325900000000004,-22.795299999999997,-64,-23,-63.5,-22.5
1049,969,32.3,0.18970000000000198,0.019999999999999574,0.03333333333333144,5.722541480846109,0.9944882040695906,0.10484851914281065,-63.69045,-22.756500000000003,-64,-23,-63.5,-22.5
1049,1009,33.63333333333333,0.20959999999999468,0.03130000000000166,0.03333333333333144,6.357724828899304,0.9890330533680588,0.14769434432453563,-63.4326,-22.74025,-64,-23,-63.5,-22.5
1049,1049,34.96666666666667,0.05519999999999925,0.007199999999997431,0.033333333333338544,1.6700275446827277,0.9916004111862274,0.1293391840677244,-63.6967,-22.782,-64,-23,-63.5,-22.5
1049,1089,36.3,0.09340000000000259,0.014900000000000801,0.03333333333333144,2.837430703999901,0.9875131033333369,0.1575368869343373,-63.8716,-22.853949999999998,-64,-23,-63.5,-22.5
1049,1129,37.63333333333333,0.14740000000000464,0.025900000000000034,0.03333333333333144,4.489745315717086,0.9849111005295684,0.17306104140919304,-63.6402,-22.80675,-64,-23,-63.5,-22.5
1049,1207,40.23333333333333,0.09509999999999508,0.02529999999999788,0.03333333333332433,2.95223474676452,0.9663865663553168,0.25709337674856714,-63.57885,-22.760849999999998,-64,-23,-63.5,-22.5
1049,1256,41.86666666666667,0.02370000000000516,0.01320000000000121,0.03333333333333144,0.8138408935414368,0.873635136354812,0.48658159493173275,-63.80395,-22.796100000000003,-64,-23,-63.5,-22.5
1049,1300,43.333333333333336,-0.30579999999999785,-0.0362000000000009,0.033333333333338544,9.238055639579803,-0.9930661123855046,-0.11755720493249316,-63.7308,-22.7656,-64,-23,-63.5,-22.5
1059,864,28.8,0.08220000000000027,0.006000000000000227,0.03333333333333499,2.4725606160414824,0.9973466308574873,0.07279902415018406,-5.5005,-31.2495,-6,-32,-5.5,-31.5
1071,836,27.866666666666667,0.17490000000000094,0.05039999999999978,0.033333333333338544,5.460508492804581,0.9608995218876196,0.2768972893261038,48.24355,-12.6821,48,-13,48.5,-12.5
1089,859,28.633333333333333,-0.07159999999998945,-0.03219999999999601,0.03333333333333144,2.355219734971461,-0.9120168144420858,-0.41015281319882474,-65.8468,-34.7585,-66,-35,-65.5,-34.5
1089,902,30.066666666666663,-0.15730000000000643,-0.013500000000000512,0.03333333333333144,4.736347326791436,-0.9963374039963563,-0.08550893168436599,-66.35595,-35.76885,-67,-36,-66.5,-35.5
1089,942,31.4,-0.002400000000001512,0.016099999999994452,0.03333333333333144,0.4883369738202022,-0.14743917389011527,0.9890711248452259,-62.8595,-34.12865,-63,-35,-62.5,-34.5
1089,982,32.733333333333334,0.04260000000000019,0.041100000000000136,0.03333333333333144,1.7758302283721785,0.7196633887528551,0.6943231285855002,-62.4503,-32.80605,-63,-33,-62.5,-32.5
1094,878,29.266666666666666,-0.06799999999999784,0.017199999999998994,0.03333333333333499,2.1042471337747535,-0.9694678763042114,0.24521834518282337,-56.8585,-8.3383,-57,-9,-56.5,-8.5
1094,918,30.6,0.2634000000000043,0.10219999999999985,0.033333333333338544,8.475963662025666,0.9322833739131909,0.3617287806147548,-55.3812,-6.7377,-56,-7,-55.5,-6.5
1094,958,31.933333333333334,0.029000000000003467,0.006700000000000372,0.03333333333333499,0.8929171294135342,0.974334539389422,0.22510487634167964,-53.221000000000004,-5.17265,-54,-6,-53.5,-5.5
1094,998,33.266666666666666,-0.07939999999999969,0.021400000000000308,0.03333333333333144,2.4669997973248114,-0.9655452759190097,0.26023512474391924,-52.396100000000004,-3.8425000000000002,-53,-4,-52.5,-3.5
1096,905,30.166666666666668,-0.00010000000000331966,0.00039999999999906777,0.03333333333333499,0.012369316876849388,-0.2425356250444427,0.9701425001433045,-130.77945,-28.6026,-131,-29,-130.5,-28.5
1098,883,29.433333333333334,0.20510000000000161,0.041900000000001825,0.03333333333333499,6.280084235103604,0.9797639282617417,0.20015655092232298,-59.45135,-27.790950000000002,-60,-28,-59.5,-27.5
1098,923,30.766666666666666,0.13629999999999853,0.01699999999999946,0.03333333333333499,4.120682103729664,0.9923114419087955,0.1237659171859807,-58.022450000000006,-27.0387,-59,-28,-58.5,-27.5
1098,963,32.1,-0.27019999999999555,-0.005300000000001859,0.03333333333333144,8.107559250477626,-0.9998076794224837,-0.01961132753864215,-58.509299999999996,-26.95095,-59,-27,-58.5,-26.5
1106,871,29.03333333333333,-0.1369000000000007,-0.0037000000000002586,0.03333333333333144,4.108499726177682,-0.9996349698728535,-0.027017161347916714,18.24595,-14.06295,18,-15,18.5,-14.5
1106,911,30.366666666666667,-0.38759999999999906,-0.04150000000000098,0.033333333333338544,11.694460611757888,-0.9943169151646966,-0.10646066042140347,16.7322,-13.94005,16,-14,16.5,-13.5
1106,962,32.06666666666667,-0.27309999999999945,-0.02289999999999992,0.033333333333338544,8.22175273284101,-0.9965028463179808,-0.08355882526796678,14.04745,-13.81165,14,-14,14.5,-13.5
1106,1002,33.4,0.0022999999999999687,0.006700000000000372,0.03333333333333144,0.2125135289811204,0.32468521101135595,0.9458221364244502,13.402550000000002,-13.74785,13,-14,13.5,-13.5
1106,1042,34.733333333333334,-0.07639999999999958,0.010699999999999932,0.03333333333333144,2.3143692445244235,-0.9903346259127712,0.13869869760820214,11.0632,-13.67305,11,-14,11.5,-13.5
1106,1082,36.06666666666667,-0.05649999999999977,0.01019999999999932,0.033333333333338544,1.722399779377319,-0.9840920907528818,0.1776591031093587,10.20805,-13.354,10,-14,10.5,-13.5
1106,1122,37.4,-0.0652999999999988,0.029500000000000526,0.03333333333333144,2.149629270362779,-0.9113199317710574,0.41169889720133485,8.52635,-12.68195,8,-13,8.5,-12.5
1106,1162,38.73333333333333,0.1319000000000008,0.031299999999999883,0.03333333333332433,4.066887015889317,0.972980066704854,0.2308891287934923,5.37595,-12.405550000000002,5,-13,5.5,-12.5
1106,1202,40.06666666666667,-0.3753000000000002,-0.057500000000000995,0.033333333333338544,11.390377781266066,-0.9884658978138636,-0.1514436161052441,3.08515,-12.12335,3,-13,3.5,-12.5
1106,1242,41.4,0.29259999999999997,0.055200000000001026,0.03333333333333144,8.93283941420695,0.9826662713806104,0.18538338407454102,0.9786,-11.755600000000001,0,-12,0.5,-11.5
1106,1282,42.73333333333333,-0.09689999999999999,-0.02430000000000021,0.03333333333332433,2.9970135134838576,-0.9699655963918435,-0.24324214646359138,0.72355,-11.31105,0,-12,0.5,-11.5
1106,1327,44.23333333333333,0.39460000000000006,0.07120000000000104,0.03333333333332433,12.029162065583716,0.9841084470773367,0.17756847803321688,-1.914,-11.3659,-2,-12,-1.5,-11.5
1106,1370,45.66666666666666,0.010699999999999932,0.017100000000001003,0.03333333333332433,0.6051528732479318,0.5304444780659094,0.8477196798997796,-3.50655,-11.287749999999999,-4,-12,-3.5,-11.5
1106,1419,47.3,-0.029200000000000337,-0.0015000000000000568,0.03333333333333144,0.8771550604084236,-0.9986831742065926,-0.051302217853079736,-7.758900000000001,-11.47805,-8,-12,-7.5,-11.5
1106,1459,48.63333333333333,0.29309999999999903,0.06259999999999977,0.03333333333333144,8.991314308820966,0.9779437908620392,0.2088682405594119,-9.00015,-11.1605,-10,-12,-9.5,-11.5
1106,1501,50.03333333333333,-0.8940000000000001,-0.14919999999999867,0.03333333333333144,27.190935548452245,-0.986358117476696,-0.16461368135069543,-11.691199999999998,-11.347999999999999,-12,-12,-11.5,-11.5
1118,924,30.8,-0.2863000000000042,0.0057000000000009265,0.03333333333333499,8.59070206676933,-0.9998018710512364,0.01990524158223154,-57.997150000000005,-31.000149999999998,-58,-32,-57.5,-31.5
1118,964,32.13333333333333,-0.05850000000000222,0.050499999999999545,0.03333333333333144,2.318458539633781,-0.7569684641750732,0.6534514092451181,-57.62425,-29.46105,-58,-30,-57.5,-29.5
1132,916,30.53333333333333,0.11560000000000059,0.09140000000000015,0.03333333333333144,4.421039244340902,0.7844309467371018,0.6202161637696441,-40.4965,-3.9312,-41,-4,-40.5,-3.5
1137,911,30.366666666666667,-0.2097000000000122,-0.027700000000002944,0.033333333333338544,6.3456474846931235,-0.9913881940612742,-0.13095590355507208,-66.82425,-36.50995,-67,-37,-66.5,-36.5
1147,912,30.4,-0.35460000000000136,-0.12819999999999965,0.03333333333333144,11.31188578443114,-0.9404267513593549,-0.3399963607565384,-25.3744,-5.5705,-26,-6,-25.5,-5.5
1187,940,31.33333333333333,-0.04359999999999786,0.0058000000000006935,0.033333333333327886,1.319522640957861,-0.9912675685887836,0.13186586921596133,45.5589,-12.8118,45,-13,45.5,-12.5
1187,980,32.666666666666664,-0.04809999999999803,-0.012099999999998445,0.03333333333333144,1.4879576606879805,-0.9697856586408711,-0.243958554460572,43.108050000000006,-12.975950000000001,43,-13,43.5,-12.5
1187,1020,34.0,-0.14699999999999847,-0.00280000000000058,0.03333333333333144,4.410799927451007,-0.9998186434515374,-0.019044164637176283,41.201899999999995,-13.0894,41,-14,41.5,-13.5
1187,1060,35.333333333333336,0.026000000000003354,0.007799999999999585,0.033333333333338544,0.8143439076949884,0.9578262852211658,0.28734788556629737,41.149100000000004,-12.9297,41,-13,41.5,-12.5
1187,1100,36.66666666666666,0.11599999999999966,0.015900000000000247,0.03333333333332433,3.5125388254091368,0.9907363798592554,0.13579921068760734,38.7378,-12.96405,38,-13,38.5,-12.5
1190,944,31.466666666666665,-0.17689999999999984,-0.04670000000000041,0.03333333333333144,5.4888113467310395,-0.9668760073455569,-0.25524652087641575,-23.26155,-5.402950000000001,-24,-6,-23.5,-5.5
1204,959,31.966666666666665,-0.09340000000000259,-0.013700000000000045,0.03333333333333144,2.8319825211327396,-0.989412886234725,-0.14512801436204928,41.0299,-16.22505,41,-17,41.5,-16.5
1204,999,33.3,-0.13859999999999673,-0.02179999999999893,0.03333333333333144,4.209118672596575,-0.9878552550848128,-0.15537694488346587,40.6997,-16.6064,40,-17,40.5,-16.5
1204,1039,34.63333333333333,0.4052999999999969,0.04870000000000019,0.03333333333333144,12.246460794858846,0.9928582799289273,0.1192997735813948,42.84805,-16.443350000000002,42,-17,42.5,-16.5
1204,1079,35.96666666666667,-0.19720000000000226,-0.025399999999997647,0.033333333333338544,5.964872169626904,-0.9918066694074991,-0.12774791786484713,44.421800000000005,-16.4589,44,-17,44.5,-16.5
1204,1119,37.3,-0.18730000000000047,-0.03689999999999927,0.03333333333333144,5.7270070717612915,-0.9811407476178057,-0.19329468012331139,46.18275,-16.56355,46,-17,46.5,-16.5
1204,1159,38.63333333333333,0.018100000000004002,0.0004000000000026205,0.03333333333333144,0.5431325804996104,0.9997558966185797,0.02209405296408637,47.05755,-16.773600000000002,47,-17,47.5,-16.5
1210,949,31.633333333333333,-0.06680000000000064,0.05099999999999838,0.03333333333333144,2.5212925256702468,-0.7948304211417914,0.6068316089555342,-58.1807,-29.738500000000002,-59,-30,-58.5,-29.5
1218,970,32.333333333333336,0.037499999999994316,0.026600000000001955,0.033333333333338544,1.379285684693028,0.815639582491594,0.5785603438475009,-58.20805,-30.1506,-59,-31,-58.5,-30.5
1218,1010,33.666666666666664,-0.002200000000001978,0.02459999999999951,0.03333333333333144,0.7409453421137409,-0.08907539631976198,0.9960248861200596,-57.125,-29.0463,-58,-30,-57.5,-29.5
1229,960,32.0,-0.4206000000000003,-0.036300000000000665,0.03333333333333499,12.664906039919298,-0.9962963767933161,-0.08598563594293393,46.416799999999995,-19.19775,46,-20,46.5,-19.5
1229,1000,33.333333333333336,0.0257000000000005,0.00420000000000087,0.033333333333338544,0.7812278796867397,0.9869079433123324,0.16128456661138418,43.72615,-19.4244,43,-20,43.5,-19.5
1238,1005,33.5,0.17070000000000363,0.0005999999999994898,0.03333333333333144,5.121031634349088,0.9999938226609506,0.003514916775606605,-51.551649999999995,-5.5863,-52,-6,-51.5,-5.5
1238,1045,34.833333333333336,0.004400000000003956,-0.04630000000000045,0.033333333333338544,1.3952580406503523,0.09460615610469496,-0.9955147790098821,-52.7815,-7.10555,-53,-8,-52.5,-7.5
1259,985,32.833333333333336,0.00840000000000174,-0.014499999999999957,0.033333333333338544,0.5027215929318594,0.5012714861328221,-0.8652900653481421,54.008700000000005,-2.90445,54,-3,54.5,-2.5
1259,1025,34.166666666666664,0.07029999999999603,0.007000000000000117,0.03333333333333144,2.119429404344483,0.9950791452062033,0.09908327192665622,56.00095,-2.8619000000000003,56,-3,56.5,-2.5
1259,1065,35.5,-0.546999999999997,-0.10380000000000011,0.03333333333333144,16.702846942962413,-0.9824672438200749,-0.18643528319657118,56.1316,-2.9966,56,-3,56.5,-2.5
1259,1105,36.833333333333336,-0.08500000000000085,-0.0360999999999998,0.033333333333338544,2.770449241548691,-0.9204283412801917,-0.3909113308260518,57.170500000000004,-2.94555,57,-3,57.5,-2.5
1259,1145,38.16666666666666,0.2507000000000019,0.02400000000000002,0.03333333333332433,7.555384900852616,0.9954489544474899,0.09529627007076025,58.744749999999996,-2.7707,58,-3,58.5,-2.5
1259,1185,39.5,-0.010699999999999932,-0.017300000000000093,0.03333333333333144,0.6102474907773435,-0.5260160915878916,-0.8504746153710872,58.11445,-3.0181500000000003,58,-4,58.5,-3.5
1259,1225,40.833333333333336,0.37289999999999424,0.05940000000000012,0.033333333333338544,11.32804012174904,0.987549468378014,0.15730876487437667,59.29505,-2.9678,59,-3,59.5,-2.5
1271,1008,33.6,0.14560000000000173,0.012000000000000455,0.03333333333333144,4.382810057486253,0.9966208762662083,0.08213908320875557,-21.5073,-6.3381,-22,-7,-21.5,-6.5
1271,1048,34.93333333333333,-0.073599999999999,0.0026999999999999247,0.03333333333333144,2.2094852341666424,-0.9993277917663446,0.036660122795775706,-20.1021,-6.16015,-21,-7,-20.5,-6.5
1271,1088,36.266666666666666,0.18799999999999883,0.0398000000000005,0.033333333333338544,5.765000954031947,0.9783172708851956,0.20711184777250807,-18.5601,-5.6363,-19,-6,-18.5,-5.5
1271,1128,37.6,-0.03480000000000061,-0.004099999999999326,0.03333333333333144,1.051220718973974,-0.9931311104855847,-0.11700682623534935,-15.9152,-4.82395,-16,-5,-15.5,-4.5
1271,1168,38.93333333333333,-0.07209999999999894,-0.00849999999999973,0.03333333333333144,2.1779793387450663,-0.9931223687578201,-0.11708100047768831,-15.66165,-4.50005,-16,-5,-15.5,-4.5
1271,1208,40.266666666666666,0.31959999999999944,0.06020000000000003,0.033333333333338544,9.756606992185857,0.9827186856739838,0.18510533441043167,-14.548200000000001,-4.1419,-15,-5,-14.5,-4.5
1271,1248,41.6,0.014599999999999724,0.011200000000000099,0.03333333333333144,0.5520326077325771,0.793431391306867,0.6086596974409011,-12.0484,-3.4427000000000003,-13,-4,-12.5,-3.5
1271,1288,42.93333333333333,0.1659000000000006,0.015900000000000247,0.03333333333333144,4.9998057962287925,0.9954386635885552,0.09540370555188799,-10.29045,-2.97355,-11,-3,-10.5,-2.5
1271,1328,44.266666666666666,0.5530999999999988,0.12489999999999979,0.033333333333338544,17.01081003362004,0.9754385574351302,0.2202716973850078,-8.73275,-2.66165,-9,-3,-8.5,-2.5
1271,1368,45.6,0.12939999999999952,0.0006999999999997009,0.03333333333333144,3.8820568002029026,0.9999853685286899,0.005409503539179184,-6.398899999999999,-2.2874499999999998,-7,-3,-6.5,-2.5
1271,1408,46.93333333333333,0.1501999999999999,0.03970000000000029,0.03333333333333144,4.660742108291603,0.9667988263036353,0.2555387044224676,-5.4384,-2.04125,-6,-3,-5.5,-2.5
1271,1448,48.266666666666666,-0.3849,-0.07740000000000014,0.033333333333338544,11.7781532083751,-0.9803744097833148,-0.19714465917700363,-4.79725,-1.9,-5,-2,-4.5,-1.5
1271,1554,51.8,-0.27290000000000003,-0.05689999999999995,0.03333333333333144,8.36306271649376,-0.9789475790793654,-0.20411182575894407,0.21885,-1.28965,0,-2,0.5,-1.5
1271,1594,53.13333333333333,-0.6240999999999999,-0.12729999999999997,0.03333333333333144,19.108518780900873,-0.9798247689776384,-0.19985850519284307,-3.69635,-2.12555,-4,-3,-3.5,-2.5
1276,1077,35.9,0.022399999999990428,-0.05529999999999902,0.03333333333333144,1.7899343563382095,0.3754327624475051,-0.9268496322926579,-82.2562,-30.50195,-83,-31,-82.5,-30.5
1285,1016,33.86666666666667,-0.18249999999999034,-0.10629999999999917,0.03333333333333144,6.336035511264218,-0.8641050054512089,-0.503311573038179,-71.53444999999999,-9.632950000000001,-72,-10,-71.5,-9.5
1285,1056,35.2,-0.030400000000000205,-0.10200000000000031,0.033333333333338544,3.1930148762567456,-0.2856234735332724,-0.9583419177761077,-73.39769999999999,-14.3521,-74,-15,-73.5,-14.5
1285,1108,36.93333333333333,0.09669999999999845,-0.021399999999999864,0.03333333333333144,2.971189155876941,0.9763767460789261,-0.2160751020278099,-75.10495,-18.9731,-76,-19,-75.5,-18.5
1285,1148,38.266666666666666,-0.09609999999999275,-0.07029999999999959,0.033333333333338544,3.5720540309455995,-0.8070986538902212,-0.5904166011288917,-75.74154999999999,-20.63245,-76,-21,-75.5,-20.5
1285,1188,39.6,0.0020999999999986585,-0.015100000000000335,0.03333333333333144,0.45735981458806346,0.13774712598374303,-0.9904674296932832,-75.91465,-20.908450000000002,-76,-21,-75.5,-20.5
1285,1228,40.93333333333333,0.1075000000000017,0.03749999999999787,0.03333333333333144,3.4155892610209313,0.944200181445784,0.32937215631827277,-75.77615,-20.86125,-76,-21,-75.5,-20.5
1285,1268,42.266666666666666,-0.12709999999999866,-0.012699999999998823,0.033333333333338544,3.831987734844029,-0.9950449385127174,-0.09942620550047579,-75.77295000000001,-20.997349999999997,-76,-21,-75.5,-20.5
1285,1308,43.6,0.14149999999999352,0.0021999999999984254,0.03333333333333144,4.245513043202245,0.9998791563712142,0.015545824339330017,-76.37385,-22.741799999999998,-77,-23,-76.5,-22.5
1286,1017,33.9,-0.007899999999999352,-0.00019999999999953388,0.03333333333333144,0.23707593720155787,-0.9996796924965891,-0.02530834664542636,-57.74575,-26.843,-58,-27,-57.5,-26.5
1286,1062,35.4,-0.08270000000000266,0.0029000000000003467,0.03333333333333144,2.4825249243463996,-0.9993857365413641,0.03504496536844267,-56.42165,-26.47235,-57,-27,-56.5,-26.5
1286,1102,36.73333333333333,0.07140000000000413,0.010999999999999233,0.03333333333332433,2.1672710951800775,0.988339670456743,0.1522652153364536,-55.5727,-26.1314,-56,-27,-55.5,-26.5
1286,1142,38.06666666666667,0.06960000000000122,0.022500000000000853,0.033333333333338544,2.1943949052070555,0.9515151511904799,0.3076018807727907,-53.3531,-25.48195,-54,-26,-53.5,-25.5
1286,1182,39.4,-0.2879000000000005,-0.02909999999999968,0.03333333333333144,8.681007890792912,-0.9949305551445148,-0.10056435968984026,-53.671949999999995,-24.93985,-54,-25,-53.5,-24.5
1286,1222,40.73333333333333,-0.2551000000000059,-0.01640000000000086,0.03333333333332433,7.668798667329485,-0.9979398771551341,-0.06415607207112771,-52.871449999999996,-24.296799999999998,-53,-25,-52.5,-24.5
1286,1262,42.06666666666667,0.0045000000000001705,0.005199999999998539,0.033333333333338544,0.2063031749633883,0.6543767444390609,0.7561686824626738,-51.28574999999999,-23.567999999999998,-52,-24,-51.5,-23.5
1286,1302,43.4,-0.1069000000000031,-0.0007000000000019213,0.03333333333333144,3.2070687551098387,-0.9999785613858594,-0.006548035481496749,-50.94725,-23.03605,-51,-24,-50.5,-23.5
1286,1342,44.73333333333333,0.17450000000000188,0.06319999999999837,0.03333333333332433,5.567768044739036,0.9402331343433035,0.34053142745269116,-50.980850000000004,-22.374000000000002,-51,-23,-50.5,-22.5
1286,1382,46.06666666666667,0.12839999999999918,0.03569999999999851,0.033333333333338544,3.9981176821092594,0.9634533813840117,0.2678760569735826,-49.6704,-21.47315,-50,-22,-49.5,-21.5
1286,1422,47.4,0.07319999999999993,0.010300000000000864,0.03333333333333144,2.2176331978035875,0.990244916145334,0.13933774093303014,-48.8378,-21.01755,-49,-22,-48.5,-21.5
1286,1462,48.73333333333333,-0.11609999999999587,-0.010799999999999699,0.03333333333332433,3.4980373068344686,-0.9957012159921016,-0.09262336892949853,-47.51105,-20.588700000000003,-48,-21,-47.5,-20.5
1286,1502,50.06666666666667,-0.25090000000000146,-0.04840000000000089,0.033333333333338544,7.66577021570451,-0.9818974203764482,-0.18941345215711713,-47.08325,-20.4685,-48,-21,-47.5,-20.5
1286,1542,51.4,-0.22889999999999588,-0.03200000000000003,0.03333333333333144,6.933778839853761,-0.9903690554031426,-0.13845264208344762,-45.12565,-20.053800000000003,-46,-21,-45.5,-20.5
1286,1582,52.73333333333333,0.00030000000000285354,-0.0032999999999994145,0.03333333333332433,0.09940824915470245,0.09053574604338856,-0.9958932064676247,-45.56585,-20.05825,-46,-21,-45.5,-20.5
1286,1622,54.06666666666667,-0.09709999999999752,-0.019299999999997652,0.033333333333338544,2.96998484844565,-0.9808130844586622,-0.19495048949588425,-45.61855,-20.065350000000002,-46,-21,-45.5,-20.5
1286,1662,55.4,0.21509999999999962,0.02400000000000091,0.03333333333333144,6.493043123220782,0.9938329189471694,0.11088791285324506,-45.239450000000005,-19.9818,-46,-20,-45.5,-19.5
1286,1702,56.73333333333333,0.0805999999999969,-0.0021999999999984254,0.03333333333332433,2.418900576708911,0.9996276917220067,-0.02728512309909337,-44.9761,-19.924799999999998,-45,-20,-44.5,-19.5
1286,1742,58.06666666666667,-0.0951999999999984,-0.01419999999999888,0.033333333333338544,2.8875962321621578,-0.9890579466025298,-0.14752755085877156,-48.744299999999996,-20.4942,-49,-21,-48.5,-20.5
1286,1782,59.4,-0.051600000000000534,-0.010600000000000165,0.03333333333333144,1.5803252829719383,-0.9795451712883794,-0.20122439565226505,-51.1456,-20.914299999999997,-52,-21,-51.5,-20.5
1286,1822,60.73333333333333,-0.08129999999999882,-0.019400000000000972,0.03333333333332433,2.507477816452871,-0.9726905594127577,-0.2321057423445107,-49.70635,-20.7464,-50,-21,-49.5,-20.5
1286,1862,62.06666666666667,-0.17650000000000432,-0.02669999999999817,0.033333333333338544,5.355242851635425,-0.9887506779234623,-0.1495730487283512,-47.79135,-20.37885,-48,-21,-47.5,-20.5
1286,1902,63.4,0.11670000000000158,0.014100000000002666,0.03333333333333144,3.526461399193505,0.9927799013483937,0.11995027085702492,-49.55485,-20.72855,-50,-21,-49.5,-20.5
1286,1942,64.73333333333333,-0.10370000000000346,-0.014900000000000801,0.03333333333333144,3.1429492518972983,-0.9898346268627369,-0.14222310453476453,-51.12525,-20.94645,-52,-21,-51.5,-20.5
1286,1982,66.06666666666666,0.005299999999998306,-0.0004000000000026205,0.03333333333333144,0.15945218719098406,0.9971641204865743,-0.07525766947120194,-49.89565,-20.689799999999998,-50,-21,-49.5,-20.5
1286,2022,67.4,-0.03509999999999991,-0.00590000000000046,0.03333333333334565,1.0677724476681147,-0.9861651724571394,-0.16576565576916216,-48.92575,-20.64795,-49,-21,-48.5,-20.5
1286,2062,68.73333333333333,0.00999999999999801,0.002300000000001745,0.03333333333333144,0.30783274679601935,0.9745551866148527,0.22414769292163078,-47.0343,-20.20895,-48,-21,-47.5,-20.5
1286,2102,70.06666666666666,0.10730000000000217,0.01389999999999958,0.03333333333333144,3.2458974105787153,0.9917134132179268,0.12846986434043325,-46.64435,-20.26035,-47,-21,-46.5,-20.5
1286,2142,71.4,0.07870000000000488,0.015699999999998937,0.03333333333334565,2.4075219625158932,0.9806764119950112,0.1956368445783949,-45.793549999999996,-20.09805,-46,-21,-45.5,-20.5
1286,2182,72.73333333333333,-0.011699999999997601,0.017399999999998528,0.03333333333333144,0.6290349751801948,-0.5579975897197127,0.8298425693268521,-45.352850000000004,-19.8696,-46,-20,-45.5,-19.5
1286,2222,74.06666666666666,0.0,0.002200000000001978,0.03333333333333144,0.06600000000006309,0.0,1.0,-46.2467,-19.8854,-47,-20,-46.5,-19.5
1286,2262,75.4,-0.20900000000000318,-0.03059999999999974,0.03333333333334565,6.336846534355358,-0.9894511356721093,-0.14486700838069774,-45.4762,-19.7327,-46,-20,-45.5,-19.5
1286,2302,76.73333333333333,-0.21170000000000044,-0.03240000000000265,0.03333333333333144,6.424950194359876,-0.9884901529004195,-0.15128521943304746,-49.440749999999994,-20.2639,-50,-21,-49.5,-20.5
1286,2342,78.06666666666666,-0.1548000000000016,-0.015100000000000335,0.03333333333333144,4.666041684340479,-0.9952761492864198,-0.09708443058284959,-47.1639,-19.992849999999997,-48,-20,-47.5,-19.5
1286,2382,79.4,0.1741000000000028,0.057099999999998374,0.03333333333334565,5.496735212831193,0.9502004003769273,0.3116395339547394,-47.71695,-20.08435,-48,-21,-47.5,-20.5
1286,2422,80.73333333333333,0.11370000000000147,0.028700000000000614,0.03333333333333144,3.517988345631881,0.9695882035071306,0.24474214107875888,-48.14815,-20.11705,-49,-21,-48.5,-20.5
1286,2462,82.06666666666666,0.44069999999999965,0.07429999999999737,0.03333333333333144,13.407583003659525,0.9860837703851725,0.1662492038566276,-44.25255,-19.49225,-45,-20,-44.5,-19.5
1286,2502,83.4,-0.3516999999999939,-0.05560000000000187,0.03333333333334565,10.682032812152938,-0.9877333449109104,-0.15615005395805917,-46.54345,-19.8669,-47,-20,-46.5,-19.5
1286,2542,84.73333333333333,0.15489999999999782,0.025900000000000034,0.03333333333333144,4.711511222527429,0.9863077429978774,0.1649152391455482,-50.12995,-20.38915,-51,-21,-50.5,-20.5
1286,2582,86.06666666666666,0.03450000000000131,0.005500000000001393,0.03333333333333144,1.0480696541739103,0.9875297847602373,0.15743228452702826,-50.109049999999996,-20.46345,-51,-21,-50.5,-20.5
1286,2622,87.4,-0.09600000000000364,-0.009499999999999176,0.03333333333334565,2.894067207235248,-0.9951392948992219,-0.09847732605772323,-48.6918,-20.228650000000002,-49,-21,-48.5,-20.5
1286,2662,88.73333333333333,0.05740000000000123,0.021599999999999397,0.03333333333333144,1.8398880400721367,0.9359265142745425,0.3521953433506816,-49.2095,-20.347,-50,-21,-49.5,-20.5
1286,2702,90.06666666666666,0.04140000000000299,0.014299999999998647,0.03333333333333144,1.3140034246532175,0.9452030159875269,0.326483167357956,-53.443,-20.93655,-54,-21,-53.5,-20.5
1286,2742,91.4,-0.030900000000002592,-0.016200000000001324,0.03333333333334565,1.0466733014648713,-0.8856631756082368,-0.46432826682373485,-47.25365,-20.047800000000002,-48,-21,-47.5,-20.5
1286,2782,92.73333333333332,0.061599999999998545,0.024499999999999744,0.03333333333331723,1.9888008950127838,0.9292031216573696,0.3695694233864587,-47.4444,-20.05435,-48,-21,-47.5,-20.5
1286,2822,94.06666666666666,0.130900000000004,0.010300000000000864,0.03333333333334565,3.9391382306272895,0.9969185568218338,0.0784435533633723,-45.826350000000005,-19.72675,-46,-20,-45.5,-19.5
1286,2862,95.4,-0.3440000000000012,-0.06429999999999936,0.03333333333334565,10.49873520953449,-0.982975548390253,-0.18373641791131518,-45.8741,-19.79875,-46,-20,-45.5,-19.5
1286,2902,96.73333333333332,-0.26019999999999754,-0.04240000000000066,0.03333333333331723,7.908958212056714,-0.9869820766158478,-0.160830284583063,-47.4522,-20.0102,-48,-21,-47.5,-20.5
1286,2942,98.06666666666666,0.1215000000000046,0.009399999999999409,0.03333333333334565,3.6558923671233976,0.9970205996154158,0.07713575009369517,-47.485150000000004,-20.0565,-48,-21,-47.5,-20.5
1286,2982,99.4,0.010799999999996146,0.030300000000000438,0.03333333333334565,0.9650165801680616,0.3357455267176226,0.941952727735902,-44.4978,-19.603650000000002,-45,-20,-44.5,-19.5
1286,3022,100.73333333333332,-0.21039999999999992,-0.004000000000001336,0.03333333333331723,6.3131405813619015,-0.9998193321779937,-0.01900797209464502,-44.397400000000005,-19.3958,-45,-20,-44.5,-19.5
1286,3062,102.06666666666666,0.12430000000000518,0.044299999999999784,0.03333333333334565,3.9587475292053624,0.9419645917018856,0.3357122398422493,-43.33135,-18.34475,-44,-19,-43.5,-18.5
1286,3102,103.4,-0.15749999999999886,0.02470000000000283,0.03333333333334565,4.782750882074342,-0.9879251745491133,0.154931757532483,-44.12115,-17.46565,-45,-18,-44.5,-17.5
1286,3142,104.73333333333332,-0.011499999999998067,0.007299999999997198,0.03333333333331723,0.40863920516769375,-0.8442655419186484,0.5359250831308524,-42.73375,-16.169249999999998,-43,-17,-42.5,-16.5
1286,3182,106.06666666666666,0.025200000000005218,0.032099999999999795,0.03333333333334565,1.2242977579000613,0.6174968426770484,0.7865733591241675,-42.1279,-14.93645,-43,-15,-42.5,-14.5
1299,1020,34.0,0.056999999999995055,0.07169999999999987,0.03333333333333144,2.747890281652514,0.6222955885165824,0.782782345555136,-60.890299999999996,-26.53175,-61,-27,-60.5,-26.5
1299,1060,35.333333333333336,0.003500000000002501,0.024100000000000676,0.033333333333338544,0.7305846973485539,0.1437205027440703,0.9896183188942047,-60.68735,-25.08395,-61,-26,-60.5,-25.5
1299,1100,36.66666666666666,0.18130000000000024,0.055399999999998784,0.03333333333332433,5.687263401673728,0.9563474760815212,0.29223193698243266,-60.741550000000004,-23.7969,-61,-24,-60.5,-23.5
1317,1030,34.333333333333336,-0.504400000000004,-0.11559999999999349,0.033333333333338544,15.524317956030368,-0.9747288121034509,-0.22339145654074483,146.6977,38.5076,146,38,146.5,38.5
1317,1070,35.666666666666664,-0.12340000000000373,-0.028100000000002012,0.03333333333333144,3.7967687577731897,-0.9750396287425075,-0.22203090411398374,143.3846,38.025949999999995,143,38,143.5,38.5
1317,1142,38.06666666666667,0.050499999999999545,0.01910000000000167,0.033333333333338544,1.6197388678423432,0.935335954503508,0.3537607273469055,143.74565,38.66775,143,38,143.5,38.5
1322,1030,34.333333333333336,-0.20310000000000628,-0.12389999999999901,0.033333333333338544,7.1372780525902275,-0.8536867913935331,-0.5207867722976595,-79.70895,-27.77685,-80,-28,-79.5,-27.5
1328,1058,35.266666666666666,0.17710000000000292,0.020300000000002427,0.23333333333333428,0.7639698946948211,0.9934946458894208,0.11387883292804811,50.719049999999996,-17.475450000000002,50,-18,50.5,-17.5
1328,1098,36.6,-0.06360000000000099,-0.00730000000000075,0.03333333333333144,1.9205272713503818,-0.993477170807663,-0.11403118469963164,48.629900000000006,-17.63685,48,-18,48.5,-17.5
1328,1138,37.93333333333333,-0.17680000000000007,-0.026799999999997937,0.03333333333333144,5.364590571516451,-0.9887054621022049,-0.14987164244534526,48.6496,-17.5343,48,-18,48.5,-17.5
1328,1178,39.266666666666666,-0.28659999999999997,-0.03249999999999886,0.033333333333338544,8.653105165198012,-0.9936317467374619,-0.11267631461607253,47.04089999999999,-17.59195,47,-18,47.5,-17.5
1328,1218,40.6,-0.37639999999999674,-0.020899999999997476,0.03333333333333144,11.309394015596602,-0.9984619851804553,-0.05544063626532725,44.250699999999995,-17.73235,44,-18,44.5,-17.5
1328,1287,42.9,-0.12819999999999965,-0.0016000000000033765,0.03333333333333144,3.8462995203184076,-0.9999221276667049,-0.012479527334400222,42.7235,-17.6646,42,-18,42.5,-17.5
1328,1368,45.6,0.19289999999999452,0.0017999999999993577,0.03333333333333144,5.7872519385285015,0.9999564666389138,0.009330853498960361,52.73265,-16.2476,52,-17,52.5,-16.5
1328,1408,46.93333333333333,0.03420000000000556,0.019400000000000972,0.03333333333333144,1.1795761950804766,0.8698039213399236,0.493397546023176,49.8143,-16.5265,49,-17,49.5,-16.5
1328,1448,48.266666666666666,-0.6013000000000019,-0.06400000000000006,0.033333333333338544,18.14089085463829,-0.9943833599211033,-0.10583824220015045,48.41735,-16.4849,48,-17,48.5,-16.5
1328,1488,49.6,0.17139999999999844,0.03020000000000067,0.03333333333333144,5.221206757063222,0.9848297987901309,0.17352310340410085,44.8064,-16.7847,44,-17,44.5,-16.5
1328,1612,53.73333333333333,0.17890000000000228,0.0070000000000014495,0.03333333333332433,5.371106869167317,0.9992353774993057,0.03909808631915315,29.98605,-18.0066,29,-19,29.5,-18.5
1333,1044,34.8,-0.42329999999999757,-0.05030000000000001,0.03333333333333144,12.788341643857374,-0.9930138209984687,-0.1179980987390108,44.36385,-19.27985,44,-20,44.5,-19.5
1333,1084,36.13333333333333,-0.14690000000000225,-0.013000000000001677,0.03333333333333144,4.424222982626763,-0.9961071169572425,-0.08815107229711112,41.16005,-19.508000000000003,41,-20,41.5,-19.5
1333,1124,37.46666666666667,-0.010399999999997078,-0.0017999999999993577,0.033333333333338544,0.31663859524687116,-0.98535050585545,-0.17054143370573802,40.903800000000004,-19.4493,40,-20,40.5,-19.5
1333,1164,38.8,0.06819999999999737,0.007400000000000517,0.03333333333333144,2.0580087463371397,0.9941648710879021,0.10787126167230605,39.860600000000005,-19.4934,39,-20,39.5,-19.5
1333,1204,40.13333333333333,-0.0367999999999995,-0.005099999999998772,0.03333333333333144,1.114551479295639,-0.9905329816597979,-0.13727495126260386,36.7101,-19.67445,36,-20,36.5,-19.5
1333,1244,41.46666666666667,0.2855999999999952,0.025600000000000733,0.033333333333338544,8.602351306472809,0.9960067538222435,0.08927791630900067,37.2923,-19.523899999999998,37,-20,37.5,-19.5
1333,1284,42.8,-0.113900000000001,-0.009599999999998943,0.03333333333333144,3.429115483619868,-0.9964668779230338,-0.0839866727661105,36.23545,-19.5885,36,-20,36.5,-19.5
1333,1324,44.13333333333333,0.006899999999994577,0.01320000000000121,0.03333333333333144,0.44683889714301295,0.4632542093433682,0.8862254439620039,33.18245,-19.7551,33,-20,33.5,-19.5
1333,1364,45.46666666666667,0.6116000000000028,0.08680000000000021,0.033333333333338544,18.531862291736786,0.9900785852579127,0.14051475016413773,33.712,-19.4702,33,-20,33.5,-19.5
1333,1404,46.8,0.2295999999999978,0.024200000000000443,0.03333333333333144,6.926154777364173,0.9944912034757664,0.1048200658715776,32.8771,-19.4806,32,-20,32.5,-19.5
1333,1444,48.13333333333333,0.3526999999999987,0.04269999999999996,0.03333333333333144,10.658260739914935,0.992751093091105,0.12018846519702382,32.84865,-19.41675,32,-20,32.5,-19.5
1333,1484,49.46666666666667,-0.42689999999999984,-0.03409999999999869,0.033333333333338544,12.847792728712125,-0.9968249231929956,-0.07962457222037915,29.42535,-19.63695,29,-20,29.5,-19.5
1333,1524,50.8,-0.1333999999999982,-0.014700000000001268,0.03333333333333144,4.0262246584115795,-0.9939832819907861,-0.10953189089404808,27.6854,-19.772550000000003,27,-20,27.5,-19.5
1333,1564,52.13333333333333,0.29050000000000153,0.019299999999997652,0.03333333333333144,8.734212385785531,0.9978003299053895,0.06629103740850799,27.61965,-19.771349999999998,27,-20,27.5,-19.5
1333,1604,53.46666666666667,-0.3249000000000031,-0.02260000000000062,0.033333333333338544,9.770552338530917,-0.9975894567966779,-0.06939218751494407,27.007649999999998,-19.661900000000003,27,-20,27.5,-19.5
1333,1644,54.8,-0.25420000000000087,-0.021000000000000796,0.03333333333333144,7.65197856766517,-0.9966049868756184,-0.08233164722418845,23.787399999999998,-20.0249,23,-21,23.5,-20.5
1333,1684,56.13333333333333,-0.3097999999999992,-0.00829999999999842,0.03333333333333144,9.297334940724108,-0.9996413014326292,-0.02678186830822874,26.298099999999998,-19.51255,26,-20,26.5,-19.5
1333,1724,57.46666666666667,0.04199999999999804,0.006800000000001916,0.033333333333338544,1.276407458454927,0.9871455949693025,0.15982357251889195,19.127499999999998,-20.391199999999998,19,-21,19.5,-20.5
1333,1764,58.8,-0.42900000000000027,-0.026900000000001256,0.03333333333333144,12.895276228139481,-0.998039884707271,-0.06258105570775484,12.4311,-21.114449999999998,12,-22,12.5,-21.5
1333,1804,60.13333333333333,0.3717000000000006,0.04260000000000019,0.03333333333333144,11.223995946186667,0.9934964386537564,0.11386319151641147,12.46595,-20.9607,12,-21,12.5,-20.5
1333,1844,61.46666666666667,0.03029999999999866,0.0033999999999991815,0.033333333333338544,0.9147048704361754,0.9937631572535114,0.11151137738156021,14.12915,-20.4192,14,-21,14.5,-20.5
1333,1884,62.8,-0.1372,-0.034900000000000375,0.03333333333333144,4.247077230284619,-0.9691370739976863,-0.24652247727783977,11.7845,-20.69025,11,-21,11.5,-20.5
1333,1924,64.13333333333334,-0.20790000000000042,-0.01670000000000016,0.03333333333334565,6.257089579027236,-0.9967893093464948,-0.08006917492105141,9.878150000000002,-20.74125,9,-21,9.5,-20.5
1333,1964,65.46666666666667,0.005600000000000271,-0.0045000000000001705,0.03333333333333144,0.21552030066796352,0.7795089347933079,-0.6263911083160444,7.0497,-20.87925,7,-21,7.5,-20.5
1333,2004,66.8,0.025500000000000078,-0.007400000000000517,0.03333333333333144,0.7965607321479528,0.9603787496995962,-0.27869814697166617,7.499549999999999,-20.7085,7,-21,7.5,-20.5
1333,2044,68.13333333333334,0.06550000000000011,0.0023999999999979593,0.03333333333334565,1.9663186415220566,0.999329385637234,0.03661664924469188,11.44665,-20.058500000000002,11,-21,11.5,-20.5
1333,2084,69.46666666666667,-0.22719999999999985,-0.03849999999999909,0.03333333333333144,6.9131672191554365,-0.9859446161108593,-0.16707248116314793,10.5538,-20.22025,10,-21,10.5,-20.5
1333,2124,70.8,0.13710000000000022,0.01759999999999806,0.03333333333333144,4.146752102549892,0.9918605931304895,0.1273285662953659,10.63105,-20.086399999999998,10,-21,10.5,-20.5
1333,2164,72.13333333333334,0.047900000000000276,0.021699999999999164,0.03333333333334565,1.577583595248807,0.9108867538476415,0.4126564208453642,9.111550000000001,-20.25045,9,-21,9.5,-20.5
1338,1058,35.266666666666666,0.05529999999999902,-0.0011999999999998678,0.03333333333333144,1.6593905507746558,0.9997646420401703,-0.0216947119430035,-19.286749999999998,-5.441000000000001,-20,-6,-19.5,-5.5
1338,1098,36.6,0.728900000000003,0.16199999999999992,0.03333333333333144,22.40056447949607,0.976180757409791,0.21695881835695627,-17.26765,-4.917400000000001,-18,-5,-17.5,-4.5
1338,1138,37.93333333333333,-0.05739999999999945,-0.011800000000000033,0.03333333333333144,1.7580102388781174,-0.9795164794369935,-0.20136401493652725,-15.9912,-4.3644,-16,-5,-15.5,-4.5
1338,1178,39.266666666666666,0.038600000000000634,0.012700000000000156,0.033333333333338544,1.2190672663965607,0.9499065653881174,0.31253402539971603,-14.1751,-3.7371499999999997,-15,-4,-14.5,-3.5
1338,1218,40.6,-0.10710000000000086,-0.009199999999999875,0.03333333333333144,3.2248325537927305,-0.9963308005624646,-0.08558583907725935,-13.34095,-3.4131,-14,-4,-13.5,-3.5
1338,1258,41.93333333333333,0.046499999999999986,0.010299999999999976,0.03333333333333144,1.4288127938957682,0.9763350426030998,0.21626346104971844,-11.192450000000001,-2.81195,-12,-3,-11.5,-2.5
1338,1298,43.266666666666666,-0.14449999999999896,-0.04390000000000027,0.033333333333338544,4.530641676406702,-0.9568181086961226,-0.2906873008426321,-9.46455,-2.35715,-10,-3,-9.5,-2.5
1338,1338,44.6,-0.2088000000000001,-0.023699999999999832,0.03333333333333144,6.304222156618891,-0.993619806596393,-0.11278155850734836,-8.8207,-2.28105,-9,-3,-8.5,-2.5
1338,1378,45.93333333333333,0.14100000000000001,0.03709999999999969,0.03333333333333144,4.373976337384801,0.9670834210615223,0.25445953844951896,-7.8195,-2.03715,-8,-3,-7.5,-2.5
1338,1418,47.266666666666666,-0.07559999999999967,-0.044499999999999984,0.033333333333338544,2.631738778830032,-0.8617876585030598,-0.5072691905209831,-6.0999,-1.7678500000000001,-7,-2,-6.5,-1.5
1339,1053,35.1,-0.05169999999999675,0.050200000000000244,0.03333333333333144,2.161859616163883,-0.7174378893076169,0.6966224766585069,-60.25345,-26.152,-61,-27,-60.5,-26.5
1339,1093,36.43333333333333,-0.029199999999995896,0.02419999999999689,0.03333333333333144,1.1377398648196326,-0.7699475311421913,0.6381072004671663,-59.4316,-24.5191,-60,-25,-59.5,-24.5
1339,1133,37.766666666666666,0.08960000000000434,0.07420000000000115,0.033333333333338544,3.490045844970671,0.7701904557710184,0.6378139711853535,-58.8671,-22.846899999999998,-59,-23,-58.5,-22.5
1339,1201,40.03333333333333,-0.2109000000000023,-0.017500000000001847,0.03333333333333144,6.348744285290243,-0.9965750258141292,-0.08269351802631063,-58.374750000000006,-20.446849999999998,-59,-21,-58.5,-20.5
1363,1065,35.5,0.31450000000000244,0.10170000000000101,0.03333333333333144,9.916038826064204,0.9514888117622948,0.3076833454887936,-59.512550000000005,-25.93705,-60,-26,-59.5,-25.5
1363,1105,36.833333333333336,0.011299999999998533,0.028599999999997294,0.033333333333338544,0.9225426819391962,0.36746267314951847,0.9300382700952742,-59.06285,-24.3706,-60,-25,-59.5,-24.5
1363,1145,38.16666666666666,0.15639999999999787,0.06149999999999878,0.03333333333332433,5.0417148868230335,0.9306357271935705,0.3659469131867278,-57.595600000000005,-22.533050000000003,-58,-23,-57.5,-22.5
1370,1093,36.43333333333333,0.023499999999998522,0.040500000000001535,0.03333333333333144,1.404724172213276,0.5018778874497486,0.8649384868815687,-11.57845,-24.47945,-12,-25,-11.5,-24.5
1370,1133,37.766666666666666,0.004699999999999704,0.04529999999999745,0.033333333333338544,1.3662949901098247,0.103198797492945,0.9946607503043489,-10.78505,-23.31915,-11,-24,-10.5,-23.5
1370,1173,39.1,0.08230000000000004,0.036199999999997345,0.03333333333333144,2.697286970272288,0.9153642260581931,0.4026267920207065,-9.78605,-21.839100000000002,-10,-22,-9.5,-21.5
1370,1213,40.43333333333333,-0.08079999999999998,0.02949999999999875,0.03333333333333144,2.5805040205356566,-0.9393513750453166,0.3429562569781643,-8.9711,-20.27475,-9,-21,-8.5,-20.5
1370,1253,41.766666666666666,-0.020199999999999108,0.06050000000000111,0.033333333333338544,1.9134944473394597,-0.31669807082140555,0.9485264002324869,-8.6714,-18.785449999999997,-9,-19,-8.5,-18.5
1370,1293,43.1,0.17429999999999968,0.07750000000000057,0.03333333333333144,5.722592594270861,0.9137466827946602,0.4062843827687138,-6.648350000000001,-16.97305,-7,-17,-6.5,-16.5
1370,1333,44.43333333333333,-0.2270000000000003,-0.016699999999998383,0.03333333333333144,6.828403986291773,-0.9973047894752092,-0.07336999993054784,-5.1586,-15.17035,-6,-16,-5.5,-15.5
1370,1373,45.766666666666666,-0.2378,-0.008399999999999963,0.033333333333338544,7.138449411460732,-0.9993766977665061,-0.035301784109497955,-5.9862,-13.8048,-6,-14,-5.5,-13.5
1370,1413,47.1,-0.23179999999999978,-0.03629999999999889,0.03333333333333144,7.038752517314803,-0.9879591565258291,-0.1547149153662059,-4.8716,-12.57205,-5,-13,-4.5,-12.5
1370,1453,48.43333333333333,-0.14349999999999952,-0.014700000000001268,0.03333333333333144,4.327528856056541,-0.9947940598882938,-0.10190573296417581,-9.05175,-12.45885,-10,-13,-9.5,-12.5
1370,1514,50.46666666666667,0.09210000000000029,0.01860000000000106,0.033333333333338544,2.8187821838513174,0.9802105376671834,0.1979578284539695,-10.754750000000001,-11.0659,-11,-12,-10.5,-11.5
1370,1554,51.8,-0.03849999999999909,0.021399999999999864,0.03333333333333144,1.3214344478634308,-0.8740501671252078,0.48583567731116284,-12.78825,-11.1038,-13,-12,-12.5,-11.5
1370,1594,53.13333333333333,-0.18640000000000256,-0.012000000000000455,0.03333333333333144,5.603576001091128,-0.9979341761245891,-0.0642446894500824,-16.516,-11.3476,-17,-12,-16.5,-11.5
1370,1670,55.66666666666666,0.20330000000000226,0.07939999999999969,0.03333333333332433,6.547650341918385,0.9314791843656665,0.36379462488260117,-19.68445,-11.1366,-20,-12,-19.5,-11.5
1370,1710,57.0,-0.5461999999999989,-0.09520000000000017,0.03333333333333144,16.6330313533051,-0.9851481459959424,-0.1717065241648006,-22.9934,-11.2817,-23,-12,-22.5,-11.5
1370,1750,58.333333333333336,-0.06370000000000076,-0.051000000000000156,0.033333333333338544,2.4480238969418227,-0.7806296345338082,-0.6249938989203119,-29.40345,-12.1845,-30,-13,-29.5,-12.5
1370,1790,59.66666666666666,0.15970000000000084,0.05719999999999992,0.03333333333332433,5.089040872307297,0.9414347654529938,0.3371951695924288,-33.09675,-12.569500000000001,-34,-13,-33.5,-12.5
1370,1830,61.0,0.17199999999999704,0.032999999999999474,0.03333333333333144,5.25411267484836,0.9820878080329954,0.18842382363423774,-33.8804,-12.193000000000001,-34,-13,-33.5,-12.5
1370,1870,62.333333333333336,-0.28000000000000114,-0.044800000000000395,0.033333333333338544,8.506840541586397,-0.9874406319167054,-0.15799050110667362,-34.7709,-12.017399999999999,-35,-13,-34.5,-12.5
1370,1910,63.66666666666666,0.08400000000000318,0.04630000000000045,0.03333333333332433,2.8774504339788356,0.8757752940738618,0.48271900137641266,-36.7789,-12.174050000000001,-37,-13,-36.5,-12.5
1370,1950,65.0,-0.36840000000000117,-0.06770000000000032,0.03333333333333144,11.237066565612896,-0.9835307048746544,-0.18074112030405592,-40.7688,-12.76265,-41,-13,-40.5,-12.5
1370,1990,66.33333333333333,-0.16019999999999612,-0.007600000000000051,0.03333333333333144,4.811405200146991,-0.9988765859614839,-0.04738740357869858,-41.841300000000004,-12.5391,-42,-13,-41.5,-12.5
1370,2030,67.66666666666667,0.15390000000000015,0.039699999999999847,0.03333333333333144,4.768141147239941,0.9683018722448763,0.24978287412684472,-41.804950000000005,-11.82925,-42,-12,-41.5,-11.5
1377,1089,36.3,0.32380000000000564,0.05379999999999985,0.03333333333333144,9.847171776709,0.9864761395730637,0.16390492992288375,44.9058,-3.7176,44,-4,44.5,-3.5
1377,1129,37.63333333333333,-0.2698999999999998,-0.0697000000000001,0.03333333333333144,8.362636545970886,-0.9682353113745671,-0.25004076029198763,45.77375000000001,-3.83045,45,-4,45.5,-3.5
1377,1169,38.96666666666667,-0.1535999999999973,0.049100000000000144,0.033333333333338544,4.837705344478097,-0.9525177066145437,0.30448319918473343,45.3225,-3.90245,45,-4,45.5,-3.5
1380,1094,36.46666666666667,-0.001100000000000989,0.036599999999999966,0.033333333333338544,1.098495789705005,-0.030041080092702482,0.9995486649017465,-60.46355,-27.1895,-61,-28,-60.5,-27.5
1380,1134,37.8,0.006100000000003547,0.02780000000000271,0.03333333333333144,0.8538413201527889,0.21432553763897283,0.9767622862886166,-60.03275,-25.9185,-61,-26,-60.5,-25.5
1380,1174,39.13333333333333,0.10079999999999956,0.023800000000001376,0.03333333333333144,3.1071485320146954,0.9732396017899335,0.2297926837559708,-59.8039,-24.9253,-60,-25,-59.5,-24.5
1380,1214,40.46666666666667,0.00039999999999906777,-0.0004999999999988347,0.033333333333338544,0.019209372712250775,0.6246950475544242,-0.7808688094430303,-59.2971,-24.52295,-60,-25,-59.5,-24.5
1389,1111,37.03333333333333,-0.07939999999999969,-0.014100000000000001,0.03333333333333144,2.4192670377617724,-0.9845957320213297,-0.1748463453589522,44.81229999999999,-3.21775,44,-4,44.5,-3.5
1389,1186,39.53333333333333,-0.0764999999999958,-0.016299999999999315,0.03333333333333144,2.3465178456598252,-0.9780449802437644,-0.20839389775128844,44.49445,-4.43905,44,-5,44.5,-4.5
1391,1145,38.16666666666666,-0.05940000000000367,0.0064000000000010715,0.03333333333332433,1.7923135886340147,-0.9942456561737705,0.10712411110290915,-39.801500000000004,-15.810500000000001,-40,-16,-39.5,-15.5
1394,1094,36.46666666666667,-0.2707999999999995,-0.008900000000000574,0.033333333333338544,8.128386371228862,-0.9994603638373204,-0.03284784799908694,-13.549199999999999,-25.500549999999997,-14,-26,-13.5,-25.5
1394,1134,37.8,-0.1341000000000001,-0.00870000000000104,0.03333333333333144,4.031457552796741,-0.9979021104189373,-0.06474085280123627,-14.27495,-24.80175,-15,-25,-14.5,-24.5
1394,1174,39.13333333333333,0.11739999999999995,0.05310000000000059,0.03333333333333144,3.8655055296819514,0.9111356775862598,0.4121065117532449,-14.6356,-23.94285,-15,-24,-14.5,-23.5
1394,1214,40.46666666666667,-0.21010000000000062,-0.025199999999998113,0.033333333333338544,6.348176509832375,-0.9928835454144399,-0.11908931625150851,-15.60605,-23.1263,-16,-24,-15.5,-23.5
1394,1254,41.8,-0.07690000000000197,0.0045000000000001705,0.03333333333333144,2.3109465593130625,-0.9982922325499187,0.058417620890438095,-16.87145,-22.42545,-17,-23,-16.5,-22.5
1394,1294,43.13333333333333,-0.014900000000000801,0.022000000000002018,0.03333333333333144,0.7971254606397752,-0.5607649260648204,0.8279750586192294,-16.81295,-21.474600000000002,-17,-22,-16.5,-21.5
1394,1334,44.46666666666667,-0.27520000000000167,-0.038800000000001944,0.033333333333338544,8.337651467888259,-0.9902068984049078,-0.13960765864139577,-17.4242,-20.7544,-18,-21,-17.5,-20.5
1394,1374,45.8,-0.2408999999999999,-0.014899999999997249,0.03333333333333144,7.240810589982716,-0.998092673491361,-0.061733419821579656,-19.44455,-20.19115,-20,-21,-19.5,-20.5
1394,1414,47.13333333333333,-0.12809999999999988,-0.011900000000000688,0.03333333333333144,3.859546346398976,-0.9957128779100686,-0.09249791762006644,-20.43985,-19.55955,-21,-20,-20.5,-19.5
1394,1454,48.46666666666667,-0.44209999999999994,-0.04929999999999879,0.033333333333338544,13.345209252759739,-0.9938397929020998,-0.1108262876952552,-22.893250000000002,-19.283050000000003,-23,-20,-22.5,-19.5
1394,1494,49.8,0.2696000000000005,0.06940000000000168,0.03333333333333144,8.351674562625652,0.9684285396122665,0.24929132288239167,-24.743699999999997,-18.9648,-25,-19,-24.5,-18.5
1394,1534,51.13333333333333,0.16229999999999833,0.0625,0.03333333333333144,5.217545974881545,0.9331973351918129,0.3593643465772576,-24.95545,-18.02085,-25,-19,-24.5,-18.5
1394,1574,52.46666666666667,-0.873899999999999,-0.11309999999999931,0.033333333333338544,26.43564899902743,-0.9917290096021626,-0.12834941181600187,-25.53225,-17.135350000000003,-26,-18,-25.5,-17.5
1394,1614,53.8,0.25039999999999907,-0.0018999999999991246,0.03333333333333144,7.51221625088136,0.9999712134377209,-0.007587640996528759,-27.6133,-16.65145,-28,-17,-27.5,-16.5
1394,1654,55.13333333333333,-0.08770000000000167,-0.009199999999999875,0.03333333333333144,2.6454370149374293,-0.9945426729664282,-0.10433058827013501,-31.195149999999998,-16.7377,-32,-17,-31.5,-16.5
1394,1694,56.46666666666667,-0.24140000000000228,-0.015100000000000335,0.033333333333338544,7.256154146652657,-0.998049359706581,-0.06242976525090955,-31.1991,-16.020049999999998,-32,-17,-31.5,-16.5
1394,1734,57.8,-0.09830000000000183,-0.0029000000000003467,0.03333333333333144,2.950283037269698,-0.9995651138371243,-0.029488696135584466,-37.02235,-16.06295,-38,-17,-37.5,-16.5
1394,1774,59.13333333333333,0.11890000000000356,0.04740000000000322,0.03333333333333144,3.8399964843737435,0.9289071004402348,0.37031283903169726,-41.18315,-16.0732,-42,-17,-41.5,-16.5
1404,1090,36.333333333333336,-0.06959999999999766,-0.010500000000000398,0.033333333333338544,2.1116270977609473,-0.9888109516181164,-0.14917406597688165,21.9854,-14.22645,21,-15,21.5,-14.5
1404,1130,37.66666666666666,-0.005200000000002092,0.009299999999999642,0.03333333333332433,0.3196513725921864,-0.4880316913236936,0.872825909482375,20.767,-14.21465,20,-15,20.5,-14.5
1404,1170,39.0,-0.01630000000000109,-0.0022999999999999687,0.03333333333333144,0.49384410495627024,-0.9901910240345208,-0.13972020584535055,19.03285,-14.407250000000001,19,-15,19.5,-14.5
1404,1210,40.333333333333336,0.20670000000000144,0.04720000000000013,0.033333333333338544,6.360617658685979,0.9749053209527642,0.22261988944833225,17.60205,-14.4005,17,-15,17.5,-14.5
1404,1250,41.66666666666666,-0.2538000000000018,-0.04279999999999973,0.03333333333332433,7.721505811694569,-0.9860770924332354,-0.16628880833783255,16.206200000000003,-14.552,16,-15,16.5,-14.5
1404,1290,43.0,0.24249999999999972,0.03780000000000072,0.03333333333333144,7.362851417759704,0.9880682886595544,0.1540164177786883,15.18235,-14.4534,15,-15,15.5,-14.5
1404,1330,44.333333333333336,0.4016000000000002,0.07450000000000045,0.033333333333338544,12.253551689202327,0.9832251338699346,0.182396096796092,14.861699999999999,-14.26295,14,-15,14.5,-14.5
1404,1370,45.66666666666666,-0.09009999999999962,-0.006600000000000605,0.03333333333332433,2.710242240096614,-0.9973278255394479,-0.07305620031699209,13.44105,-14.2635,13,-15,13.5,-14.5
1404,1410,47.0,0.22710000000000008,0.032399999999999096,0.03333333333333144,6.881987576275139,0.9899756319653096,0.1412382671760243,11.14315,-14.5579,11,-15,11.5,-14.5
1404,1450,48.333333333333336,-0.6353000000000009,-0.08580000000000076,0.033333333333338544,19.232029456089272,-0.9910030578682667,-0.13383922928553113,9.06085,-14.6208,9,-15,9.5,-14.5
1404,1490,49.66666666666666,0.26529999999999987,0.015100000000000335,0.03333333333332433,7.971881208349399,0.9983841695566458,0.056824730344160176,6.84785,-14.80435,6,-15,6.5,-14.5
1404,1530,51.0,0.5941000000000001,0.09820000000000029,0.03333333333333144,18.06483448581905,0.9866129697447339,0.16307926885866544,5.99325,-14.9287,5,-15,5.5,-14.5
1404,1570,52.333333333333336,0.12329999999999952,0.008599999999999497,0.033333333333338544,3.7079866504608114,0.9975764070077525,0.06957953852608438,6.40915,-14.846599999999999,6,-15,6.5,-14.5
1404,1610,53.66666666666666,-0.19100000000000028,-0.02740000000000009,0.03333333333332433,5.78865994855616,-0.9898664027467644,-0.1420017771479654,2.1106,-15.3396,2,-16,2.5,-15.5
1404,1650,55.0,0.1765000000000001,0.03380000000000116,0.03333333333333144,5.391217024012612,0.982153004862584,0.18808369158275615,1.2803499999999999,-15.711500000000001,1,-16,1.5,-15.5
1404,1690,56.333333333333336,0.04379999999999984,-0.008699999999999264,0.033333333333338544,1.3396704818720964,0.9808382119187744,-0.19482402839480928,1.5939,-15.707650000000001,1,-16,1.5,-15.5
1404,1730,57.66666666666666,-0.2010000000000005,-0.01869999999999905,0.03333333333332433,6.056040042801893,-0.9957001534639454,-0.09263479039688949,-4.1208,-16.66005,-5,-17,-4.5,-16.5
1404,1770,59.0,-0.09479999999999933,-0.0045000000000001705,0.03333333333333144,2.847202311041632,-0.9988752780127105,-0.04741496572845358,-10.4787,-17.86675,-11,-18,-10.5,-17.5
1404,1810,60.333333333333336,0.13250000000000028,0.027300000000000324,0.033333333333338544,4.058495534061228,0.9794269740200282,0.20179891615658138,-10.53705,-18.03295,-11,-19,-10.5,-18.5
1404,1850,61.66666666666666,-0.3058999999999994,-0.053999999999998494,0.03333333333332433,9.318890974791282,-0.9847738346577233,-0.17384042847831213,-9.54675,-18.1211,-10,-19,-9.5,-18.5
1404,1890,63.0,-0.03880000000000017,-0.011400000000001853,0.03333333333333144,1.2132023738850073,-0.9594442156197102,-0.2818985581975883,-12.968499999999999,-19.0076,-13,-20,-12.5,-19.5
1404,1930,64.33333333333333,-0.2530999999999999,-0.05239999999999867,0.03333333333333144,7.754020441036164,-0.9792339416358028,-0.20273353829203788,-14.56245,-19.6431,-15,-20,-14.5,-19.5
1404,1970,65.66666666666667,0.33970000000000056,0.03480000000000061,0.03333333333333144,10.244335849629897,0.9947936254324161,0.10190997399190059,-17.08245,-20.3752,-18,-21,-17.5,-20.5
1404,2010,67.0,0.34029999999999916,0.04450000000000287,0.03333333333333144,10.295916957707641,0.9915581139529278,0.1296630504581494,-16.70705,-20.78815,-17,-21,-16.5,-20.5
1404,2050,68.33333333333333,-0.006600000000000605,-0.00140000000000029,0.03333333333333144,0.2024055335212271,-0.9782341251024362,-0.20750420835508618,-14.645399999999999,-21.0034,-15,-22,-14.5,-21.5
1404,2090,69.66666666666667,0.20569999999999844,0.024799999999999045,0.03333333333333144,6.215687974794405,0.9928104539714159,0.11969712814044897,-16.02555,-21.5271,-17,-22,-16.5,-21.5
1404,2130,71.0,-0.17579999999999885,-0.03889999999999816,0.03333333333333144,5.401570604926203,-0.9763826830645158,-0.2160482728737663,-16.6259,-22.14085,-17,-23,-16.5,-22.5
1404,2170,72.33333333333333,-0.18189999999999884,-0.028000000000002245,0.03333333333333144,5.521272407697631,-0.9883591312017591,-0.15213884372540765,-18.06615,-23.0678,-19,-24,-18.5,-23.5
1404,2210,73.66666666666667,0.31170000000000186,0.020300000000002427,0.03333333333333144,9.370810103721617,0.9978859774660078,0.06498904505153115,-19.44265,-23.83215,-20,-24,-19.5,-23.5
1404,2250,75.0,-0.012299999999999756,-0.019600000000000506,0.03333333333333144,0.6941937769816633,-0.5315518695722341,-0.8470257433834362,-21.515349999999998,-24.573700000000002,-22,-25,-21.5,-24.5
1404,2290,76.33333333333333,0.16720000000000113,0.010300000000000864,0.03333333333333144,5.025508630974901,0.9981079266452801,0.061486313662961596,-26.6172,-25.64135,-27,-26,-26.5,-25.5
1404,2330,77.66666666666667,0.17539999999999978,0.010300000000000864,0.03333333333333144,5.271064882924807,0.998280255863691,0.05862193064650452,-27.748399999999997,-26.24885,-28,-27,-27.5,-26.5
1404,2370,79.0,0.25619999999999976,0.023400000000002308,0.03333333333333144,7.717991966827043,0.9958548846689502,0.09095630094166962,-28.0527,-26.8627,-29,-27,-28.5,-26.5
1404,2410,80.33333333333333,0.5152000000000001,0.04590000000000316,0.03333333333333144,15.517218339638962,0.9960548122544814,0.08874013175947949,-30.9475,-27.48395,-31,-28,-30.5,-27.5
1404,2450,81.66666666666667,0.10159999999999769,0.011299999999998533,0.03333333333333144,3.0667939285189374,0.9938717993589123,0.11053889107041837,-31.2865,-28.34415,-32,-29,-31.5,-28.5
1404,2490,83.0,-0.2010000000000005,-0.03240000000000265,0.03333333333333144,6.107837915335064,-0.9872560607511741,-0.15913978292706754,-31.5451,-29.3385,-32,-30,-31.5,-29.5
1404,2530,84.33333333333333,-0.10739999999999839,-0.05249999999999844,0.03333333333333144,3.586350373290513,-0.8984063643073215,-0.43916512221725956,-37.4619,-30.71985,-38,-31,-37.5,-30.5
1404,2570,85.66666666666667,0.1886999999999972,-0.006000000000000227,0.03333333333333144,5.663860962276766,0.9994948742040838,-0.031780441151164913,-39.58395,-31.7592,-40,-32,-39.5,-31.5
1404,2610,87.0,0.11460000000000292,0.009900000000001796,0.03333333333333144,3.450804688764925,0.9962893614911528,0.08606688201364704,-39.4695,-32.65755,-40,-33,-39.5,-32.5
1404,2650,88.33333333333333,-0.23199999999999932,-0.06680000000000064,0.03333333333333144,7.242763008687068,-0.9609592349842812,-0.27668998662478783,-39.5912,-34.0141,-40,-35,-39.5,-34.5
1412,1102,36.73333333333333,0.08160000000000167,0.028700000000000614,0.03333333333332433,2.595000000000754,0.9433526011560693,0.3317919075144512,-39.455600000000004,-12.53955,-40,-13,-39.5,-12.5
1414,1092,36.4,-0.4993999999999943,-0.03820000000000334,0.03333333333333144,15.025765870664323,-0.9970872785427138,-0.07626899086971453,-59.738,-27.9527,-60,-28,-59.5,-27.5
1414,1137,37.9,-0.024900000000002365,0.025499999999997414,0.03333333333333144,1.0692212119108548,-0.6986393383134581,0.7154740211642443,-58.81275,-26.486449999999998,-59,-27,-58.5,-26.5
1414,1182,39.4,0.07399999999999807,0.023399999999998755,0.03333333333333144,2.3283479121472177,0.9534657550180161,0.3015013333435267,-59.1749,-25.398600000000002,-60,-26,-59.5,-25.5
1416,1134,37.8,-0.0014999999999929514,0.003500000000002501,0.03333333333333144,0.1142365965879508,-0.393919298577366,0.91914503001883,-130.79385000000002,-28.56935,-131,-29,-130.5,-28.5
1416,1195,39.833333333333336,-0.0024999999999977263,0.0058000000000006935,0.033333333333338544,0.18947559209562,-0.39582934757143207,0.9183240863666674,-130.78475,-28.5904,-131,-29,-130.5,-28.5
1416,1244,41.46666666666667,0.001599999999996271,-0.0036999999999984823,0.033333333333338544,0.12093386622437316,0.39691115068482485,-0.9178570359604201,-130.7815,-28.59735,-131,-29,-130.5,-28.5
1416,1285,42.833333333333336,0.0023999999999944066,-0.00560000000000116,0.033333333333338544,0.1827785545406711,0.3939192985783232,-0.9191450300184199,-130.7821,-28.5965,-131,-29,-130.5,-28.5
1416,1330,44.333333333333336,-0.07339999999999236,-0.009100000000000108,0.10000000000000853,0.7396194967683009,-0.9924021786972981,-0.12303623741343951,-130.6972,-28.66675,-131,-29,-130.5,-28.5
1416,1385,46.16666666666666,0.03700000000000614,-0.001100000000000989,0.03333333333332433,1.1104904321969986,0.9995583643205782,-0.029716600020363304,-130.72629999999998,-28.67755,-131,-29,-130.5,-28.5
1416,1435,47.833333333333336,0.0014000000000180535,-0.0032999999999994145,0.033333333333338544,0.10754068997378807,0.39054984686049626,-0.920581781873421,-130.789,-28.58065,-131,-29,-130.5,-28.5
1416,1479,49.3,-0.0005000000000165983,0.0009999999999976694,0.03333333333333144,0.033541019662658905,-0.4472135955126685,0.8944271909935606,-130.79885000000002,-28.5578,-131,-29,-130.5,-28.5
1416,1520,50.66666666666666,0.0014999999999929514,-0.006099999999999994,0.03333333333332433,0.18845158529447315,0.23878812125397622,-0.9710716931040655,-130.76815,-28.61345,-131,-29,-130.5,-28.5
1416,1560,52.0,-0.0003999999999848569,0.0008999999999979025,0.03333333333333144,0.029546573405147984,-0.40613846604139875,0.9138115486256123,-130.77960000000002,-28.602249999999998,-131,-29,-130.5,-28.5
1416,1614,53.8,0.02410000000000423,-0.07269999999999754,0.03333333333333144,2.2977140814297288,0.31466056018174754,-0.9492042624567743,-130.76105,-28.63645,-131,-29,-130.5,-28.5
1416,1654,55.13333333333333,-0.0004999999999881766,0.00140000000000029,0.03333333333333144,0.04459820624184694,-0.3363363969910409,0.9417419115973787,-130.72565,-28.726599999999998,-131,-29,-130.5,-28.5
1416,1694,56.46666666666667,-0.002200000000016189,0.005099999999998772,0.033333333333338544,0.16662832892411827,-0.396091111437188,0.9182112128701398,-130.7544,-28.66035,-131,-29,-130.5,-28.5
1416,1737,57.9,-0.0004999999999881766,0.0010000000000012221,0.03333333333333144,0.03354101966237292,-0.44721359549106054,0.8944271910043645,-130.76415,-28.6378,-131,-29,-130.5,-28.5
1416,1777,59.23333333333333,-0.00010000000000331966,0.0002999999999993008,0.03333333333332433,0.009486832980519293,-0.31622776602694913,0.9486832980471434,-130.75695000000002,-28.65435,-131,-29,-130.5,-28.5
1416,1817,60.56666666666667,-0.00190000000000623,0.004300000000000637,0.033333333333338544,0.14103191128258888,-0.40416384832199986,0.9146866040942938,-130.78575,-28.58795,-131,-29,-130.5,-28.5
1416,1857,61.9,0.0006999999999948159,-0.0016999999999995907,0.03333333333333144,0.055154328932483274,0.3807498052519622,-0.9246780984756765,-130.80335,-28.54755,-131,-29,-130.5,-28.5
1416,1897,63.23333333333333,0.0006000000000199179,-0.00140000000000029,0.03333333333332433,0.04569463863543916,0.3939192985901464,-0.9191450300133528,-130.7877,-28.583599999999997,-131,-29,-130.5,-28.5
1416,1937,64.56666666666666,-0.0053000000000054115,0.012100000000000222,0.03333333333333144,0.396295344408781,-0.40121591697570375,0.9159835085662542,-130.78965,-28.579050000000002,-131,-29,-130.5,-28.5
1416,1977,65.9,-0.0001999999999782176,0.00039999999999906777,0.03333333333334565,0.013416407864676525,-0.4472135954618262,0.8944271910189817,-130.77949999999998,-28.6025,-131,-29,-130.5,-28.5
1416,2019,67.3,-0.003299999999995862,0.005999999999996675,0.03333333333333144,0.20542881978910435,-0.4819187497718969,0.8762159086767893,-130.78845,-28.5709,-131,-29,-130.5,-28.5
1416,2059,68.63333333333334,-0.01659999999998263,-0.004100000000001103,0.03333333333334565,0.5129649110799828,-0.9708266379289352,-0.23978248286228135,-130.6831,-28.50395,-131,-29,-130.5,-28.5
1416,2120,70.66666666666667,-0.0016999999999995907,0.003800000000001802,0.03333333333333144,0.12488794977904331,-0.4083660600580106,0.9128182518950293,-130.81975,-28.5096,-131,-29,-130.5,-28.5
1416,2162,72.06666666666666,0.0005999999999914962,-0.0015000000000000568,0.03333333333333144,0.04846648326412013,0.3713906763495539,-0.9284766908870792,-130.77519999999998,-28.61205,-131,-29,-130.5,-28.5
1416,2258,75.26666666666667,0.003500000000002501,-0.007999999999999119,0.03333333333333144,0.26196373794861544,0.40081883401998525,-0.9161573349020679,-130.81435,-28.522100000000002,-131,-29,-130.5,-28.5
1435,1177,39.23333333333333,-0.1711000000000027,-0.09169999999999945,0.03333333333332433,5.823717884652299,-0.8813957169060103,-0.47237865131665335,-55.054249999999996,-13.28425,-56,-14,-55.5,-13.5
1435,1243,41.43333333333333,0.157199999999996,-0.03249999999999886,0.03333333333333144,4.81573265453985,0.9792902426911753,-0.20246140513653238,-56.359700000000004,-16.58425,-57,-17,-56.5,-16.5
1435,1296,43.2,-0.18489999999999895,-0.0677999999999983,0.03333333333334565,5.9081608813550135,-0.9388708451564265,-0.3442695689648701,-56.71235,-18.9254,-57,-19,-56.5,-18.5
1486,1155,38.5,0.0035999999999987153,0.0037000000000002586,0.03333333333333144,0.15487091398967115,0.6973549598033009,0.716725930909254,19.2793,-13.76115,19,-14,19.5,-13.5
1486,1208,40.266666666666666,0.3082000000000029,0.04499999999999993,0.033333333333338544,9.344036386914079,0.9895081330106192,0.14447717711056904,16.9946,-14.0044,16,-15,16.5,-14.5
1486,1248,41.6,-0.1103999999999985,-0.00730000000000075,0.03333333333333144,3.31923259203102,-0.9978210047562677,-0.06597910629276814,18.2823,-13.50835,18,-14,18.5,-13.5
1486,1365,45.5,0.5288000000000004,0.06509999999999927,0.03333333333333144,15.983763793300668,0.9925071594620316,0.12218649031954895,15.4313,-13.43795,15,-14,15.5,-13.5
1486,1405,46.833333333333336,-1.4610000000000003,-0.20330000000000048,0.033333333333338544,44.252307295771466,-0.990456829901417,-0.13782332205267522,12.453,-13.73835,12,-14,12.5,-13.5
1486,1458,48.6,0.09119999999999884,0.01630000000000109,0.03333333333333144,2.7793555008312123,0.9844008796938264,0.17594006950669572,9.556000000000001,-13.82465,9,-14,9.5,-13.5
1486,1498,49.93333333333333,-0.43979999999999997,-0.06099999999999994,0.03333333333333144,13.320305401905022,-0.9905178298775184,-0.13738423743185213,7.8937,-13.9837,7,-14,7.5,-13.5
1486,1538,51.266666666666666,-0.17929999999999957,-0.03149999999999942,0.033333333333338544,5.461379496060543,-0.9849159912581026,-0.1730332053799762,8.318850000000001,-13.95335,8,-14,8.5,-13.5
1486,1578,52.6,0.5330000000000004,0.07629999999999981,0.03333333333333144,16.153006562248095,0.9899085930771462,0.141707365200349,6.002000000000001,-14.33595,6,-15,6.5,-14.5
1486,1623,54.1,-0.10640000000000027,-0.04260000000000019,0.03333333333333144,3.4383350622069124,-0.928356295198115,-0.3716915242052611,3.1372999999999998,-14.6858,3,-15,3.5,-14.5
1486,1663,55.43333333333333,0.08740000000000014,0.007499999999998508,0.03333333333333144,2.631636183061935,0.9963383300762457,0.08549814045274992,1.9671,-14.96605,1,-15,1.5,-14.5
1486,1704,56.8,-0.38359999999999994,-0.057500000000000995,0.03333333333333144,11.636566890626096,-0.9889514758232506,-0.14823959817475993,1.3917,-15.08295,1,-16,1.5,-15.5
1486,1744,58.13333333333333,0.0027999999999996916,-0.01699999999999946,0.03333333333333144,0.5168713573027744,0.16251626021286716,-0.9867058655781994,-6.8713999999999995,-16.398000000000003,-7,-17,-6.5,-16.5
1486,1784,59.46666666666667,-0.031099999999998573,-0.0034999999999989484,0.033333333333338544,0.9388897698876253,-0.9937268781951699,-0.11183421458785239,-11.46335,-17.28685,-12,-18,-11.5,-17.5
1486,1824,60.8,0.0686,0.02079999999999771,0.03333333333333144,2.1505208671390377,0.9569774613431178,0.290162262331409,-10.8773,-17.573900000000002,-11,-18,-10.5,-17.5
1486,1864,62.13333333333333,-0.024200000000000443,-0.015900000000002024,0.03333333333333144,0.8686800331538438,-0.8357507624115951,-0.5491089719977607,-10.03,-17.76435,-11,-18,-10.5,-17.5
1486,1904,63.46666666666667,-0.33889999999999887,-0.036000000000001364,0.033333333333338544,10.224201142385978,-0.9944053191451345,-0.10563172466576075,-13.68965,-18.6388,-14,-19,-13.5,-18.5
1486,1944,64.8,0.22889999999999944,0.006499999999999062,0.03333333333333144,6.869768118357789,0.9995970579632785,0.028385237556838742,-17.41735,-19.492849999999997,-18,-20,-17.5,-19.5
1486,1984,66.13333333333334,0.020700000000001495,-0.0030999999999998806,0.03333333333334565,0.6279251547754426,0.9889713690828268,-0.1481068233891992,-17.141849999999998,-19.86725,-18,-20,-17.5,-19.5
1486,2024,67.46666666666667,0.08699999999999974,-0.022700000000000387,0.03333333333333144,2.6973803958657374,0.9676054604684143,-0.2524671718693499,-17.2849,-20.32835,-18,-21,-17.5,-20.5
1486,2064,68.8,-0.042200000000001125,-0.040099999999998914,0.03333333333333144,1.7464148991578015,-0.7249136505939264,-0.6888397485501159,-16.1048,-20.573050000000002,-17,-21,-16.5,-20.5
1486,2104,70.13333333333334,0.1277000000000008,0.013500000000000512,0.03333333333334565,3.852348115109696,0.9944584148490228,0.10513068598639178,-17.08965,-21.21845,-18,-22,-17.5,-21.5
1486,2144,71.46666666666667,-0.14010000000000034,-0.029299999999999216,0.03333333333333144,4.2939317647119335,-0.9788231928930559,-0.20470749144729267,-17.80435,-21.81725,-18,-22,-17.5,-21.5
1486,2184,72.8,0.3038000000000025,0.00030000000000285354,0.03333333333333144,9.11400444371248,0.9999995124303577,0.0009874912894402843,-18.7134,-22.57855,-19,-23,-18.5,-22.5
1486,2224,74.13333333333334,0.18840000000000146,-0.0015999999999998238,0.03333333333334565,5.652203817979045,0.9999639400864418,-0.00849226276081804,-21.358,-23.453200000000002,-22,-24,-21.5,-23.5
1486,2264,75.46666666666667,-0.1252999999999993,-0.052199999999999136,0.03333333333333144,4.072153852692902,-0.9230987177742261,-0.384563073166912,-22.48335,-24.3874,-23,-25,-22.5,-24.5
1486,2304,76.8,-0.006299999999999528,-0.021399999999999864,0.03333333333333144,0.6692421086572784,-0.28240900797350194,-0.9592940905767232,-28.811549999999997,-25.604,-29,-26,-28.5,-25.5
1486,2344,78.13333333333334,-0.09099999999999753,-0.02430000000000021,0.03333333333334565,2.8256576225710193,-0.9661467752469372,-0.257993039983532,-27.035899999999998,-25.84675,-28,-26,-27.5,-25.5
1486,2384,79.46666666666667,0.33149999999999835,0.03389999999999915,0.03333333333333144,9.996865208654677,0.9948118527586769,0.10173189082509343,-29.47605,-26.51375,-30,-27,-29.5,-26.5
1486,2424,80.8,0.030299999999996885,-0.022700000000000387,0.03333333333333144,1.135800158478591,0.8003168455422365,-0.5995773067264338,-32.72025,-27.21115,-33,-28,-32.5,-27.5
1486,2464,82.13333333333334,-0.28470000000000084,-0.06540000000000035,0.03333333333334565,8.76345394236449,-0.9746157229979576,-0.2238843283599107,-29.52525,-27.5287,-30,-28,-29.5,-27.5
1486,2504,83.46666666666667,-0.043400000000005434,-0.06439999999999912,0.03333333333333144,2.3297699457244576,-0.5588534620723556,-0.8292664275911222,-33.8701,-29.027,-34,-30,-33.5,-29.5
1486,2544,84.8,-0.06680000000000064,-0.025099999999998346,0.03333333333333144,2.140800084080838,-0.9360986179429077,-0.35173765434678456,-38.4871,-30.42035,-39,-31,-38.5,-30.5
1486,2584,86.13333333333334,0.009900000000001796,-0.019300000000001205,0.03333333333334565,0.6507303589043322,0.45641024110204137,-0.889769459926096,-39.87025,-31.49755,-40,-32,-39.5,-31.5
1486,2624,87.46666666666667,0.05270000000000152,-0.043900000000000716,0.03333333333333144,2.057680733253019,0.7683407704851803,-0.6400409833832825,-39.12095,-32.50125,-40,-33,-39.5,-32.5
1486,2664,88.8,-0.16329999999999956,-0.03520000000000323,0.03333333333333144,5.011520427974222,-0.9775476465493645,-0.2107144957657127,-41.243750000000006,-33.8303,-42,-34,-41.5,-33.5
1512,1171,39.03333333333333,0.23900000000000077,0.11850000000000005,0.03333333333333144,8.002932275110643,0.8959216139188562,0.44421218095976633,25.770899999999997,4.548349999999999,25,4,25.5,4.5
1512,1211,40.36666666666667,0.15900000000000247,0.050199999999999356,0.03333333333333144,5.0020931618676885,0.9536007918371748,0.30107396069323783,27.0268,6.6751000000000005,27,6,27.5,6.5
1512,1251,41.7,-0.05620000000000047,0.011000000000001009,0.03333333333334565,1.7179918509695808,-0.9813783453325844,0.19208472951351116,27.974400000000003,8.475999999999999,27,8,27.5,8.5
1541,1185,39.5,0.03829999999999956,-0.045300000000001006,0.03333333333333144,1.7796297367712226,0.6456399195063348,-0.7636419935675707,-20.56665,-31.20375,-21,-32,-20.5,-31.5
1541,1225,40.833333333333336,0.0257000000000005,-0.0373999999999981,0.033333333333338544,1.3613687964689494,0.5663417598520518,-0.8241704987729669,-21.87415,-32.4821,-22,-33,-21.5,-32.5
1543,1199,39.96666666666667,-0.27069999999999794,-0.03739999999999988,0.033333333333338544,8.198141557693303,-0.9905903603698765,-0.13686028621290558,35.642250000000004,-12.988700000000001,35,-13,35.5,-12.5
1543,1239,41.3,-0.05619999999999692,-0.0036000000000004917,0.03333333333333144,1.6894555335965538,-0.9979546466137561,-0.06392592042366921,33.158100000000005,-13.2132,33,-14,33.5,-13.5
1543,1279,42.63333333333333,0.09590000000000032,0.033299999999998775,0.03333333333333144,3.045509809539453,0.944669424799928,0.32802389828817874,33.47815,-12.96685,33,-13,33.5,-12.5
1543,1319,43.96666666666667,-0.9542000000000037,-0.13199999999999967,0.033333333333338544,28.898606817626092,-0.9905667833971781,-0.13703082729870747,32.2841,-12.9424,32,-13,32.5,-12.5
1543,1365,45.5,0.47390000000000043,0.0600000000000005,0.03333333333333144,14.330495071700202,0.9920801709130405,0.1256062676825973,30.27185,-13.111899999999999,30,-14,30.5,-13.5
1543,1405,46.833333333333336,-0.0884999999999998,0.01159999999999961,0.033333333333338544,2.677709655656811,-0.9915189999747521,0.12996181242606514,28.72715,-13.1415,28,-14,28.5,-13.5
1543,1445,48.16666666666666,-0.0475999999999992,-0.015400000000001413,0.03333333333332433,1.500875744357669,-0.9514445185544016,-0.30782028541469275,28.000500000000002,-13.0378,28,-14,28.5,-13.5
1543,1563,52.1,-1.5374000000000017,-0.2602000000000011,0.23333333333333428,6.682558046198782,-0.985978288150455,-0.16687365069386573,14.8049,-14.5922,14,-15,14.5,-14.5
1543,1603,53.43333333333333,-0.16660000000000075,-0.023899999999999366,0.03333333333333144,5.049167555152343,-0.9898661403898502,-0.14200360597428985,13.050699999999999,-14.94115,13,-15,13.5,-14.5
1543,1643,54.766666666666666,0.00969999999999871,0.010400000000000631,0.033333333333338544,0.42664387959975747,0.6820676773165205,0.7312890560920812,10.03055,-15.8123,10,-16,10.5,-15.5
1543,1683,56.1,-0.5788999999999991,-0.05739999999999945,0.03333333333333144,17.45216241616017,-0.9951202370154226,-0.09866972120346312,12.38975,-15.729299999999999,12,-16,12.5,-15.5
1543,1723,57.43333333333333,0.011700000000000266,-0.010500000000000398,0.03333333333333144,0.47162061023670115,0.7442422836946522,-0.6679097417772621,4.91305,-17.23985,4,-18,4.5,-17.5
1543,1763,58.766666666666666,-0.5058,-0.05600000000000094,0.033333333333338544,15.26671791839776,-0.9939267942922823,-0.11004329869586543,-0.6077,-18.1916,-1,-19,-0.5,-18.5
1543,1803,60.1,0.09030000000000005,-0.012000000000000455,0.03333333333333144,2.7328155810447337,0.9912853317985425,-0.13173227000645577,-1.37455,-18.2618,-2,-19,-1.5,-18.5
1543,1843,61.43333333333333,0.21860000000000002,0.012299999999999756,0.03333333333333144,6.568373086237178,0.9984207525820147,0.05617829486165844,0.6174,-18.176250000000003,0,-19,0.5,-18.5
1543,1907,63.56666666666667,-0.30050000000000043,-0.05959999999999965,0.033333333333338544,9.19060221095298,-0.9808932856711936,-0.1945465551614067,-4.40025,-19.801499999999997,-5,-20,-4.5,-19.5
1543,1949,64.96666666666667,-0.28419999999999934,-0.014299999999998647,0.03333333333333144,8.536786104852803,-0.9987365145711912,-0.05025310400551272,-7.9045000000000005,-19.86235,-8,-20,-7.5,-19.5
1543,2010,67.0,0.5122999999999998,0.09769999999999968,0.03333333333333144,15.645987408918222,0.9822965849531828,0.18733237624424298,-6.72075,-19.02395,-7,-20,-6.5,-19.5
1543,2050,68.33333333333333,-0.8193999999999999,-0.10200000000000031,0.03333333333333144,24.771724283950636,-0.9923410949607507,-0.12352793713204406,-4.048,-18.424300000000002,-5,-19,-4.5,-18.5
1543,2093,69.76666666666667,0.13649999999999984,0.013999999999999346,0.03333333333333144,4.116482114621885,0.9947814386110528,0.10202886549856488,-5.11465,-18.5111,-6,-19,-5.5,-18.5
1543,2133,71.1,0.09710000000000019,-0.004300000000000637,0.03333333333333144,2.9158549346634177,0.9990208927648261,-0.04424088402563728,-5.794449999999999,-18.58335,-6,-19,-5.5,-18.5
1543,2173,72.43333333333334,-0.2546999999999997,-0.045999999999999375,0.03333333333333144,7.764617247489193,-0.9840794151793198,-0.1777293015243351,-7.61365,-19.1313,-8,-20,-7.5,-19.5
1543,2213,73.76666666666667,-0.1396999999999995,-0.013999999999999346,0.03333333333333144,4.211992521361104,-0.9950160117202447,-0.09971527676508823,-7.938149999999999,-19.4356,-8,-20,-7.5,-19.5
1543,2253,75.1,-0.09529999999999994,-0.01180000000000092,0.03333333333333144,2.880832692122358,-0.9924213953202146,-0.122881138140393,-10.59545,-20.099,-11,-21,-10.5,-20.5
1543,2293,76.43333333333334,-0.3506999999999998,-0.05109999999999815,0.03333333333333144,10.63209904017135,-0.9895506014615748,-0.14418601578182114,-15.66865,-21.06155,-16,-22,-15.5,-21.5
1543,2333,77.76666666666667,0.38599999999999923,0.03200000000000003,0.03333333333333144,11.619724609473963,0.9965812778866603,0.08261813702687362,-15.5189,-21.549599999999998,-16,-22,-15.5,-21.5
1543,2373,79.1,-0.15279999999999916,-0.0470000000000006,0.03333333333333144,4.795952043129959,-0.9558060545177182,-0.2939979356173663,-16.5521,-22.136899999999997,-17,-23,-16.5,-22.5
1543,2413,80.43333333333334,-0.5228999999999999,-0.06739999999999924,0.03333333333333144,15.816777579520686,-0.9917949418668042,-0.12783893494324317,-18.53735,-22.875,-19,-23,-18.5,-22.5
1543,2453,81.76666666666667,0.06530000000000058,0.00689999999999813,0.03333333333333144,1.969906089132293,0.9944636502255961,0.10508115140206267,-17.27605,-23.271250000000002,-18,-24,-17.5,-23.5
1543,2493,83.1,0.24329999999999785,0.015500000000002956,0.03333333333333144,7.313796961907353,0.9979768426736386,0.06357846716582197,-18.82075,-24.01745,-19,-25,-18.5,-24.5
1543,2533,84.43333333333334,-0.3991000000000007,-0.058799999999997965,0.03333333333333144,12.102248757979524,-0.9893202692686677,-0.1457580351616025,-25.347250000000003,-25.2286,-26,-26,-25.5,-25.5
1543,2573,85.76666666666667,0.3821000000000012,0.027599999999999625,0.03333333333333144,11.49286530853015,0.99740140446027,0.0720446971031222,-26.98905,-25.913,-27,-26,-26.5,-25.5
1543,2613,87.1,-0.036000000000001364,-0.03529999999999944,0.03333333333333144,1.5125742956960206,-0.7140145135833698,-0.7001308980414334,-26.7474,-26.42625,-27,-27,-26.5,-26.5
1543,2653,88.43333333333334,0.1720000000000006,0.03170000000000073,0.03333333333333144,5.246903944232575,0.9834371002107273,0.18124974463186433,-27.810000000000002,-27.25085,-28,-28,-27.5,-27.5
1543,2693,89.76666666666667,-0.21220000000000283,-0.032200000000003115,0.03333333333333144,6.438875057027118,-0.9886820203247867,-0.15002620666569644,-33.714200000000005,-28.4359,-34,-29,-33.5,-28.5
1543,2733,91.1,0.11979999999999791,-0.003400000000002734,0.03333333333333144,3.5954471210130508,0.9995975129200338,-0.028369211552010914,-29.608,-28.410899999999998,-30,-29,-29.5,-28.5
1543,2773,92.43333333333334,-0.08129999999999882,-0.03049999999999997,0.03333333333333144,2.604984836808191,-0.9362818414668916,-0.35124964532276237,-30.53745,-28.80265,-31,-29,-30.5,-28.5
1543,2813,93.76666666666668,0.025900000000000034,-0.018499999999999517,0.03333333333335986,0.9548581046409641,0.8137334712067424,-0.5812381937190858,-32.56685,-29.48775,-33,-30,-32.5,-29.5
1543,2853,95.1,0.3586000000000027,0.014500000000001734,0.03333333333333144,10.766791026114278,0.9991835054574512,0.0404020101202863,-33.354600000000005,-30.168950000000002,-34,-31,-33.5,-30.5
1543,2893,96.43333333333334,-0.09830000000000183,-0.019999999999999574,0.03333333333333144,3.0094187146359905,-0.9799234601878668,-0.1993740509029151,-35.905649999999994,-30.9705,-36,-31,-35.5,-30.5
1543,2933,97.76666666666668,-0.003700000000002035,-0.011400000000001853,0.03333333333335986,0.3595622338342082,-0.3087087284343497,-0.9511566227433035,-37.499849999999995,-31.6587,-38,-32,-37.5,-31.5
1543,2973,99.1,0.012199999999999989,-0.023699999999998056,0.03333333333333144,0.7996730581931528,0.4576870462873803,-0.8891133604106585,-36.979699999999994,-32.100350000000006,-37,-33,-36.5,-32.5
1543,3013,100.43333333333334,-0.2436000000000007,-0.024500000000003297,0.03333333333333144,7.344868208484519,-0.9949804125223795,-0.10006986907553984,-36.0006,-32.33585,-37,-33,-36.5,-32.5
1543,3053,101.76666666666668,0.46710000000000207,0.03949999999999676,0.03333333333335986,14.063015110554591,0.9964435001902158,0.084263580084586,-38.28475,-32.597449999999995,-39,-33,-38.5,-32.5
1543,3093,103.1,0.07139999999999702,0.0016999999999995907,0.03333333333333144,2.1426070568352324,0.9997166737441363,0.023802777946284222,-41.8804,-33.20825,-42,-34,-41.5,-33.5
1543,3133,104.43333333333334,-0.08569999999999567,-0.02389999999999759,0.03333333333333144,2.6691065921015666,-0.9632436589861686,-0.26862921178259364,-42.334450000000004,-33.45335,-43,-34,-42.5,-33.5
1543,3173,105.76666666666668,-0.21249999999999858,-0.021599999999999397,0.03333333333335986,6.40784901507004,-0.9948736284207226,-0.10112597823005719,-43.67205,-34.0462,-44,-35,-43.5,-34.5
1543,3213,107.1,-0.11590000000000344,-0.012399999999999523,0.03333333333333144,3.4968432907412508,-0.9943253703151383,-0.10638166170756579,-45.470349999999996,-34.7433,-46,-35,-45.5,-34.5
1556,1188,39.6,0.08579999999999899,-0.0017999999999993577,0.03333333333333144,2.574566371255671,0.999780012952131,-0.020974405866121384,-20.7731,-30.9221,-21,-31,-20.5,-30.5
1556,1228,40.93333333333333,0.432500000000001,0.03140000000000498,0.03333333333333144,13.00915020283878,0.9973749090213009,0.07241057142953466,-21.76965,-32.1907,-22,-33,-21.5,-32.5
1559,1191,39.7,0.2043999999999997,0.04339999999999833,0.03333333333334565,6.26870225804119,0.978192893454445,0.2076984910759361,-60.2269,-20.6109,-61,-21,-60.5,-20.5
1566,1191,39.7,0.05289999999999395,-0.0642999999999958,0.03333333333334565,2.49792113566348,0.6353283045414101,-0.7722421546694646,-86.61215,-35.05085,-87,-36,-86.5,-35.5
1575,1215,40.5,-0.0934999999999997,-0.006299999999999528,0.03333333333333144,2.8113601690286574,-0.9977376897138354,-0.0672272454031734,-4.81955,-30.95675,-5,-31,-4.5,-30.5
1575,1255,41.833333333333336,-0.0052000000000003155,0.0010000000000012221,0.033333333333338544,0.15885842753847612,-0.9820064469806066,0.188847393650336,-6.0285,-30.947499999999998,-7,-31,-6.5,-30.5
1575,1295,43.16666666666666,-0.04380000000000006,-0.0023999999999979593,0.03333333333332433,1.315971124303619,-0.9985021523140901,-0.054712446702095324,-7.2082,-31.010199999999998,-8,-32,-7.5,-31.5
1575,1337,44.56666666666667,-1.1585999999999999,-0.018599999999999284,0.10000000000000142,11.587492912619027,-0.9998711617232088,-0.016051789753194348,-10.0639,-31.2344,-11,-32,-10.5,-31.5
1575,1395,46.5,0.8694000000000006,0.07079999999999842,0.03333333333333144,26.168341559985773,0.9967005337427918,0.08116677914537386,-14.318000000000001,-31.6049,-15,-32,-14.5,-31.5
1575,1435,47.833333333333336,-0.22589999999999932,-0.022699999999996834,0.033333333333338544,6.811129862217068,-0.9949891041708845,-0.09998341153021689,-17.18025,-31.942149999999998,-18,-32,-17.5,-31.5
1575,1475,49.16666666666666,0.3439000000000014,0.021500000000003183,0.03333333333332433,10.337142448474758,0.9980514490757645,0.06239635404225654,-18.325049999999997,-32.20725,-19,-33,-18.5,-32.5
1575,1515,50.5,-0.10270000000000223,-0.0192999999999941,0.03333333333333144,3.1349325351594612,-0.9827962692803289,-0.18469296978679783,-18.440350000000002,-32.48535,-19,-33,-18.5,-32.5
1575,1555,51.833333333333336,-0.1277000000000008,-0.01950000000000074,0.033333333333338544,3.8754078495037803,-0.9885411158698971,-0.15095185402868913,-20.17235,-32.853449999999995,-21,-33,-20.5,-32.5
1579,1213,40.43333333333333,0.06119999999999948,0.009000000000000341,0.03333333333333144,1.8557467499635663,0.9893591353648523,0.14549399049483797,49.0963,-14.4177,49,-15,49.5,-14.5
1579,1253,41.766666666666666,-0.05519999999999925,-0.012000000000000455,0.033333333333338544,1.6946787306150501,-0.9771763639227986,-0.21242964433105413,49.8319,-14.4186,49,-15,49.5,-14.5
1579,1293,43.1,0.2597999999999985,0.032399999999999096,0.03333333333333144,7.854375850441984,0.9923130937974927,0.1237526722056892,53.016,-14.0037,53,-15,53.5,-14.5
1579,1333,44.43333333333333,-0.18850000000000477,-0.01019999999999932,0.03333333333333144,5.663272993597011,-0.9985391850956329,-0.05403235908739798,55.51265,-13.7976,55,-14,55.5,-13.5
1579,1373,45.766666666666666,-0.3836000000000013,-0.04560000000000031,0.033333333333338544,11.589024462825114,-0.9930085174048271,-0.11804272261121031,54.4921,-13.9107,54,-14,54.5,-13.5
1579,1413,47.1,-0.2670999999999992,-0.0384000000000011,0.03333333333333144,8.095385908034721,-0.9898231030651028,-0.14230328400487138,56.41745,-13.7329,56,-14,56.5,-13.5
1579,1453,48.43333333333333,-0.1180000000000021,-0.00990000000000002,0.03333333333333144,3.552437050814818,-0.996499008810951,-0.0836045778578666,55.3575,-13.987449999999999,55,-14,55.5,-13.5
1579,1493,49.766666666666666,0.8742999999999981,0.11630000000000074,0.033333333333338544,26.460037074799768,0.9912684523400022,0.13185922567441752,57.573750000000004,-13.87765,57,-14,57.5,-13.5
1579,1533,51.1,0.8101000000000056,0.09930000000000128,0.03333333333333144,24.48489840697887,0.9925709960501418,0.12166683114156236,59.15195,-13.774049999999999,59,-14,59.5,-13.5
1579,1573,52.43333333333333,-0.41080000000000183,-0.04560000000000031,0.03333333333333144,12.399693544600966,-0.9938955310203478,-0.11032530724081782,59.574299999999994,-13.7853,59,-14,59.5,-13.5
1579,1613,53.766666666666666,0.5816999999999979,-0.0015999999999998238,0.033333333333338544,17.451066013281324,0.9999962172348632,-0.00275054830251953,57.60445,-13.8429,57,-14,57.5,-13.5
1579,1653,55.1,0.15200000000000102,0.024200000000000443,0.03333333333333144,4.6174317536919505,0.9875619702130431,0.15723026104707843,58.1269,-13.8481,58,-14,58.5,-13.5
1579,1693,56.43333333333333,0.17860000000000298,0.023000000000001464,0.03333333333333144,5.402246199499273,0.991809666226804,0.12772464906616776,61.323,-13.475200000000001,61,-14,61.5,-13.5
1579,1733,57.766666666666666,0.026799999999994384,-0.01180000000000092,0.033333333333338544,0.8784827829841103,0.9152142939769468,-0.402967487646682,51.7731,-14.6769,51,-15,51.5,-14.5
1579,1773,59.1,-0.2881,-0.043699999999999406,0.03333333333333144,8.74186307373941,-0.9886908462298039,-0.14996803186477556,45.72545,-15.558150000000001,45,-16,45.5,-15.5
1579,1813,60.43333333333333,0.37299999999999756,0.03340000000000032,0.03333333333333144,11.234772093817154,0.9960148640806669,0.08918738997398072,48.1769,-15.1184,48,-16,48.5,-15.5
1579,1853,61.766666666666666,0.05239999999999867,0.01609999999999978,0.033333333333338544,1.6445281998187269,0.9558972598785432,0.29370125732909785,51.194100000000006,-14.61795,51,-15,51.5,-14.5
1579,1893,63.1,0.27550000000000097,0.03110000000000035,0.03333333333333144,8.317494454462134,0.9936886697371378,0.11217320373439282,48.74705,-15.030750000000001,48,-16,48.5,-15.5
1579,1933,64.43333333333334,-0.39809999999999945,-0.0625,0.03333333333333144,12.089287572062144,-0.9878994050567921,-0.15509598798304344,46.87885,-15.25845,46,-16,46.5,-15.5
1579,1973,65.76666666666667,-0.1711000000000027,-0.020100000000001117,0.03333333333333144,5.168297398564048,-0.9931704010350716,-0.11667285248863667,47.38095,-15.16575,47,-16,47.5,-15.5
1579,2013,67.1,0.3649000000000058,0.040000000000000924,0.03333333333333144,11.012575039472724,0.994045439941441,0.1089663403608055,51.13015,-14.676300000000001,51,-15,51.5,-14.5
1579,2053,68.43333333333334,-0.11580000000000013,-0.0025999999999992696,0.03333333333333144,3.474875537339632,-0.9997480377843689,-0.022446847135048586,54.6555,-14.192499999999999,54,-15,54.5,-14.5
1579,2093,69.76666666666667,0.029699999999998283,0.018000000000000682,0.03333333333333144,1.0418641946050617,0.8551978315539959,0.5183017160933805,56.89975,-14.0557,56,-15,56.5,-14.5
1579,2133,71.1,0.38700000000000045,0.043699999999999406,0.03333333333333144,11.683784532419955,0.993684877343078,0.11220679364313144,59.1322,-13.82965,59,-14,59.5,-13.5
1579,2173,72.43333333333334,-0.2750000000000057,-0.03310000000000102,0.03333333333333144,8.309545655450165,-0.9928340660345887,-0.11950111849361897,59.3078,-13.95045,59,-14,59.5,-13.5
1579,2213,73.76666666666667,-0.028099999999994907,-0.0016999999999995907,0.03333333333333144,0.8445412956154495,-0.9981749908221702,-0.0603878108326544,62.43385,-13.56785,62,-14,62.5,-13.5
1579,2253,75.1,-0.22699999999999676,-0.029899999999999594,0.03333333333333144,6.868821514641651,-0.9914364473562203,-0.1305900871187269,60.565200000000004,-13.83935,60,-14,60.5,-13.5
1579,2293,76.43333333333334,-0.32089999999999463,-0.03139999999999965,0.03333333333333144,9.67297746301559,-0.9952468137974064,-0.0973846991375467,55.35315,-14.517800000000001,55,-15,55.5,-14.5
1579,2333,77.76666666666667,0.5298000000000016,0.04989999999999917,0.03333333333333144,15.964342924155394,0.9955937476106199,0.093771476039579,59.099999999999994,-14.163350000000001,59,-15,59.5,-14.5
1579,2373,79.1,-0.34960000000000235,-0.05739999999999945,0.03333333333333144,10.628425471348722,-0.9867877446450932,-0.16201835395488395,59.936899999999994,-13.968399999999999,59,-14,59.5,-13.5
1579,2416,80.53333333333333,0.6387,0.09609999999999985,0.03333333333333144,19.376676959686424,0.9888692493488923,0.14878712206423736,59.45025,-14.01905,59,-15,59.5,-14.5
1579,2456,81.86666666666666,0.3865999999999872,0.04230000000000089,0.03333333333333144,11.667217534614096,0.9940673485851731,0.10876629292590559,66.4144,-13.26205,66,-14,66.5,-13.5
1579,2496,83.2,-0.14240000000000919,-0.011100000000000776,0.03333333333333144,4.284958926291412,-0.9969757175007253,-0.07771369708046426,66.5899,-13.36935,66,-14,66.5,-13.5
1579,2536,84.53333333333333,0.5152000000000001,0.05540000000000056,0.03333333333333144,15.545101479245082,0.9942681957166274,0.10691470893381541,57.9088,-14.4753,57,-15,57.5,-14.5
1579,2576,85.86666666666666,-0.20259999999999678,-0.03690000000000104,0.03333333333333144,6.1779877792047495,-0.983815477987661,-0.17918455645481882,57.282399999999996,-14.79615,57,-15,57.5,-14.5
1579,2616,87.2,-0.005699999999997374,0.03110000000000035,0.03333333333333144,0.948540984881568,-0.18027687018846264,0.983615905765585,61.238550000000004,-14.477350000000001,61,-15,61.5,-14.5
1579,2656,88.53333333333333,-0.9611999999999981,-0.13809999999999967,0.03333333333333144,29.13210162346845,-0.9898358989923222,-0.14221425057307494,64.3836,-14.322849999999999,64,-15,64.5,-14.5
1579,2696,89.86666666666666,-0.39989999999999526,-0.051899999999999835,0.03333333333333144,12.097613731642005,-0.9916831753870348,-0.12870306777341223,53.31985,-15.72155,53,-16,53.5,-15.5
1579,2736,91.2,0.692300000000003,0.043699999999999406,0.03333333333331723,20.810335941556115,0.9980136821595731,0.0629975413987759,67.60475,-14.11945,67,-15,67.5,-14.5
1579,2805,93.5,0.10349999999999682,0.032099999999999795,0.03333333333331723,3.2509066427705373,0.9551181689287804,0.2962250552909623,72.48075,-13.68775,72,-14,72.5,-13.5
1579,2845,94.83333333333331,-0.5109999999999957,-0.0730000000000004,0.03333333333331723,15.485638507992746,-0.9899494936611662,-0.14142135623731142,74.4392,-13.6103,74,-14,74.5,-13.5
1579,2885,96.16666666666669,-0.7912999999999926,-0.08729999999999905,0.03333333333334565,23.883033350049313,-0.99396921873586,-0.1096594373760147,73.73474999999999,-13.83075,73,-14,73.5,-13.5
1579,2925,97.5,0.05339999999999634,0.0028999999999985704,0.03333333333331723,1.6043606203101994,0.9985286223809964,0.054227209829656564,70.5575,-14.330449999999999,70,-15,70.5,-14.5
1579,2965,98.83333333333331,0.7129000000000048,0.08840000000000003,0.03333333333331723,21.550797502655325,0.9923994690857884,0.12305809099057811,75.68785,-13.9584,75,-14,75.5,-13.5
1579,3005,100.16666666666669,0.10420000000000584,-0.000600000000000378,0.03333333333334565,3.126051822985965,0.9999834222239812,-0.005758061932195135,86.04169999999999,-13.284600000000001,86,-14,86.5,-13.5
1579,3045,101.5,0.16490000000000293,0.030799999999999272,0.03333333333331723,5.032552533260364,0.9830001708491933,0.18360464076503274,82.69545,-13.9427,82,-14,82.5,-13.5
1579,3085,102.83333333333331,0.10709999999998843,0.011200000000000543,0.03333333333331723,3.230520855838554,0.9945764610045208,0.10400799592205767,83.36455000000001,-14.2649,83,-15,83.5,-14.5
1579,3125,104.16666666666669,0.4749999999999943,0.04239999999999888,0.03333333333334565,14.306658729411414,0.9960396951875023,0.0889096485809463,85.8951,-14.3662,85,-15,85.5,-14.5
1579,3165,105.5,-0.6101000000000028,-0.09809999999999874,0.03333333333331723,18.538097475208584,-0.9873181444042971,-0.15875415500091766,90.44415000000001,-14.14945,90,-15,90.5,-14.5
1579,3205,106.83333333333331,-0.3415000000000106,-0.027200000000000557,0.03333333333331723,10.277445256488045,-0.9968430620963614,-0.07939716336462883,89.99844999999999,-14.5046,89,-15,89.5,-14.5
1579,3245,108.16666666666669,-0.31860000000000355,-0.022599999999998843,0.03333333333334565,9.58201690668171,-0.9974935436955462,-0.07075754578630866,82.857,-15.357,82,-16,82.5,-15.5
1579,3285,109.5,0.640900000000002,0.0754999999999999,0.03333333333331723,19.359952324330877,0.9931326109644167,0.11699408976098163,88.18915000000001,-14.946349999999999,88,-15,88.5,-14.5
1579,3325,110.83333333333331,0.5394999999999897,0.08539999999999992,0.03333333333331723,16.38652095474355,0.9877020292902563,0.15634801353362265,90.75704999999999,-14.6888,90,-15,90.5,-14.5
1579,3365,112.16666666666669,0.5756999999999977,0.07659999999999911,0.03333333333334565,17.423209951090328,0.9912639547176405,0.13189303271038855,93.10555,-14.3322,93,-15,93.5,-14.5
1579,3405,113.5,-0.0922999999999945,0.01159999999999961,0.03333333333331723,2.790782148431977,-0.9921949664028621,0.1246962254634182,92.60065,-14.7228,92,-15,92.5,-14.5
1579,3445,114.83333333333331,0.6983999999999924,0.08020000000000138,0.03333333333331723,21.089692743148735,0.9934710882317822,0.11408416563028519,95.2979,-14.3301,95,-15,95.5,-14.5
1579,3485,116.16666666666669,-0.16440000000000055,-0.062300000000000466,0.03333333333334565,5.274256819683666,-0.9351080481314143,-0.3543627214025995,97.3854,-14.38365,97,-15,97.5,-14.5
1579,3525,117.5,-0.33379999999999654,-0.05719999999999992,0.03333333333331723,10.159963188914498,-0.9856334923468006,-0.1688982497370806,96.1844,-14.6613,96,-15,96.5,-14.5
1579,3616,120.53333333333332,0.26489999999999725,0.04380000000000095,0.03333333333331723,8.054899440716902,0.9866044956231581,0.1631305281551367,99.06455,-14.3263,99,-15,99.5,-14.5
1579,3656,121.86666666666666,-0.41150000000000375,-0.043600000000001415,0.03333333333334565,12.414100410415932,-0.9944337158444118,-0.10536405834949542,97.92535000000001,-14.433,97,-15,97.5,-14.5
1580,1215,40.5,0.029199999999995896,0.01839999999999975,0.03333333333333144,1.0354129610932528,0.846039245128815,0.533120620218225,38.184799999999996,-20.0281,38,-21,38.5,-20.5
1580,1255,41.833333333333336,0.08539999999999992,0.005200000000002092,0.033333333333338544,2.5667450204486513,0.9981513471687871,0.06077736540140264,36.659400000000005,-20.079,36,-21,36.5,-20.5
1580,1295,43.16666666666666,-0.18900000000000006,-0.02049999999999841,0.03333333333332433,5.703255649189989,-0.994169006049522,-0.10783314615880218,37.1892,-19.91215,37,-20,37.5,-19.5
1580,1335,44.5,-0.4036000000000044,-0.048799999999999955,0.03333333333333144,12.196186289165155,-0.9927693553481814,-0.12003752363971923,35.7805,-20.0972,35,-21,35.5,-20.5
1580,1375,45.833333333333336,-0.39800000000000324,-0.03850000000000264,0.033333333333338544,11.995733616580418,-0.9953538801074114,-0.09628423212094889,33.2308,-20.23305,33,-21,33.5,-20.5
1580,1415,47.16666666666666,-0.1092000000000013,-0.014099999999999113,0.03333333333332433,3.303196179461057,-0.9917667077634574,-0.12805778918922806,32.7006,-20.16345,32,-21,32.5,-20.5
1580,1455,48.5,0.19059999999999988,0.019400000000000972,0.03333333333333144,5.747542779310455,0.9948599287653014,0.10126066431294767,30.5255,-20.3044,30,-21,30.5,-20.5
1580,1495,49.833333333333336,0.09389999999999787,-0.0012999999999969702,0.033333333333338544,2.817269955115617,0.9999041784704973,-0.01384318883928271,30.13365,-20.205750000000002,30,-21,30.5,-20.5
1580,1535,51.16666666666666,0.33530000000000015,0.03859999999999886,0.03333333333332433,10.125435546190365,0.9934387468188822,0.11436545072236116,30.591050000000003,-20.0561,30,-21,30.5,-20.5
1580,1575,52.5,-0.6811000000000007,-0.06939999999999813,0.03333333333333144,20.53879774962616,-0.9948488830303175,-0.10136912712127749,28.49435,-20.179000000000002,28,-21,28.5,-20.5
1580,1615,53.833333333333336,0.4754000000000005,0.0218999999999987,0.033333333333338544,14.27712481559003,0.9989406259462179,0.04601766871733456,27.0834,-20.265549999999998,27,-21,27.5,-20.5
1580,1655,55.16666666666666,0.27179999999999893,0.024399999999999977,0.03333333333332433,8.186790579954742,0.9959946966235024,0.08941232743787171,25.5216,-20.3574,25,-21,25.5,-20.5
1580,1695,56.5,-0.5405999999999977,-0.0630999999999986,0.03333333333333144,16.328103778455965,-0.9932567933209497,-0.11593507890963892,26.0639,-20.15775,26,-21,26.5,-20.5
1580,1735,57.833333333333336,-0.11510000000000176,0.009600000000002495,0.033333333333338544,3.464989610373551,-0.9965397846105676,0.08311713233939,18.06375,-20.9902,18,-21,18.5,-20.5
1580,1775,59.16666666666666,0.05480000000000018,0.001200000000000756,0.03333333333332433,1.6443941133443283,0.9997603291445276,0.02189256195208367,12.1479,-21.686300000000003,12,-22,12.5,-21.5
1580,1815,60.5,-0.220699999999999,-0.006499999999999062,0.03333333333333144,6.623870922655769,-0.9995665793176007,-0.029438979454297673,13.097850000000001,-21.36125,13,-22,13.5,-21.5
1580,1855,61.833333333333336,0.3100000000000005,0.018000000000000682,0.033333333333338544,9.315664227524152,0.9983185066418228,0.05796688103081762,14.347100000000001,-20.994,14,-21,14.5,-20.5
1580,1895,63.16666666666666,-0.07620000000000005,-0.0257000000000005,0.03333333333332433,2.4125167356939046,-0.9475581935571956,-0.31958327525486074,11.0706,-21.34965,11,-22,11.5,-21.5
1580,1935,64.5,-0.04829999999999934,-0.016600000000000392,0.03333333333333144,1.532189609676368,-0.9457054080311399,-0.32502504706661506,8.22805,-21.549,8,-22,8.5,-21.5
1580,1975,65.83333333333333,-0.2433999999999994,-0.03429999999999822,0.03333333333333144,7.374147069323055,-0.9902162150219658,-0.13954156193612058,7.8098,-21.50925,7,-22,7.5,-21.5
1580,2015,67.16666666666667,-0.006099999999999994,0.0005000000000023874,0.03333333333333144,0.18361372497720838,-0.9966575212322808,0.08169323944565907,9.26935,-21.28115,9,-22,9.5,-21.5
1580,2055,68.5,0.01959999999999873,0.018200000000000216,0.03333333333333144,0.8024088733308197,0.7327934916262732,0.6804510993673059,10.955400000000001,-20.9253,10,-21,10.5,-20.5
1580,2095,69.83333333333333,-0.27309999999999945,-0.023099999999999454,0.03333333333333144,8.222256259689757,-0.9964418209837682,-0.0842834348763257,10.75895,-20.81905,10,-21,10.5,-20.5
1581,1207,40.23333333333333,0.22359999999999047,0.08580000000000254,0.03333333333332433,7.184896658966254,0.9336251192465524,0.358251499245796,72.60079999999999,18.2354,72,18,72.5,18.5
1587,1242,41.4,0.1336999999999975,0.05859999999999843,0.03333333333333144,4.3793475541456415,0.9158898558309677,0.4014296600725077,-62.174350000000004,-24.349,-63,-25,-62.5,-24.5
1587,1282,42.73333333333333,-0.013599999999996726,0.02839999999999776,0.03333333333332433,0.9446523169930231,-0.43190493757400616,0.9019191343458648,-59.1603,-22.5882,-60,-23,-59.5,-22.5
1587,1332,44.4,-0.004300000000000637,0.1191999999999993,0.03333333333333144,3.5783260052713635,-0.03605037657552492,0.9993499739074209,-58.92785,-20.8046,-59,-21,-58.5,-20.5
1587,1372,45.73333333333333,-0.014800000000001035,0.013100000000001444,0.03333333333332433,0.5929460346441752,-0.7488033886027988,0.6627921885606122,-59.2418,-19.40045,-60,-20,-59.5,-19.5
1587,1412,47.06666666666667,-0.0033000000000029672,0.048500000000000654,0.033333333333338544,1.4583641520551065,-0.06788427969829354,0.9976932016255518,-58.79805,-17.934649999999998,-59,-18,-58.5,-17.5
1587,1452,48.4,-0.22769999999999868,-0.02149999999999963,0.03333333333333144,6.86138367969645,-0.9955717853548972,-0.09400436269270991,-59.04345,-16.486449999999998,-60,-17,-59.5,-16.5
1587,1492,49.73333333333333,0.30339999999999634,0.07899999999999885,0.03333333333332433,9.40549328850144,0.9677323369237716,0.2519804041429722,-58.2006,-14.835799999999999,-59,-15,-58.5,-14.5
1587,1532,51.06666666666667,0.1997999999999962,0.10660000000000025,0.033333333333338544,6.79376478839121,0.8822795882249482,0.4707257462701776,-57.0006,-13.0123,-58,-14,-57.5,-13.5
1587,1572,52.4,-0.024300000000003763,0.032099999999999795,0.03333333333333144,1.2078120714748295,-0.6035707186714822,0.7973094678745454,-55.972750000000005,-11.37075,-56,-12,-55.5,-11.5
1587,1612,53.73333333333333,0.18319999999999936,0.09759999999999991,0.03333333333332433,6.227294757759641,0.8825662207739673,0.4701881176175733,-56.831,-10.1412,-57,-11,-56.5,-10.5
1597,1225,40.833333333333336,0.010300000000000864,0.008900000000000574,0.033333333333338544,0.4083748278236222,0.7566578029472356,0.6538111112844919,-59.54265,-25.393349999999998,-60,-26,-59.5,-25.5
1597,1265,42.16666666666666,-0.10330000000000439,-0.01909999999999812,0.03333333333332433,3.15152820073153,-0.9833324668589769,-0.18181655485966902,-58.97945,-25.345950000000002,-59,-26,-58.5,-25.5
1597,1305,43.5,0.17040000000000077,0.02360000000000184,0.03333333333333144,5.160795287550489,0.9905450061799805,0.13718815813291818,-59.1422,-25.4164,-60,-26,-59.5,-25.5
1597,1345,44.833333333333336,0.1891999999999996,0.03509999999999991,0.033333333333338544,5.772848950040997,0.9832233701453061,0.18240560408086803,-59.1744,-25.24175,-60,-26,-59.5,-25.5
1597,1385,46.16666666666666,0.1711000000000027,0.014100000000002666,0.03333333333332433,5.150399790309022,0.9966216621978948,0.08212954668026157,-58.285650000000004,-24.97085,-59,-25,-58.5,-24.5
1597,1425,47.5,0.058799999999997965,0.005299999999998306,0.03333333333333144,1.7711513204692944,0.9959623323052034,0.08977211498666791,-58.4491,-25.03155,-59,-26,-58.5,-25.5
1597,1477,49.23333333333333,0.13059999999999405,0.015699999999998937,0.03333333333332433,3.94620894023707,0.9928516354142931,0.1193550587749162,-58.3888,-24.96635,-59,-25,-58.5,-24.5
1597,1517,50.56666666666667,-0.208599999999997,-0.03950000000000031,0.033333333333338544,6.369206308480376,-0.9825400052855288,-0.1860514391600156,-58.1897,-24.73955,-59,-25,-58.5,-24.5
1597,1557,51.9,-0.2010000000000005,0.012000000000000455,0.03333333333333144,6.0407367100383,-0.9982226157911998,0.05959538004723791,-58.29600000000001,-24.0819,-59,-25,-58.5,-24.5
1597,1597,53.23333333333333,0.34479999999999933,0.08940000000000126,0.03333333333332433,10.686040426652964,0.9679918460913662,0.25098164454921557,-58.0509,-23.0646,-59,-24,-58.5,-23.5
1597,1637,54.56666666666667,0.29299999999999926,0.05039999999999978,0.033333333333338544,8.919094348641835,0.9855260698455457,0.16952393829425053,-58.45,-22.050600000000003,-59,-23,-58.5,-22.5
1597,1684,56.13333333333333,-0.22070000000000078,0.011499999999998067,0.03333333333333144,6.629982352918089,-0.9986451920322631,0.05203633760022227,-55.981849999999994,-19.98865,-56,-20,-55.5,-19.5
1597,1735,57.833333333333336,0.0788999999999973,0.07460000000000022,0.033333333333338544,3.2575041059062886,0.7266299360015734,0.6870290649647578,-59.79375,-18.546599999999998,-60,-19,-59.5,-18.5
1598,1247,41.56666666666667,0.20960000000000178,0.058900000000001285,0.033333333333338544,6.5315567057162935,0.9627107722261575,0.2705327504013427,-63.733000000000004,-34.80315,-64,-35,-63.5,-34.5
1602,1239,41.3,0.17830000000000013,0.025499999999997414,0.03333333333333144,5.403427245739803,0.9899272733277925,0.14157681138449876,-59.46625,-27.75925,-60,-28,-59.5,-27.5
1602,1279,42.63333333333333,0.17389999999999617,0.019300000000001205,0.03333333333333144,5.249031339209357,0.9938976666094739,0.11030606650698371,-57.755250000000004,-27.32665,-58,-28,-57.5,-27.5
1602,1319,43.96666666666667,-0.24680000000000035,-0.034900000000000375,0.033333333333338544,7.477661733455365,-0.9901490952543431,-0.14001703170330995,-56.804500000000004,-26.89615,-57,-27,-56.5,-26.5
1602,1359,45.3,-0.03280000000000172,-0.00859999999999772,0.03333333333333144,1.0172610284485413,-0.9673033493682922,-0.25362221965136195,-57.060100000000006,-26.853099999999998,-58,-27,-57.5,-26.5
1602,1399,46.63333333333333,0.0010000000000047748,0.00019999999999953388,0.03333333333333144,0.030594117081696168,0.9805806756911881,0.19611613513684414,-56.7892,-26.8223,-57,-27,-56.5,-26.5
1602,1439,47.96666666666667,0.07739999999999725,0.011600000000001387,0.033333333333338544,2.3479327077235244,0.9889550890284614,0.14821549137896553,-56.8626,-26.8401,-57,-27,-56.5,-26.5
1602,1479,49.3,0.020899999999997476,0.010500000000000398,0.03333333333333144,0.7016794139776146,0.893570464673719,0.44892296072131765,-56.48015,-26.79785,-57,-27,-56.5,-26.5
1602,1521,50.7,-0.10579999999999501,-0.003700000000002035,0.03333333333334565,3.1759403331913543,-0.9993890523784724,-0.03495027876940034,-55.5517,-26.37555,-56,-27,-55.5,-26.5
1602,1561,52.03333333333333,-0.00829999999999842,0.015399999999999636,0.03333333333333144,0.5248285434310882,-0.4744406589857308,0.880287487756804,-53.91785,-25.6732,-54,-26,-53.5,-25.5
1602,1601,53.36666666666667,-0.09479999999999933,0.00420000000000087,0.03333333333333144,2.8467897709526806,-0.9990200291637252,0.0442603810389087,-52.640299999999996,-24.9035,-53,-25,-52.5,-24.5
1602,1641,54.7,0.05380000000000251,0.019999999999999574,0.03333333333334565,1.7219163742754864,0.9373277495421842,0.34844897752495185,-52.2071,-24.6779,-53,-25,-52.5,-24.5
1602,1681,56.03333333333333,-0.10090000000000288,0.021100000000000563,0.03333333333333144,3.092477647453839,-0.9788268000877901,0.20469024263481006,-49.09665,-23.873649999999998,-50,-24,-49.5,-23.5
1602,1721,57.36666666666667,-0.014000000000002899,0.020300000000002427,0.03333333333333144,0.7397844280601099,-0.5677329558036932,0.8232127859152831,-52.9209,-23.637349999999998,-53,-24,-52.5,-23.5
1602,1761,58.7,-0.001100000000000989,0.020299999999998875,0.03333333333334565,0.6098934333141208,-0.05410781326288045,0.9985350993049315,-55.703950000000006,-22.82535,-56,-23,-55.5,-22.5
1602,1821,60.7,0.07350000000000279,0.031500000000001194,0.03333333333334565,2.3989685283463356,0.9191450300180578,0.39391929857916763,-55.554950000000005,-21.15045,-56,-22,-55.5,-21.5
1602,1861,62.03333333333333,-0.11149999999999949,0.006999999999997897,0.03333333333333144,3.3515854457258207,-0.9980351252169196,0.06265691369072977,-54.11865,-19.5534,-55,-20,-54.5,-19.5
1602,1911,63.7,-0.020199999999995555,0.02559999999999718,0.03333333333334565,0.9782944342062879,-0.6194454131708355,0.7850397315433233,-56.638400000000004,-18.5122,-57,-19,-56.5,-18.5
1602,1951,65.03333333333333,-0.4468000000000032,-0.03950000000000031,0.03333333333333144,13.456278868989864,-0.9961149089211072,-0.08806297874302543,-59.5947,-17.843049999999998,-60,-18,-59.5,-17.5
1602,1991,66.36666666666666,-0.19729999999999848,-0.02389999999999759,0.03333333333333144,5.9622688634448044,-0.9927428862341653,-0.12025623406484713,-58.44785,-16.40175,-59,-17,-58.5,-16.5
1602,2038,67.93333333333334,0.13469999999999516,0.041999999999999815,0.03333333333333144,4.2328809338322815,0.9546689508087638,0.29766960604283105,-58.76475,-14.860800000000001,-59,-15,-58.5,-14.5
1602,2088,69.6,0.03190000000000026,0.048799999999999955,0.03333333333333144,1.7490411658964344,0.5471569329870929,0.8370300416855765,-57.55305,-12.1936,-58,-13,-57.5,-12.5
1602,2130,71.0,-0.0969000000000051,0.015399999999999636,0.03333333333333144,2.943483140770788,-0.9876054527830874,0.15695690374466859,-56.00855,-9.9997,-57,-10,-56.5,-9.5
1602,2203,73.43333333333334,1.048099999999998,0.21940000000000026,0.03333333333333144,32.12452292252935,0.9787849636188788,0.2048902022879331,-56.389849999999996,-8.894,-57,-9,-56.5,-8.5
1602,2269,75.63333333333334,-0.2277999999999949,-0.049300000000000566,0.03333333333334565,6.9922097365540905,-0.9773734280695736,-0.21152111502998952,-53.271100000000004,-8.14385,-54,-9,-53.5,-8.5
1602,2316,77.2,-0.2727000000000004,-0.06300000000000061,0.03333333333333144,8.396479083521156,-0.9743369713212797,-0.2250943498101985,-54.81805,-8.509599999999999,-55,-9,-54.5,-8.5
1602,2356,78.53333333333333,-0.3399000000000001,-0.07569999999999943,0.03333333333333144,10.446829662630304,-0.97608560006263,-0.21738652522724483,-54.30405,-8.480450000000001,-55,-9,-54.5,-8.5
1611,1222,40.73333333333333,0.0006999999999948159,0.0019999999999997797,0.03333333333332433,0.06356886030121082,0.33035042472595894,0.9438583563667688,55.78405,-4.4481,55,-5,55.5,-4.5
1613,1242,41.4,-0.015099999999989677,0.007400000000000517,0.03333333333333144,0.5044729923392879,-0.8979668027402482,0.44006320134323473,-131.15314999999998,-27.715899999999998,-132,-28,-131.5,-27.5
1625,1258,41.93333333333333,0.39629999999999654,0.06610000000000005,0.03333333333333144,12.053240643080766,0.98637373566631,0.16452007047071338,45.83665,-3.87125,45,-4,45.5,-3.5
1625,1298,43.266666666666666,-0.37939999999999685,-0.07519999999999971,0.033333333333338544,11.60342449451694,-0.9809173150027007,-0.19442536132894944,46.152100000000004,-4.087,46,-5,46.5,-4.5
1631,1235,41.16666666666666,-0.2026000000000039,-0.037700000000000955,0.03333333333332433,6.182333297390406,-0.9831239610726442,-0.18294063836346947,-60.0077,-24.68695,-61,-25,-60.5,-24.5
1631,1275,42.5,0.0882000000000005,0.017499999999998295,0.03333333333333144,2.6975805826704886,0.9808789464894276,0.19461883858915208,-59.6934,-24.63025,-60,-25,-59.5,-24.5
1631,1315,43.833333333333336,-0.05360000000000298,-0.012299999999999756,0.033333333333338544,1.6497954418652727,-0.9746662884350192,-0.22366409230876552,-58.662,-24.48695,-59,-25,-58.5,-24.5
1631,1355,45.16666666666666,-0.057900000000003615,-0.005199999999998539,0.03333333333332433,1.7439911123632499,-0.9959913142256793,-0.08944999713250007,-59.25025,-24.565199999999997,-60,-25,-59.5,-24.5
1631,1395,46.5,-0.03990000000000293,-0.009100000000000108,0.03333333333333144,1.2277369425086073,-0.9749645535258984,-0.22236033676905084,-59.71945,-24.632849999999998,-60,-25,-59.5,-24.5
1632,1243,41.43333333333333,0.1343999999999994,0.0768000000000022,0.03333333333333144,4.643860463020245,0.8682431421244522,0.4961389383568462,-57.5593,-18.0831,-58,-19,-57.5,-18.5
1647,1279,42.63333333333333,0.4090999999999987,0.03950000000000031,0.03333333333333144,12.330075182253202,0.9953710596724753,0.0961064699512667,16.87375,12.49845,16,12,16.5,12.5
1647,1325,44.16666666666666,0.4980999999999973,0.034399999999999764,0.03333333333332433,14.978593825860916,0.9976236870916743,0.06889832330044879,23.17975,10.942499999999999,23,10,23.5,10.5
1647,1395,46.5,0.40039999999999765,0.03759999999999941,0.03333333333333144,12.064846787258213,0.9956197713746839,0.0934947637454739,36.000600000000006,11.0334,36,11,36.5,11.5
1647,1435,47.833333333333336,0.11139999999999617,-0.021100000000000563,0.033333333333338544,3.4014192626013684,0.9825310383652727,-0.18609878733849658,42.3672,11.30035,42,11,42.5,11.5
1647,1475,49.16666666666666,0.9627000000000052,0.1858000000000004,0.03333333333332433,29.413970099265356,0.9818803752958628,0.18950179051622595,49.573750000000004,11.7006,49,11,49.5,11.5
1647,1515,50.5,-0.001599999999996271,-0.051000000000000156,0.03333333333333144,1.530752755999567,-0.03135712139779707,-0.9995082445571141,60.0993,12.4298,60,12,60.5,12.5
1647,1555,51.833333333333336,-0.390199999999993,-0.10259999999999891,0.033333333333338544,12.103905154946856,-0.9671258862445504,-0.25429809310274626,65.0099,11.4917,65,11,65.5,11.5
1661,1306,43.53333333333333,0.019800000000003593,-0.007499999999999396,0.03333333333333144,0.6351857995895105,0.9351594452898895,-0.3542270626097138,-51.5961,-5.60765,-52,-6,-51.5,-5.5
1661,1346,44.86666666666667,-0.015000000000000568,-0.008300000000000196,0.03333333333333144,0.5142966070275481,-0.8749814676026796,-0.48415641207347576,-52.4687,-6.93745,-53,-7,-52.5,-6.5
1665,1283,42.766666666666666,-0.05129999999999768,0.0389999999999997,0.033333333333338544,1.9332410610160846,-0.7960724769578466,0.6052012982720698,-37.57965,-12.034400000000002,-38,-13,-37.5,-12.5
1665,1359,45.3,-0.2738999999999976,-0.015600000000000946,0.03333333333333144,8.230316701075758,-0.9983819940885602,-0.056862939422353494,-38.05845,-10.0155,-39,-11,-38.5,-10.5
1686,1288,42.93333333333333,0.1448999999999998,0.04439999999999955,0.03333333333333144,4.5464967832389656,0.9561207688578631,0.2929728235837733,-38.14805,-11.2758,-39,-12,-38.5,-11.5
1693,1309,43.63333333333333,0.21189999999999998,0.03810000000000002,0.03333333333333144,6.458939386617955,0.984217317965733,0.17696403876590117,-47.14685,-3.79905,-48,-4,-47.5,-3.5
1693,1349,44.96666666666667,0.12119999999999465,0.024399999999999977,0.033333333333338544,3.7089513342715255,0.9803310079595361,0.19736036793905706,-48.5947,-4.6407,-49,-5,-48.5,-4.5
1693,1389,46.3,-0.13539999999999708,-0.06579999999999941,0.03333333333333144,4.5162506573485866,-0.8994186346567562,-0.43708822865890185,-50.241600000000005,-5.6109,-51,-6,-50.5,-5.5
1693,1429,47.63333333333333,-0.25450000000000017,-0.06890000000000018,0.03333333333333144,7.909849176817926,-0.9652522860204451,-0.2613197740935513,-51.193749999999994,-6.526350000000001,-52,-7,-51.5,-6.5
1693,1471,49.03333333333333,-0.0033999999999991815,0.04209999999999958,0.03333333333333144,1.2671120708130539,-0.08049800988363406,0.9967547694416989,-56.0244,-8.393450000000001,-57,-9,-56.5,-8.5
1693,1511,50.36666666666667,0.17849999999999966,0.08060000000000045,0.03333333333333144,5.8756062665910385,0.9113953108888635,0.4115320003229297,-53.13315,-6.1304,-54,-7,-53.5,-6.5
1693,1551,51.7,0.17330000000000467,0.08630000000000049,0.03333333333334565,5.807970557774601,0.8951491658370739,0.4457667225143557,-51.739850000000004,-4.59085,-52,-5,-51.5,-4.5
1697,1280,42.66666666666666,0.00560000000000116,0.049099999999999255,0.03333333333332433,1.4825494932720231,0.11331830793001049,0.993558735600407,-58.8351,-17.67015,-59,-18,-58.5,-17.5
1697,1320,44.0,-0.30460000000000065,-0.04329999999999856,0.03333333333333144,9.229867008793242,-0.990046767878109,-0.1407387559065023,-58.3785,-16.29535,-59,-17,-58.5,-16.5
1697,1360,45.333333333333336,0.04899999999999949,0.018500000000001293,0.033333333333338544,1.571281324269854,0.9355422083202302,0.3532149153862377,-58.280199999999994,-15.002749999999999,-59,-16,-58.5,-15.5
1697,1400,46.66666666666666,-0.05290000000000106,0.006999999999999673,0.03333333333332433,1.6008338452198843,-0.9913583503617617,0.13118163426336238,-57.363150000000005,-13.494800000000001,-58,-14,-57.5,-13.5
1697,1440,48.0,0.1892999999999958,0.05069999999999908,0.03333333333333144,5.879156572162577,0.9659548832038072,0.25871057886124255,-56.46585,-12.05885,-57,-13,-56.5,-12.5
1697,1480,49.333333333333336,0.0012000000000043087,0.029899999999999594,0.033333333333338544,0.8977221173613444,0.04010149611322674,0.9991956114842984,-55.417100000000005,-10.55125,-56,-11,-55.5,-10.5
1697,1522,50.73333333333333,-0.12319999999999709,-0.006499999999999062,0.03333333333332433,3.701140499900908,-0.9986111038205291,-0.052686462458057276,-55.7855,-9.39095,-56,-10,-55.5,-9.5
1703,1308,43.6,0.4468000000000032,0.03889999999999816,0.03333333333333144,13.4547056824006,0.9962313792960876,0.08673545356896978,37.8708,-18.61995,37,-19,37.5,-18.5
1703,1348,44.93333333333333,0.19770000000000465,0.029700000000001836,0.03333333333333144,5.997553001016818,0.9889033075647589,0.14856058793462043,36.40035,-18.65365,36,-19,36.5,-18.5
1703,1388,46.266666666666666,-0.08890000000000242,-0.026600000000001955,0.033333333333338544,2.783827042040877,-0.9580336564459935,-0.2866557397240113,35.338350000000005,-18.4713,35,-19,35.5,-18.5
1714,1301,43.36666666666667,-0.18739999999999668,-0.2685000000000013,0.03333333333333144,9.822927720390213,-0.5723344566946368,-0.820020286139346,-64.8913,-10.96385,-65,-11,-64.5,-10.5
1719,1327,44.23333333333333,0.041100000000000136,0.09799999999999898,0.03333333333332433,3.1880854756429162,0.3867524912429418,0.9221835557617465,-58.13865,-11.0047,-59,-12,-58.5,-11.5
1719,1390,46.333333333333336,-0.10490000000000066,0.016200000000000436,0.033333333333338544,3.1843060468486644,-0.9882844028493881,0.15262352074509455,-53.87035,-5.7829,-54,-6,-53.5,-5.5
1719,1430,47.66666666666666,-0.20949999999999847,-0.03200000000000003,0.03333333333332433,6.357894698720738,-0.9885347741393462,-0.1509933783888274,-51.68075,-4.4373,-52,-5,-51.5,-4.5
1719,1543,51.43333333333333,-0.28230000000000643,-0.0777000000000001,0.03333333333333144,8.783935450583186,-0.9641464293135712,-0.26537080254219936,-48.66375,-2.69985,-49,-3,-48.5,-2.5
1719,1594,53.13333333333333,0.14219999999999544,0.016600000000000392,0.03333333333333144,4.294969150063937,0.9932550970561917,0.11594961048617229,-51.4207,-5.0826,-52,-6,-51.5,-5.5
1719,1638,54.6,0.05320000000000391,-0.022499999999999964,0.03333333333333144,1.732870739553506,0.9210150322068661,-0.3895270342979874,-53.8724,-7.306150000000001,-54,-8,-53.5,-7.5
1720,1318,43.93333333333333,-0.6931000000000012,-0.14939999999999998,0.03333333333333144,21.27057058473169,-0.9775478244540708,-0.21071367042769865,30.98655,12.3518,30,12,30.5,12.5
1764,1362,45.4,0.7591999999999999,0.19169999999999732,0.03333333333333144,23.490853049645974,0.9695688765267952,0.24481869550867238,51.973600000000005,23.27375,51,23,51.5,23.5
1764,1411,47.03333333333333,1.6467000000000027,0.30600000000000094,0.3333333333333286,5.024670338440205,0.9831689777151869,0.18269855297312662,55.00135,23.4777,55,23,55.5,23.5
1764,1451,48.36666666666667,-0.38220000000000454,-0.09510000000000218,0.03333333333333144,11.81561530348798,-0.9704107408283692,-0.24146012938979314,55.082300000000004,23.16245,55,23,55.5,23.5
1764,1491,49.7,0.6515999999999948,0.1488999999999976,0.03333333333334565,20.05189250419262,0.9748705762264266,0.22277199017819785,56.251400000000004,23.12865,56,23,56.5,23.5
1764,1531,51.03333333333333,0.8359000000000023,0.1697000000000024,0.03333333333333144,25.5885562312546,0.9800083980264476,0.19895612530815893,58.897549999999995,23.413249999999998,58,23,58.5,23.5
1764,1578,52.6,0.11090000000000089,0.01869999999999905,0.03333333333333144,3.3739665084291275,0.9860797348427804,0.16627313833687024,60.46045,23.37195,60,23,60.5,23.5
1772,1346,44.86666666666667,0.12389999999999901,0.03509999999999991,0.03333333333333144,3.8632755532063032,0.9621369091612632,0.27256663044035934,30.63925,13.55175,30,13,30.5,13.5
1772,1388,46.266666666666666,-0.08039999999999736,-0.019699999999998496,0.033333333333338544,2.4833495525192655,-0.9712688242187492,-0.2379850228496085,32.1028,15.81445,32,15,32.5,15.5
1772,1428,47.6,-0.06050000000000466,0.01950000000000074,0.03333333333333144,1.9069478230934758,-0.951782727361636,0.30677294518266407,32.32535,17.89885,32,17,32.5,17.5
1786,1353,45.1,-0.051400000000001,0.049599999999999866,0.03333333333333144,2.1428737713641937,-0.7195944159690056,0.6943946115187138,-56.1196,-13.152000000000001,-57,-14,-56.5,-13.5
1786,1393,46.43333333333333,-0.03900000000000148,0.04640000000000022,0.03333333333333144,1.818395996476152,-0.6434242058756399,0.7655098244263768,-55.6726,-11.3519,-56,-12,-55.5,-11.5
1786,1438,47.93333333333333,0.07989999999999498,0.06240000000000023,0.03333333333333144,3.0413801143560395,0.7881290433529088,0.6155100413670186,-55.47025,-9.5567,-56,-10,-55.5,-9.5
1786,1507,50.23333333333333,0.27600000000000335,0.0732999999999997,0.03333333333332433,8.567029882056048,0.9664959868232857,0.25668172403675976,-54.065,-7.08205,-55,-8,-54.5,-7.5
1786,1547,51.56666666666667,0.40209999999999724,0.12989999999999924,0.033333333333338544,12.676852054037216,0.9515769331832117,0.30741070286122685,-52.32355,-5.33535,-53,-6,-52.5,-5.5
1786,1589,52.96666666666667,-0.015399999999999636,0.0737000000000001,0.033333333333338544,2.258752974541131,-0.20453763877998782,0.9788586998756804,-51.9978,-3.8168499999999996,-52,-4,-51.5,-3.5
1800,1362,45.4,0.2878999999999934,-0.057800000000000296,0.03333333333333144,8.809343051556423,0.9804363332716755,-0.19683647121606265,-65.67025000000001,-20.3761,-66,-21,-65.5,-20.5
1811,1350,45.0,-0.026299999999999102,-0.04800000000000182,0.03333333333333144,1.6419869061598578,-0.48051540304012863,-0.8769862869174082,-58.258449999999996,-21.1919,-59,-22,-58.5,-21.5
1814,1372,45.73333333333333,-0.4239000000000033,-0.042500000000000426,0.03333333333332433,12.78075561146878,-0.9950115929446269,-0.09975935999090998,51.95165,-15.67235,51,-16,51.5,-15.5
1814,1412,47.06666666666667,-0.12170000000000414,-0.016899999999999693,0.033333333333338544,3.68603445453195,-0.9904953534850109,-0.13754619123989986,50.41135,-15.79265,50,-16,50.5,-15.5
1814,1452,48.4,-0.1372,-0.0146000000000015,0.03333333333333144,4.139239060503995,-0.9943856684371037,-0.10581655072290967,47.740899999999996,-16.0506,47,-17,47.5,-16.5
1822,1350,45.0,0.6315000000000026,0.0616000000000021,0.03333333333333144,19.034918675950376,0.9952761197733495,0.09708473314020612,73.15865,-17.1655,73,-18,73.5,-17.5
1822,1390,46.333333333333336,-0.27490000000000236,-0.02109999999999701,0.033333333333338544,8.271257340935517,-0.9970672728538281,-0.0765300816922976,71.95345,-17.09675,71,-18,71.5,-17.5
1822,1430,47.66666666666666,-0.45600000000000307,-0.05549999999999855,0.03333333333332433,13.78095152738391,-0.9926745604482009,-0.12081894321244153,69.7253,-17.263849999999998,69,-18,69.5,-17.5
1822,1470,49.0,-0.29249999999998977,-0.02400000000000091,0.03333333333333144,8.804488911913257,-0.9966506957748378,-0.08177646734563368,64.79325,-17.6512,64,-18,64.5,-17.5
1822,1510,50.333333333333336,0.4275000000000091,0.03340000000000032,0.033333333333338544,12.864082905514689,0.9969618583925896,0.07789128905336164,67.90755,-17.1694,67,-18,67.5,-17.5
1822,1550,51.66666666666666,0.6467000000000098,0.07789999999999964,0.03333333333332433,19.541247913073967,0.9928229807178998,0.11959318106992864,66.82275,-17.19435,66,-18,66.5,-17.5
1822,1590,53.0,-0.259999999999998,-0.0020000000000024443,0.03333333333333144,7.800230765817509,-0.9999704155140978,-0.007692080119348674,62.884600000000006,-17.4819,62,-18,62.5,-17.5
1822,1635,54.5,0.3322999999999965,0.028900000000000148,0.03333333333333144,10.006630301955264,0.996239463154,0.08664255337090296,60.98765,-17.47885,60,-18,60.5,-17.5
1822,1675,55.833333333333336,0.3826000000000036,-0.00420000000000087,0.033333333333338544,11.478691563064203,0.9999397524480828,-0.010976860847576523,63.252300000000005,-17.339100000000002,63,-18,63.5,-17.5
1822,1715,57.16666666666666,-0.30529999999999546,-0.04309999999999903,0.03333333333332433,9.249817836046482,-0.990181662206338,-0.13978653665605253,56.706050000000005,-17.797649999999997,56,-18,56.5,-17.5
1822,1755,58.5,-0.36309999999999576,-0.0517000000000003,0.03333333333333144,11.002865535850697,-0.9900148251842005,-0.14096327860651078,50.054249999999996,-18.483150000000002,50,-19,50.5,-18.5
1822,1795,59.833333333333336,-0.043199999999998795,-0.018000000000000682,0.033333333333338544,1.4039999999997552,-0.923076923076914,-0.3846153846154061,46.0149,-18.7946,46,-19,46.5,-18.5
1822,1835,61.16666666666666,0.028900000000000148,0.03849999999999909,0.03333333333332433,1.4442001246368423,0.600332312129009,0.7997506580265115,48.73115,-18.22805,48,-19,48.5,-18.5
1822,1875,62.5,0.026199999999995782,0.017900000000000915,0.03333333333333144,0.9519269929989032,0.8256935729112409,0.5641188914165781,48.4269,-18.30075,48,-19,48.5,-18.5
1822,1915,63.833333333333336,0.192699999999995,0.0437999999999974,0.033333333333338544,5.9284531709365025,0.9751278846798644,0.22164297534497474,46.29315,-18.3553,46,-19,46.5,-18.5
1822,1955,65.16666666666667,0.08010000000000161,0.01249999999999929,0.03333333333333144,2.432084291302604,0.9880414131177824,0.15418873488104032,39.99225,-18.841749999999998,39,-19,39.5,-18.5
1822,1995,66.5,0.3352000000000004,0.036999999999999034,0.03333333333333144,10.117076455182684,0.993963033149679,0.10971548993596994,43.1612,-18.4832,43,-19,43.5,-18.5
1822,2035,67.83333333333333,0.07880000000000109,0.029699999999998283,0.03333333333333144,2.5263366759006582,0.9357422637097184,0.35268458416467824,45.9494,-18.04925,45,-19,45.5,-18.5
1822,2075,69.16666666666667,-0.00039999999999906777,-0.002300000000001745,0.03333333333333144,0.07003570517962328,-0.17134117475073393,-0.9852117548197639,47.3822,-17.836750000000002,47,-18,47.5,-17.5
1822,2115,70.5,0.09069999999999823,0.012100000000000222,0.03333333333333144,2.745106555309023,0.9912183535235455,0.13223530405331152,45.84115,-17.94675,45,-18,45.5,-17.5
1822,2155,71.83333333333333,0.06209999999999383,0.011100000000002552,0.03333333333333144,1.89252688223966,0.9843981702364003,0.17595522849641934,46.557249999999996,-17.992350000000002,46,-18,46.5,-17.5
1822,2195,73.16666666666667,0.1957000000000022,0.02990000000000137,0.03333333333333144,5.939128723980048,0.988528835264242,0.1510322543403263,48.68855,-17.516849999999998,48,-18,48.5,-17.5
1822,2235,74.5,-0.36489999999999867,-0.034799999999997056,0.03333333333333144,10.99666972314858,-0.9954832031516377,-0.09493783356994845,43.32025,-18.0244,43,-19,43.5,-18.5
1822,2275,75.83333333333333,-0.882799999999996,-0.1203000000000003,0.03333333333333144,26.728769837014106,-0.9908424578270804,-0.13502304902197396,39.8424,-18.24345,39,-19,39.5,-18.5
1822,2315,77.16666666666667,0.28719999999999857,0.03300000000000125,0.03333333333333144,8.67269024005861,0.9934633615995744,0.11415143082446852,35.562,-18.6246,35,-19,35.5,-18.5
1822,2355,78.5,-0.17030000000000456,-0.017199999999998994,0.03333333333333144,5.134991431346733,-0.9949383690910096,-0.10048702259755671,36.364850000000004,-18.488300000000002,36,-19,36.5,-18.5
1822,2395,79.83333333333333,0.010500000000000398,0.008499999999997954,0.03333333333333144,0.4052776825831826,0.7772448707075712,0.6291982286678586,34.91735,-18.52515,34,-19,34.5,-18.5
1822,2435,81.16666666666667,0.36199999999999477,0.040099999999998914,0.03333333333333144,10.92642709214728,0.9939205111070059,0.11010003451765313,35.1993,-18.233649999999997,35,-19,35.5,-18.5
1822,2475,82.5,0.00269999999999726,-0.0006999999999983686,0.03333333333333144,0.08367795408580103,0.9679968981658811,-0.2509621587834167,37.42885,-17.96485,37,-18,37.5,-17.5
1822,2515,83.83333333333333,-0.6196999999999981,-0.0768000000000022,0.03333333333333144,18.733224415461375,-0.9924079052112892,-0.12299003892242928,29.947850000000003,-18.695700000000002,29,-19,29.5,-18.5
1822,2555,85.16666666666667,0.18219999999999814,0.024399999999999977,0.03333333333333144,5.514796460432865,0.9911517205063305,0.1327338198702233,25.522,-18.9613,25,-19,25.5,-18.5
1822,2595,86.5,-0.1786999999999992,-0.020800000000001262,0.03333333333333144,5.397193437334176,-0.9932940262834506,-0.11561564491716352,25.41435,-18.752,25,-19,25.5,-18.5
1822,2635,87.83333333333333,0.13190000000000168,0.018799999999998818,0.03333333333333144,3.996991993987751,0.9899944773350481,0.14110611200832066,26.72975,-18.5597,26,-19,26.5,-18.5
1822,2675,89.16666666666667,-0.436399999999999,-0.04860000000000042,0.03333333333333144,13.172935435961833,-0.9938559301110543,-0.11068148075938994,20.5658,-19.2193,20,-20,20.5,-19.5
1822,2715,90.5,0.4385000000000012,0.03119999999999834,0.03333333333331723,13.188256935629097,0.9974782918026978,0.0709722296561971,16.87525,-19.6203,16,-20,16.5,-19.5
1822,2755,91.83333333333331,-0.22529999999999717,-0.03190000000000026,0.03333333333331723,6.826414139212761,-0.990124516644495,-0.1401907327162008,23.84845,-18.76885,23,-19,23.5,-18.5
1822,2795,93.16666666666669,-0.19610000000000127,-0.010200000000001097,0.03333333333334565,5.8909528091790735,-0.9986499961145814,-0.05194405895140112,22.08475,-18.767899999999997,22,-19,22.5,-18.5
1822,2835,94.5,0.34270000000000067,0.05389999999999873,0.03333333333331723,10.407384397633487,0.9878562765821124,0.15537045027071636,21.83805,-18.60565,21,-19,21.5,-18.5
1822,2875,95.83333333333331,0.4317999999999991,0.06150000000000233,0.03333333333331723,13.084729305574687,0.9900090171897741,0.14100406335612214,21.8928,-18.44715,21,-19,21.5,-18.5
1822,2915,97.16666666666669,0.0519999999999996,0.010200000000001097,0.03333333333334565,1.5897282786684381,0.9812997736355756,0.19248572482853896,18.284,-18.586100000000002,18,-19,18.5,-18.5
1822,2955,98.5,0.002700000000000813,-0.010099999999997777,0.03333333333331723,0.3136399209285365,0.2582579403803623,-0.9660759992001111,18.36405,-18.548650000000002,18,-19,18.5,-18.5
1822,2995,99.83333333333331,-0.2729999999999997,-0.03879999999999839,0.03333333333331723,8.272302944166508,-0.9900507821439738,-0.1407105140922514,21.8221,-18.0437,21,-19,21.5,-18.5
1822,3035,101.16666666666669,0.08040000000000092,0.009300000000003195,0.03333333333334565,2.428082576848619,0.9933764292026854,0.11490548248243834,17.697400000000002,-18.25995,17,-19,17.5,-18.5
1822,3075,102.5,-0.03920000000000101,-0.00590000000000046,0.03333333333331723,1.1892455591682665,-0.9888622168352417,-0.14883385406449567,17.6042,-18.07915,17,-19,17.5,-18.5
1822,3115,103.83333333333331,-0.009799999999998477,-0.00140000000000029,0.03333333333331723,0.2969848480984495,-0.9899494936611593,-0.14142135623735974,17.0913,-18.0073,17,-19,17.5,-18.5
1822,3155,105.16666666666669,-0.20209999999999795,-0.008800000000000807,0.03333333333334565,6.06874492790495,-0.9990533581530449,-0.043501581156594214,18.47885,-17.6688,18,-18,18.5,-17.5
1822,3195,106.5,-0.01880000000000237,-0.016100000000001558,0.03333333333331723,0.7425530284098626,-0.7595417140889174,-0.6504585955761283,16.109,-17.90145,16,-18,16.5,-17.5
1822,3235,107.83333333333331,0.006899999999999906,0.006099999999999994,0.03333333333331723,0.27629332239500926,0.7492037744732563,0.6623395687372349,13.498550000000002,-18.174550000000004,13,-19,13.5,-18.5
1822,3275,109.16666666666669,0.3451000000000004,0.08230000000000004,0.03333333333334565,10.6433345338722,0.9727214687321882,0.23197617176661559,11.565349999999999,-18.39795,11,-19,11.5,-18.5
1822,3315,110.5,0.4651999999999994,0.04410000000000025,0.03333333333331723,14.018568578859592,0.9955367355446532,0.09437482811160686,11.2629,-18.06605,11,-19,11.5,-18.5
1828,1363,45.43333333333333,0.20369999999999777,0.08799999999999919,0.03333333333333144,6.656870210542196,0.9179989704955575,0.39658276584982427,-56.44775,-13.3686,-57,-14,-56.5,-13.5
1828,1403,46.766666666666666,-0.03669999999999618,0.043100000000000804,0.033333333333338544,1.6982490983359622,-0.6483147855509145,0.7613724048296415,-55.51075,-11.47905,-56,-12,-55.5,-11.5
1828,1443,48.1,0.06319999999999482,0.06269999999999953,0.03333333333333144,2.670763374018778,0.7099093908671451,0.7042930191040082,-54.6049,-9.72725,-55,-10,-54.5,-9.5
1830,1378,45.93333333333333,-0.0027000000000043656,-0.004899999999999238,0.03333333333333144,0.16783920876844513,-0.4826047536477907,-0.8758382566185123,-127.46875,-29.23555,-128,-30,-127.5,-29.5
1830,1452,48.4,-0.11209999999999809,-0.004300000000000637,0.03333333333333144,3.365473220811734,-0.9992651194499763,-0.03833041939014815,-127.48625,-29.49895,-128,-30,-127.5,-29.5
1830,1492,49.73333333333333,0.04349999999999454,0.049900000000000944,0.03333333333332433,1.985959214083156,0.6571131928319379,0.7537919154555962,-128.17585,-28.94755,-129,-29,-128.5,-28.5
1846,1384,46.13333333333333,0.33209999999999695,0.048799999999999955,0.03333333333333144,10.069988331671974,0.989375525755576,0.14538249219172691,-64.80405,-35.5025,-65,-36,-64.5,-35.5
1846,1424,47.46666666666667,0.1623999999999981,0.0601999999999947,0.033333333333338544,5.195961893623782,0.9376512183389664,0.34757760679803856,-62.6797,-33.832,-63,-34,-62.5,-33.5
1874,1382,46.06666666666667,0.5497000000000014,0.08089999999999975,0.033333333333338544,16.668635517039615,0.9893431278846693,0.14560279979237636,74.98915,21.40835,74,21,74.5,21.5
1874,1482,49.4,-0.9753000000000043,-0.2488000000000028,0.03333333333333144,30.19603247117264,-0.9689683579435342,-0.24718479181416278,74.17125,21.2699,74,21,74.5,21.5
1878,1391,46.36666666666667,-0.310299999999998,-0.07039999999999935,0.03333333333333144,9.545576200523945,-0.97521614247755,-0.22125432301134168,54.51845,24.5293,54,24,54.5,24.5
1878,1431,47.7,-0.9599000000000046,-0.24599999999999866,0.03333333333334565,29.727623668893457,-0.9686949862098211,-0.24825395000272274,56.34825,24.6059,56,24,56.5,24.5
1878,1471,49.03333333333333,0.057200000000001694,0.014399999999998414,0.03333333333333144,1.769542313707273,0.9697422812145413,0.24413092394208816,53.785799999999995,23.5071,53,23,53.5,23.5
1878,1511,50.36666666666667,1.1388999999999996,0.2818000000000005,0.03333333333333144,35.19735792641459,0.9707262707454696,0.24018848283086655,59.069950000000006,24.499200000000002,59,24,59.5,24.5
1878,1551,51.7,0.49030000000000484,0.12280000000000157,0.03333333333334565,15.1633286912813,0.9700376678144672,0.24295456987072594,61.66715,24.6864,61,24,61.5,24.5
1878,1591,53.03333333333333,-0.2850000000000037,-0.09240000000000137,0.03333333333333144,8.988130172622741,-0.951254580851904,-0.30840674831830206,58.265699999999995,23.414299999999997,58,23,58.5,23.5
1878,1631,54.36666666666667,-0.14009999999999678,-0.03389999999999915,0.03333333333333144,4.324291618288625,-0.9719511011293717,-0.235183028752931,57.19725,22.89685,57,22,57.5,22.5
1878,1676,55.86666666666667,0.6895999999999987,0.1454999999999984,0.03333333333333144,21.14347580224332,0.9784578559125147,0.20644666188409166,65.97479999999999,24.32985,65,24,65.5,24.5
1882,1414,47.13333333333333,-0.1244000000000014,-0.04829999999999757,0.03333333333333144,4.003426657252749,-0.9322014163140047,-0.36193993897076887,-60.105500000000006,-24.07405,-61,-25,-60.5,-24.5
1887,1419,47.3,-0.0069000000000016826,-0.015600000000000946,0.03333333333333144,0.5117352831299374,-0.40450601477776504,-0.9145353377582578,-38.42295,-9.768799999999999,-39,-10,-38.5,-9.5
1887,1459,48.63333333333333,0.2272000000000034,0.045700000000000074,0.03333333333333144,6.952517313894795,0.9803643331284524,0.197194762429444,-38.1435,-10.09855,-39,-11,-38.5,-10.5
1887,1499,49.96666666666667,-0.26619999999999777,-0.06450000000000067,0.033333333333338544,8.21708105107756,-0.9718779637632305,-0.23548508137764665,-38.0984,-10.058250000000001,-39,-11,-38.5,-10.5
1887,1539,51.3,-0.17499999999999716,-0.014999999999998792,0.03333333333333144,5.2692504210753,-0.9963466490417514,-0.08540114134643034,-37.2406,-9.9378,-38,-10,-37.5,-9.5
1887,1579,52.63333333333333,-0.0688999999999993,-0.006599999999998829,0.03333333333333144,2.076461653871891,-0.995443376546756,-0.09535451792753978,-38.25285,-10.1623,-39,-11,-38.5,-10.5
1887,1619,53.96666666666667,-0.26889999999999503,-0.03759999999999941,0.033333333333338544,8.145481753707193,-0.9903649954561762,-0.1384816802869183,-38.467349999999996,-10.235199999999999,-39,-11,-38.5,-10.5
1887,1659,55.3,0.00280000000000058,0.007400000000000517,0.03333333333333144,0.23736048533826393,0.3538920974159336,0.9352862574562676,-38.539199999999994,-10.0737,-39,-11,-38.5,-10.5
1887,1699,56.63333333333333,-0.08959999999999724,-0.0065000000000008384,0.03333333333333144,2.6950638211367814,-0.9973789781595108,-0.07235450176381536,-38.236599999999996,-9.932649999999999,-39,-10,-38.5,-9.5
1887,1739,57.96666666666667,-0.18679999999999808,-0.025800000000000267,0.033333333333338544,5.657198246481147,-0.9905963616326915,-0.136816842238351,-42.245900000000006,-10.738,-43,-11,-42.5,-10.5
1887,1779,59.3,0.11939999999999884,0.012500000000001066,0.03333333333333144,3.6015759050728406,0.9945646279327061,0.10412108751390291,-44.4554,-11.29685,-45,-12,-44.5,-11.5
1887,1819,60.63333333333333,0.15230000000000388,0.0045000000000001705,0.03333333333333144,4.5709939838074,0.9995637745719886,0.02953405768597508,-43.42545,-10.89785,-44,-11,-43.5,-10.5
1887,1859,61.96666666666667,-0.018100000000004002,0.011799999999999145,0.033333333333338544,0.6482013576042408,-0.8377026577157582,0.5461265945327649,-40.70745,-10.3814,-41,-11,-40.5,-10.5
1887,1921,64.03333333333333,-0.0007999999999981355,-0.017099999999999227,0.03333333333333144,0.5135610966574508,-0.04673251178126839,-0.9989074393268946,-42.2063,-10.59825,-43,-11,-42.5,-10.5
1887,1961,65.36666666666666,0.19519999999999982,0.016599999999998616,0.03333333333333144,5.8771370581265,0.9964035111114269,0.08473513465393608,-44.5243,-11.351700000000001,-45,-12,-44.5,-11.5
1887,2001,66.7,-0.020299999999998875,-0.00429999999999886,0.03333333333333144,0.6225126504738632,-0.9782933720887819,-0.2072247044325557,-42.53245,-10.939350000000001,-43,-11,-42.5,-10.5
1887,2041,68.03333333333333,0.19769999999999754,0.017000000000001236,0.03333333333333144,5.952886778698482,0.9963233336174749,0.08567271963327525,-39.82215,-10.3396,-40,-11,-39.5,-10.5
1887,2081,69.36666666666666,0.0175000000000054,-0.0037000000000002586,0.03333333333333144,0.5366060007120723,0.9783714667810658,-0.2068556815479474,-38.95215,-10.216650000000001,-39,-11,-38.5,-10.5
1887,2121,70.7,0.0929000000000002,0.014300000000000423,0.03333333333333144,2.819824462621911,0.9883593950414822,0.152137129699608,-38.47035,-10.04925,-39,-11,-38.5,-10.5
1887,2161,72.03333333333333,0.0069000000000016826,-0.008300000000000196,0.03333333333333144,0.3238054971738987,0.639272655364753,-0.7689801506559827,-37.81975,-9.987950000000001,-38,-10,-37.5,-9.5
1887,2201,73.36666666666666,-0.3538999999999959,-0.06650000000000134,0.03333333333333144,10.802810467651963,-0.9827998030505233,-0.18467416474388773,-38.66635,-10.13415,-39,-11,-38.5,-10.5
1887,2241,74.7,0.1747000000000014,0.027300000000000324,0.03333333333333144,5.304605734642647,0.9880093379557092,0.15439413237659397,-38.76805,-10.10755,-39,-11,-38.5,-10.5
1887,2281,76.03333333333333,0.062300000000000466,0.0129999999999999,0.03333333333333144,1.9092566616357438,0.9789150078957253,0.20426797917566994,-40.274249999999995,-10.347100000000001,-41,-11,-40.5,-10.5
1887,2335,77.83333333333333,1.4852999999999952,0.41169999999999973,0.5,3.0826047297699297,0.9636655557268613,0.26711176819009613,-38.48545,-10.15365,-39,-11,-38.5,-10.5
1887,2386,79.53333333333333,-0.20629999999999882,-0.04969999999999963,0.03333333333333144,6.366066446401902,-0.9721858940850887,-0.23421056197784212,-35.47325,-9.46075,-36,-10,-35.5,-9.5
1887,2426,80.86666666666666,-0.10159999999999769,0.02660000000000018,0.03333333333333144,3.1507313436725632,-0.9673944451408817,0.25327452992862415,-36.2291,-9.1141,-37,-10,-36.5,-9.5
1887,2466,82.2,-0.18049999999999855,-0.02210000000000001,0.03333333333333144,5.4554371043943775,-0.9925877425364246,-0.12153013357371284,-30.645249999999997,-7.87695,-31,-8,-30.5,-7.5
1887,2506,83.53333333333333,-0.3596999999999966,-0.0683000000000007,0.03333333333333144,10.983809994715477,-0.9824459823314742,-0.18654729105710594,-32.54745,-8.21405,-33,-9,-32.5,-8.5
1887,2546,84.86666666666666,-0.01279999999999859,0.020199999999999108,0.03333333333333144,0.7174203788574685,-0.5352510345629166,0.8446930389196584,-34.9863,-8.6584,-35,-9,-34.5,-8.5
1887,2586,86.2,0.02669999999999817,0.01410000000000089,0.03333333333333144,0.9058311100862169,0.8842707995795723,0.46697446719376823,-34.80445,-8.682649999999999,-35,-9,-34.5,-8.5
1887,2626,87.53333333333333,-0.25390000000000157,-0.03049999999999997,0.03333333333333144,7.67176081483302,-0.9928620278767474,-0.11926857759054975,-33.35405,-8.54985,-34,-9,-33.5,-8.5
1887,2666,88.86666666666666,-0.0771000000000015,-0.028900000000000148,0.03333333333333144,2.4701534365299875,-0.9363790790459654,-0.35099034221048003,-35.04885,-9.10875,-36,-10,-35.5,-9.5
1887,2712,90.4,0.13119999999999976,0.036599999999999966,0.03333333333334565,4.086281928598124,0.963222819368427,0.2687039267445462,-38.590500000000006,-9.9168,-39,-10,-38.5,-9.5
1887,2752,91.73333333333332,0.4380000000000024,0.0882000000000005,0.03333333333331723,13.403764993470139,0.9803215743045169,0.197407221127074,-32.504,-8.7151,-33,-9,-32.5,-8.5
1887,2792,93.06666666666666,-0.08579999999999899,-0.017199999999998994,0.03333333333334565,2.6252108486738206,-0.9804926721597725,-0.19655564057281236,-32.183099999999996,-8.6874,-33,-9,-32.5,-8.5
1887,2832,94.4,-0.1109999999999971,-0.02519999999999989,0.03333333333334565,3.4147380573026096,-0.9751846098055136,-0.22139326276666194,-32.2195,-8.6719,-33,-9,-32.5,-8.5
1887,2872,95.73333333333332,0.3674999999999997,0.05630000000000024,0.03333333333331723,11.153624791973238,0.9884678932305052,0.15143059153436117,-31.64055,-8.59685,-32,-9,-31.5,-8.5
1888,1434,47.8,-0.493700000000004,-0.6275999999999993,0.13333333333333997,5.988840168387917,-0.6182749741001281,-0.7859618670148608,-62.30095,-12.671700000000001,-63,-13,-62.5,-12.5
1888,1480,49.333333333333336,0.01310000000000855,-0.15050000000000097,0.033333333333338544,4.532071711700295,0.08671530924490897,-0.9962331329275089,-65.29535,-20.47895,-66,-21,-65.5,-20.5
1895,1441,48.03333333333333,0.3803999999999945,0.07910000000000039,0.03333333333333144,11.656108827563845,0.9790574340738736,0.20358423510842508,33.1785,-18.186149999999998,33,-19,33.5,-18.5
1895,1484,49.46666666666667,-0.5221000000000018,-0.04240000000000066,0.033333333333338544,15.714564995567791,-0.9967186495086101,-0.08094401597235315,30.23855,-18.1526,30,-19,30.5,-18.5
1895,1524,50.8,-0.16780000000000328,-0.02740000000000009,0.03333333333333144,5.100670544154362,-0.9869290628404955,-0.1611552820132845,28.165399999999998,-18.2132,28,-19,28.5,-18.5
1895,1564,52.13333333333333,0.4236000000000004,0.03599999999999781,0.03333333333333144,12.753809783747705,0.9964081490532071,0.0846805792396441,27.9573,-18.137999999999998,27,-19,27.5,-18.5
1895,1604,53.46666666666667,-0.1599999999999966,0.0019000000000026773,0.033333333333338544,4.800338425568746,-0.9999294996436511,0.011874162808285342,26.5701,-17.963549999999998,26,-18,26.5,-17.5
1895,1644,54.8,-0.05000000000000071,-0.008199999999998653,0.03333333333333144,1.5200381574158943,-0.9868173326320616,-0.16183804255162923,23.0081,-18.357599999999998,23,-19,23.5,-18.5
1895,1684,56.13333333333333,-0.20700000000000074,0.00409999999999755,0.03333333333333144,6.211217996496713,-0.9998039037597739,0.019802879253201008,25.5102,-17.75445,25,-18,25.5,-17.5
1895,1724,57.46666666666667,0.013500000000000512,0.0057000000000009265,0.033333333333338544,0.4396202907054695,0.9212495614113684,0.38897203704040406,18.23955,-18.47705,18,-19,18.5,-18.5
1895,1766,58.86666666666667,-0.21920000000000073,-0.030400000000000205,0.03333333333333144,6.638939674376121,-0.9905196194779945,-0.1373713340881895,10.6669,-19.2077,10,-20,10.5,-19.5
1903,1450,48.333333333333336,-0.2453999999999965,-0.03859999999999886,0.033333333333338544,7.452516890284853,-0.9878541851539971,-0.15538374713505992,-63.2392,-22.7115,-64,-23,-63.5,-22.5
1903,1490,49.66666666666666,0.07209999999999894,0.003800000000001802,0.03333333333332433,2.1660020775618865,0.9986140006085712,0.05263152846483253,-63.55785,-22.7387,-64,-23,-63.5,-22.5
1903,1544,51.46666666666667,-0.012499999999995737,0.018700000000002603,0.033333333333338544,0.6747933016856712,-0.5557257297353762,0.831365691684522,-63.760149999999996,-22.81335,-64,-23,-63.5,-22.5
1903,1584,52.8,-0.013199999999997658,-0.011400000000001853,0.03333333333333144,0.5232399067349637,-0.7568230077690498,-0.6536198703462197,-63.756,-22.8278,-64,-23,-63.5,-22.5
1903,1624,54.13333333333333,-0.21740000000000492,-0.05099999999999838,0.03333333333333144,6.699058441304037,-0.9735696526825564,-0.228390304907119,-63.8201,-22.877299999999998,-64,-23,-63.5,-22.5
1903,1664,55.46666666666667,-0.03990000000000293,-0.007699999999999818,0.033333333333338544,1.2190857229906942,-0.9818833716331187,-0.18948626470110977,-63.28655,-22.81835,-64,-23,-63.5,-22.5
1903,1704,56.8,0.013600000000003831,0.0023999999999979593,0.03333333333333144,0.4143042360392957,0.9847835588179705,0.1737853339088569,-63.667500000000004,-22.822400000000002,-64,-23,-63.5,-22.5
1903,1744,58.13333333333333,0.05870000000000175,-0.0070000000000014495,0.03333333333333144,1.773477093170521,0.9929646155462529,-0.11841145330195915,-66.95345,-23.330199999999998,-67,-24,-66.5,-23.5
1903,1784,59.46666666666667,-0.04600000000000648,0.0071000000000012164,0.033333333333338544,1.3963412906592507,-0.9882970655035511,0.15254150358859622,-67.72919999999999,-23.52965,-68,-24,-67.5,-23.5
1904,1454,48.46666666666667,-0.013799999999999812,0.017300000000002314,0.033333333333338544,0.6638953230743003,-0.6235922827153227,0.7817497457229473,-5.3715,-30.792650000000002,-6,-31,-5.5,-30.5
1904,1494,49.8,0.1003999999999996,0.02470000000000283,0.03333333333333144,3.1018099554939127,0.9710459516274741,0.23889277893626945,-4.8291,-30.05425,-5,-31,-4.5,-30.5
1904,1534,51.13333333333333,0.2687999999999997,0.039400000000000546,0.03333333333333144,8.150166869457793,0.9894275944483727,0.14502770543625917,-6.4237,-29.5712,-7,-30,-6.5,-29.5
1904,1574,52.46666666666667,-0.35769999999999946,-0.01249999999999929,0.033333333333338544,10.73755027927523,-0.999389965205605,-0.034924167081547025,-9.864650000000001,-29.371850000000002,-10,-30,-9.5,-29.5
1904,1614,53.8,0.3178000000000001,-0.001300000000000523,0.03333333333333144,9.534079766816006,0.999991633506598,-0.004090588809185337,-12.0287,-28.73045,-13,-29,-12.5,-28.5
1904,1654,55.13333333333333,-0.007500000000000284,0.0034999999999989484,0.03333333333333144,0.24829418035871123,-0.9061831399953202,0.42288546533100635,-13.20635,-27.85335,-14,-28,-13.5,-27.5
1904,1694,56.46666666666667,-0.1374000000000013,0.017900000000000915,0.033333333333338544,4.156832087057998,-0.9916205210292112,0.1291849150394732,-12.533999999999999,-26.86685,-13,-27,-12.5,-26.5
1904,1734,57.8,0.014099999999999113,0.007900000000002905,0.03333333333333144,0.4848690544879571,0.8724004885127262,0.48879176306762445,-19.21085,-26.61435,-20,-27,-19.5,-26.5
1904,1774,59.13333333333333,0.13800000000000168,0.043899999999997164,0.03333333333333144,4.344431953662335,0.9529439162950373,0.3031466516329632,-23.779600000000002,-26.221049999999998,-24,-27,-23.5,-26.5
1904,1814,60.46666666666667,0.0782999999999987,0.022800000000000153,0.033333333333338544,2.446560238375085,0.9601235085712474,0.2795761940667299,-23.08875,-25.153,-24,-26,-23.5,-25.5
1904,1854,61.8,-0.022599999999997067,-0.0006000000000021544,0.03333333333333144,0.6782388959650835,-0.9996477701786877,-0.026539321332276284,-22.7562,-23.973300000000002,-23,-24,-22.5,-23.5
1904,1894,63.13333333333333,0.02919999999999945,0.037700000000000955,0.03333333333333144,1.4305722631172004,0.6123423629724508,0.790592708358302,-25.148699999999998,-23.32345,-26,-24,-25.5,-23.5
1904,1934,64.46666666666667,-0.03570000000000206,0.025699999999996948,0.03333333333333144,1.3196522269144206,-0.8115774581795004,0.5842448368406017,-27.638550000000002,-22.516750000000002,-28,-23,-27.5,-22.5
1904,1974,65.8,-0.12069999999999936,0.0033000000000029672,0.03333333333333144,3.6223531026118048,-0.9996264575613453,0.027330300828131093,-29.16735,-21.80265,-30,-22,-29.5,-21.5
1904,2014,67.13333333333334,0.22060000000000102,0.04269999999999996,0.03333333333334565,6.740837114184471,0.9817771721662871,0.1900357445670908,-29.633699999999997,-20.569850000000002,-30,-21,-29.5,-20.5
1904,2054,68.46666666666667,-0.17010000000000147,0.025199999999998113,0.03333333333333144,5.158696056175764,-0.9892034623538726,0.14654866108945036,-28.551650000000002,-19.1919,-29,-20,-28.5,-19.5
1904,2094,69.8,-0.08800000000000097,0.016799999999999926,0.03333333333333144,2.687678552208387,-0.9822603219536682,0.18752242510024286,-29.0932,-18.143500000000003,-30,-19,-29.5,-18.5
1904,2134,71.13333333333334,0.11189999999999856,0.04609999999999914,0.03333333333334565,3.6307214159158363,0.9246096341302257,0.38091603336374585,-32.198449999999994,-17.78635,-33,-18,-32.5,-17.5
1904,2174,72.46666666666667,-0.026299999999999102,0.002600000000001046,0.03333333333333144,0.7928461389197994,-0.9951489466480576,0.09837974377513609,-34.59395000000001,-16.8233,-35,-17,-34.5,-16.5
1904,2216,73.86666666666666,-0.5741999999999976,-0.04440000000000133,0.09999999999999432,5.759140560882631,-0.9970237641014092,-0.07709483651359121,-35.184799999999996,-15.632200000000001,-36,-16,-35.5,-15.5
1904,2256,75.2,0.07309999999999661,0.007799999999999585,0.03333333333333144,2.2054489338908083,0.9943553742281291,0.10610084704486121,-37.55945,-14.728,-38,-15,-37.5,-14.5
1904,2301,76.7,-0.17330000000000467,-0.03200000000000003,0.03333333333333144,5.286889539228585,-0.9833759456149006,-0.18158124789195612,-41.393550000000005,-13.9849,-42,-14,-41.5,-13.5
1910,1466,48.86666666666667,0.03260000000000218,-0.012199999999999989,0.03333333333333144,1.0442413514127142,0.9365650945320468,-0.35049368568374833,-67.109,-25.6809,-68,-26,-67.5,-25.5
1936,1480,49.333333333333336,-1.0782000000000025,-0.17889999999999873,0.033333333333338544,32.788235771381,-0.9865123645422856,-0.16368675757430276,-57.953599999999994,-24.27945,-58,-25,-57.5,-24.5
1936,1520,50.66666666666666,-0.28370000000000317,-0.02710000000000079,0.03333333333332433,8.54974210137599,-0.9954686233907147,-0.09509058757098644,-59.09125,-23.981650000000002,-60,-24,-59.5,-23.5
1936,1560,52.0,-0.09479999999999933,0.014599999999997948,0.03333333333333144,2.8775301909798916,-0.9883475797804463,0.15221386777207374,-58.832300000000004,-22.982300000000002,-59,-23,-58.5,-22.5
1936,1600,53.333333333333336,-0.22999999999999687,0.01980000000000004,0.033333333333338544,6.925520630247498,-0.9963149874773012,0.08576972500891683,-57.2726,-21.814500000000002,-58,-22,-57.5,-21.5
1936,1640,54.66666666666666,0.28949999999999676,0.05690000000000239,0.03333333333332433,8.85116229655975,0.9812270647639028,0.1928560275822765,-58.67115,-21.135849999999998,-59,-22,-58.5,-21.5
1937,1499,49.96666666666667,-0.2050999999999945,-0.05410000000000004,0.10000000000000142,2.1211511025854914,-0.966927814571971,-0.25505019389734307,-51.519149999999996,-7.82575,-52,-8,-51.5,-7.5
1945,1479,49.3,0.010000000000005116,-0.04579999999999984,0.03333333333333144,1.406369794897595,0.21331516155181296,-0.9769834399068,-86.53219999999999,-34.7179,-87,-35,-86.5,-34.5
1954,1468,48.93333333333333,-0.9117999999999995,-0.3087,0.09999999999999432,9.62639563907543,-0.9471873317764712,-0.32068077354616886,-55.4167,-12.480350000000001,-56,-13,-55.5,-12.5
1954,1524,50.8,0.009199999999999875,-0.021399999999999864,0.03333333333333144,0.6988132797822664,0.39495528775012256,-0.9187003432448569,-56.8856,-15.0521,-57,-16,-56.5,-15.5
1954,1564,52.13333333333333,0.20649999999999835,-0.04350000000000165,0.03333333333333144,6.330959642898071,0.9785246391437221,-0.2061298876646676,-57.04575,-16.81645,-58,-17,-57.5,-16.5
1954,1607,53.56666666666667,-0.2272999999999996,-0.08660000000000068,0.033333333333338544,7.297147730448061,-0.9344747087339317,-0.35602951947364386,-58.25585,-18.788400000000003,-59,-19,-58.5,-18.5
1954,1648,54.93333333333333,0.5309999999999988,-0.0071000000000012164,0.06666666666666288,7.965711973829265,0.9999106201892349,-0.013369803019481733,-59.5626,-20.81345,-60,-21,-59.5,-20.5
1954,1703,56.766666666666666,0.05389999999999873,0.006600000000002382,0.033333333333338544,1.6290773462297838,0.9925863886954013,0.12154119045254484,-59.30985,-23.130499999999998,-60,-24,-59.5,-23.5
1954,1743,58.1,0.036700000000003286,-0.012199999999999989,0.03333333333333144,1.1602400613667716,0.948941548099257,-0.31545195876866183,-63.14075,-25.1784,-64,-26,-63.5,-25.5
1954,1795,59.833333333333336,0.03640000000000043,-0.06619999999999848,0.033333333333338544,2.266420084626467,0.48181712093317286,-0.8762717968619487,-64.8409,-27.4732,-65,-28,-64.5,-27.5
1974,1485,49.5,0.0426000000000073,0.037599999999997635,0.03333333333333144,1.7046020063348306,0.7497351260005835,0.6617380454839281,93.9651,22.57,93,22,93.5,22.5
1976,1495,49.833333333333336,0.09359999999999502,-0.0008999999999996788,0.033333333333338544,2.808129804691495,0.9999537753946179,-0.009614940148022253,66.98230000000001,-4.28045,66,-5,66.5,-4.5
1976,1535,51.16666666666666,-0.22280000000000655,-0.024599999999999955,0.03333333333332433,6.72461894831425,-0.9939596654287108,-0.10974599537497991,69.8454,-3.9002,69,-4,69.5,-3.5
1976,1575,52.5,-0.7129999999999939,-0.11070000000000046,0.03333333333333144,21.64627314343154,-0.9881608653031216,-0.1534213292974151,68.7974,-4.4049499999999995,68,-5,68.5,-4.5
1976,1615,53.833333333333336,0.02750000000000341,-0.01499999999999968,0.033333333333338544,0.9397473064605634,0.8778955729144137,-0.4788521306805197,70.23795,-4.344200000000001,70,-5,70.5,-4.5
1976,1687,56.23333333333333,-0.12420000000000186,-0.033800000000000274,0.03333333333332433,3.8615116211152962,-0.9649071051934073,-0.26259146663073224,76.478,-3.6294,76,-4,76.5,-3.5
1980,1517,50.56666666666667,-0.18419999999999703,0.025399999999997647,0.033333333333338544,5.578290060582112,-0.9906261488708589,0.13660099989857702,-59.403400000000005,-34.7167,-60,-35,-59.5,-34.5
1980,1557,51.9,-0.2072999999999965,0.015500000000002956,0.03333333333333144,6.236359996023577,-0.9972163255433621,0.07456272574011251,-59.556349999999995,-33.44395,-60,-34,-59.5,-33.5
1980,1597,53.23333333333333,0.22160000000000224,0.05639999999999645,0.03333333333332433,6.859939358334441,0.9691047766952802,0.24664941067513454,-59.3086,-32.0422,-60,-33,-59.5,-32.5
1980,1637,54.56666666666667,-0.0016000000000033765,0.036300000000000665,0.033333333333338544,1.0900573379413039,-0.04403438088013535,0.9990300162159809,-58.9657,-30.79515,-59,-31,-58.5,-30.5
1980,1677,55.9,0.28580000000000183,0.07989999999999853,0.03333333333333144,8.902757157196287,0.9630724334730388,0.26924243329074143,-55.8113,-28.917949999999998,-56,-29,-55.5,-28.5
1980,1717,57.23333333333333,-0.07000000000000028,0.020299999999998875,0.03333333333332433,2.1865225816356384,-0.9604291387787365,0.278524450245817,-60.9957,-27.93475,-61,-28,-60.5,-27.5
1980,1757,58.56666666666667,-0.007500000000000284,0.046299999999998676,0.033333333333338544,1.4071055397514696,-0.15990271777319137,0.987132777719769,-62.904849999999996,-26.75945,-63,-27,-62.5,-26.5
1980,1797,59.9,0.004100000000001103,0.026099999999999568,0.03333333333333144,0.7926020439035337,0.15518506537564541,0.9878854161715096,-63.155649999999994,-25.41225,-64,-26,-63.5,-25.5
1980,1839,61.3,0.11080000000000467,0.05940000000000012,0.03333333333333144,3.7715381477591556,0.8813380296776981,0.47248627222791667,-61.4053,-23.351100000000002,-62,-24,-61.5,-23.5
1980,1879,62.63333333333333,0.13060000000000116,0.029699999999998283,0.03333333333333144,4.01803496749369,0.9751035099737246,0.22175018565250912,-61.8048,-22.04155,-62,-23,-61.5,-22.5
1980,1923,64.1,-0.00560000000000116,0.025800000000000267,0.03333333333333144,0.7920227269467054,-0.2121151253420395,0.977244684611347,-61.4765,-20.320500000000003,-62,-21,-61.5,-20.5
1980,1963,65.43333333333334,0.0030000000000001137,0.05529999999999902,0.03333333333333144,1.6614394361517415,0.05416989511725344,0.9985317333279827,-63.0695,-19.18575,-64,-20,-63.5,-19.5
1980,2003,66.76666666666667,-0.16629999999999967,-0.03089999999999904,0.03333333333333144,5.074391589146701,-0.9831720537041198,-0.18268199915487923,-61.78775,-17.543149999999997,-62,-18,-61.5,-17.5
1980,2043,68.1,-0.2313000000000045,0.004800000000001248,0.03333333333333144,6.940494002591412,-0.9997847411739965,0.020747802670282478,-58.14915,-15.4418,-59,-16,-58.5,-15.5
1980,2083,69.43333333333334,-0.15959999999999752,0.009700000000000486,0.03333333333333144,4.796834893969347,-0.9981581826007278,0.06066500232598806,-57.9689,-14.026050000000001,-58,-15,-57.5,-14.5
1980,2126,70.86666666666666,0.14150000000000063,0.09029999999999916,0.03333333333333144,5.035742844904107,0.8429739426221824,0.5379543958924525,-56.546350000000004,-12.16925,-57,-13,-56.5,-12.5
1980,2180,72.66666666666667,-0.20700000000000074,0.031200000000000117,0.03333333333333144,6.280142992003029,-0.9888309880695436,0.14904119240468486,-57.1803,-10.146899999999999,-58,-11,-57.5,-10.5
1980,2234,74.46666666666667,-0.015000000000000568,0.07140000000000057,0.03333333333333144,2.18875855223929,-0.2055959984894878,0.9786369528099328,-55.6899,-7.4547,-56,-8,-55.5,-7.5
1980,2274,75.8,-0.27830000000000155,0.009599999999999831,0.03333333333333144,8.353965824685226,-0.9994055727795738,0.03447464426404486,-54.90405,-5.741300000000001,-55,-6,-54.5,-5.5
1980,2316,77.2,-0.12579999999999814,-0.018299999999999983,0.03333333333333144,3.8137221975389393,-0.9895844019356171,-0.14395385179190814,-55.7935,-4.34265,-56,-5,-55.5,-4.5
1986,1517,50.56666666666667,-0.11529999999999774,0.036199999999997345,0.033333333333338544,3.625476106664509,-0.9540815876957252,0.2995468644803417,-61.299049999999994,-23.176099999999998,-62,-24,-61.5,-23.5
1987,1518,50.6,-0.34839999999999804,-0.037400000000001654,0.03333333333333144,10.512049657417505,-0.9942875405488029,-0.10673465561574937,60.342,-16.1612,60,-17,60.5,-16.5
1996,1550,51.66666666666666,0.5902999999999992,-0.04989999999999917,0.1666666666666572,3.5544321065398616,0.9964460971088959,-0.08423286506138089,-53.86085,-10.923449999999999,-54,-11,-53.5,-10.5
1996,1606,53.53333333333333,-0.19010000000000105,-0.09619999999999962,0.03333333333333144,6.391651195114212,-0.8922577008519703,-0.4515265166857377,-55.03765,-13.4969,-56,-14,-55.5,-13.5
2008,1536,51.2,0.0934999999999988,0.01529999999999987,0.03333333333334565,2.8423064577898396,0.9868745828977494,0.1614885681105415,17.45605,-14.04415,17,-15,17.5,-14.5
2013,1514,50.46666666666667,0.2002999999999986,0.015900000000000247,0.033333333333338544,6.027902620313979,0.9968641463697075,0.07913200163394263,45.52725,-2.66065,45,-3,45.5,-2.5
2031,1526,50.86666666666667,-0.051899999999999835,-0.009600000000000719,0.03333333333333144,1.5834118226160503,-0.9833196757541383,-0.18188572037072184,-9.11065,-10.005500000000001,-10,-11,-9.5,-10.5
2047,1576,52.53333333333333,0.3083999999999989,0.11869999999999958,0.03333333333333144,9.913638333125254,0.9332597870840239,0.35920212946457086,27.8297,6.9563500000000005,27,6,27.5,6.5
2047,1616,53.86666666666667,0.4382000000000019,0.1495999999999995,0.03333333333333144,13.890984846295934,0.9463691844359199,0.32308724324877347,27.3444,8.9602,27,8,27.5,8.5
2048,1573,52.43333333333333,-1.0836000000000041,-0.24409999999999954,0.03333333333333144,33.32261083708979,-0.975553811162326,-0.21976069149568328,98.6816,22.66375,98,22,98.5,22.5
2048,1614,53.8,-0.5182000000000073,-0.2640999999999991,0.03333333333333144,17.44855423810354,-0.8909620698574724,-0.45407773571855337,96.2401,21.73505,96,21,96.5,21.5
2048,1655,55.16666666666666,-0.09269999999999357,-0.02090000000000103,0.03333333333332433,2.850805149427676,-0.9755138826513163,-0.21993786566790646,96.24754999999999,21.37945,96,21,96.5,21.5
2048,1710,57.0,0.5389999999999873,0.1180000000000021,0.03333333333333144,16.552960460292873,0.976864533615544,0.21385902591213168,100.5745,21.8398,100,21,100.5,21.5
2054,1554,51.8,-0.010500000000000398,0.036099999999999355,0.03333333333333144,1.1278803127992394,-0.27928495286724564,0.9602082665244768,-6.45735,-8.316749999999999,-7,-9,-6.5,-8.5
2054,1594,53.13333333333333,0.4238999999999997,0.1457000000000006,0.03333333333333144,13.447220158829131,0.945697315117655,0.32504859356603677,-8.09975,-7.05885,-9,-8,-8.5,-7.5
2054,1634,54.46666666666667,-0.16239999999999988,0.02629999999999999,0.033333333333338544,4.935474141355859,-0.9871392009078207,0.15986306024553998,-9.178,-5.869949999999999,-10,-6,-9.5,-5.5
2054,1674,55.8,0.13810000000000056,-0.009600000000000275,0.03333333333333144,4.152998073681482,0.9975925648161048,-0.06934749183370631,-5.53295,-3.6657,-6,-4,-5.5,-3.5
2054,1714,57.13333333333333,-0.20730000000000004,-0.037499999999999645,0.03333333333333144,6.319935600938076,-0.9840290143268644,-0.17800814296795495,-8.17395,-3.26675,-9,-4,-8.5,-3.5
2058,1560,52.0,-0.20659999999999457,-0.012100000000000222,0.03333333333333144,6.208620861350962,-0.9982893364584576,-0.05846709085744373,120.59,-12.28595,120,-13,120.5,-12.5
2067,1569,52.3,0.30349999999999966,0.10140000000000082,0.03333333333333144,9.599728589913905,0.9484643148731109,0.31688395890653814,-53.34245,-7.5283999999999995,-54,-8,-53.5,-7.5
2067,1609,53.63333333333333,-0.23080000000000211,-0.05109999999999992,0.03333333333333144,7.091675754009527,-0.9763559756783482,-0.21616893568961465,-54.5745,-6.76835,-55,-7,-54.5,-6.5
2067,1652,55.06666666666667,0.024099999999997124,0.0354000000000001,0.033333333333338544,1.284746278453207,0.5627570300264028,0.8266223594579706,-53.523849999999996,-5.624499999999999,-54,-6,-53.5,-5.5
2067,1692,56.4,0.6012999999999948,0.14150000000000063,0.03333333333333144,18.531744278400605,0.9734107987355488,0.22906640282900706,-51.20335,-4.31065,-52,-5,-51.5,-4.5
2067,1743,58.1,-0.03989999999999583,-0.012000000000000455,0.03333333333333144,1.2499635994699556,-0.9576278865300782,-0.28800838692638037,-53.755449999999996,-4.7169,-54,-5,-53.5,-4.5
2067,1783,59.43333333333333,-0.06530000000000058,0.0035999999999996035,0.03333333333333144,1.9619747704801158,-0.9984837875977074,0.055046579408136585,-55.223349999999996,-4.7059,-56,-5,-55.5,-4.5
2068,1581,52.7,0.18179999999999552,0.06099999999999994,0.03333333333334565,5.752826783414748,0.9480556612136477,0.3181044847856649,-61.4371,-20.2388,-62,-21,-61.5,-20.5
2068,1621,54.03333333333333,0.00560000000000116,0.022399999999997533,0.03333333333333144,0.692681745103743,0.24253562503640538,0.9701425001453138,-60.996,-18.4193,-61,-19,-60.5,-18.5
2068,1661,55.36666666666667,0.020600000000001728,0.01980000000000004,0.03333333333333144,0.8571814277036973,0.7209675571899017,0.6929688171048002,-59.5404,-16.493299999999998,-60,-17,-59.5,-16.5
2068,1716,57.2,-0.16899999999999693,-0.0004999999999988347,0.03333333333334565,5.07002218929859,-0.9999956234312737,-0.002958566933221779,-59.9794,-14.09535,-60,-15,-59.5,-14.5
2068,1777,59.23333333333333,-0.16440000000000055,-0.0017999999999993577,0.03333333333332433,4.932295611580201,-0.9999400661269859,-0.010948248899196633,-61.9634,-12.0292,-62,-13,-61.5,-12.5
2068,1835,61.16666666666666,-0.3620999999999981,0.5899000000000001,0.5333333333333243,1.297817546041258,-0.5231378648493201,0.8522480709047656,-58.71215,-9.39615,-59,-10,-58.5,-9.5
2068,1875,62.5,-0.47990000000000066,-0.08220000000000027,0.03333333333333144,14.606668511334982,-0.9856456993481136,-0.16882699830467826,-57.44785,-7.7961,-58,-8,-57.5,-7.5
2068,1918,63.93333333333333,0.020299999999998875,0.009800000000000253,0.03333333333333144,0.6762521719004052,0.9005516363645647,0.4347490658312045,-55.75765,-6.556,-56,-7,-55.5,-6.5
2068,1958,65.26666666666667,0.15200000000000102,0.05549999999999944,0.03333333333333144,4.854464440080172,0.9393415187783271,0.34298325192234386,-57.2512,-6.43305,-58,-7,-57.5,-6.5
2068,2003,66.76666666666667,-0.15690000000000026,-0.030100000000000016,0.03333333333333144,4.792834025918557,-0.9820911749803747,-0.1884062738490073,-54.403949999999995,-5.30425,-55,-6,-54.5,-5.5
2074,1575,52.5,-0.02740000000000009,0.10919999999999419,0.03333333333333144,3.3775523682098783,-0.24337150409179711,0.9699331476942606,-57.8972,-35.272999999999996,-58,-36,-57.5,-35.5
2084,1595,53.16666666666666,0.12870000000000203,0.08280000000000598,0.03333333333332433,4.591032236873614,0.8409873424522836,0.5410547937455555,-58.411550000000005,-34.3932,-59,-35,-58.5,-34.5
2084,1635,54.5,-0.03229999999999933,-0.014499999999998181,0.03333333333333144,1.0621610047445922,-0.91229107044185,-0.4095424310032644,-58.84095000000001,-33.06885,-59,-34,-58.5,-33.5
2084,1675,55.833333333333336,-0.019400000000004525,0.011600000000001387,0.033333333333338544,0.6781061863749978,-0.8582726594949459,0.5131939613474351,-57.1862,-31.1649,-58,-32,-57.5,-31.5
2084,1715,57.16666666666666,-0.12279999999999802,0.02179999999999893,0.03333333333332433,3.741600192431987,-0.9846054657182354,0.17479152404443668,-58.5935,-29.5157,-59,-30,-58.5,-29.5
2084,1758,58.6,0.14239999999999498,0.11409999999999698,0.03333333333333144,5.474204325744656,0.7803873852331904,0.6252963529150829,-62.1764,-28.154049999999998,-63,-29,-62.5,-28.5
2084,1814,60.46666666666667,0.13799999999999812,0.034600000000001074,0.033333333333338544,4.2681429216925135,0.9699768906420776,0.24319710446534334,-61.049899999999994,-25.451700000000002,-62,-26,-61.5,-25.5
2086,1618,53.93333333333333,-0.8004000000000033,-0.25,0.03333333333333144,25.15603593573671,-0.9545224081147846,-0.29813918294439673,-57.775800000000004,-6.959,-58,-7,-57.5,-6.5
2086,1679,55.96666666666667,0.19719999999999516,-0.038399999999999324,0.033333333333338544,6.027118714608738,0.9815635430673575,-0.1911361057494259,-56.1207,-11.8405,-57,-12,-56.5,-11.5
2115,1617,53.9,-0.020899999999999253,0.02090000000000103,0.03333333333333144,0.886711903607987,-0.7071067811865175,0.7071067811865775,8.74185,-9.44575,8,-10,8.5,-9.5
2115,1657,55.23333333333333,0.02540000000000031,-0.020400000000000418,0.03333333333332433,0.977337198719329,0.7796694948260592,-0.6261912478130606,6.3797999999999995,-10.5303,6,-11,6.5,-10.5
2115,1697,56.56666666666667,-0.40219999999999967,-0.10500000000000043,0.033333333333338544,12.470399191683931,-0.9675712713386507,-0.252598168798008,5.827999999999999,-11.2635,5,-12,5.5,-11.5
2115,1737,57.9,-0.1382,-0.060399999999999565,0.03333333333333144,4.524672363829483,-0.9163094400256738,-0.4004709853657764,-0.5589999999999999,-13.2793,-1,-14,-0.5,-13.5
2115,1777,59.23333333333333,0.03730000000000011,-0.0057000000000009265,0.03333333333332433,1.1319902826441177,0.9885243867876062,-0.1510613674179693,-4.65445,-14.71795,-5,-15,-4.5,-14.5
2115,1817,60.56666666666667,-0.21740000000000048,-0.0235000000000003,0.033333333333338544,6.5599930640197135,-0.9942083682635119,-0.1074696258242538,-4.4038,-14.97655,-5,-15,-4.5,-14.5
2115,1857,61.9,0.2145999999999999,0.010600000000000165,0.03333333333333144,6.445848896771061,0.998782333111372,0.04933407609963054,-2.3245,-15.189,-3,-16,-2.5,-15.5
2115,1897,63.23333333333333,-0.11440000000000072,-0.019199999999997885,0.03333333333332433,3.4800000000009508,-0.9862068965517272,-0.16551724137929158,-6.2562999999999995,-16.4453,-7,-17,-6.5,-16.5
2115,1937,64.56666666666666,-0.16110000000000113,-0.07079999999999842,0.03333333333333144,5.279134872306569,-0.9154909122237799,-0.4023386504372546,-8.88035,-17.1787,-9,-18,-8.5,-17.5
2115,1977,65.9,0.06070000000000064,-0.017300000000002314,0.03333333333334565,1.8935157775940215,0.961703103585006,-0.27409330629361867,-9.77735,-17.95265,-10,-18,-9.5,-17.5
2116,1608,53.6,-0.33370000000000033,-0.007200000000000095,0.03333333333333144,10.013329965601432,-0.999767313610072,-0.021571245603813623,44.85435,-3.4491,44,-4,44.5,-3.5
2116,1652,55.06666666666667,1.335099999999997,0.24129999999999985,0.1666666666666714,8.14038311137725,0.9840568791908447,0.17785403711238948,45.68435,-3.69625,45,-4,45.5,-3.5
2131,1617,53.9,-0.24669999999998993,-0.2560000000000002,0.03333333333333144,10.665702086595546,-0.6939064995356993,-0.7200651150431553,-74.65174999999999,-9.8656,-75,-10,-74.5,-9.5
2131,1663,55.43333333333333,0.0870999999999924,-1.4676999999999971,0.23333333333332718,6.301209359143451,0.059240328801967286,-0.9982437495138323,-76.54365,-18.21965,-77,-19,-76.5,-18.5
2131,1705,56.833333333333336,-0.07019999999999982,-0.11029999999999873,0.033333333333338544,3.922335656212369,-0.5369249815895,-0.8436299924404747,-82.2149,-26.27765,-83,-27,-82.5,-26.5
2186,1651,55.03333333333333,-0.0251000000000019,-0.06590000000000007,0.03333333333333144,2.115546737843578,-0.35593635750522284,-0.9345101975933242,-58.30775,-6.1099499999999995,-59,-7,-58.5,-6.5
2186,1704,56.8,-0.03509999999999991,-0.04579999999999984,0.03333333333333144,1.7310935849919618,-0.6082860043669717,-0.7937179202281276,-57.71655,-9.9465,-58,-10,-57.5,-9.5
2186,1745,58.16666666666666,-0.3657000000000039,-0.13970000000000127,0.03333333333332433,11.744246335975646,-0.9341595608733178,-0.35685559380367043,-61.33095,-13.58775,-62,-14,-61.5,-13.5
2186,1787,59.56666666666667,-0.3669000000000011,-0.3890999999999991,0.10000000000000142,5.348031600504918,-0.686046806390142,-0.7275574062861893,-64.50344999999999,-17.12915,-65,-18,-64.5,-17.5
2186,1827,60.9,-0.1629000000000005,-0.10350000000000037,0.03333333333333144,5.789973575069581,-0.8440453029082371,-0.536271877538383,-63.77315,-20.017249999999997,-64,-21,-63.5,-20.5
2186,1882,62.73333333333333,0.05729999999999791,-0.05659999999999954,0.03333333333332433,2.4162295006896364,0.7114390414940995,-0.70274781411112,-66.13155,-24.556199999999997,-67,-25,-66.5,-24.5
2186,1922,64.06666666666666,0.05519999999999925,-0.09209999999999852,0.03333333333333144,3.221258294517976,0.5140848229458336,-0.8577393513281006,-63.5284,-27.13245,-64,-28,-63.5,-27.5
2192,1646,54.86666666666667,0.21390000000000242,0.0815000000000019,0.03333333333333144,6.867016382680805,0.9344669711557195,0.356049827719458,-63.65445,-25.50745,-64,-26,-63.5,-25.5
2192,1686,56.2,-0.036000000000001364,-0.008600000000001273,0.03333333333334565,1.1103891209838095,-0.9726320076359873,-0.23235097960195591,-61.6822,-23.4616,-62,-24,-61.5,-23.5
2197,1673,55.766666666666666,-0.1681999999999988,-0.044199999999996464,0.033333333333338544,5.217316551637522,-0.9671638571394375,-0.25415364141236635,-62.4626,-34.102900000000005,-63,-35,-62.5,-34.5
2197,1723,57.43333333333333,0.16570000000000107,-0.03240000000000265,0.03333333333333144,5.065138201471248,0.9814144851085033,-0.19189999588121845,-67.93955,-36.373599999999996,-68,-37,-67.5,-36.5
2221,1677,55.9,0.8572999999999986,0.23939999999999984,0.03333333333333144,26.70296022915959,0.9631516423380023,0.26895894456516733,30.188650000000003,12.8584,30,12,30.5,12.5
2221,1719,57.3,-0.38610000000000255,-0.012199999999999989,0.03333333333333144,11.588780997154837,-0.9995011557164191,-0.03158226910059627,23.79135,13.9093,23,13,23.5,13.5
2221,1760,58.66666666666666,-0.27309999999999945,-0.042299999999999116,0.03333333333332433,8.290694180829297,-0.9882164052012675,-0.15306317810330586,17.35105,14.440750000000001,17,14,17.5,14.5
2227,1668,55.6,-0.028099999999994907,0.052300000000002456,0.03333333333333144,1.7811260483189657,-0.4732960931066738,0.880903404607996,-64.35015,-35.46575,-65,-36,-64.5,-35.5
2227,1708,56.93333333333333,-0.006000000000000227,0.03920000000000101,0.03333333333333144,1.189695759427693,-0.15129918600920847,0.9884880152601502,-62.1628,-33.539500000000004,-63,-34,-62.5,-33.5
2228,1664,55.46666666666667,-0.08219999999999672,-0.04870000000000019,0.033333333333338544,2.866300228517062,-0.8603425333693501,-0.5097163184317418,19.676099999999998,-13.93305,19,-14,19.5,-13.5
2228,1704,56.8,-0.09280000000000044,-0.02340000000000053,0.03333333333333144,2.871142629686138,-0.9696487980830499,-0.24450195986146311,18.7412,-14.168800000000001,18,-15,18.5,-14.5
2228,1763,58.766666666666666,-0.8645999999999994,-0.0838000000000001,0.033333333333338544,26.05954796230715,-0.9953357609085532,-0.09647135873714657,7.1364,-16.263800000000003,7,-17,7.5,-16.5
2228,1803,60.1,0.24879999999999924,-0.012199999999999989,0.03333333333333144,7.4729680850386355,0.9987999299694337,-0.048976523897215095,5.803,-16.5947,5,-17,5.5,-16.5
2228,1843,61.43333333333333,0.12139999999999951,0.015100000000000335,0.03333333333333144,3.6700644408513363,0.992353147661725,0.12343107520339737,7.543,-16.316850000000002,7,-17,7.5,-16.5
2228,1885,62.833333333333336,0.05820000000000025,-0.004799999999999471,0.033333333333338544,1.7519280807153763,0.9966162533834031,-0.0821951549182094,4.072900000000001,-16.955399999999997,4,-17,4.5,-16.5
2233,1686,56.2,0.06380000000000052,0.0235000000000003,0.03333333333334565,2.0397110089414623,0.9383682255029876,0.34563719904890766,-54.7552,-6.62575,-55,-7,-54.5,-6.5
2233,1726,57.53333333333333,0.21290000000000475,0.1097999999999999,0.03333333333333144,7.186390262155798,0.8887633105086213,0.4583664231744685,-57.09845,-5.6504,-58,-6,-57.5,-5.5
2233,1766,58.86666666666667,-0.03240000000000265,0.0054000000000007375,0.03333333333333144,0.9854075299084496,-0.9863939238321423,0.16439898730536606,-60.392700000000005,-5.5703,-61,-6,-60.5,-5.5
2233,1806,60.2,0.001300000000000523,0.03360000000000074,0.03333333333334565,1.0087541821471147,0.03866154975138789,0.9992523628047225,-58.82795,-4.6149000000000004,-59,-5,-58.5,-4.5
2233,1846,61.53333333333333,0.022800000000003706,-0.013399999999999856,0.03333333333333144,0.7933851523694025,0.8621285613392442,-0.5066895930677137,-56.2765,-4.3187,-57,-5,-56.5,-4.5
2233,1886,62.86666666666667,-0.03470000000000084,0.028799999999999493,0.03333333333333144,1.3528403453476077,-0.7694921308194745,0.6386562930144075,-56.87625,-5.0771999999999995,-57,-6,-56.5,-5.5
2233,1926,64.2,-0.08599999999999852,-0.015400000000000524,0.03333333333333144,2.6210387253912457,-0.984342571899613,-0.17626599543319554,-56.4544,-5.427,-57,-6,-56.5,-5.5
2233,1966,65.53333333333333,-0.0011999999999972033,-9.999999999976694e-05,0.03333333333333144,0.03612478373629475,-0.9965457582448796,-0.08304547985373997,-58.0897,-5.97155,-59,-6,-58.5,-5.5
2233,2006,66.86666666666666,0.1717000000000013,0.04189999999999916,0.03333333333333144,5.302155222171785,0.9714917395214357,0.23707340644115918,-57.03335,-5.7307500000000005,-58,-6,-57.5,-5.5
2233,2046,68.2,0.0014000000000038426,0.00590000000000046,0.03333333333333144,0.1819148152295968,0.230877292468505,0.9729828754003907,-53.5565,-4.81665,-54,-5,-53.5,-4.5
2233,2086,69.53333333333333,-0.011000000000002785,-0.0032000000000005357,0.03333333333333144,0.3436800837989767,-0.9601952966035818,-0.27932954083010897,-53.6075,-4.8416,-54,-5,-53.5,-4.5
2233,2126,70.86666666666666,0.1385000000000005,0.05120000000000058,0.03333333333333144,4.4298217797110535,0.9379609850288992,0.34674081179407945,-52.56585,-4.5494,-53,-5,-52.5,-4.5
2233,2166,72.2,-0.0642999999999958,-0.045399999999999885,0.03333333333333144,2.3613735409714702,-0.8168974397868421,-0.5767829512647739,-52.88735,-4.7593,-53,-5,-52.5,-4.5
2233,2206,73.53333333333333,0.2331000000000003,0.05679999999999996,0.03333333333333144,7.197615230060997,0.9715718021149546,0.23674508091003568,-53.234449999999995,-4.730499999999999,-54,-5,-53.5,-4.5
2233,2246,74.86666666666666,0.04860000000000042,0.009499999999999176,0.03333333333333144,1.4855938206657544,0.9814257300469297,0.19184247809557495,-52.2997,-4.50115,-53,-5,-52.5,-4.5
2235,1677,55.9,0.25789999999999935,0.07239999999999824,0.03333333333333144,8.036090654043594,0.9627815729165924,0.270280674211554,-56.785650000000004,-19.674500000000002,-57,-20,-56.5,-19.5
2235,1717,57.23333333333333,-0.06030000000000513,0.04900000000000304,0.03333333333332433,2.330961389642428,-0.7760746308535573,0.6306410764813173,-59.36935,-18.644,-60,-19,-59.5,-18.5
2236,1680,56.0,-0.04049999999999998,0.04410000000000003,0.03333333333333144,1.796261116875931,-0.6764049995766787,0.7365298884279398,-0.51725,-0.60975,-1,-1,-0.5,-0.5
2240,1674,55.8,0.08539999999999992,-0.01180000000000092,0.03333333333333144,2.5863410447968316,0.990588617519852,-0.1368729003130583,-2.714,-30.744,-3,-31,-2.5,-30.5
2240,1714,57.13333333333333,-0.07779999999999987,0.015399999999999636,0.03333333333333144,2.3792856070679314,-0.9809667208790417,0.19417593189636131,-6.266,-30.05,-7,-31,-6.5,-30.5
2240,1773,59.1,1.3788,0.14560000000000173,0.03333333333333144,41.59398898879737,0.9944706195682034,0.10501517421608074,-15.331800000000001,-29.9222,-16,-30,-15.5,-29.5
2262,1680,56.0,-0.10910000000000508,-0.037599999999997635,0.03333333333333144,3.461923309376191,-0.9454282222647229,-0.32583044140375517,-54.008250000000004,-16.6053,-55,-17,-54.5,-16.5
2262,1738,57.93333333333333,-0.23700000000000188,-0.057099999999998374,0.03333333333333144,7.3134444005548245,-0.972182136157495,-0.23422616023034157,-58.7418,-19.74915,-59,-20,-58.5,-19.5
2262,1789,59.63333333333333,0.012399999999999523,-0.018700000000002603,0.03333333333333144,0.6731307451009265,0.5526415227761297,-0.8334190706383438,-60.7428,-22.09845,-61,-23,-60.5,-22.5
2286,1709,56.96666666666667,-0.10560000000000258,-0.016100000000001558,0.033333333333338544,3.204608088362339,-0.9885764226534595,-0.1507204583780478,27.8612,-18.13515,27,-19,27.5,-18.5
2286,1749,58.3,0.08079999999999998,-0.01320000000000121,0.03333333333333144,2.4561335468578886,0.9869170196796263,-0.16122901806648843,19.137999999999998,-19.097299999999997,19,-20,19.5,-19.5
2286,1789,59.63333333333333,0.2574000000000005,0.03790000000000049,0.03333333333333144,7.805258035453228,0.9893330835348945,0.14567103289033764,14.8581,-19.45895,14,-20,14.5,-19.5
2286,1829,60.96666666666667,0.007400000000000517,0.0006999999999983686,0.033333333333338544,0.22299103120975355,0.9955557351145637,0.0941741911592597,15.7546,-19.051450000000003,15,-20,15.5,-19.5
2286,1880,62.66666666666666,-0.18009999999999948,-0.03020000000000067,0.03333333333332433,5.478434539174131,-0.9862306396775785,-0.1653757097071828,14.26165,-18.9188,14,-19,14.5,-18.5
2286,1920,64.0,-0.009100000000000108,0.0022999999999981924,0.03333333333333144,0.2815848007261814,-0.969512556416315,0.24504163513799398,13.39755,-18.86345,13,-19,13.5,-18.5
2286,1960,65.33333333333333,0.19949999999999868,0.010899999999999466,0.03333333333333144,5.9939264259751805,0.9985107548307239,0.05455522419876907,8.59495,-19.50655,8,-20,8.5,-19.5
2286,2000,66.66666666666667,-0.21160000000000068,-0.026700000000001722,0.03333333333333144,6.398336111834466,-0.9921329372270734,-0.12518879689964313,10.1052,-19.293950000000002,10,-20,10.5,-19.5
2286,2040,68.0,0.2281999999999993,0.035199999999999676,0.03333333333333144,6.9269655694254135,0.9883115386364247,0.15244770446977185,12.402000000000001,-18.924300000000002,12,-19,12.5,-18.5
2286,2080,69.33333333333333,-0.008600000000001273,0.013700000000000045,0.03333333333333144,0.4852679672099196,-0.531665012804041,0.846954729699338,13.4658,-18.64515,13,-19,13.5,-18.5
2286,2120,70.66666666666667,-0.2372999999999994,-0.02260000000000062,0.03333333333333144,7.151212834198517,-0.995495472593952,-0.09480909262799826,12.071449999999999,-18.658700000000003,12,-19,12.5,-18.5
2286,2160,72.0,0.16520000000000046,0.019299999999997652,0.03333333333333144,4.989707105632843,0.9932446724990138,0.11603887517692846,11.556999999999999,-18.70745,11,-19,11.5,-18.5
2286,2200,73.33333333333333,-0.5383000000000013,-0.04449999999999932,0.03333333333333144,16.204086706754907,-0.9966004435948256,-0.08238662407573648,8.880749999999999,-18.80015,8,-19,8.5,-18.5
2305,1733,57.766666666666666,-0.014500000000005286,-0.03629999999999978,0.033333333333338544,1.1726661929124134,-0.3709495529326484,-0.9286530187206997,43.62425,-4.16905,43,-5,43.5,-4.5
2305,1784,59.46666666666667,-0.06810000000000116,-0.0030000000000001137,0.033333333333338544,2.0449814180082013,-0.9990310826342784,-0.044010179851731245,38.94485,-5.2735,38,-6,38.5,-5.5
2309,1712,57.06666666666667,-0.2968999999999937,-0.29100000000000037,0.033333333333338544,12.471870308816886,-0.7141671440972,-0.6999752069123942,-64.98075,-8.4879,-65,-9,-64.5,-8.5
2309,1763,58.766666666666666,-0.2172999999999945,-0.1631999999999998,0.033333333333338544,8.15280178834105,-0.7996024151257228,-0.6005297475771795,-69.25765,-18.467,-70,-19,-69.5,-18.5
2342,1738,57.93333333333333,0.01120000000000232,0.07649999999999935,0.03333333333333144,2.319465671227011,0.14486094973000516,0.9894520227091969,-64.0724,-21.78065,-65,-22,-64.5,-21.5
2342,1803,60.1,0.18719999999999004,0.058099999999999596,0.03333333333333144,5.880264024684652,0.9550591565998938,0.296415261743891,-64.3575,-19.320749999999997,-65,-20,-64.5,-19.5
2342,1856,61.86666666666667,0.11599999999999966,0.03780000000000072,0.03333333333333144,3.6601032772316002,0.9507928428272008,0.30982732292128434,-61.4204,-16.6396,-62,-17,-61.5,-16.5
2342,1896,63.2,-0.018900000000002137,0.0057000000000009265,0.03333333333334565,0.5922246195488862,-0.9574070061993608,0.2887417955204564,-62.06315,-15.11495,-63,-16,-62.5,-15.5
2342,1937,64.56666666666666,0.008200000000002206,0.03769999999999918,0.03333333333333144,1.1574441671200082,0.21253724973376964,0.9771529652391202,-62.1569,-13.61535,-63,-14,-62.5,-13.5
2342,1978,65.93333333333334,0.02009999999999934,0.03909999999999947,0.03333333333333144,1.3189154635533455,0.45719382072862114,0.8893670841039517,-60.93885,-11.92575,-61,-12,-60.5,-11.5
2351,1731,57.7,-0.4461000000000013,-0.10309999999999775,0.03333333333334565,13.73576856240164,-0.9743175228379892,-0.22517851738308498,56.82725,21.02215,56,21,56.5,21.5
2363,1765,58.833333333333336,-0.17769999999999975,-0.04160000000000075,0.033333333333338544,5.475131505269129,-0.9736752432099098,-0.227939730543236,-4.23635,-11.6979,-5,-12,-4.5,-11.5
2363,1806,60.2,-0.031700000000000284,-0.006399999999999295,0.03333333333334565,0.9701881260865403,-0.980222262496365,-0.1978997627752678,-3.90465,-11.9644,-4,-12,-3.5,-11.5
2363,1847,61.56666666666667,-0.13960000000000017,-0.019699999999998496,0.033333333333338544,4.229494650663883,-0.990189217840004,-0.139733005669388,-2.9269,-11.72755,-3,-12,-2.5,-11.5
2388,1762,58.73333333333333,-0.5198999999999998,-0.08619999999999806,0.03333333333332433,15.809927419192489,-0.9865320432192624,-0.16356811334006258,52.09545,20.0197,52,20,52.5,20.5
2388,1803,60.1,0.7319000000000031,0.10640000000000072,0.03333333333333144,22.187805502123464,0.9895976417271175,0.14386280786960728,53.74135,20.3524,53,20,53.5,20.5
2388,1843,61.43333333333333,0.7700999999999993,0.17269999999999897,0.03333333333333144,23.676810807202532,0.9757648607376342,0.2188217003627952,60.38805,21.78095,60,21,60.5,21.5
2388,1883,62.766666666666666,0.15259999999999962,-0.014599999999997948,0.033333333333338544,4.5989050870824935,0.9954543338713515,-0.09524006077666923,57.667699999999996,20.7202,57,20,57.5,20.5
2388,1940,64.66666666666667,-0.18410000000000082,-0.04899999999999949,0.03333333333333144,5.715280308086729,-0.9663568018152447,-0.25720523242230464,55.78215,19.8366,55,19,55.5,19.5
2388,1980,66.0,0.48329999999999984,0.11459999999999937,0.03333333333333144,14.90103503116562,0.9730196573376318,0.23072222787273336,59.13615,20.351,59,20,59.5,20.5
2388,2024,67.46666666666667,0.13509999999999422,0.027700000000002944,0.03333333333333144,4.137314346288022,0.9796209958366805,0.20085493400947516,63.973349999999996,21.04655,63,21,63.5,21.5
2388,2097,69.9,-0.3644000000000034,-0.08460000000000178,0.03333333333334565,11.222747791869397,-0.9740929942233957,-0.22614782467425973,71.99709999999999,22.4695,71,22,71.5,22.5
2388,2154,71.8,-0.08299999999999841,-0.03200000000000003,0.03333333333333144,2.6686513447808378,-0.9330555693870847,-0.35973226771550976,74.0074,22.9476,74,22,74.5,22.5
2388,2194,73.13333333333334,0.3301000000000016,0.11660000000000181,0.03333333333334565,10.502638382802667,0.9429059288770578,0.3330591678493369,77.07605000000001,23.8557,77,23,77.5,23.5
2407,1790,59.66666666666666,0.04870000000000374,0.045300000000001006,0.03333333333332433,1.9953450829374249,0.7322041748536608,0.6810851975537787,58.31755,17.58865,58,17,58.5,17.5
2407,1832,61.06666666666667,0.48910000000000053,0.15279999999999916,0.033333333333338544,15.372377337286721,0.9545042824578205,0.29819720785024334,62.62875,18.7397,62,18,62.5,18.5
2407,1872,62.4,-0.4842999999999975,-0.10079999999999956,0.03333333333333144,14.840364449703475,-0.9790190833413834,-0.20376858063351544,63.89425,19.0011,63,19,63.5,19.5
2407,1919,63.96666666666667,0.020299999999998875,0.05719999999999814,0.033333333333338544,1.8208616092385306,0.33445704874548365,0.9424109944946849,63.464650000000006,18.860599999999998,63,18,63.5,18.5
2407,1968,65.6,0.280300000000004,0.10050000000000026,0.03333333333333144,8.933168866645874,0.9413233003349589,0.33750621364132094,58.139849999999996,17.71385,58,17,58.5,17.5
2407,2029,67.63333333333334,0.4981999999999971,0.12739999999999796,0.03333333333334565,15.426943961777425,0.9688244176568835,0.24774835569948958,64.7568,19.250500000000002,64,19,64.5,19.5
2407,2081,69.36666666666666,-0.23219999999999175,-0.0622000000000007,0.03333333333333144,7.211595662542552,-0.9659443382526225,-0.25874994762840625,70.72229999999999,20.521,70,20,70.5,20.5
2407,2131,71.03333333333333,0.30100000000000193,0.09249999999999758,0.03333333333333144,9.446773258632325,0.9558819453773899,0.29375109617078304,72.8966,20.98475,72,20,72.5,20.5
2407,2171,72.36666666666666,-0.12879999999999825,-0.050499999999999545,0.03333333333333144,4.150388054146445,-0.9309972825649009,-0.3650261084590661,72.32159999999999,20.75735,72,20,72.5,20.5
2407,2219,73.96666666666667,-0.6794000000000011,-0.15710000000000335,0.03333333333333144,20.919806237153633,-0.9742920067683373,-0.22528889352856757,71.03299999999999,20.528950000000002,71,20,71.5,20.5
2413,1767,58.9,0.04269999999999996,-0.029300000000000104,0.03333333333333144,1.5535771625510837,0.8245486808628024,-0.5657910152056257,-14.31505,-3.64005,-15,-4,-14.5,-3.5
2426,1805,60.16666666666666,-0.06320000000000192,-0.033500000000000085,0.03333333333332433,2.145889326130942,-0.883549760424539,-0.46833729389590556,-58.5029,-5.67905,-59,-6,-58.5,-5.5
2426,1845,61.5,0.000800000000005241,-0.041999999999999815,0.03333333333333144,1.2602285507002984,0.01904416463729694,-0.9998186434515349,-57.704499999999996,-6.5172,-58,-7,-57.5,-6.5
2426,1886,62.86666666666667,-0.030400000000000205,-0.06610000000000049,0.03333333333333144,2.1826664884953475,-0.4178375417440703,-0.9085217601737849,-59.7705,-8.344750000000001,-60,-9,-59.5,-8.5
2429,1773,59.1,-0.04930000000000234,-0.06989999999999874,0.03333333333333144,2.5660962569632493,-0.576361855478649,-0.8171945983357997,-61.56575,-14.45995,-62,-15,-61.5,-14.5
2429,1817,60.56666666666667,-0.12109999999999843,-0.2701000000000011,0.1666666666666714,1.7760326348352469,-0.40911410395753944,-0.9124832326914393,-61.73915,-15.955750000000002,-62,-16,-61.5,-15.5
2429,1863,62.1,-0.02360000000000184,-0.06360000000000099,0.03333333333333144,2.035123583471201,-0.34789042088171274,-0.9375352020370994,-60.8452,-18.1011,-61,-19,-60.5,-18.5
2429,1903,63.43333333333333,-0.013800000000003365,-0.06070000000000064,0.03333333333333144,1.8674680720163732,-0.2216905371523239,-0.9751170728364437,-62.7832,-20.27485,-63,-21,-62.5,-20.5
2455,1779,59.3,0.1448999999999998,-0.013999999999999346,0.03333333333333144,4.367242722817465,0.9953648734219737,-0.09617051917120083,-54.895849999999996,-19.6278,-55,-20,-54.5,-19.5
2459,1789,59.63333333333333,0.14329999999999643,-0.1109999999999971,0.03333333333333144,5.437858126137704,0.790568621004746,-0.612373460792231,-89.35905,-36.211,-90,-37,-89.5,-36.5
2464,1807,60.23333333333333,0.019299999999999873,0.013199999999999434,0.03333333333332433,0.7014677469422581,0.8254121483475896,0.5645305885071392,-3.86615,-11.346599999999999,-4,-12,-3.5,-11.5
2464,1847,61.56666666666667,0.07209999999999983,0.027699999999999392,0.033333333333338544,2.3171383212916465,0.9334790159587589,0.35863202138775474,-3.04255,-11.09775,-4,-12,-3.5,-11.5
2464,1888,62.93333333333333,-0.10949999999999971,-0.010299999999999088,0.03333333333333144,3.299500871344204,-0.9956051318337374,-0.09365052838252616,-6.629049999999999,-11.72295,-7,-12,-6.5,-11.5
2464,1928,64.26666666666667,-0.06689999999999952,-0.009199999999999875,0.03333333333333144,2.025888693882368,-0.9906763417263214,-0.1362365073823931,-7.81955,-11.6423,-8,-12,-7.5,-11.5
2464,1968,65.6,0.03289999999999971,0.0127000000000006,0.03333333333333144,1.0579839318251123,0.9329064178672244,0.3601188907876722,-11.366150000000001,-11.784849999999999,-12,-12,-11.5,-11.5
2464,2026,67.53333333333333,0.04889999999999972,0.01750000000000007,0.03333333333333144,1.558112319443067,0.9415239079326713,0.3369461838204889,-11.06865,-11.09045,-12,-12,-11.5,-11.5
2464,2066,68.86666666666666,-0.05749999999999922,0.016000000000000014,0.03333333333333144,1.790537628758548,-0.9633977930952988,0.26807590764391315,-9.97765,-10.4236,-10,-11,-9.5,-10.5
2473,1842,61.4,-1.1152000000000015,-0.12450000000000117,1.0,1.1221280185433407,-0.9938259998602187,-0.11094990762428104,-56.4604,-8.94585,-57,-9,-56.5,-8.5
2506,1823,60.766666666666666,-0.1313000000000013,0.010000000000001563,0.033333333333338544,3.950407700477946,-0.9971122726200785,0.07594152876010848,11.26175,-18.381700000000002,11,-19,11.5,-18.5
2506,1863,62.1,-0.09370000000000012,-0.005099999999998772,0.03333333333333144,2.8151607414144064,-0.9985220235018791,-0.054348583989950384,12.65145,-17.79675,12,-18,12.5,-17.5
2506,1903,63.43333333333333,-0.02719999999999878,0.006499999999999062,0.03333333333333144,0.8389761617590868,-0.9726140469701752,0.23242615093034963,8.594100000000001,-18.077550000000002,8,-19,8.5,-18.5
2506,1943,64.76666666666667,-0.16639999999999944,-0.009599999999998943,0.03333333333333144,5.000300790952746,-0.9983399416756091,-0.05759653509666361,4.4341,-18.2618,4,-19,4.5,-18.5
2513,1794,59.8,-0.0022999999999999687,-0.012900000000000134,0.03333333333333144,0.3931030399272188,-0.17552649812318424,-0.9844747068648395,4.90785,-15.864650000000001,4,-16,4.5,-15.5
2513,1834,61.13333333333333,-0.03590000000000071,0.013399999999998968,0.03333333333333144,1.1495794883348307,-0.9368643151071877,0.3496930869759081,6.6316500000000005,-15.8747,6,-16,6.5,-15.5
2513,1874,62.46666666666667,-0.025500000000000078,-0.022999999999999687,0.033333333333338544,1.030206290021401,-0.7425697235686564,-0.6697687702776005,5.774850000000001,-16.492800000000003,5,-17,5.5,-16.5
2520,1809,60.3,-0.06790000000000163,-0.009499999999999176,0.03333333333333144,2.0568407813928298,-0.9903537592349616,-0.13856201344228414,54.710750000000004,19.76175,54,19,54.5,19.5
2520,1849,61.63333333333333,-0.08330000000000126,-0.019899999999999807,0.03333333333333144,2.5693209219560202,-0.9726305416521089,-0.23235711619299504,60.283150000000006,21.01225,60,21,60.5,21.5
2520,1889,62.96666666666667,-0.1677000000000035,-0.008099999999998886,0.033333333333338544,5.03686509646557,-0.9988355661003574,-0.04824429389034951,57.355149999999995,19.92475,57,19,57.5,19.5
2536,1803,60.1,0.42960000000000065,0.1051000000000002,0.03333333333333144,13.26808023038829,0.9713537886576065,0.23763799624747317,-54.6833,-4.17595,-55,-5,-54.5,-4.5
2539,1803,60.1,0.7111000000000001,0.13099999999999978,0.03333333333333144,21.69197522126682,0.9834512432545256,0.181172989546256,-10.338650000000001,-3.0963000000000003,-11,-4,-10.5,-3.5
2539,1844,61.46666666666667,0.04969999999999963,0.006400000000000183,0.033333333333338544,1.503311344997856,0.9918105154736809,0.12771805430647457,-6.22075,-2.3559,-7,-3,-6.5,-2.5
2539,1897,63.23333333333333,0.22989999999999977,0.06129999999999991,0.03333333333332433,7.137963995428066,0.9662419149801609,0.25763649146708933,-3.23135,-1.9036499999999998,-4,-2,-3.5,-1.5
2539,1937,64.56666666666666,0.049799999999999844,0.025700000000000056,0.03333333333333144,1.681212954982298,0.8886441158882284,0.4585974654282649,-3.8437,-2.2003500000000003,-4,-3,-3.5,-2.5
2548,1830,61.0,0.22339999999999804,0.03950000000000031,0.03333333333333144,6.805955406848072,0.9847258172242577,0.1741122192495919,27.0948,-17.93775,27,-18,27.5,-17.5
2548,1870,62.333333333333336,-0.27420000000000044,-0.03860000000000241,0.033333333333338544,8.30710779994932,-0.9902363371339556,-0.13939869662061638,27.5568,-17.782,27,-18,27.5,-17.5
2566,1840,61.333333333333336,-0.12080000000000268,-0.0035000000000007248,0.033333333333338544,3.6255207901757336,-0.9995805319389311,-0.02896135647174591,-58.7213,-13.86015,-59,-14,-58.5,-13.5
2566,1880,62.66666666666666,0.0437999999999974,0.014900000000000801,0.03333333333332433,1.3879499270509927,0.9467200324669931,0.32205772793972137,-59.1743,-12.04515,-60,-13,-59.5,-12.5
2566,1926,64.2,-0.15269999999999584,-0.0015999999999998238,0.03333333333333144,4.581251466575616,-0.9999451096327465,-0.01047748641396373,-58.52505,-10.0085,-59,-11,-58.5,-10.5
2568,1847,61.56666666666667,0.0992999999999995,0.05039999999999978,0.033333333333338544,3.3407461741348143,0.8917169532555164,0.4525934989333137,-16.87535,-28.1935,-17,-29,-16.5,-28.5
2568,1887,62.9,-0.025799999999996714,0.024500000000003297,0.03333333333333144,1.0673804382693746,-0.7251397648385713,0.688601714672467,-20.2271,-27.56325,-21,-28,-20.5,-27.5
2568,1927,64.23333333333333,-0.17419999999999902,0.016600000000000392,0.03333333333333144,5.249674275610139,-0.9954903343775324,0.09486302841944616,-21.4926,-26.579099999999997,-22,-27,-21.5,-26.5
2568,1967,65.56666666666666,-0.08910000000000196,0.02459999999999951,0.03333333333333144,2.773007933634732,-0.9639352154671135,0.2661369955161616,-24.55685,-25.7794,-25,-26,-24.5,-25.5
2568,2007,66.9,0.11370000000000147,0.05389999999999873,0.03333333333334565,3.7748655605186325,0.9036083392411314,0.42835962607823397,-24.53435,-24.64375,-25,-25,-24.5,-24.5
2568,2047,68.23333333333333,-0.040099999999998914,0.03710000000000235,0.03333333333333144,1.6388953596860247,-0.7340310001429886,0.6791159627258689,-21.823549999999997,-22.98695,-22,-23,-21.5,-22.5
2568,2087,69.56666666666666,0.08460000000000178,0.05290000000000106,0.03333333333333144,2.9933280809161884,0.847885674871755,0.5301791040273734,-23.1478,-21.83665,-24,-22,-23.5,-21.5
2568,2127,70.9,-0.06780000000000186,0.0031999999999996476,0.03333333333334565,2.036264226468943,-0.998888048790424,0.047145158644969286,-24.3468,-20.9262,-25,-21,-24.5,-20.5
2568,2167,72.23333333333333,0.06419999999999959,0.006299999999999528,0.03333333333333144,1.9352511464924582,0.9952196661869297,0.09766174294357052,-26.9076,-20.05095,-27,-21,-26.5,-20.5
2568,2207,73.56666666666666,0.17389999999999972,0.04970000000000141,0.03333333333333144,5.425879652185753,0.9615030805002615,0.2747941523913998,-28.67575,-18.79825,-29,-19,-28.5,-18.5
2568,2247,74.9,-0.6052,-0.07399999999999807,0.03333333333334565,18.291220188925408,-0.9926073718682811,-0.12136970508633656,-28.916400000000003,-17.6983,-29,-18,-28.5,-17.5
2568,2287,76.23333333333333,2.197099999999999,0.4344000000000001,0.03333333333333144,67.18896183898445,0.9810093532619462,0.19396043104865038,-35.34085,-17.247799999999998,-36,-18,-35.5,-17.5
2568,2327,77.56666666666666,-0.07750000000000057,0.02289999999999992,0.03333333333333144,2.424374970997833,-0.9590100656101137,0.28337200648350147,-37.70615,-16.22875,-38,-17,-37.5,-16.5
2568,2367,78.9,-0.048900000000003274,0.025500000000000966,0.03333333333334565,1.6544830008187783,-0.8866818210120988,0.46238009071181724,-38.21765,-14.74155,-39,-15,-38.5,-14.5
2568,2407,80.23333333333333,0.7560000000000002,0.16210000000000058,0.03333333333333144,23.19549889526116,0.9777759082661861,0.20965274435178477,-37.9999,-13.385950000000001,-38,-14,-37.5,-13.5
2568,2453,81.76666666666667,-0.2796999999999983,-0.02859999999999907,0.03333333333333144,8.434752219241961,-0.9948128625353423,-0.10172201597608166,-38.999750000000006,-12.546700000000001,-39,-13,-38.5,-12.5
2568,2493,83.1,0.20070000000000476,0.02170000000000094,0.03333333333333144,6.056091313711009,0.9942056168091329,0.10749507665549879,-40.290549999999996,-12.51885,-41,-13,-40.5,-12.5
2568,2533,84.43333333333334,-0.3438999999999979,-0.06370000000000076,0.03333333333333144,10.492493030734463,-0.9832744200811104,-0.18213021389696965,-44.823449999999994,-13.16005,-45,-14,-44.5,-13.5
2568,2573,85.76666666666667,0.09040000000000248,0.023999999999999133,0.03333333333333144,2.805947968156441,0.966518278591624,0.256597773077406,-46.2543,-13.405899999999999,-47,-14,-46.5,-13.5
2568,2613,87.1,-0.3386999999999958,-0.07219999999999871,0.03333333333333144,10.389296270682127,-0.9780258195806859,-0.20848380328823485,-44.60095,-13.2142,-45,-14,-44.5,-13.5
2586,1864,62.13333333333333,-0.013599999999996726,-0.025600000000000733,0.03333333333333144,0.8696482047357078,-0.4691552259616508,-0.8831157194574629,-57.8637,-24.0494,-58,-25,-57.5,-24.5
2586,1904,63.46666666666667,-0.041100000000000136,-0.01909999999999812,0.033333333333338544,1.3596389226553378,-0.9068584161975858,-0.4214354196927524,-59.18235,-25.52565,-60,-26,-59.5,-25.5
2586,1944,64.8,-0.001300000000000523,-0.010400000000000631,0.03333333333333144,0.3144280521836821,-0.12403473458925017,-0.9922778767136623,-60.52435,-26.8774,-61,-27,-60.5,-26.5
2586,1984,66.13333333333334,-0.1477999999999966,-0.06209999999999738,0.03333333333334565,4.809482820426923,-0.9219286492023828,-0.3873597369111426,-59.6281,-28.01845,-60,-29,-59.5,-28.5
2586,2024,67.46666666666667,0.12259999999999849,-0.020600000000001728,0.03333333333333144,3.72955868703005,0.9861756600830046,-0.16570325120482748,-58.9738,-29.142,-59,-30,-58.5,-29.5
2586,2064,68.8,-0.09960000000000235,-0.05930000000000035,0.03333333333333144,3.4774969446430624,-0.8592387132368667,-0.5115748563749527,-57.775400000000005,-30.27765,-58,-31,-57.5,-30.5
2586,2104,70.13333333333334,0.12809999999999633,-0.0010000000000012221,0.03333333333334565,3.843117094233305,0.9999695314423257,-0.007806163399247279,-57.88005,-31.6346,-58,-32,-57.5,-31.5
2586,2144,71.46666666666667,0.014499999999998181,-0.022199999999998,0.03333333333333144,0.7954753295985643,0.546842854598008,-0.8372352670397383,-57.62565,-32.9636,-58,-33,-57.5,-32.5
2586,2184,72.8,0.17499999999999716,-0.04739999999999611,0.03333333333333144,5.439171260403752,0.9652205728875144,-0.2614368865992296,-57.4927,-34.3131,-58,-35,-57.5,-34.5
2586,2224,74.13333333333334,0.07160000000000366,-0.013100000000001444,0.03333333333334565,2.183655879482155,0.9836714750625936,-0.1799734123368818,-58.8009,-35.71625,-59,-36,-58.5,-35.5
2588,1858,61.93333333333333,0.038400000000002876,0.09410000000000096,0.03333333333333144,3.049005247617888,0.37782814604867626,0.9258757433119307,-58.175399999999996,-11.94195,-59,-12,-58.5,-11.5
2588,1898,63.266666666666666,-0.052099999999995816,0.005399999999999849,0.033333333333338544,1.5713729665483094,-0.9946715600134886,0.10309455708393703,-59.18835,-10.572099999999999,-60,-11,-59.5,-10.5
2588,1956,65.2,0.21189999999999998,0.0686,0.03333333333333144,6.681827070495395,0.9513864894933669,0.30799959027487006,-60.61035,-8.7183,-61,-9,-60.5,-8.5
2588,1996,66.53333333333333,0.25859999999999417,0.08480000000000043,0.03333333333333144,8.164465689805116,0.9502152736936111,0.3115941810101332,-57.580799999999996,-7.246700000000001,-58,-8,-57.5,-7.5
2588,2036,67.86666666666666,0.21580000000000155,0.05090000000000039,0.03333333333333144,6.651646788578424,0.9732928109046548,0.22956721072774305,-54.332,-6.25305,-55,-7,-54.5,-6.5
2588,2076,69.2,0.20250000000000057,0.05539999999999967,0.03333333333333144,6.298243326516108,0.9645546678744733,0.2638831041987425,-51.71065,-5.445,-52,-6,-51.5,-5.5
2588,2116,70.53333333333333,0.10620000000000118,0.028900000000000148,0.03333333333333144,3.3018608389817814,0.9649104415262717,0.2625792067806882,-50.8271,-4.85215,-51,-5,-50.5,-4.5
2588,2156,71.86666666666666,-0.0020000000000024443,-0.014199999999999768,0.03333333333333144,0.4302046024858683,-0.139468521846062,-0.9902265051058139,-49.167699999999996,-4.258900000000001,-50,-5,-49.5,-4.5
2588,2226,74.2,0.3684999999999974,0.10379999999999967,0.03333333333333144,11.485208792181934,0.9625423620966969,0.2711313356462348,-49.07235,-4.0891,-50,-5,-49.5,-4.5
2611,1880,62.66666666666666,-0.07469999999999999,0.042500000000000426,0.03333333333332433,2.5783145657587285,-0.8691724546578508,0.49450909401551585,-19.09685,-31.87655,-20,-32,-19.5,-31.5
2611,1920,64.0,-0.03669999999999973,0.04029999999999845,0.03333333333333144,1.6352009050878653,-0.6733117603924601,0.7393586905671742,-17.68475,-30.79435,-18,-31,-17.5,-30.5
2611,1960,65.33333333333333,0.16949999999999932,0.04779999999999873,0.03333333333333144,5.283330483700869,0.9624610869389201,0.2714197047532705,-19.63825,-29.8271,-20,-30,-19.5,-29.5
2611,2000,66.66666666666667,-0.18560000000000088,-0.007699999999999818,0.03333333333333144,5.572789696373246,-0.9991405208820242,-0.041451411696074185,-16.1875,-28.41095,-17,-29,-16.5,-28.5
2611,2040,68.0,0.22160000000000046,0.05630000000000024,0.03333333333333144,6.859200026242533,0.9692092335208022,0.2462386274694101,-12.428999999999998,-27.03825,-13,-28,-12.5,-27.5
2611,2080,69.33333333333333,-0.2378,0.013300000000000978,0.03333333333333144,7.1451491936841895,-0.9984396135921642,0.05584208099569705,-10.3434,-25.76805,-11,-26,-10.5,-25.5
2611,2120,70.66666666666667,0.016600000000000392,0.04449999999999932,0.03333333333333144,1.424861045856819,0.349507765299721,0.9369334672190951,-9.142,-24.51955,-10,-25,-9.5,-24.5
2611,2174,72.46666666666667,-0.12199999999999989,0.006000000000000227,0.03333333333333144,3.664423556304798,-0.9987928370624671,0.04912095919979537,-8.2003,-23.0482,-9,-24,-8.5,-23.5
2611,2236,74.53333333333333,-0.11439999999999984,0.0031999999999996476,0.03333333333333144,3.433342394810239,-0.9996090122522945,0.027961091251809393,-7.0704,-21.8036,-8,-22,-7.5,-21.5
2635,1903,63.43333333333333,-0.0782999999999987,-0.07360000000000255,0.03333333333333144,3.2238276939069395,-0.7286369567578701,-0.6849001279359129,-57.02325,-28.3545,-58,-29,-57.5,-28.5
2635,1943,64.76666666666667,0.013199999999997658,-0.05560000000000187,0.03333333333333144,1.714362855407357,0.2309896057015637,-0.9729562179552768,-60.719,-31.7265,-61,-32,-60.5,-31.5
2648,1889,62.96666666666667,-0.44799999999999984,-0.1338999999999988,0.033333333333338544,14.027469087470415,-0.95812009395214,-0.2863666977236394,-0.9422999999999999,9.64435,-1,9,-0.5,9.5
2648,1929,64.3,0.04380000000000006,-0.03550000000000075,0.03333333333333144,1.6913961688499766,0.7768729906095854,-0.6296573325717084,7.228400000000001,9.85155,7,9,7.5,9.5
2648,1969,65.63333333333334,0.39810000000000123,0.05010000000000048,0.03333333333334565,12.0372030804458,0.9921740058865332,0.12486289297893903,9.82115,8.80165,9,8,9.5,8.5
2648,2009,66.96666666666667,0.23430000000000106,0.05039999999999978,0.03333333333333144,7.189783376431192,0.9776372432919433,0.21029840828814983,17.715049999999998,9.2964,17,9,17.5,9.5
2648,2077,69.23333333333333,0.117999999999995,-0.00039999999999906777,0.03333333333333144,3.5400203389246734,0.9999942545740772,-0.0033898110324467427,34.9463,10.6988,34,10,34.5,10.5
2648,2120,70.66666666666667,0.19870000000000232,0.029799999999999827,0.03333333333333144,6.027665966193295,0.9889400032173665,0.14831611522836943,41.49695,10.561900000000001,41,10,41.5,10.5
2648,2164,72.13333333333334,0.2663000000000011,0.04400000000000048,0.03333333333334565,8.09731566631511,0.9866232624759063,0.1630169866651903,47.91415,10.4084,47,10,47.5,10.5
2648,2211,73.7,0.3884000000000043,0.0583999999999989,0.03333333333333144,11.782979589221847,0.9888840010093146,0.14868904649573184,55.7222,10.4704,55,10,55.5,10.5
2652,1895,63.16666666666666,-0.14449999999999985,-0.022700000000000387,0.03333333333332433,4.3881643086842566,-0.9878846130310396,-0.15519017796404846,-6.6099499999999995,-12.27115,-7,-13,-6.5,-12.5
2652,1935,64.5,-0.15810000000000102,-0.02519999999999989,0.03333333333333144,4.802872577947796,-0.9875340065813117,-0.157405799910492,-9.50545,-12.572500000000002,-10,-13,-9.5,-12.5
2652,1975,65.83333333333333,0.02289999999999992,0.03539999999999921,0.03333333333333144,1.264837143667171,0.5431529295607195,0.8396337863078214,-11.06005,-12.4039,-12,-13,-11.5,-12.5
2652,2102,70.06666666666666,0.16239999999999988,0.038899999999999935,0.03333333333333144,5.009817661352837,0.972490483552779,0.2329426096687381,-11.1964,-10.925350000000002,-12,-11,-11.5,-10.5
2652,2142,71.4,0.0017999999999993577,0.00020000000000131024,0.03333333333334565,0.054332310828789615,0.9938837346735352,0.11043152607560011,-11.8096,-10.680299999999999,-12,-11,-11.5,-10.5
2653,1895,63.16666666666666,-0.06680000000000064,-0.018499999999999517,0.03333333333332433,2.0794328553724437,-0.9637243130130436,-0.2668996974661777,114.5266,-12.83365,114,-13,114.5,-12.5
2653,1935,64.5,0.16320000000000334,0.024699999999999278,0.03333333333333144,4.951756960918391,0.9887399641464489,0.14964385486774556,112.5863,-13.05695,112,-14,112.5,-13.5
2653,1979,65.96666666666667,0.4440000000000026,0.042899999999999494,0.03333333333333144,13.38203157222484,0.995364562406746,0.09617373812443389,115.19489999999999,-12.72575,115,-13,115.5,-12.5
2653,2036,67.86666666666666,-0.026699999999991064,-0.012699999999998823,0.03333333333333144,0.8869960541060107,-0.9030479857174705,-0.4295396785997997,124.16495,-11.84825,124,-12,124.5,-11.5
2653,2088,69.6,0.1634999999999991,0.021300000000000097,0.03333333333333144,4.9464478163630226,0.9916206906649938,0.1291836129123216,128.86205,-11.43165,128,-12,128.5,-11.5
2661,1939,64.63333333333334,0.009599999999991837,-0.04870000000000019,0.03333333333334565,1.4891155092867163,0.19340339832844813,-0.9811193227711946,-64.42830000000001,-22.31125,-65,-23,-64.5,-22.5
2661,1987,66.23333333333333,0.24089999999999634,0.013500000000000512,0.03333333333333144,7.238339174147919,0.9984334563668809,0.05595206168930514,-64.07245,-24.50855,-65,-25,-64.5,-24.5
2661,2027,67.56666666666666,0.14999999999999858,-0.023499999999998522,0.03333333333333144,4.554890229193445,0.987949165307777,-0.1547787025648768,-63.920500000000004,-26.18355,-64,-27,-63.5,-26.5
2661,2067,68.9,0.0045000000000001705,-0.03960000000000008,0.03333333333334565,1.195645850575726,0.11290968804429022,-0.9936052547897183,-61.52815,-27.5606,-62,-28,-61.5,-27.5
2663,1910,63.66666666666666,0.22440000000000282,-0.1327000000000016,0.03333333333332433,7.821009205980679,0.860758480485355,-0.5090135934064463,-70.8212,-12.699349999999999,-71,-13,-70.5,-12.5
2663,1952,65.06666666666666,0.02729999999999677,-0.1366000000000014,0.03333333333333144,4.179038765075309,0.19597808157330904,-0.9806082762973426,-70.94995,-20.2256,-71,-21,-70.5,-20.5
2666,1887,62.9,0.011400000000001853,0.037199999999999456,0.03333333333333144,1.1672274842549573,0.2930020108448475,0.9561118248619646,38.0279,-4.416399999999999,38,-5,38.5,-4.5
2669,1896,63.2,-0.07069999999999954,-0.01419999999999888,0.03333333333334565,2.1633578067431323,-0.9804203416504189,-0.1969161082239737,-4.302350000000001,-19.0661,-5,-20,-4.5,-19.5
2689,1922,64.06666666666666,-0.007399999999989859,0.004699999999999704,0.03333333333333144,0.2629923953270708,-0.8441308720110247,0.5361371754671626,-64.3904,-24.30125,-65,-25,-64.5,-24.5
2689,1980,66.0,0.066599999999994,0.055399999999998784,0.03333333333333144,2.59889361075053,0.768788684436734,0.6395028996666362,-64.2807,-21.6337,-65,-22,-64.5,-21.5
2689,2020,67.33333333333333,-0.2225999999999999,-0.00560000000000116,0.03333333333333144,6.6801128732982535,-0.9996837069465814,-0.025149275646460096,-62.2132,-19.4256,-63,-20,-62.5,-19.5
2689,2060,68.66666666666667,0.07439999999999714,0.09450000000000003,0.03333333333333144,3.6081919294850575,0.6185923708106571,0.785712083892599,-59.7376,-16.98265,-60,-17,-59.5,-16.5
2689,2100,70.0,-0.2832000000000008,-0.02689999999999948,0.03333333333333144,8.534240739515651,-0.9955191398177837,-0.09456025727788768,-58.522499999999994,-14.81185,-59,-15,-58.5,-14.5
2701,1916,63.86666666666667,0.28429999999999994,0.029299999999999216,0.03333333333333144,8.574175295619298,0.9947312372255912,0.10251714826137547,-0.61835,-12.23645,-1,-13,-0.5,-12.5
2701,1956,65.2,-0.26040000000000063,-0.05410000000000004,0.03333333333333144,7.97881400961368,-0.979092881547029,-0.2034136900602695,-5.5465,-13.82705,-6,-14,-5.5,-13.5
2701,2013,67.1,0.34899999999999975,-0.23669999999999902,0.5999999999999943,0.7028274049232277,0.8276095419617412,-0.561304236625626,-2.5064,-13.96965,-3,-14,-2.5,-13.5
2704,1945,64.83333333333333,0.19180000000000064,0.03279999999999994,0.03333333333333144,5.837531327539415,0.9856906416681658,0.16856440587443,-6.8033,-12.511099999999999,-7,-13,-6.5,-12.5
2707,1924,64.13333333333334,-0.033299999999997,-0.02459999999999951,0.03333333333334565,1.242032608267053,-0.8043267087757032,-0.5941872983748855,-63.72715,-31.6659,-64,-32,-63.5,-31.5
2718,1946,64.86666666666666,0.14670000000000272,0.05180000000000007,0.03333333333333144,4.667302968525099,0.9429428579373066,0.3329546015075095,-54.67545,-3.9065,-55,-4,-54.5,-3.5
2718,1989,66.3,0.0036999999999949296,0.0008999999999996788,0.03333333333333144,0.11423659658781504,0.9716676031618919,0.23635157914772675,-53.67125,-3.60155,-54,-4,-53.5,-3.5
2718,2029,67.63333333333334,0.25269999999999726,0.06349999999999989,0.03333333333334565,7.8166863823460115,0.9698483000570174,0.24370940662295673,-52.252250000000004,-3.2449500000000002,-53,-4,-52.5,-3.5
2718,2069,68.96666666666667,0.20000000000000284,0.05030000000000001,0.03333333333333144,6.186847420132921,0.9697992519543208,0.24390451186650827,-50.5253,-2.81215,-51,-3,-50.5,-2.5
2720,1939,64.63333333333334,0.08990000000000009,0.0015999999999998238,0.03333333333334565,2.69742710744788,0.9998416611712344,0.017794734792811982,-67.71885,-23.446399999999997,-68,-24,-67.5,-23.5
2738,1981,66.03333333333333,0.2700000000000031,0.0931999999999995,0.03333333333333144,8.568991539265854,0.9452687592097355,0.32629277169757726,-62.1463,-11.6229,-63,-12,-62.5,-11.5
2738,2027,67.56666666666666,0.006599999999998829,-0.02009999999999934,0.03333333333333144,0.6346755076415097,0.3119704441341299,-0.9500918071358966,-62.661100000000005,-12.74795,-63,-13,-62.5,-12.5
2738,2067,68.9,-0.07000000000000028,-0.026299999999999102,0.03333333333334565,2.243328107967329,-0.936109164121353,-0.35170958594843776,-62.18729999999999,-13.78365,-63,-14,-62.5,-13.5
2738,2108,70.26666666666667,0.018300000000003536,-0.035100000000001685,0.03333333333333144,1.1875226313634548,0.4623069788318919,-0.8867199430053033,-62.36635,-15.323550000000001,-63,-16,-62.5,-15.5
2738,2148,71.6,0.01190000000000424,-0.07440000000000069,0.03333333333333144,2.260370102439148,0.1579387373841618,-0.9874489127208034,-63.06115,-17.043100000000003,-64,-18,-63.5,-17.5
2738,2191,73.03333333333333,-0.05649999999999977,-0.05659999999999954,0.03333333333333144,2.3992142463732966,-0.706481300101601,-0.7077317094823089,-62.46465,-18.687199999999997,-63,-19,-62.5,-18.5
2738,2231,74.36666666666666,-0.1589000000000027,-0.07819999999999894,0.03333333333333144,5.313003387915712,-0.8972326294469847,-0.4415581599921463,-64.43565000000001,-20.4431,-65,-21,-64.5,-20.5
2738,2271,75.7,-0.20289999999999964,-0.07460000000000022,0.03333333333333144,6.485384568397211,-0.9385719436996576,-0.34508362247409946,-66.15005,-22.094299999999997,-67,-23,-66.5,-22.5
2738,2311,77.03333333333333,-0.22759999999999536,-0.0622000000000007,0.03333333333333144,7.078385409117242,-0.9646267623694964,-0.2636194403312152,-69.0457,-23.9326,-70,-24,-69.5,-23.5
2738,2351,78.36666666666666,-0.07840000000000202,-0.04870000000000019,0.03333333333333144,2.768830980757253,-0.8494559676434064,-0.5276595105131758,-68.5102,-24.982750000000003,-69,-25,-68.5,-24.5
2738,2391,79.7,0.2575999999999965,-0.00140000000000029,0.03333333333333144,7.728114129592365,0.99998523189615,-0.005434702347262884,-69.4997,-26.264499999999998,-70,-27,-69.5,-26.5
2738,2431,81.03333333333333,-0.19830000000000325,-0.055800000000001404,0.03333333333333144,6.180038592112968,-0.9626153480000292,-0.27087209489864905,-69.02515,-27.471600000000002,-70,-28,-69.5,-27.5
2738,2471,82.36666666666666,0.0625,-0.031500000000001194,0.03333333333333144,2.0996785468258157,0.8929938360491579,-0.4500688933687927,-67.37795,-28.39515,-68,-29,-67.5,-28.5
2738,2511,83.7,0.22520000000000095,-0.019400000000000972,0.03333333333333144,6.781022046860315,0.9963099888649547,-0.08582776991110572,-69.8951,-29.421100000000003,-70,-30,-69.5,-29.5
2751,1968,65.6,-0.015999999999998238,0.043300000000002115,0.03333333333333144,1.3848469229486458,-0.3466087060206973,0.9380098106686612,-54.837500000000006,-35.16715,-55,-36,-54.5,-35.5
2751,2008,66.93333333333334,0.16899999999999693,0.02949999999999875,0.03333333333333144,5.146661539289524,0.9851046083555146,0.1719561298608697,-52.7138,-33.57775,-53,-34,-52.5,-33.5
2763,1957,65.23333333333333,0.04959999999999809,0.02909999999999968,0.03333333333333144,1.725187815862421,0.8625147861110858,0.5060318603998647,-66.5693,-33.06615,-67,-34,-66.5,-33.5
2763,1997,66.56666666666666,0.019700000000000273,-0.027000000000001023,0.03333333333333144,1.002686890310317,0.5894163030466429,-0.807829450876129,-65.73705,-34.2455,-66,-35,-65.5,-34.5
2763,2037,67.9,0.24039999999999395,-0.03020000000000067,0.03333333333334565,7.268684887925627,0.9922014932821431,-0.12464428077005883,-66.0574,-35.482299999999995,-67,-36,-66.5,-35.5
2772,1979,65.96666666666667,0.4573000000000036,0.06890000000000018,0.03333333333333144,13.87384049209248,0.9888393922230947,0.1489854234073275,72.05595,-5.744149999999999,72,-6,72.5,-5.5
2772,2019,67.3,-0.16509999999999536,-0.052200000000000024,0.03333333333333144,5.19466697681398,-0.9534778691507079,-0.30146302101555644,77.78285,-5.0176,77,-6,77.5,-5.5
2772,2059,68.63333333333334,-0.13290000000000646,-0.031000000000000583,0.03333333333334565,4.094028456177264,-0.9738574225059298,-0.22716012112628234,83.77215,-4.4474,83,-5,83.5,-4.5
2772,2109,70.3,-0.20830000000000837,-0.048499999999999766,0.03333333333333144,6.416153520607794,-0.9739480172863205,-0.22677138184534046,87.70555,-4.04635,87,-5,87.5,-4.5
2783,1980,66.0,0.0030000000000001137,0.0045999999999999375,0.03333333333333144,0.16475436261296142,0.546267780546942,0.8376105968386014,1.0098,-17.1083,1,-18,1.5,-17.5
2787,1980,66.0,0.7361999999999966,0.09570000000000078,0.03333333333333144,22.271821591420224,0.9916566505053789,0.1289072826044091,-69.0348,-23.49505,-70,-24,-69.5,-23.5
2787,2020,67.33333333333333,0.1675999999999931,0.041499999999999204,0.03333333333333144,5.179846426294984,0.9706851489796934,0.24035461624497712,-66.303,-22.49205,-67,-23,-66.5,-22.5
2787,2060,68.66666666666667,-0.16610000000000014,-0.02009999999999934,0.03333333333333144,5.019352348660421,-0.992757561905405,-0.12013502103731467,-63.77375,-21.19115,-64,-22,-63.5,-21.5
2787,2100,70.0,0.00929999999999609,0.06099999999999994,0.03333333333333144,1.8511458613519134,0.15071745875073375,0.9885768799783459,-62.12945,-19.8001,-63,-20,-62.5,-19.5
2787,2140,71.33333333333333,0.04449999999999932,0.05209999999999937,0.03333333333333144,2.0555276694806044,0.6494682702750415,0.7603886939624668,-60.46065,-18.14125,-61,-19,-60.5,-18.5
2787,2180,72.66666666666667,0.3177999999999983,0.12870000000000203,0.03333333333333144,10.286130321943793,0.9268791762886035,0.3753598174586086,-59.6121,-16.61225,-60,-17,-59.5,-16.5
2789,2002,66.73333333333333,-0.13770000000000238,-0.019700000000000273,0.03333333333333144,4.1730614661184395,-0.9899207173295589,-0.1416226443819335,-57.295950000000005,-7.85015,-58,-8,-57.5,-7.5
2789,2042,68.06666666666666,0.027100000000004343,0.017599999999999838,0.03333333333333144,0.9694085825905988,0.8386556655270744,0.5446619820396313,-53.42165,-6.7269,-54,-7,-53.5,-6.5
2789,2082,69.4,-0.20650000000000546,-0.06289999999999996,0.03333333333334565,6.476016831353284,-0.9566065316577187,-0.2913828127906483,-51.76585,-6.18985,-52,-7,-51.5,-6.5
2789,2122,70.73333333333333,-0.07220000000000226,0.0,0.03333333333333144,2.166000000000191,-1.0,0.0,-50.059799999999996,-5.4282,-51,-6,-50.5,-5.5
2789,2162,72.06666666666666,-0.2306999999999988,-0.04130000000000056,0.03333333333333144,7.031028516512016,-0.98435100693259,-0.17621888420596762,-48.91115,-4.74225,-49,-5,-48.5,-4.5
2789,2202,73.4,-0.11350000000000193,-0.021300000000000097,0.03333333333334565,3.4644402145211757,-0.9828427651101518,-0.18444538235106583,-49.64895,-4.62905,-50,-5,-49.5,-4.5
2823,2037,67.9,0.14220000000000255,0.03529999999999944,0.03333333333334565,4.395479154766445,0.970542652983,0.2409293646293864,128.5683,41.21145,128,41,128.5,41.5
2824,2059,68.63333333333334,-0.15310000000000024,-0.036599999999999966,0.03333333333334565,4.722420248133745,-0.9725945084648957,-0.2325078968635865,9.35015,-14.8608,9,-15,9.5,-14.5
2824,2099,69.96666666666667,-0.09389999999999965,-0.014899999999999025,0.03333333333333144,2.852244379431896,-0.9876432820112119,-0.15671868905182265,8.295549999999999,-15.18095,8,-16,8.5,-15.5
2826,2063,68.76666666666667,-0.4839000000000002,-0.08509999999999707,0.03333333333333144,14.739779442041337,-0.984885836120106,-0.17320476266546414,2.62745,-18.56475,2,-19,2.5,-18.5
2836,2040,68.0,0.3130000000000006,0.06330000000000169,0.03333333333333144,9.580099216605795,0.9801568634826107,0.19822341680016228,7.7473,-17.04535,7,-18,7.5,-17.5
2850,2103,70.1,0.2021999999999995,0.004100000000001103,0.03333333333333144,6.067246904486747,0.9997944859495507,0.020272786312533486,-8.368300000000001,-19.82065,-9,-20,-8.5,-19.5
2850,2143,71.43333333333334,-0.02880000000000038,-0.027200000000000557,0.03333333333333144,1.188424166701522,-0.727013152549815,-0.6866235329637191,-8.689,-20.5591,-9,-21,-8.5,-20.5
2850,2183,72.76666666666667,0.09180000000000099,-0.015000000000000568,0.03333333333333144,2.7905225317135613,0.9869119380695529,-0.1612601205996045,-9.8777,-21.1546,-10,-22,-9.5,-21.5
2850,2223,74.1,0.16210000000000058,0.0030999999999998806,0.03333333333333144,4.863889184593216,0.9998171865025752,0.019120501407512973,-12.387049999999999,-21.96935,-13,-22,-12.5,-21.5
2850,2265,75.5,-0.06630000000000003,-0.019700000000000273,0.03333333333333144,2.0749462643645744,-0.9585790408934853,-0.28482665317649947,-13.51605,-22.84635,-14,-23,-13.5,-22.5
2850,2305,76.83333333333333,0.4577999999999989,0.021999999999998465,0.03333333333333144,13.749849308265908,0.9988473104024759,0.04800052605690911,-19.6523,-24.1416,-20,-25,-19.5,-24.5
2850,2345,78.16666666666667,-0.36650000000000205,-0.07860000000000156,0.03333333333333144,11.24500729212818,-0.977767262783146,-0.20969306099524246,-18.18195,-24.6401,-19,-25,-18.5,-24.5
2850,2385,79.5,0.17730000000000246,0.016399999999997306,0.03333333333333144,5.341706188101695,0.9957492630066594,0.09210540278232547,-18.97005,-25.3613,-19,-26,-18.5,-25.5
2850,2425,80.83333333333333,0.14789999999999992,-0.018799999999998818,0.03333333333333144,4.472702203366799,0.9920177553203354,-0.12609826774862165,-22.28715,-26.2439,-23,-27,-22.5,-26.5
2850,2465,82.16666666666667,-0.17330000000000112,-0.040399999999998215,0.03333333333333144,5.338402851041073,-0.9738867869416116,-0.22703419614794643,-19.519550000000002,-26.5564,-20,-27,-19.5,-26.5
2850,2505,83.5,-0.2867999999999995,-0.016799999999999926,0.03333333333333144,8.618748865120052,-0.9982887463887866,-0.05847716506043086,-24.3272,-27.6211,-25,-28,-24.5,-27.5
2850,2545,84.83333333333333,-0.025200000000001666,-0.02330000000000254,0.03333333333333144,1.0296295450307855,-0.734244664645369,-0.6788849478665806,-29.3241,-28.523049999999998,-30,-29,-29.5,-28.5
2850,2585,86.16666666666667,0.06109999999999971,-0.006099999999999994,0.03333333333333144,1.8421123744224601,0.995053301552669,-0.09934247364110155,-30.39515,-29.216549999999998,-31,-30,-30.5,-29.5
2850,2625,87.5,-0.22739999999999938,-0.051899999999999835,0.03333333333333144,6.997423311477254,-0.9749302988159723,-0.2225104771703999,-30.0084,-29.79835,-31,-30,-30.5,-29.5
2850,2665,88.83333333333333,0.02729999999999677,-0.0016999999999995907,0.03333333333333144,0.8205863757094172,0.9980667779085463,-0.06215067847781395,-33.53815,-30.75175,-34,-31,-33.5,-30.5
2850,2705,90.16666666666669,0.04100000000000392,-0.012999999999998124,0.03333333333334565,1.2903487900560124,0.953230637699339,-0.3022438607338642,-40.606300000000005,-32.068200000000004,-41,-33,-40.5,-32.5
2850,2745,91.5,-0.17560000000000286,-0.036999999999999034,0.03333333333331723,5.383671981095137,-0.9785142962835235,-0.20617898042419608,-35.9368,-32.470200000000006,-36,-33,-35.5,-32.5
2850,2785,92.83333333333331,0.03930000000000433,-0.017499999999998295,0.03333333333331723,1.290606834013311,0.9135237540424643,-0.40678538666004593,-37.56175,-33.48375,-38,-34,-37.5,-33.5
2850,2825,94.16666666666669,0.06090000000000373,-0.018000000000000682,0.03333333333334565,1.905132278871404,0.958988528125589,-0.283444885160266,-37.28765,-34.156,-38,-35,-37.5,-34.5
2855,2085,69.5,-0.026899999999997704,0.020000000000000018,0.03333333333333144,1.0056087708448074,-0.8024989671898146,0.5966535072043746,-49.05865,-3.1561000000000003,-50,-4,-49.5,-3.5
2859,2085,69.5,0.010599999999996612,-0.05879999999999974,0.03333333333333144,1.7924340992070735,0.17741238026022346,-0.98413659993438,-54.0955,-7.2001,-55,-8,-54.5,-7.5
2859,2125,70.83333333333333,0.00019999999999953388,0.010100000000000442,0.03333333333333144,0.30305940011822485,0.019798098978766967,0.9998039984301058,-51.4353,-6.34585,-52,-7,-51.5,-6.5
2859,2165,72.16666666666667,0.05870000000000175,0.025300000000000544,0.03333333333333144,1.9176031914868694,0.9183338908790145,0.3958066003277491,-49.66145,-6.09285,-50,-7,-49.5,-6.5
2859,2205,73.5,0.11479999999999535,0.06879999999999953,0.03333333333333144,4.015125402773967,0.8577565217815283,0.5140561733325012,-48.4072,-5.0884,-49,-6,-48.5,-5.5
2889,2089,69.63333333333334,0.1814,0.026199999999999335,0.03333333333334565,5.498468877785672,0.9897300723087072,0.14294888585715254,-5.0871,-17.781799999999997,-6,-18,-5.5,-17.5
2902,2102,70.06666666666666,0.18010000000001014,0.03450000000000131,0.03333333333333144,5.501239314918667,0.9821423302469967,0.1881394247280442,-64.31295,-34.594449999999995,-65,-35,-64.5,-34.5
2902,2142,71.4,-0.004800000000003024,0.024099999999997124,0.03333333333334565,0.7372007867599571,-0.19533348659722188,0.9807368806228166,-62.7141,-33.349450000000004,-63,-34,-62.5,-33.5
2928,2087,69.56666666666666,0.14209999999999923,0.04290000000000305,0.03333333333333144,4.453036941234857,0.9573241938608442,0.28901624149636423,-64.39435,-34.60375,-65,-35,-64.5,-34.5
2928,2127,70.9,0.06040000000000134,0.044799999999995066,0.03333333333334565,2.256031914666986,0.8031801271157288,0.5957362532248326,-62.5364,-33.0537,-63,-34,-62.5,-33.5
2938,2105,70.16666666666667,0.32250000000000023,0.04780000000000051,0.03333333333333144,9.780694300509092,0.9891935789770023,0.14661535837240675,-2.9503500000000003,-15.223500000000001,-3,-16,-2.5,-15.5
2938,2145,71.5,-0.009799999999999365,-0.0146000000000015,0.03333333333333144,0.5275225113680552,-0.5573221875167946,-0.830296320178221,-4.1343,-15.6509,-5,-16,-4.5,-15.5
2938,2185,72.83333333333333,0.20469999999999988,0.02149999999999963,0.03333333333333144,6.174779834132086,0.99452938646573,0.10445716565223663,-4.97705,-16.132150000000003,-5,-17,-4.5,-16.5
2938,2225,74.16666666666667,0.28110000000000035,0.0254000000000012,0.03333333333333144,8.467356907560257,0.995942428323874,0.08999266339177361,-7.62125,-16.8639,-8,-17,-7.5,-16.5
2938,2265,75.5,-0.052400000000000446,-0.019200000000001438,0.03333333333333144,1.6742042886100879,-0.9389535140333236,-0.34404403567635516,-9.1902,-17.444000000000003,-10,-18,-9.5,-17.5
2938,2305,76.83333333333333,0.3673000000000002,0.022400000000001086,0.03333333333333144,11.039472134120091,0.9981455513569181,0.0608724757702043,-15.98675,-18.8789,-16,-19,-15.5,-18.5
2938,2354,78.46666666666667,0.0367999999999995,0.0010000000000012221,0.03333333333333144,1.104407533476709,0.9996309935741037,0.027163885694982036,-14.8795,-19.383699999999997,-15,-20,-14.5,-19.5
2938,2412,80.4,-0.1036999999999999,-0.02430000000000021,0.03333333333334565,3.1952718194220107,-0.9736260874862261,-0.22814960391432518,-10.12905,-19.303350000000002,-11,-20,-10.5,-19.5
2938,2452,81.73333333333333,0.3826999999999998,0.047699999999998965,0.03333333333333144,11.569836731778672,0.9923216952980833,0.12368368138415879,-8.48455,-19.49355,-9,-20,-8.5,-19.5
2938,2492,83.06666666666666,-0.06219999999999892,-0.024499999999999744,0.03333333333333144,2.0055375837915195,-0.9304238499845779,-0.3664852785309054,-10.6436,-19.835250000000002,-11,-20,-10.5,-19.5
2938,2532,84.4,-0.08279999999999887,-0.01899999999999835,0.03333333333334565,2.548559593181014,-0.974668203421767,-0.2236557471619833,-17.2989,-20.8108,-18,-21,-17.5,-20.5
2938,2572,85.73333333333333,0.1562999999999981,0.006399999999999295,0.03333333333333144,4.6929292558062246,0.9991627285237353,0.04091261332406449,-19.519750000000002,-21.3538,-20,-22,-19.5,-21.5
2938,2612,87.06666666666666,0.0073999999999969646,-0.022500000000000853,0.03333333333333144,0.710569489916399,0.31242546035299185,-0.9499422781007386,-19.1464,-21.53295,-20,-22,-19.5,-21.5
2938,2652,88.4,-0.36070000000000135,-0.00140000000000029,0.03333333333334565,10.82108150786761,-0.9999924676778833,-0.003881312599804051,-20.94315,-22.0479,-21,-23,-20.5,-22.5
2940,2112,70.4,-0.2698999999999998,0.0033999999999991815,0.03333333333334565,8.09764243468131,-0.9999206639846735,0.012596258827517873,-47.87455,-29.2149,-48,-30,-47.5,-29.5
2940,2152,71.73333333333333,0.020299999999998875,0.013400000000000745,0.03333333333333144,0.7297156980633193,0.8345716031823073,0.5508994819036531,-46.66605,-27.580399999999997,-47,-28,-46.5,-27.5
2940,2192,73.06666666666666,0.09319999999999595,0.039699999999999847,0.03333333333333144,3.0390947665382795,0.920010797552344,0.39189301140375005,-44.5169,-26.021349999999998,-45,-27,-44.5,-26.5
2940,2233,74.43333333333334,-0.166400000000003,-0.004799999999999471,0.03333333333333144,4.994076491204728,-0.9995842091710025,-0.028834159879929072,-44.998599999999996,-24.6894,-45,-25,-44.5,-24.5
2940,2273,75.76666666666667,0.21719999999999828,0.0522999999999989,0.03333333333333144,6.702239700279626,0.9722123187758359,0.2341008483976775,-44.6583,-23.296750000000003,-45,-24,-44.5,-23.5
2940,2313,77.1,0.13049999999999784,0.03539999999999921,0.03333333333333144,4.056484808304021,0.9651213267175978,0.2618030265578756,-46.05995,-22.1299,-47,-23,-46.5,-22.5
2940,2353,78.43333333333334,0.15899999999999892,0.06620000000000203,0.03333333333333144,5.166923262445743,0.9231799579199436,0.384368007637123,-43.290800000000004,-20.4772,-44,-21,-43.5,-20.5
2940,2416,80.53333333333333,0.25959999999999894,0.067499999999999,0.03333333333333144,8.0469602335296,0.9678188749522872,0.2516478199509965,-43.1597,-18.13375,-44,-19,-43.5,-18.5
2940,2456,81.86666666666666,0.057300000000005014,0.05100000000000193,0.03333333333333144,2.301273777715571,0.7469776158952566,0.6648491869224468,-39.98125,-16.0151,-40,-17,-39.5,-16.5
2940,2496,83.2,1.1587999999999994,0.25929999999999964,0.03333333333333144,35.623707513398195,0.9758669837193982,0.21836581711981337,-38.5288,-14.25585,-39,-15,-38.5,-14.5
2948,2137,71.23333333333333,-0.14440000000000008,-0.02880000000000038,0.03333333333333144,4.417320454755604,-0.9806850203354613,-0.19559368826635487,-6.206300000000001,-11.9116,-7,-12,-6.5,-11.5
2948,2184,72.8,0.21890000000000054,0.038899999999999935,0.03333333333333144,6.669885906071052,0.9845745628156827,0.1749655116195975,-7.3828499999999995,-11.914650000000002,-8,-12,-7.5,-11.5
2948,2224,74.13333333333334,0.09299999999999997,0.02200000000000024,0.03333333333334565,2.8670019183798834,0.973142006676986,0.23020563598810684,-9.8514,-11.987300000000001,-10,-12,-9.5,-11.5
2948,2264,75.46666666666667,-0.25739999999999874,-0.03819999999999979,0.03333333333333144,7.8065741525976895,-0.9891662910075419,-0.14679934854890475,-10.810500000000001,-11.5561,-11,-12,-10.5,-11.5
2948,2304,76.8,0.11469999999999914,0.020899999999999253,0.03333333333333144,3.497657787720403,0.9838012203712017,0.17926282045124267,-17.76485,-12.199349999999999,-18,-13,-17.5,-12.5
2948,2344,78.13333333333334,0.03149999999999764,0.012800000000000367,0.03333333333334565,1.0200397051091226,0.9264345253094683,0.37645593409404515,-16.028750000000002,-11.5898,-17,-12,-16.5,-11.5
2948,2384,79.46666666666667,0.40589999999999904,0.05719999999999992,0.03333333333333144,12.297316170612858,0.9902160626804313,0.1395426429793563,-17.041649999999997,-11.505299999999998,-18,-12,-17.5,-11.5
2953,2136,71.2,-0.4240999999999815,-0.12519999999999953,0.03333333333333144,13.265830731620458,-0.9590805323388909,-0.2831334181769251,135.35115000000002,43.1156,135,43,135.5,43.5
2974,2145,71.5,-0.20709999999999695,-0.041400000000001214,0.03333333333333144,6.33592400522635,-0.9805988826373719,-0.19602507842196518,113.65955,-11.9119,113,-12,113.5,-11.5
2974,2185,72.83333333333333,0.5307999999999993,0.024499999999999744,0.03333333333333144,15.940953578755199,0.9989364764993163,0.04610765575401851,117.8822,-11.64555,117,-12,117.5,-11.5
2974,2225,74.16666666666667,0.6803000000000026,0.06489999999999974,0.03333333333333144,20.501660664444987,0.995480333717334,0.09496791659305376,115.32554999999999,-12.001349999999999,115,-13,115.5,-12.5
2974,2265,75.5,0.17199999999999704,0.01670000000000016,0.03333333333333144,5.1842647501841705,0.9953195387671696,0.09663858312448939,117.3014,-11.96715,117,-12,117.5,-11.5
2974,2305,76.83333333333333,1.5668999999999897,0.14109999999999978,0.03333333333333144,47.197206887698606,0.9959699545748795,0.08968751074766494,106.25965,-13.20945,106,-14,106.5,-13.5
2974,2345,78.16666666666667,-0.9033999999999907,-0.1313999999999993,0.03333333333333144,27.387182549507894,-0.9895870066593703,-0.14393594495798306,115.24000000000001,-12.3194,115,-13,115.5,-12.5
2974,2385,79.5,0.5752999999999986,0.0693999999999999,0.03333333333333144,17.384125085837162,0.9928023363144021,0.11976443966664276,118.02735,-12.0684,118,-13,118.5,-12.5
2974,2425,80.83333333333333,1.1163999999999987,0.11730000000000018,0.03333333333333144,33.67636300137124,0.9945254479718646,0.10449465697518813,114.633,-12.44775,114,-13,114.5,-12.5
2974,2465,82.16666666666667,-0.34890000000000043,-0.04520000000000124,0.03333333333333144,10.554469432425915,-0.991712569448865,-0.1284763775840925,127.63825,-11.1982,127,-12,127.5,-11.5
2974,2511,83.7,0.08990000000000009,0.010699999999999932,0.03333333333333144,2.71603571405106,0.9929913609189949,0.11818695841861142,116.90875,-12.36495,116,-13,116.5,-12.5
2974,2600,86.66666666666667,0.005800000000007799,-0.013799999999999812,0.03333333333333144,0.4490790576280525,0.38745961773251625,-0.9218866766726659,114.874,-12.5895,114,-13,114.5,-12.5
2974,2644,88.13333333333334,-1.2604000000000042,-0.14840000000000053,0.03333333333334565,38.0731880461689,-0.9931398430342628,-0.11693268224871838,120.7161,-11.9438,120,-12,120.5,-11.5
2984,2139,71.3,0.009199999999999875,-0.017600000000001614,0.03333333333333144,0.5957851961907826,0.4632542093436492,-0.886225443961857,-5.5148,-18.0153,-6,-19,-5.5,-18.5
2984,2179,72.63333333333334,-0.05820000000000025,0.029299999999999216,0.03333333333334565,1.9547779925089093,-0.8931960594453054,0.4496674319887738,-6.7448999999999995,-18.34385,-7,-19,-6.5,-18.5
2984,2219,73.96666666666667,-0.28829999999999956,-0.04800000000000182,0.03333333333333144,8.76805571378334,-0.9864216517698778,-0.16423253307303504,-9.40035,-18.9422,-10,-19,-9.5,-18.5
2984,2259,75.3,0.23080000000000034,0.014999999999997016,0.03333333333333144,6.938607641307119,0.9978947301732768,0.06485451019322423,-10.3673,-19.353,-11,-20,-10.5,-19.5
2984,2299,76.63333333333334,-0.1498000000000026,-0.044299999999999784,0.03333333333334565,4.686392749224551,-0.9589465161113591,-0.2835869870743142,-16.465600000000002,-20.41675,-17,-21,-16.5,-20.5
2984,2339,77.96666666666667,0.15600000000000058,-9.999999999976694e-05,0.03333333333333144,4.680000961538647,0.999999794543127,-0.0006410255093210209,-14.995000000000001,-20.74275,-15,-21,-14.5,-20.5
2984,2379,79.3,-0.4593999999999987,-0.0671999999999997,0.03333333333333144,13.928667560108574,-0.9894700940003851,-0.14473746259648623,-16.5927,-21.4927,-17,-22,-16.5,-21.5
2984,2419,80.63333333333334,-0.2896000000000001,-0.036999999999999034,0.03333333333334565,8.758621124351897,-0.9919369586430957,-0.12673227717470156,-18.8281,-22.198,-19,-23,-18.5,-22.5
2984,2459,81.96666666666667,0.2453000000000003,-0.015100000000000335,0.03333333333333144,7.372929539878047,0.9981107184325743,-0.06144097777550831,-16.28745,-22.480649999999997,-17,-23,-16.5,-22.5
2984,2499,83.3,-0.2455999999999996,-0.026299999999999102,0.03333333333333144,7.410124492881751,-0.9943152786539808,-0.10647594392751973,-19.8405,-23.44535,-20,-24,-19.5,-23.5
2984,2539,84.63333333333334,-0.2055999999999969,-0.02699999999999747,0.03333333333334565,6.220958447053809,-0.9914870919799728,-0.13020501694288503,-25.5869,-24.668599999999998,-26,-25,-25.5,-24.5
2984,2579,85.96666666666667,0.21559999999999846,0.01150000000000162,0.03333333333333144,6.47719453158574,0.9985804762323285,0.053263800912214644,-27.6822,-25.46365,-28,-26,-27.5,-25.5
2984,2619,87.3,0.5833999999999975,0.027599999999999625,0.03333333333333144,17.521574929213195,0.9988828099476584,0.04725602597626863,-26.8916,-25.9468,-27,-26,-26.5,-25.5
2984,2659,88.63333333333334,-0.08470000000000155,-0.005400000000001626,0.03333333333334565,2.5461588717115555,-0.9979738610305255,-0.06362525206099601,-27.975450000000002,-26.5258,-28,-27,-27.5,-26.5
2984,2699,89.96666666666667,0.04930000000000234,-9.999999999976694e-05,0.03333333333333144,1.4790030425933736,0.9999979428080054,-0.0020283933931148626,-33.86455,-27.50555,-34,-28,-33.5,-27.5
2984,2739,91.3,0.23049999999999926,0.057500000000000995,0.03333333333331723,7.126910270239754,0.9702661795643309,0.2420403701733196,-27.32185,-27.20125,-28,-28,-27.5,-27.5
2984,2779,92.63333333333334,0.1258999999999979,0.028999999999999915,0.03333333333334565,3.875903636571531,0.9744824314929368,0.2244637848554055,-29.040950000000002,-27.6383,-30,-28,-29.5,-27.5
2996,2132,71.06666666666666,0.10589999999999833,0.03190000000000026,0.03333333333333144,3.3180081374223525,0.9575021725137279,0.2884260557430468,-55.155249999999995,-13.60715,-56,-14,-55.5,-13.5
2996,2172,72.4,-0.13920000000000243,-0.03440000000000154,0.03333333333334565,4.301627598942874,-0.9707953336139055,-0.23990919164022456,-55.3737,-13.7447,-56,-14,-55.5,-13.5
2996,2212,73.73333333333333,0.06199999999999761,0.00969999999999871,0.03333333333333144,1.8826260913947075,0.9879816329444838,0.15457131999291268,-54.6173,-13.51755,-55,-14,-54.5,-13.5
2996,2259,75.3,0.3982000000000028,0.08709999999999951,0.03333333333333144,12.228437553506945,0.9769032182345173,0.21368224587701,-58.1366,-13.78785,-59,-14,-58.5,-13.5
2996,2299,76.63333333333334,-0.22220000000000084,-0.14109999999999978,0.03333333333334565,7.896445086236858,-0.8441773389415568,-0.5360640077617148,-61.4016,-12.964749999999999,-62,-13,-61.5,-12.5
2996,2339,77.96666666666667,-0.28070000000000306,-0.04320000000000057,0.03333333333333144,8.520144188921325,-0.9883635550382268,-0.15211010180851978,-58.823949999999996,-11.445699999999999,-59,-12,-58.5,-11.5
2996,2461,82.03333333333333,0.7740000000000009,0.17020000000000035,0.03333333333333144,23.774768894777203,0.9766656451117922,0.21476549457109453,-46.9925,-5.397399999999999,-47,-6,-46.5,-5.5
2997,2148,71.6,-0.09759999999999991,-0.0036999999999984823,0.03333333333333144,2.9301032405021075,-0.9992821957694626,-0.03788262422485142,-12.0747,-9.78435,-13,-10,-12.5,-9.5
2997,2188,72.93333333333334,0.24220000000000041,0.03830000000000133,0.03333333333333144,7.356286903051459,0.9877265658285321,0.15619292927842293,-11.9588,-9.39435,-12,-10,-11.5,-9.5
2997,2228,74.26666666666667,0.06070000000000064,0.02829999999999977,0.03333333333333144,2.0091893887835752,0.9063356646048245,0.42255847295413596,-14.99185,-9.62285,-15,-10,-14.5,-9.5
2997,2268,75.6,-0.05630000000000024,0.0023999999999997357,0.03333333333333144,1.6905339393222334,-0.9990926302711526,0.04259009436324142,-17.22295,-9.5286,-18,-10,-17.5,-9.5
2997,2308,76.93333333333334,-0.025099999999998346,0.011900000000000688,0.03333333333333144,0.8333414666269877,-0.9035911809930895,0.4283958188772548,-22.73635,-10.10665,-23,-11,-22.5,-10.5
2997,2348,78.26666666666667,0.19900000000000162,0.07439999999999891,0.03333333333333144,6.373595845361161,0.9366769002690186,0.35019478080408745,-23.418599999999998,-10.053,-24,-11,-23.5,-10.5
2997,2388,79.6,-0.4942999999999991,-0.08900000000000041,0.03333333333333144,15.067453036264126,-0.9841742970302011,-0.17720314067507276,-24.785249999999998,-10.105699999999999,-25,-11,-24.5,-10.5
2997,2428,80.93333333333334,0.203599999999998,0.051899999999999835,0.03333333333333144,6.303325550850421,0.9690123016375409,0.2470124678535791,-26.798000000000002,-10.16455,-27,-11,-26.5,-10.5
2997,2468,82.26666666666667,-0.28270000000000195,-0.03520000000000145,0.03333333333333144,8.546490332294853,-0.9923371665153774,-0.12355949155055708,-25.591749999999998,-9.6467,-26,-10,-25.5,-9.5
2997,2508,83.6,-0.2937000000000012,-0.053000000000000824,0.03333333333333144,8.95331340901288,-0.9841049450062719,-0.17758788588809332,-31.03155,-10.3787,-32,-11,-31.5,-10.5
2997,2548,84.93333333333334,0.20259999999999678,0.07649999999999935,0.03333333333333144,6.496853777021885,0.935529751569438,0.3532479071819473,-35.044399999999996,-10.72175,-36,-11,-35.5,-10.5
2997,2588,86.26666666666667,0.3474000000000004,0.07069999999999865,0.03333333333333144,10.635634677818382,0.9799133117778731,0.19942392384195232,-36.8875,-10.72705,-37,-11,-36.5,-10.5
3010,2147,71.56666666666666,0.14450000000000784,0.015900000000000247,0.03333333333333144,4.361164294085263,0.9940006171929212,0.10937446237624107,79.24425,-14.960650000000001,79,-15,79.5,-14.5
3010,2187,72.9,0.5782000000000096,0.07830000000000048,0.03333333333334565,17.5043285218195,0.9909548931495281,0.13419537899274858,84.1592,-14.480450000000001,84,-15,84.5,-14.5
3010,2227,74.23333333333333,0.4304000000000059,0.04460000000000086,0.03333333333333144,12.981139703432198,0.9946738341154276,0.10307261385118105,82.8846,-14.703199999999999,82,-15,82.5,-14.5
3016,2174,72.46666666666667,0.13000000000000966,0.013900000000000023,0.03333333333333144,3.9222301054379782,0.9943322791269575,0.10631706676818235,75.7841,-2.7623499999999996,75,-3,75.5,-2.5
3016,2214,73.8,-0.3423000000000087,-0.052000000000000046,0.03333333333333144,10.386816692327713,-0.9886570933312134,-0.1501903851978435,78.33404999999999,-2.4088000000000003,78,-3,78.5,-2.5
3016,2254,75.13333333333334,-0.12749999999999773,-0.017499999999999627,0.03333333333334565,3.860861302868629,-0.9907115796044096,-0.13598002073001653,76.38995,-2.8823499999999997,76,-3,76.5,-2.5
3016,2294,76.46666666666667,-0.14279999999999404,-0.009400000000000297,0.03333333333333144,4.293271479885772,-0.9978404627032917,-0.06568417611632794,69.9353,-3.911,69,-4,69.5,-3.5
3016,2334,77.8,0.17910000000000537,0.0411999999999999,0.03333333333333144,5.513331569931667,0.9745468655111306,0.2241838685597838,74.18625,-3.4814,74,-4,74.5,-3.5
3026,2178,72.6,0.10930000000000462,0.0033999999999991815,0.03333333333333144,3.28058607568863,0.9995165267267153,0.03109200540594575,41.17635,-15.0625,41,-16,41.5,-15.5
3026,2218,73.93333333333334,-0.2254000000000005,-0.03310000000000102,0.03333333333333144,6.8345221486220655,-0.9893888486942298,-0.1452917963255543,41.2513,-15.14475,41,-16,41.5,-15.5
3026,2258,75.26666666666667,0.37230000000000274,0.046899999999999054,0.03333333333333144,11.257273648624526,0.992158523335302,0.12498585749241037,42.33225,-15.14225,42,-16,42.5,-15.5
3026,2298,76.6,-0.047100000000000364,-0.0022999999999981924,0.03333333333333144,1.4146837102335812,-0.9988098327411914,-0.04877415319114473,36.30355,-16.00565,36,-17,36.5,-16.5
3026,2338,77.93333333333334,0.22449999999999903,0.024399999999999977,0.03333333333333144,6.774662279405876,0.994145497182038,0.10804966650887221,41.722049999999996,-15.67,41,-16,41.5,-15.5
3026,2378,79.26666666666667,-0.08150000000000546,-0.002700000000000813,0.03333333333333144,2.4463413498531814,-0.9994516914604091,-0.03311066953305198,42.97945,-15.60605,42,-16,42.5,-15.5
3026,2418,80.6,-0.09660000000000224,-0.02940000000000076,0.03333333333333144,3.0292454506034128,-0.9566738804288581,-0.2911616157826967,42.567800000000005,-15.7833,42,-16,42.5,-15.5
3026,2458,81.93333333333334,0.5716999999999999,0.010999999999999233,0.03333333333333144,17.154174448222022,0.999814946021994,0.01923729999342517,49.47515,-15.2446,49,-16,49.5,-15.5
3026,2498,83.26666666666667,-0.5082999999999984,-0.05299999999999905,0.03333333333333144,15.331669869913885,-0.9946079017736161,-0.10370690299823111,48.236850000000004,-15.6399,48,-16,48.5,-15.5
3026,2538,84.6,-0.03710000000000235,-0.020800000000001262,0.03333333333333144,1.2759878526069084,-0.8722653571710874,-0.4890328687104735,41.90935,-16.4986,41,-17,41.5,-16.5
3026,2578,85.93333333333334,0.45479999999999876,0.033799999999999386,0.03333333333333144,13.681627534764285,0.9972497764123504,0.0741139895398789,41.005700000000004,-16.7433,41,-17,41.5,-16.5
3026,2618,87.26666666666667,0.32269999999999754,0.03260000000000218,0.03333333333333144,9.730274662105353,0.9949359433504197,0.10051103735118097,45.55355,-16.4499,45,-17,45.5,-16.5
3026,2658,88.6,-0.2752000000000052,-0.022999999999999687,0.03333333333333144,8.284783400910996,-0.9965257509439286,-0.08328521901057272,46.833600000000004,-16.1789,46,-17,46.5,-16.5
3026,2698,89.93333333333334,-0.12819999999999965,-0.023500000000002075,0.03333333333333144,3.910081968450501,-0.9836110933306885,-0.18030312553255293,38.324200000000005,-17.224249999999998,38,-18,38.5,-17.5
3026,2738,91.26666666666668,0.446399999999997,0.04809999999999981,0.03333333333335986,13.46951792009309,0.9942449373048312,0.10713078289507731,52.284,-15.82705,52,-16,52.5,-15.5
3026,2778,92.6,-0.07579999999999387,-0.004999999999999005,0.03333333333333144,2.278941859723443,-0.9978315112768619,-0.06582002053276675,54.0761,-15.5939,54,-16,54.5,-15.5
3026,2818,93.93333333333334,0.14910000000000423,0.0019999999999988916,0.03333333333333144,4.473402396387274,0.9999100469058589,0.013412609616435632,56.78705,-15.3208,56,-16,56.5,-15.5
3026,2858,95.26666666666668,-0.13749999999999574,-0.03479999999999883,0.03333333333335986,4.255062984254176,-0.969433358627385,-0.24535477003805753,60.720349999999996,-14.9546,60,-15,60.5,-14.5
3026,2898,96.6,-0.30180000000000007,-0.04579999999999984,0.03333333333333144,9.157663020662508,-0.98868018833756,-0.15003827907839656,56.8999,-15.5393,56,-16,56.5,-15.5
3026,2938,97.93333333333334,-0.11490000000000578,-0.0411999999999999,0.03333333333333144,3.661899097463325,-0.9413148500973659,-0.3375297808878106,56.86965,-15.6578,56,-16,56.5,-15.5
3026,2978,99.26666666666668,0.4655999999999949,0.057800000000000296,0.03333333333335986,14.07521864837916,0.9923824523747079,0.1231952443025323,64.7761,-14.9366,64,-15,64.5,-14.5
3026,3018,100.6,-0.8023999999999916,-0.09109999999999907,0.03333333333333144,24.22664799348136,-0.993616616152517,-0.11280966317484338,69.388,-14.57575,69,-15,69.5,-14.5
3026,3058,101.93333333333334,0.0782000000000096,0.0362000000000009,0.03333333333333144,2.585171561038487,0.907483292543266,0.420088173785972,70.2252,-14.4857,70,-15,70.5,-14.5
3026,3098,103.26666666666668,0.04070000000000107,0.03110000000000035,0.03333333333335986,1.5366619667305947,0.7945794367494254,0.6071602084252276,69.58525,-14.592749999999999,69,-15,69.5,-14.5
3026,3138,104.6,0.31569999999999254,0.0389999999999997,0.03333333333333144,9.542994341400718,0.992455791251173,0.1226030277440493,73.58005,-14.234200000000001,73,-15,73.5,-14.5
3026,3178,105.93333333333334,0.6524000000000001,0.07469999999999999,0.03333333333333144,19.699879821969578,0.9935085988785652,0.11375703914198161,75.5682,-14.19305,75,-15,75.5,-14.5
3026,3218,107.26666666666668,-0.12119999999998754,-0.013999999999999346,0.03333333333335986,3.6601770448949518,-0.9933945695517816,-0.11474854763800102,72.7915,-14.8039,72,-15,72.5,-14.5
3026,3258,108.6,0.08710000000000662,0.03819999999999979,0.03333333333333144,2.8532586633535257,0.9157949938296884,0.40164602484834955,71.05834999999999,-15.0059,71,-16,71.5,-15.5
3026,3298,109.93333333333334,-0.03820000000000334,-0.012099999999998445,0.03333333333333144,1.2021168828364237,-0.9533182807450061,-0.3019673088223058,75.26050000000001,-14.632249999999999,75,-15,75.5,-14.5
3026,3338,111.26666666666668,-0.06789999999999452,-0.01529999999999987,0.03333333333335986,2.0880732745745263,-0.9755404778183759,-0.21981987202683695,76.88624999999999,-14.61255,76,-15,76.5,-14.5
3026,3378,112.6,0.38569999999999993,0.028900000000000148,0.03333333333333144,11.60343612901003,0.9972046100268283,0.07471924612334843,79.56995,-14.37505,79,-15,79.5,-14.5
3026,3418,113.93333333333334,0.07689999999999486,-0.015900000000000247,0.03333333333333144,2.355796680530798,0.9792865483960923,-0.2024792733354896,78.60795,-14.87585,78,-15,78.5,-14.5
3026,3458,115.26666666666668,-0.23930000000000007,-0.06670000000000087,0.03333333333335986,7.452653352995276,-0.9632810839254983,-0.2684949782608924,80.14304999999999,-14.71935,80,-15,80.5,-14.5
3026,3498,116.6,-0.3861999999999881,-0.05400000000000027,0.03333333333333144,11.698709159561465,-0.9903656755609618,-0.13847681636533882,83.75450000000001,-14.4952,83,-15,83.5,-14.5
3026,3538,117.93333333333334,-0.2916000000000025,-0.05600000000000094,0.03333333333333144,8.907856307777447,-0.9820544581935718,-0.18859756398779312,83.1379,-14.6729,83,-15,83.5,-14.5
3026,3578,119.26666666666668,-0.13889999999999247,-0.015600000000000946,0.03333333333335986,4.193198421249602,-0.9937521627594869,-0.1116093141760243,85.11105,-14.5973,85,-15,85.5,-14.5
3026,3618,120.6,-0.518100000000004,-0.0517000000000003,0.03333333333333144,15.620193660772312,-0.9950580855495301,-0.09929454356863658,85.05655,-14.66855,85,-15,85.5,-14.5
3026,3658,121.93333333333334,0.202699999999993,0.01699999999999946,0.03333333333333144,6.102348810089576,0.9965015421514184,0.0835743769934591,84.35745,-14.8702,84,-15,84.5,-14.5
3026,3698,123.26666666666668,0.15310000000000912,0.021599999999999397,0.03333333333335986,4.638486067669951,0.9901937686111923,0.1397007537687778,85.67955,-14.6454,85,-15,85.5,-14.5
3026,3738,124.6,0.1280000000000001,-0.014300000000000423,0.03333333333333144,3.863889361770305,0.9938172759276062,-0.11102802379504044,86.5077,-14.73285,86,-15,86.5,-14.5
3026,3778,125.93333333333334,-0.46889999999999077,-0.04099999999999859,0.03333333333333144,14.120672399004757,-0.9961990196013599,-0.08710633355439361,87.38695,-14.8975,87,-15,87.5,-14.5
3026,3825,127.5,0.1811000000000007,0.01529999999999987,0.03333333333331723,5.452354537264516,0.996450242344002,0.08418381395838234,89.86455000000001,-14.61635,89,-15,89.5,-14.5
3026,3865,128.83333333333334,-0.18770000000000664,-0.0071000000000012164,0.03333333333333144,5.635027062934646,-0.9992853516249078,-0.03779928607638684,89.68835,-14.86285,89,-15,89.5,-14.5
3026,3905,130.16666666666666,0.06700000000000728,-0.011900000000000688,0.03333333333333144,2.0414575675240876,0.9845906336608762,-0.1748750528442363,90.0727,-14.83005,90,-15,90.5,-14.5
3026,3945,131.5,0.06430000000000291,-0.015200000000000102,0.03333333333333144,1.9821647257482882,0.9731784522963797,-0.23005151593941525,93.28255,-14.4165,93,-15,93.5,-14.5
3026,3985,132.83333333333334,0.6996000000000038,0.07629999999999981,0.03333333333333144,21.11245284186694,0.9941052400307161,0.10841942512055895,94.5485,-14.48655,94,-15,94.5,-14.5
3026,4025,134.16666666666666,-0.12120000000000175,-0.0343,0.03333333333333144,3.778801000317694,-0.9622099707538372,-0.2723085973337965,89.9093,-15.04825,89,-16,89.5,-15.5
3026,4065,135.5,0.11879999999999313,0.07199999999999918,0.03333333333333144,4.167456778420192,0.8551978315540072,0.5183017160933617,92.9221,-14.7608,92,-15,92.5,-14.5
3026,4105,136.83333333333334,0.559899999999999,0.052799999999999514,0.03333333333333144,16.871522308316795,0.9955829529218514,0.09388601520677507,97.53535,-14.168099999999999,97,-15,97.5,-14.5
3026,4145,138.16666666666666,-0.36350000000000193,-0.04139999999999944,0.03333333333333144,10.975499487495542,-0.9935766488281299,-0.11316113689541622,101.82645,-13.7118,101,-14,101.5,-13.5
3032,2174,72.46666666666667,0.18390000000000128,0.11730000000000018,0.03333333333333144,6.5437489255017525,0.843094694311996,0.5377651312822,-55.522149999999996,-8.17735,-56,-9,-55.5,-8.5
3032,2214,73.8,0.00730000000000075,-0.00990000000000002,0.03333333333333144,0.3690121949204737,0.5934763214186781,-0.8048514495951126,-53.45455,-6.54385,-54,-7,-53.5,-6.5
3034,2170,72.33333333333333,-0.054200000000008686,-0.013399999999997192,0.03333333333333144,1.6749567158589798,-0.9707713546295912,-0.24000620206700574,135.36329999999998,42.332300000000004,135,42,135.5,42.5
3039,2203,73.43333333333334,-0.04460000000000264,0.012100000000000222,0.03333333333333144,1.3863668345717288,-0.9651125276763312,0.2618354615444648,-55.8782,-9.57905,-56,-10,-55.5,-9.5
3048,2196,73.2,-0.10539999999999594,-0.05930000000000035,0.03333333333333144,3.6280966084161492,-0.8715313678982858,-0.49033975442476896,-61.272400000000005,-33.070350000000005,-62,-34,-61.5,-33.5
3048,2236,74.53333333333333,-0.08420000000000982,-0.012099999999996669,0.03333333333333144,2.5519492549817984,-0.9898315944446374,-0.14224420775267718,-64.2847,-35.07055,-65,-36,-64.5,-35.5
3053,2190,73.0,0.26079999999998904,0.06609999999999872,0.03333333333333144,8.071385568785704,0.9693502972101473,0.2456827248680682,153.7246,47.60835,153,47,153.5,47.5
3053,2230,74.33333333333333,-0.1705000000000041,-0.04260000000000019,0.03333333333333144,5.2722394672477115,-0.9701759625631378,-0.24240173610081445,147.84795,46.2993,147,46,147.5,46.5
3055,2189,72.96666666666667,-0.040600000000004854,0.017000000000000348,0.03333333333333144,1.3204635549686952,-0.9224033449594833,0.38622800158398185,-51.850300000000004,-7.32,-52,-8,-51.5,-7.5
3055,2240,74.66666666666667,0.19700000000000273,0.047100000000000364,0.03333333333333144,6.076567205257027,0.9725886014866244,0.23253260472091233,-51.2224,-6.59875,-52,-7,-51.5,-6.5
3055,2280,76.0,0.18419999999999703,0.061500000000000554,0.03333333333333144,5.825864828504257,0.9485287013462995,0.3166911787882676,-52.415800000000004,-6.54425,-53,-7,-52.5,-6.5
3055,2361,78.7,-0.11079999999999757,0.002500000000000391,0.03333333333333144,3.324846011471926,-0.9997455486753699,0.022557435665062006,-51.0965,-5.18845,-52,-6,-51.5,-5.5
3072,2253,75.1,-0.03750000000000142,0.045999999999999375,0.03333333333333144,1.780456402162211,-0.6318604592810534,0.775082163384719,-63.87425,-34.395399999999995,-64,-35,-63.5,-34.5
3072,2293,76.43333333333334,-0.1611999999999938,0.013800000000003365,0.03333333333333144,4.853688494330982,-0.996355659339994,0.0852959559484851,-66.28309999999999,-32.8666,-67,-33,-66.5,-32.5
3079,2239,74.63333333333334,0.0010000000000047748,0.001200000000000756,0.03333333333334565,0.04686149805553174,0.6401843996660458,0.7682212795960708,68.9837,22.145200000000003,68,22,68.5,22.5
3079,2279,75.96666666666667,-0.1004999999999967,0.0033999999999991815,0.03333333333333144,3.016724879733058,-0.9994282276966742,0.033811502230527216,63.14895,21.055,63,21,63.5,21.5
3079,2319,77.3,-0.30060000000000286,-0.041799999999998505,0.03333333333333144,9.104770178319212,-0.9904698112506743,-0.137730000366854,60.4857,20.727899999999998,60,20,60.5,20.5
3079,2359,78.63333333333334,0.2571000000000012,0.09789999999999921,0.03333333333334565,8.253262264095943,0.9345395497185336,0.3558592840040578,60.87455,21.236849999999997,60,21,60.5,21.5
3079,2400,80.0,-0.23259999999999792,-0.03189999999999671,0.03333333333333144,7.043318323063681,-0.990726200340902,-0.13587345567872655,61.1024,21.554850000000002,61,21,61.5,21.5
3079,2440,81.33333333333333,0.8628999999999962,0.20749999999999957,0.03333333333333144,26.62493932387592,0.9722839058937192,0.23380334971948916,65.06545,22.83905,65,22,65.5,22.5
3079,2480,82.66666666666667,-0.0875999999999948,0.011900000000000688,0.03333333333333144,2.6521374398775026,-0.9908988729186583,0.1346084085357696,65.8461,23.368850000000002,65,23,65.5,23.5
3079,2521,84.03333333333333,-0.9382000000000019,-0.22100000000000009,0.03333333333333144,28.91633130257188,-0.9733599918153618,-0.2292821980294123,54.275099999999995,21.102200000000003,54,21,54.5,21.5
3093,2239,74.63333333333334,-0.049000000000006594,-0.017900000000000915,0.03333333333334565,1.5650140574444693,-0.9392886875406319,-0.3431279083056308,76.6143,-16.51965,76,-17,76.5,-16.5
3093,2279,75.96666666666667,-0.1641999999999939,0.008800000000000807,0.03333333333333144,4.933069227164867,-0.9985669718304697,0.05351637851467275,71.6413,-16.9654,71,-17,71.5,-16.5
3110,2264,75.46666666666667,-0.13980000000000103,-0.05030000000000001,0.03333333333333144,4.4572095530726985,-0.9409474582834055,-0.3385526262636263,-16.8747,-10.44975,-17,-11,-16.5,-10.5
3110,2304,76.8,-0.20250000000000057,-0.021900000000000475,0.03333333333333144,6.110423389586393,-0.9942027929445281,-0.1075211909406695,-23.96375,-11.435749999999999,-24,-12,-23.5,-11.5
3110,2344,78.13333333333334,-0.08289999999999864,-0.01770000000000138,0.03333333333334565,2.543055249103932,-0.9779575181763577,-0.20880395743936267,-22.41605,-10.89795,-23,-11,-22.5,-10.5
3110,2384,79.46666666666667,0.45819999999999794,0.10790000000000077,0.03333333333333144,14.121992954254761,0.9733753617161549,0.22921693917323077,-24.1189,-10.99755,-25,-11,-24.5,-10.5
3110,2424,80.8,-0.2792999999999992,-0.04490000000000016,0.03333333333333144,8.486580583486367,-0.9873234475973457,-0.15872117005771968,-27.10565,-11.324850000000001,-28,-12,-27.5,-11.5
3110,2464,82.13333333333334,-0.46000000000000085,-0.08280000000000065,0.03333333333334565,14.021777918646961,-0.984183323973695,-0.17715299831526618,-24.3779,-10.6521,-25,-11,-24.5,-10.5
3110,2504,83.46666666666667,0.007899999999999352,0.001700000000001367,0.03333333333333144,0.24242524621004646,0.9776209520465876,0.210374128921604,-29.46235,-11.26485,-30,-12,-29.5,-11.5
3110,2544,84.8,-0.06690000000000396,-0.03270000000000017,0.03333333333333144,2.233922559087726,-0.8984196841719696,-0.4391378725324637,-34.88295,-12.01265,-35,-13,-34.5,-12.5
3110,2584,86.13333333333334,0.02300000000000324,0.0045999999999999375,0.03333333333334565,0.7036646928756393,0.980580675690926,0.1961161351381549,-37.3026,-12.3496,-38,-13,-37.5,-12.5
3110,2624,87.46666666666667,0.05150000000000432,0.03139999999999965,0.03333333333333144,1.80952728633772,0.8538141489577225,0.5205779471314551,-36.72685,-11.910900000000002,-37,-12,-36.5,-11.5
3110,2664,88.8,-0.20649999999999835,-0.0235000000000003,0.03333333333333144,6.234985966303678,-0.9935868394059786,-0.113071625791966,-39.66905,-12.09805,-40,-13,-39.5,-12.5
3110,2704,90.13333333333334,0.007600000000003604,0.016600000000000392,0.03333333333334565,0.5477116029443226,0.4162774693367252,0.9092376303929638,-45.715,-12.8375,-46,-13,-45.5,-12.5
3110,2744,91.46666666666668,-0.051600000000000534,-0.011000000000001009,0.03333333333334565,1.5827836238722646,-0.9780237656315127,-0.20849343840983556,-40.8288,-11.774799999999999,-41,-12,-40.5,-11.5
3110,2784,92.8,-0.022700000000000387,0.011699999999999378,0.03333333333331723,0.7661344529523325,-0.8888779213310111,0.45814412685339645,-42.18655,-11.674050000000001,-43,-12,-42.5,-11.5
3116,2254,75.13333333333334,-0.034099999999995134,0.11540000000000106,0.03333333333334565,3.6099824099281,-0.28338088218547614,0.9590074429386778,-64.31855,-24.8856,-65,-25,-64.5,-24.5
3116,2294,76.46666666666667,-0.04990000000000805,0.09270000000000067,0.03333333333333144,3.1583175901105904,-0.4739865315279798,0.8805320936400192,-64.27475,-20.71815,-65,-21,-64.5,-20.5
3116,2334,77.8,0.3001000000000005,0.11429999999999829,0.03333333333333144,9.633901079002756,0.9345123980588415,0.3559305801337015,-59.69155,-15.989049999999999,-60,-16,-59.5,-15.5
3116,2374,79.13333333333334,0.29059999999999775,0.18989999999999974,0.03333333333334565,10.414381066578972,0.8371116770418401,0.5470320284592101,-57.9764,-12.19425,-58,-13,-57.5,-12.5
3146,2271,75.7,-0.215600000000002,-0.023400000000002308,0.03333333333333144,6.505984014736409,-0.9941616802854195,-0.10790066474341788,-43.798199999999994,-33.969899999999996,-44,-34,-43.5,-33.5
3146,2311,77.03333333333333,-0.24150000000000205,0.008000000000002672,0.03333333333333144,7.248974065342413,-0.9994517754780032,0.03310813334917859,-44.71955,-32.828900000000004,-45,-33,-44.5,-32.5
3146,2351,78.36666666666666,-0.3644999999999996,-0.02360000000000184,0.03333333333333144,10.957896194069985,-0.9979105301178371,-0.06461094241641377,-41.112449999999995,-31.3078,-42,-32,-41.5,-31.5
3146,2394,79.8,0.27120000000000033,0.06489999999999796,0.03333333333333144,8.365722025026164,0.9725400838877414,0.23273544042888036,-36.224199999999996,-29.420749999999998,-37,-30,-36.5,-29.5
3146,2434,81.13333333333334,0.09590000000000032,0.03710000000000235,0.03333333333334565,3.0847849195678423,0.9326420074700037,0.36080311237892826,-39.46095,-28.54035,-40,-29,-39.5,-28.5
3146,2474,82.46666666666667,1.278500000000001,0.07570000000000121,0.03333333333333144,38.422174144628656,0.9982516828856799,0.059106493855648895,-35.82885,-27.358649999999997,-36,-28,-35.5,-27.5
3146,2514,83.8,0.10930000000000462,0.021999999999998465,0.03333333333333144,3.344763220319507,0.980338452683386,0.19732338480358716,-36.74505,-27.0933,-37,-28,-36.5,-27.5
3146,2554,85.13333333333334,0.3644000000000034,0.07569999999999766,0.03333333333334565,11.165395872959891,0.9790964981788901,0.20339628131761525,-36.2461,-26.35125,-37,-27,-36.5,-26.5
3146,2594,86.46666666666667,0.1221000000000032,0.023999999999997357,0.03333333333333144,3.733091078449892,0.9812243856427174,0.19286965811156434,-34.43595,-25.465600000000002,-35,-26,-34.5,-25.5
3168,2299,76.63333333333334,-0.2123999999999997,-0.03979999999999961,0.03333333333334565,6.482902127902966,-0.9828931355560657,-0.18417677398837615,-6.754300000000001,-17.5344,-7,-18,-6.5,-17.5
3172,2288,76.26666666666667,0.002400000000001512,-0.015499999999999403,0.03333333333333144,0.47054117779426596,0.15301530109981132,-0.9882238196022874,-53.5492,-6.01605,-54,-7,-53.5,-6.5
3172,2328,77.6,0.015399999999999636,-0.02090000000000014,0.03333333333333144,0.7788279655996336,0.5931990380498384,-0.8050558373533766,-52.0125,-5.7136499999999995,-53,-6,-52.5,-5.5
3172,2376,79.2,-0.5491000000000028,-0.028400000000000425,0.20000000000000284,2.7491697383027955,-0.9986651466980405,-0.05165195805176585,-50.90915,-4.8187999999999995,-51,-5,-50.5,-4.5
3174,2296,76.53333333333333,-0.20700000000000074,-0.04829999999999934,0.03333333333333144,6.3768096255106155,-0.9738412097417941,-0.22722961560641475,-58.407799999999995,-14.20475,-59,-15,-58.5,-14.5
3174,2336,77.86666666666666,-0.06189999999999429,-0.0237999999999996,0.03333333333333144,1.9895338650045133,-0.9333844639009056,-0.3588780329700037,-56.95335,-13.991900000000001,-57,-14,-56.5,-13.5
3174,2391,79.7,0.043099999999995475,0.0009999999999994458,0.03333333333333144,1.2933479810166475,0.999730945560037,0.023195613586069325,-57.42655,-14.1358,-58,-15,-57.5,-14.5
3174,2431,81.03333333333333,-0.20640000000000214,-0.041100000000000136,0.03333333333333144,6.313568958996594,-0.9807448117244453,-0.19529366163698844,-56.4882,-13.92555,-57,-14,-56.5,-13.5
3174,2471,82.36666666666666,0.18439999999999657,0.05010000000000048,0.03333333333333144,5.732541582928348,0.9650169859167959,0.2621873698179655,-54.7663,-13.61215,-55,-14,-54.5,-13.5
3174,2511,83.7,0.2283000000000044,0.044299999999999784,0.03333333333333144,6.9767501030212715,0.9816891674297711,0.1904898384456321,-57.66285,-14.19025,-58,-15,-57.5,-14.5
3185,2277,75.9,-0.6252999999999957,-0.08369999999999855,0.03333333333334565,18.926309782937885,-0.9911599363603478,-0.1326724558985451,58.92355,-12.90135,58,-13,58.5,-12.5
3185,2317,77.23333333333333,-1.5816000000000017,-0.2096,0.03333333333333144,47.86284203847767,-0.9913326910645752,-0.13137539962514844,59.5848,-12.948,59,-13,59.5,-12.5
3185,2357,78.56666666666666,-0.442300000000003,-0.07690000000000019,0.03333333333333144,13.46805888018103,-0.9852199279828581,-0.17129417242116537,61.54455,-12.87415,61,-13,61.5,-12.5
3185,2397,79.9,-0.37069999999999936,-0.05209999999999937,0.03333333333334565,11.230298749361316,-0.9902675118619031,-0.13917706330726898,63.45565,-12.67305,63,-13,63.5,-12.5
3208,2287,76.23333333333333,-0.4590000000000032,-0.17539999999999978,0.03333333333333144,14.741151379727,-0.9341197064795282,-0.3569599052647231,150.4365,11.848,150,11,150.5,11.5
3208,2327,77.56666666666666,0.06409999999999627,-0.020100000000001117,0.03333333333333144,2.0153257801159774,0.9541881610274113,-0.29920720806011153,155.43985,11.716750000000001,155,11,155.5,11.5
3209,2299,76.63333333333334,-0.2615000000000016,-0.017300000000002314,0.03333333333334565,7.862148942875297,-0.997818796997774,-0.06601248637882864,-9.44285,-21.374850000000002,-10,-22,-9.5,-21.5
3209,2339,77.96666666666667,0.19599999999999973,0.018700000000002603,0.03333333333333144,5.906701363705801,0.9954794796517829,0.09497686872189263,-5.394,-20.50825,-6,-21,-5.5,-20.5
3209,2435,81.16666666666667,0.17820000000000003,0.02090000000000103,0.03333333333333144,5.382642938185975,0.9931923892023907,0.11648552712868118,-0.6355,-19.47255,-1,-20,-0.5,-19.5
3209,2475,82.5,0.009000000000000008,0.006800000000001916,0.03333333333333144,0.33840212765293987,0.7978673239221579,0.6028330891857997,-0.2749,-19.322200000000002,-1,-20,-0.5,-19.5
3209,2515,83.83333333333333,-0.6907000000000005,-0.0782999999999987,0.03333333333333144,20.853720099781956,-0.9936356631264966,-0.11264177272738285,-6.1941500000000005,-19.88205,-7,-20,-6.5,-19.5
3209,2564,85.46666666666667,-0.031200000000000117,0.0032999999999994145,0.03333333333333144,0.9412210154900408,-0.9944529335787665,0.10518252182081202,-10.465499999999999,-20.118650000000002,-11,-21,-10.5,-20.5
3209,2604,86.8,0.6562000000000001,0.08770000000000167,0.03333333333333144,19.861036151219434,0.9911869577253872,0.1324704300404116,-10.9496,-20.340249999999997,-11,-21,-10.5,-20.5
3216,2299,76.63333333333334,-0.003199999999992542,0.007699999999999818,0.03333333333334565,0.2501539525970123,-0.38376367434174763,0.9234313413869605,-68.3027,-28.96125,-69,-29,-68.5,-28.5
3216,2339,77.96666666666667,0.1535999999999973,0.05269999999999797,0.03333333333333144,4.871675789705402,0.9458757517767482,0.32452898514735407,-66.03120000000001,-27.39195,-67,-28,-66.5,-27.5
3216,2379,79.3,0.00190000000000623,0.01419999999999888,0.03333333333333144,0.42979646345684797,0.13262091442479493,0.9911668341188234,-65.00305,-25.881999999999998,-66,-26,-65.5,-25.5
3216,2419,80.63333333333334,-0.18760000000000332,-0.023699999999998056,0.03333333333334565,5.672733468089017,-0.9921143010961756,-0.12533640157770265,-64.735,-24.38655,-65,-25,-64.5,-24.5
3216,2459,81.96666666666667,0.18260000000000076,0.057800000000000296,0.03333333333333144,5.745888965164923,0.9533772812547032,0.3017809794990246,-61.556200000000004,-22.4239,-62,-23,-61.5,-22.5
3216,2499,83.3,-0.08550000000000324,0.015699999999998937,0.03333333333333144,2.607885350240927,-0.9835555078229485,0.1806060990972943,-61.64635,-21.133049999999997,-62,-22,-61.5,-21.5
3216,2539,84.63333333333334,-0.11609999999999587,0.0015999999999998238,0.03333333333334565,3.4833307336499315,-0.9999050524694232,0.013779914590447527,-63.725750000000005,-19.886699999999998,-64,-20,-63.5,-19.5
3218,2306,76.86666666666666,0.26420000000000243,0.04019999999999868,0.03333333333333144,8.017225954156984,0.9886212569437238,0.15042609587106748,-56.3709,-35.5116,-57,-36,-56.5,-35.5
3218,2346,78.2,-0.22800000000000153,-0.0031999999999996476,0.03333333333333144,6.840673651038029,-0.9999015227049325,-0.014033705581821975,-53.671400000000006,-34.5813,-54,-35,-53.5,-34.5
3218,2386,79.53333333333333,-0.2423999999999964,-0.015799999999998704,0.03333333333333144,7.287431646334971,-0.997882430040709,-0.06504349172707155,-51.9594,-33.548,-52,-34,-51.5,-33.5
3249,2322,77.4,0.24609999999999843,0.024600000000001288,0.03333333333334565,7.419793325959874,0.99504119261194,0.099463686868164,-54.84325,-9.2854,-55,-10,-54.5,-9.5
3249,2362,78.73333333333333,-0.07589999999999719,-0.02940000000000076,0.03333333333333144,2.441854418265007,-0.9324880234333977,-0.361200894452485,-52.37335,-9.0932,-53,-10,-52.5,-9.5
3253,2312,77.06666666666666,0.0127000000000006,-0.0016999999999995907,0.03333333333333144,0.3843982310053329,0.9911596081064012,-0.1326749081716848,-8.12605,-20.12595,-9,-21,-8.5,-20.5
3281,2319,77.3,0.10390000000000299,0.03229999999999933,0.03333333333333144,3.2641461364347233,0.9549204814110506,0.2968617088505814,-59.90705,-29.15335,-60,-30,-59.5,-29.5
3281,2386,79.53333333333333,-0.08460000000000178,0.002400000000001512,0.03333333333333144,2.5390210712006724,-0.999597848473155,0.028357385772305354,-60.291399999999996,-27.7685,-61,-28,-60.5,-27.5
3281,2426,80.86666666666666,-0.01740000000000208,0.05180000000000007,0.03333333333333144,1.639329131077825,-0.31842293905732516,0.9479487496073272,-59.9157,-26.5817,-60,-27,-59.5,-26.5
3281,2466,82.2,-0.1418999999999997,0.010600000000000165,0.03333333333333144,4.26886085507621,-0.99722154095,0.07449294104348264,-56.77175,-24.945500000000003,-57,-25,-56.5,-24.5
3281,2506,83.53333333333333,-0.3504000000000005,0.010600000000000165,0.03333333333333144,10.516808831580656,-0.9995427480277473,0.030237309158374064,-57.7662,-23.8301,-58,-24,-57.5,-23.5
3281,2546,84.86666666666666,0.20130000000000337,0.043300000000002115,0.03333333333333144,6.177128944744939,0.9776386496088924,0.21029187048219772,-60.18945,-22.77695,-61,-23,-60.5,-22.5
3281,2586,86.2,0.07959999999999923,0.035899999999998045,0.03333333333333144,2.6196322260959732,0.9115783414983174,0.4111264128114087,-59.3926,-21.67935,-60,-22,-59.5,-21.5
3281,2626,87.53333333333333,-0.3666999999999945,-0.049900000000000944,0.03333333333333144,11.10238758105708,-0.990867947969173,-0.13483586202253453,-56.78575,-20.76315,-57,-21,-56.5,-20.5
3281,2666,88.86666666666666,0.17129999999999512,0.03689999999999927,0.03333333333333144,5.256878351265282,0.9775763593165963,0.21058124727835792,-56.070949999999996,-20.263550000000002,-57,-21,-56.5,-20.5
3281,2706,90.2,0.0016999999999995907,0.005400000000001626,0.03333333333331723,0.16983815825674284,0.3002858752325618,0.9538492507392424,-58.29175,-20.2076,-59,-21,-58.5,-20.5
3281,2746,91.53333333333332,-0.15399999999999636,-0.025399999999997647,0.03333333333331723,4.682418605808334,-0.986669580176197,-0.16273641127580307,-51.5728,-19.0577,-52,-20,-51.5,-19.5
3281,2786,92.86666666666666,0.0940000000000012,0.014799999999997482,0.03333333333334565,2.854739217510789,0.9878310364397886,0.1555308440351723,-49.779799999999994,-18.886499999999998,-50,-19,-49.5,-18.5
3281,2826,94.2,-0.07399999999999807,0.014700000000001268,0.03333333333331723,2.2633782273417595,-0.9808347421492647,0.19484149607561907,-46.6443,-18.488149999999997,-47,-19,-46.5,-18.5
3281,2866,95.53333333333332,-0.14759999999999707,-0.015499999999999403,0.03333333333331723,4.452348706022289,-0.9945312670619658,-0.10443925907493348,-46.8493,-18.37005,-47,-19,-46.5,-18.5
3281,2906,96.86666666666666,-0.015699999999995384,-0.024399999999999977,0.03333333333334565,0.87043954413808,-0.541105931102978,-0.8409544406953205,-45.80455,-17.8448,-46,-18,-45.5,-17.5
3281,2946,98.2,-0.05649999999999977,-0.027699999999999392,0.03333333333331723,1.8877462753249947,-0.897896090251324,-0.44020746371612796,-43.68265,-17.13445,-44,-18,-43.5,-17.5
3281,2986,99.53333333333332,0.30409999999999826,0.0951000000000004,0.03333333333331723,9.558699597753211,0.9544185280337435,0.2984715620388356,-38.655150000000006,-15.83795,-39,-16,-38.5,-15.5
3281,3026,100.86666666666666,0.038699999999998624,0.04100000000000037,0.03333333333334565,1.6913961688492196,0.6864151766344859,0.7272098770546557,-38.44045,-15.0624,-39,-16,-38.5,-15.5
3281,3068,102.26666666666668,-0.41799999999999926,-0.046299999999998676,0.03333333333335986,12.616692157603987,-0.9939213736329638,-0.11009224784498801,-35.649699999999996,-13.66165,-36,-14,-35.5,-13.5
3281,3109,103.63333333333334,0.4877000000000038,0.06899999999999906,0.03333333333334565,14.776706703451952,0.9901394332051535,0.14008534117521865,-33.74075,-12.5313,-34,-13,-33.5,-12.5
3281,3150,105.0,0.14820000000000277,0.015699999999998937,0.03333333333331723,4.47087877268217,0.9944353730116879,0.10534841670905636,-30.8919,-11.71785,-31,-12,-30.5,-11.5
3281,3190,106.33333333333331,0.04380000000000095,0.016199999999999548,0.03333333333331723,1.4009967880055822,0.9379036492091,0.34689587025540336,-30.002699999999997,-11.195599999999999,-31,-12,-30.5,-11.5
3286,2342,78.06666666666666,-0.1537999999999995,-0.01159999999999961,0.03333333333333144,4.627104926409416,-0.9971677913906011,-0.07520901417510158,-5.9511,-15.855799999999999,-6,-16,-5.5,-15.5
3286,2383,79.43333333333334,0.6041999999999996,0.0724000000000018,0.03333333333333144,18.255669256426557,0.9928970417570481,0.11897673919763672,-7.7751,-16.5914,-8,-17,-7.5,-16.5
3286,2423,80.76666666666667,0.08349999999999902,-0.005299999999998306,0.03333333333333144,2.510041035521243,0.9979916521483948,-0.06334557792077682,-10.236550000000001,-17.48895,-11,-18,-10.5,-17.5
3286,2463,82.1,-0.27169999999999916,-0.053999999999998494,0.03333333333333144,8.310427245335061,-0.9808159989097895,-0.1949358260623015,-5.90435,-17.6473,-6,-18,-5.5,-17.5
3286,2503,83.43333333333334,-0.11770000000000103,-0.030699999999999505,0.03333333333333144,3.649137158288477,-0.9676260022126286,-0.25238843048366155,-11.41115,-19.16355,-12,-20,-11.5,-19.5
3299,2334,77.8,0.019800000000003593,0.01890000000000036,0.03333333333333144,0.8211729415903918,0.723355544143628,0.6904757466824419,-40.2172,-12.93705,-41,-13,-40.5,-12.5
3299,2374,79.13333333333334,0.09239999999999782,0.018000000000000682,0.03333333333334565,2.824107646672443,0.9815489870809531,0.19121084163915847,-42.8149,-12.942,-43,-13,-42.5,-12.5
3299,2414,80.46666666666667,-0.5980999999999952,-0.12199999999999989,0.03333333333333144,18.312477959032,-0.9798237049154292,-0.19986372178512493,-44.74325,-13.0686,-45,-14,-44.5,-13.5
3332,2342,78.06666666666666,-0.14119999999999777,-0.015100000000000335,0.03333333333333144,4.260153166260752,-0.994330446507918,-0.1063342049735845,-54.1029,-4.98715,-55,-5,-54.5,-4.5
3332,2385,79.5,0.018200000000000216,0.00709999999999944,0.03333333333333144,0.5860759336468603,0.9316198953991335,0.3634341350183103,-53.3621,-4.80145,-54,-5,-53.5,-4.5
3346,2344,78.13333333333334,-0.327699999999993,-0.03960000000000008,0.03333333333334565,9.90252013378026,-0.9927775825933313,-0.11996946069788476,71.35665,-16.8133,71,-17,71.5,-16.5
3346,2384,79.46666666666667,0.9495999999999896,0.10829999999999984,0.03333333333333144,28.672672442590272,0.9935592874030587,0.11331346969855968,71.3692,-16.76825,71,-17,71.5,-16.5
3346,2424,80.8,-0.039599999999992974,-0.00140000000000029,0.03333333333333144,1.1887421924032395,-0.9993756489774437,-0.03533146233759998,67.28059999999999,-17.1798,67,-18,67.5,-17.5
3346,2464,82.13333333333334,-0.5542999999999978,-0.08289999999999864,0.03333333333334565,16.813946889406683,-0.9890003881522063,-0.14791292112180565,75.62625,-16.30075,75,-17,75.5,-16.5
3346,2504,83.46666666666667,-0.21479999999999677,-0.021300000000000097,0.03333333333333144,6.475604759403057,-0.9951194119194976,-0.0986780422434158,68.3231,-17.019150000000003,68,-18,68.5,-17.5
3346,2544,84.8,-0.9669999999999987,-0.11309999999999931,0.03333333333333144,29.207748098751036,-0.9932296013345212,-0.1161678054921756,60.7891,-17.63425,60,-18,60.5,-17.5
3346,2584,86.13333333333334,-0.1453999999999951,-0.01880000000000237,0.03333333333334565,4.398311039476915,-0.9917443220470846,-0.12823104026470544,58.3947,-17.7339,58,-18,58.5,-17.5
3346,2624,87.46666666666667,-0.30049999999999955,-0.025900000000000034,0.03333333333333144,9.048422735483188,-0.9963062362955676,-0.08587131953429375,61.50905,-17.27895,61,-18,61.5,-17.5
3346,2664,88.8,-0.37069999999999936,-0.053000000000000824,0.03333333333333144,11.234088347525757,-0.9899334646455712,-0.1415335139633563,57.69655,-17.5557,57,-18,57.5,-17.5
3346,2704,90.13333333333334,0.04480000000000217,0.008800000000000807,0.03333333333334565,1.369683175044069,0.9812488205210858,0.1927453040309359,48.012299999999996,-18.5171,48,-19,48.5,-18.5
3346,2744,91.46666666666668,-0.2832000000000008,-0.023500000000002075,0.03333333333334565,8.525200349548788,-0.9965748195520767,-0.08269600374108689,60.0921,-17.17355,60,-18,60.5,-17.5
3346,2784,92.8,-0.05339999999999634,-0.009499999999999176,0.03333333333331723,1.627153649783017,-0.9845413186482377,-0.17515248178198664,57.8382,-17.373350000000002,57,-18,57.5,-17.5
3346,2824,94.13333333333334,0.024699999999995725,0.008399999999998187,0.03333333333334565,0.78267809474862,0.9467493787948567,0.3219714486589658,60.69325,-17.078699999999998,60,-18,60.5,-17.5
3346,2864,95.46666666666668,-0.5370000000000061,-0.08689999999999998,0.03333333333334565,16.31957563785925,-0.9871580215983785,-0.15974680088807838,57.9619,-17.21385,57,-18,57.5,-17.5
3346,2904,96.8,-0.5457999999999998,-0.043600000000001415,0.03333333333331723,16.426160233002133,-0.996824563242149,-0.0796290783388771,53.6339,-17.570999999999998,53,-18,53.5,-17.5
3346,2944,98.13333333333334,-0.1110000000000042,0.00870000000000104,0.03333333333334565,3.340212717776012,-0.9969424947929915,0.07813873607837599,54.079,-17.47365,54,-18,54.5,-17.5
3346,2984,99.46666666666668,0.11969999999999459,0.01729999999999876,0.03333333333334565,3.6283111773921854,0.9897166545068795,0.1430417554132712,59.06635,-16.97015,59,-17,59.5,-16.5
3346,3024,100.8,-0.5643999999999991,-0.036000000000001364,0.03333333333331723,16.966408694838083,-0.997971951787275,-0.06365519182201154,56.7735,-17.0564,56,-18,56.5,-17.5
3346,3064,102.13333333333334,-0.13060000000000116,-0.03640000000000043,0.03333333333334565,4.067331803527723,-0.9632850697354921,-0.2684806779354672,58.6849,-16.565,58,-17,58.5,-16.5
3346,3104,103.46666666666668,0.048900000000003274,0.031099999999998573,0.03333333333334565,1.7385562976210964,0.8438035639150043,0.5366521643712407,55.55635,-16.81575,55,-17,55.5,-16.5
3346,3144,104.8,0.2143000000000015,0.019200000000001438,0.03333333333331723,6.454751505677107,0.9960104574666729,0.08923658788316108,57.971149999999994,-16.5997,57,-17,57.5,-16.5
3346,3184,106.13333333333334,-0.735199999999999,-0.09629999999999939,0.03333333333334565,22.244402824073138,-0.9915303267266214,-0.1298753678778199,56.7287,-16.65125,56,-17,56.5,-16.5
3346,3224,107.46666666666668,-0.3096999999999994,-0.03229999999999933,0.03333333333334565,9.34139400731685,-0.9946053011701649,-0.10373184122633425,52.26005000000001,-17.14365,52,-18,52.5,-17.5
3346,3264,108.8,0.5054000000000016,0.05039999999999978,0.03333333333331723,15.237204074246227,0.9950644439837909,0.09923080327816121,49.409400000000005,-17.357599999999998,49,-18,49.5,-17.5
3346,3304,110.13333333333334,-0.2032999999999987,-0.018599999999999284,0.03333333333334565,6.12447263035535,-0.995840845098827,-0.09110988548370677,49.40115,-17.2993,49,-18,49.5,-17.5
3346,3344,111.46666666666668,0.15740000000000265,0.03280000000000172,0.03333333333334565,4.8234365342547685,0.9789700696720982,0.20400392811465032,49.859700000000004,-17.0957,49,-18,49.5,-17.5
3346,3384,112.8,0.106899999999996,0.018799999999998818,0.03333333333331723,3.2562163625916254,0.9848854138946024,0.17320716352870022,49.57705,-16.9502,49,-17,49.5,-16.5
3346,3424,114.13333333333334,-0.4024999999999963,-0.05999999999999872,0.03333333333334565,12.208424345503683,-0.9890711248452471,-0.14743917388997294,45.868449999999996,-17.395699999999998,45,-18,45.5,-17.5
3346,3464,115.46666666666668,-0.11419999999999675,-0.012399999999999523,0.03333333333334565,3.446136967677075,-0.9941566548667936,-0.10794695727099927,44.5539,-17.4704,44,-18,44.5,-17.5
3346,3504,116.8,-0.03740000000000521,0.0146000000000015,0.03333333333331723,1.2044617054941147,-0.9315364655287337,0.36364792504596305,45.418,-17.1737,45,-18,45.5,-17.5
3346,3544,118.13333333333334,0.05299999999999727,0.009199999999999875,0.03333333333334565,1.6137769362578624,0.9852662807824807,0.17102735439998426,43.1655,-17.3625,43,-18,43.5,-17.5
3346,3584,119.46666666666668,-0.47279999999999944,-0.09140000000000015,0.03333333333334565,14.446605829738878,-0.9818223164084984,-0.18980236827355543,41.5078,-17.4066,41,-18,41.5,-17.5
3346,3624,120.8,0.05180000000000007,-0.01799999999999713,0.03333333333331723,1.6451492333531716,0.9445951579926662,-0.3282376996885185,41.299,-17.252299999999998,41,-18,41.5,-17.5
3346,3664,122.13333333333334,0.4111000000000047,0.03529999999999944,0.03333333333334565,12.378383173899982,0.9963336751442556,0.08555236860275181,37.85315,-17.56505,37,-18,37.5,-17.5
3346,3704,123.46666666666668,-0.11240000000000094,-0.0015999999999998238,0.03333333333334565,3.3723416197045912,-0.9998986995552844,-0.014233433445625138,35.958,-17.5419,35,-18,35.5,-17.5
3346,3744,124.8,0.05360000000000298,-0.012299999999999756,0.03333333333331723,1.6497954418663279,0.9746662884350192,-0.22366409230876552,34.8786,-17.53765,34,-18,34.5,-17.5
3346,3784,126.13333333333334,0.13289999999999935,0.006700000000002149,0.03333333333334565,3.992063376248941,0.9987316393120013,0.05034990205713008,33.46315,-17.80535,33,-18,33.5,-17.5
3347,2346,78.2,-0.23210000000000264,-0.021000000000000796,0.03333333333333144,6.9914425550101384,-0.9959318045187568,-0.0901101589611997,-60.12955,-30.6308,-61,-31,-60.5,-30.5
3363,2354,78.46666666666667,0.009999999999999787,0.00019999999999953388,0.03333333333333144,0.3000599940012101,0.9998000599800079,0.01999600119955398,-14.922899999999998,-19.4113,-15,-20,-14.5,-19.5
3363,2394,79.8,0.22560000000000002,0.009000000000000341,0.03333333333333144,6.773383497189956,0.999205198230426,0.03986190950387488,-17.4174,-20.0103,-18,-21,-17.5,-20.5
3363,2434,81.13333333333334,0.27300000000000324,0.03819999999999979,0.03333333333334565,8.269789356443793,0.9903517063122593,0.1385766856451562,-18.1875,-20.503700000000002,-19,-21,-18.5,-20.5
3363,2474,82.46666666666667,-0.13530000000000086,-0.03380000000000294,0.03333333333333144,4.183739595147191,-0.9701846655820495,-0.24236690093625954,-17.75405,-20.962600000000002,-18,-21,-17.5,-20.5
3363,2514,83.8,-0.08610000000000184,-0.023999999999997357,0.03333333333333144,2.681471424423723,-0.9632770934918005,-0.2685092943530798,-23.04515,-22.2432,-24,-23,-23.5,-22.5
3363,2554,85.13333333333334,0.10409999999999897,-0.02260000000000062,0.03333333333334565,3.195749207931105,0.9772356329615155,-0.21215682329424662,-27.08395,-23.436700000000002,-28,-24,-27.5,-23.5
3363,2594,86.46666666666667,0.03810000000000002,0.011700000000001154,0.03333333333333144,1.1956797230028569,0.9559416104586184,0.29355687250306906,-27.07035,-24.193150000000003,-28,-25,-27.5,-24.5
3363,2634,87.8,0.07970000000000255,-0.010500000000000398,0.03333333333333144,2.411660423857603,0.9914331123681405,-0.1306154037624283,-28.24935,-25.01995,-29,-26,-28.5,-25.5
3363,2674,89.13333333333334,-0.21410000000000196,-0.0622000000000007,0.03333333333334565,6.6885637471708215,-0.9602958486737206,-0.27898366084776066,-34.58255,-26.4122,-35,-27,-34.5,-26.5
3363,2714,90.46666666666668,0.19209999999999638,0.0,0.03333333333334565,5.762999999997763,1.0,0.0,-38.22195,-27.3646,-39,-28,-38.5,-27.5
3363,2754,91.8,-0.01950000000000074,-0.011400000000001853,0.03333333333331723,0.677634857427293,-0.8632967941190548,-0.5046965873312026,-34.612750000000005,-27.5227,-35,-28,-34.5,-27.5
3363,2794,93.13333333333334,-0.009700000000002262,-0.02990000000000137,0.03333333333334565,0.9430217388795742,-0.3085824939154681,-0.9511975843371925,-36.32115,-28.513550000000002,-37,-29,-36.5,-28.5
3368,2381,79.36666666666666,0.21659999999999968,0.047800000000002285,0.03333333333333144,6.654348953880095,0.9765042448234446,0.2154981666784993,-61.8922,-27.6324,-62,-28,-61.5,-27.5
3368,2421,80.7,0.0660000000000025,0.04479999999999862,0.03333333333333144,2.3930599658179976,0.8273925552565008,0.5616240375074044,-61.0494,-26.315199999999997,-62,-27,-61.5,-26.5
3368,2461,82.03333333333333,0.2609999999999957,0.05649999999999977,0.03333333333333144,8.01136224371394,0.9773618720267045,0.21157450486402105,-57.0394,-24.68355,-58,-25,-57.5,-24.5
3368,2501,83.36666666666666,-0.06349999999999767,0.051600000000000534,0.03333333333333144,2.454654558181348,-0.7760766147931837,0.6306386350130734,-58.53475,-23.549,-59,-24,-58.5,-23.5
3368,2541,84.7,-0.04639999999999844,0.05630000000000024,0.03333333333333144,2.188694816551736,-0.635995475236293,0.771692785685445,-60.7782,-22.73115,-61,-23,-60.5,-22.5
3368,2581,86.03333333333333,0.07019999999999982,0.0411999999999999,0.03333333333333144,2.441911546309704,0.8624391015238738,0.5061608402105927,-59.6806,-21.3759,-60,-22,-59.5,-21.5
3368,2621,87.36666666666666,0.17510000000000048,0.03450000000000131,0.03333333333333144,5.353992342168924,0.9811370028729441,0.19331368703094096,-57.36395,-20.41705,-58,-21,-57.5,-20.5
3368,2661,88.7,-0.004299999999993531,0.015799999999998704,0.03333333333333144,0.4912402670790949,-0.26260062263797057,0.9649046134153108,-56.519149999999996,-19.9103,-57,-20,-56.5,-19.5
3368,2701,90.03333333333333,0.16100000000000136,0.04129999999999967,0.03333333333333144,4.986383559254461,0.9686378800596062,0.24847667358050357,-59.116,-19.75325,-60,-20,-59.5,-19.5
3368,2741,91.36666666666666,0.003299999999995862,0.006800000000001916,0.03333333333334565,0.2267531697682766,0.4365980863729899,0.8996566628305729,-51.88845,-18.398699999999998,-52,-19,-51.5,-18.5
3368,2781,92.7,-0.054400000000001114,-0.010099999999997777,0.03333333333331723,1.6598894541513092,-0.9831980050956184,-0.1825422766813117,-50.4734,-18.294150000000002,-51,-19,-50.5,-18.5
3368,2821,94.03333333333332,0.29869999999999663,0.056699999999999307,0.03333333333331723,9.121015404004014,0.9824564045874168,0.18649239417511376,-47.74205,-17.87095,-48,-18,-47.5,-17.5
3368,2861,95.36666666666666,-0.415300000000002,-0.059600000000003206,0.03333333333334565,12.586644707779941,-0.9898587184473726,-0.14205533257757355,-45.86455,-17.4223,-46,-18,-45.5,-17.5
3368,2901,96.7,-0.11370000000000147,-0.006800000000001916,0.03333333333331723,3.4170948187036903,-0.9982163741349412,-0.05969983592013567,-45.881550000000004,-17.1533,-46,-18,-45.5,-17.5
3368,2941,98.03333333333332,0.1349000000000018,0.017900000000000915,0.03333333333331723,4.0824720452216905,0.9913111357954798,0.13153794907887145,-44.95465,-16.685450000000003,-45,-17,-44.5,-16.5
3368,2981,99.36666666666666,0.2972999999999999,0.09830000000000005,0.03333333333334565,9.393889609737531,0.9494469671808184,0.313927470144213,-39.62635,-15.20365,-40,-16,-39.5,-15.5
3368,3021,100.7,-0.4461999999999975,-0.07439999999999891,0.03333333333331723,13.570807639937124,-0.9863819718889193,-0.1644706828967614,-37.3792,-14.0491,-38,-15,-37.5,-14.5
3368,3061,102.03333333333332,-0.2469999999999999,-0.041100000000000136,0.03333333333331723,7.5118831859963375,-0.9864370646520846,-0.1641399326202463,-35.9392,-13.04725,-36,-14,-35.5,-13.5
3368,3105,103.5,-1.350999999999999,-0.19710000000000072,0.03333333333331723,40.95905844867066,-0.9895246994217702,-0.14436367006368006,-33.4073,-11.806049999999999,-34,-12,-33.5,-11.5
3368,3145,104.83333333333331,-0.1349000000000018,0.021000000000000796,0.03333333333331723,4.0957427897777805,-0.9880991575209692,0.15381825283870174,-32.30765,-10.895,-33,-11,-32.5,-10.5
3368,3185,106.16666666666669,0.01529999999999987,0.004199999999999093,0.03333333333334565,0.4759800415981978,0.9643261479171323,0.2647169817811187,-31.02395,-9.827300000000001,-32,-10,-31.5,-9.5
3389,2402,80.06666666666666,-0.35749999999999993,-0.08049999999999713,0.03333333333333144,10.993536737556903,-0.9755732168848901,-0.21967452855728914,-8.48875,-16.243949999999998,-9,-17,-8.5,-16.5
3389,2445,81.5,-0.3682999999999996,-0.0884999999999998,0.03333333333333144,11.363512925148385,-0.9723225619384193,-0.2336425379623948,-6.54945,-16.807850000000002,-7,-17,-6.5,-16.5
3395,2375,79.16666666666667,-0.16029999999999944,-0.007500000000000284,0.03333333333333144,4.814260690905975,-0.9989072692063278,-0.04673614796661116,11.74105,-17.98885,11,-18,11.5,-17.5
3395,2415,80.5,0.16140000000000043,0.03470000000000084,0.03333333333333144,4.952640204981881,0.9776603588384435,0.21019091977506021,8.6019,-18.09735,8,-19,8.5,-18.5
3395,2455,81.83333333333333,-0.06959999999999944,-0.023799999999997823,0.03333333333333144,2.2067034236617276,-0.9462078037361933,-0.3235595650706828,12.4531,-17.439700000000002,12,-18,12.5,-17.5
3423,2376,79.2,-0.3696999999999999,-0.06149999999999878,0.23333333333333428,1.6062016672629695,-0.9864443573443009,-0.16409609947707146,-4.21445,-21.183149999999998,-5,-22,-4.5,-21.5
3423,2416,80.53333333333333,0.2832000000000008,0.03640000000000043,0.03333333333333144,8.565890496615559,0.9918408370218289,0.127482367470321,-7.4836,-21.8222,-8,-22,-7.5,-21.5
3458,2408,80.26666666666667,0.35050000000000026,0.038899999999999935,0.03333333333333144,10.579561144017879,0.9938975593468943,0.11030703297744392,14.43155,10.179649999999999,14,10,14.5,10.5
3458,2464,82.13333333333334,-0.18629999999999924,-0.10309999999999953,0.03333333333334565,6.387767215543277,-0.874953612335507,-0.4842067494996818,29.138150000000003,11.452850000000002,29,11,29.5,11.5
3458,2525,84.16666666666667,0.10800000000000054,-0.03169999999999895,0.03333333333333144,3.376684912751165,0.9595209750738632,-0.28163717509111397,27.8637,8.961549999999999,27,8,27.5,8.5
3458,2584,86.13333333333334,-0.03790000000000049,-0.019899999999999807,0.03333333333334565,1.2842032549401237,-0.8853738655666369,-0.4648796813924981,34.96595000000001,8.55535,34,8,34.5,8.5
3458,2628,87.6,0.6003000000000043,0.11250000000000071,0.03333333333333144,18.322519095365763,0.9828888651318745,0.1841995624310108,43.24915,8.81785,43,8,43.5,8.5
3458,2668,88.93333333333334,-0.48579999999999757,-0.14830000000000076,0.03333333333333144,15.237948582405192,-0.9564279549301618,-0.2919684349858881,48.1747,8.51115,48,8,48.5,8.5
3460,2410,80.33333333333333,0.426400000000001,0.054700000000000415,0.03333333333333144,12.896826935336449,0.9918718816759127,0.1272406002056114,42.8595,-16.319049999999997,42,-17,42.5,-16.5
3460,2450,81.66666666666667,0.03340000000000032,0.028399999999999537,0.03333333333333144,1.315259670179312,0.7618267500465987,0.6477808293809234,46.9713,-15.9723,46,-16,46.5,-15.5
3460,2493,83.1,0.25039999999999907,0.024900000000002365,0.03333333333333144,7.549049807757674,0.9950921230219992,0.09895285089157439,48.6845,-15.98985,48,-16,48.5,-15.5
3460,2533,84.43333333333334,-0.6435999999999993,-0.09860000000000113,0.03333333333333144,19.5332697723664,-0.9884673802701477,-0.15143393986115256,41.6729,-16.936700000000002,41,-17,41.5,-16.5
3460,2573,85.76666666666667,0.3585999999999956,0.07039999999999935,0.03333333333333144,10.963352954275017,0.9812691468448561,0.19264179569960427,42.3979,-17.0091,42,-18,42.5,-17.5
3460,2643,88.1,-0.15159999999999485,-0.031800000000000495,0.03333333333333144,4.646979664255168,-0.9787002157516588,-0.20529463628564834,49.1191,-16.3412,49,-17,49.5,-16.5
3460,2683,89.43333333333334,-0.33370000000000033,-0.02430000000000021,0.03333333333333144,10.03750775840356,-0.9973591294730719,-0.07262759018937918,41.16575,-17.307949999999998,41,-18,41.5,-17.5
3460,2723,90.76666666666668,0.34620000000000317,0.03540000000000276,0.03333333333335986,10.440155171252421,0.994812800157443,0.10172262601263982,45.187200000000004,-16.8581,45,-17,45.5,-16.5
3460,2763,92.1,0.07840000000000202,0.009399999999999409,0.03333333333333144,2.3688452883210656,0.9928888186983243,0.1190453430582069,52.821,-16.1618,52,-17,52.5,-16.5
3460,2803,93.43333333333334,0.29460000000000264,0.035199999999999676,0.03333333333333144,8.900864003006136,0.9929373145141502,0.11864016792565327,55.7855,-15.8122,55,-16,55.5,-15.5
3460,2843,94.76666666666668,0.05819999999999936,0.017099999999999227,0.03333333333335986,1.8198035608259038,0.9594442156197248,0.28189855819753834,58.1627,-15.70135,58,-16,58.5,-15.5
3460,2883,96.1,-0.6403999999999996,-0.08370000000000033,0.03333333333333144,19.375398447516954,-0.9915667051721038,-0.12959733482652322,58.8113,-15.67375,58,-16,58.5,-15.5
3460,2923,97.43333333333334,-0.0012000000000043087,-0.009399999999999409,0.03333333333333144,0.28428858577158617,-0.1266318867583934,-0.9919497796037908,55.278999999999996,-16.1766,55,-17,55.5,-16.5
3460,2963,98.76666666666668,0.12409999999999854,0.014200000000000657,0.03333333333335986,3.7472930229670247,0.9935171808499789,0.11368206259524995,59.67365,-15.8,59,-16,59.5,-15.5
3460,3003,100.1,0.5434999999999945,0.060100000000000264,0.03333333333333144,16.404384596809027,0.9939415833479301,0.1099096396673624,69.56895,-14.92785,69,-15,69.5,-14.5
3460,3043,101.43333333333334,0.4341000000000008,0.031800000000000495,0.03333333333333144,13.057895887164213,0.9973276025888864,0.07305924386622212,66.38535,-15.2529,66,-16,66.5,-15.5
3460,3083,102.76666666666668,-0.2207000000000079,-0.023899999999999366,0.03333333333335986,6.659709453116744,-0.9941875162281052,-0.10766235449864174,67.53405000000001,-15.294049999999999,67,-16,67.5,-15.5
3460,3123,104.1,0.2867999999999995,0.03170000000000073,0.03333333333333144,8.656397460838331,0.9939469668444749,0.1098609443827428,70.8174,-15.08845,70,-16,70.5,-15.5
3460,3163,105.43333333333334,0.07049999999999557,0.02200000000000024,0.03333333333333144,2.2155868297135193,0.9546003666547619,0.2978894761192385,76.03575000000001,-14.492899999999999,76,-15,76.5,-14.5
3460,3224,107.46666666666668,-0.15699999999999648,-0.02370000000000161,0.03333333333334565,4.763362362867464,-0.988797332891301,-0.1492643107613118,73.56,-15.12195,73,-16,73.5,-15.5
3460,3269,108.96666666666668,0.18880000000000052,0.04320000000000057,0.03333333333334565,5.810379677781416,0.974807209528279,0.22304910726494753,72.6038,-15.320699999999999,72,-16,72.5,-15.5
3460,3309,110.3,0.3272000000000048,0.05450000000000088,0.03333333333331723,9.951235149472582,0.98641021466819,0.16430121240652942,76.3655,-14.96935,76,-15,76.5,-14.5
3460,3353,111.76666666666668,0.058000000000006935,0.019099999999999895,0.03333333333335986,1.8319194851290215,0.9498234033338402,0.31278667247713926,78.6668,-14.800450000000001,78,-15,78.5,-14.5
3460,3393,113.1,-0.6302000000000021,-0.12540000000000084,0.03333333333333144,19.276656349067512,-0.9807717509533596,-0.19515832683204015,80.9571,-14.801400000000001,80,-15,80.5,-14.5
3460,3433,114.43333333333334,0.17730000000000246,0.009100000000000108,0.03333333333333144,5.326001314307387,0.998685446380157,0.05125796707309312,79.14335,-15.24585,79,-16,79.5,-15.5
3460,3473,115.76666666666668,0.8932000000000073,0.08750000000000036,0.03333333333335986,26.924268625142968,0.9952359476519154,0.09749568452702892,80.4791,-15.27855,80,-16,80.5,-15.5
3460,3513,117.1,0.029799999999994498,0.026500000000000412,0.03333333333333144,1.1963532087138344,0.747270950993645,0.6645194698434751,82.1221,-15.179749999999999,82,-16,82.5,-15.5
3460,3553,118.43333333333334,1.2571999999999974,0.17210000000000036,0.03333333333333144,38.06774520509666,0.9907600199801827,0.13562663016114393,82.13900000000001,-15.22475,82,-16,82.5,-15.5
3460,3604,120.13333333333334,0.001300000000000523,-0.012900000000000134,0.03333333333334565,0.3889601522005725,0.10026734044440215,-0.9949605321017545,83.76785000000001,-15.257850000000001,83,-16,83.5,-15.5
3460,3644,121.46666666666668,0.05570000000000164,-0.01839999999999975,0.03333333333334565,1.759813910616082,0.9495322146956107,-0.31366952873246834,86.28955,-15.0251,86,-16,86.5,-15.5
3460,3684,122.8,1.6510999999999996,0.15300000000000047,0.03333333333331723,49.74521272446616,0.995734007096971,0.09227018538297926,86.88635,-15.0903,86,-16,86.5,-15.5
3460,3726,124.2,-0.03509999999999991,-0.039299999999999,0.03333333333331723,1.5807751263232663,-0.6661289025022077,-0.7458366344255317,83.04165,-15.47305,83,-16,83.5,-15.5
3460,3790,126.33333333333331,-0.13289999999999225,-0.026400000000000645,0.13333333333331154,1.0162256454647383,-0.98083531393687,-0.19483861766693386,87.43865,-14.8768,87,-15,87.5,-14.5
3486,2409,80.3,-0.018200000000000216,0.005899999999998684,0.03333333333333144,0.5739729958804948,-0.9512642649023135,0.3083768770836446,-16.806,-10.511050000000001,-17,-11,-16.5,-10.5
3486,2449,81.63333333333334,-0.16080000000000183,0.0036000000000004917,0.03333333333334565,4.825208803770395,-0.9997494815620873,0.022382451079751026,-16.8722,-10.0932,-17,-11,-16.5,-10.5
3486,2489,82.96666666666667,-0.6896999999999984,-0.12620000000000076,0.03333333333333144,21.034525832546084,-0.983668477469864,-0.1799897953555138,-16.931649999999998,-9.5784,-17,-10,-16.5,-9.5
3486,2529,84.3,0.13370000000000104,0.04139999999999944,0.03333333333333144,4.1988909249946245,0.955252249141336,0.2957923942741246,-24.47985,-10.5772,-25,-11,-24.5,-10.5
3486,2569,85.63333333333334,0.14170000000000016,0.035599999999998744,0.03333333333334565,4.383106774878495,0.9698600144451824,0.24366278415135664,-27.76545,-10.8514,-28,-11,-27.5,-10.5
3486,2609,86.96666666666667,-0.26069999999999993,-0.0495000000000001,0.03333333333333144,7.960732755218403,-0.9824472495793352,-0.18654061700873495,-27.78685,-10.481649999999998,-28,-11,-27.5,-10.5
3486,2649,88.3,-0.06820000000000093,-0.011400000000000077,0.03333333333333144,2.0743866563397972,-0.9863156387682609,-0.16486800999938558,-28.706400000000002,-10.405100000000001,-29,-11,-28.5,-10.5
3486,2689,89.63333333333334,-0.24950000000000472,-0.033799999999999386,0.03333333333334565,7.55337149887121,-0.9909482144650171,-0.13424468797160857,-35.80875,-11.4666,-36,-12,-35.5,-11.5
3486,2729,90.96666666666668,0.4112000000000009,0.07859999999999978,0.03333333333334565,12.559341543245173,0.9822170977291541,0.18774869620990062,-33.397000000000006,-10.8307,-34,-11,-33.5,-10.5
3486,2769,92.3,0.04800000000000182,-0.0005999999999986017,0.03333333333331723,1.4401124956065618,0.9999218841540819,-0.012499023551896419,-33.7384,-10.7996,-34,-11,-33.5,-10.5
3486,2809,93.63333333333334,-0.020400000000002194,-0.006999999999999673,0.03333333333334565,0.6470270473479196,-0.945864631947534,-0.3245613933152802,-34.4075,-10.884,-35,-11,-34.5,-10.5
3486,2849,94.96666666666668,-0.09600000000000364,-0.016500000000000625,0.03333333333334565,2.922229457108791,-0.9855488907597534,-0.1693912155993326,-36.5518,-11.26355,-37,-12,-36.5,-11.5
3486,2889,96.3,-0.02850000000000108,-0.00560000000000116,0.03333333333331723,0.871348954208818,-0.9812371907610571,-0.19280450064080173,-39.157849999999996,-11.66,-40,-12,-39.5,-11.5
3486,2929,97.63333333333334,0.23040000000000305,0.0666000000000011,0.03333333333334565,7.194980750492884,0.9606697001272781,0.27769358519304227,-41.6273,-12.0244,-42,-13,-41.5,-12.5
3486,2969,98.96666666666668,0.03849999999999909,0.0007999999999999119,0.03333333333334565,1.1552493237387982,0.9997841818782067,0.020774736246818082,-40.57985,-11.963999999999999,-41,-12,-40.5,-11.5
3486,3009,100.3,0.04339999999999833,0.007299999999998974,0.03333333333331723,1.3202897409286873,0.9861471763650579,0.16587268173880618,-38.028800000000004,-11.51565,-39,-12,-38.5,-11.5
3486,3049,101.63333333333334,0.16310000000000002,0.03450000000000131,0.03333333333334565,5.001267239408588,0.9783520387478437,0.20694754958186318,-42.71595,-12.10895,-43,-13,-42.5,-12.5
3495,2415,80.5,0.18219999999999992,0.02009999999999934,0.03333333333333144,5.499160390459928,0.9939699175682987,0.10965310287114247,-11.194700000000001,-21.65065,-12,-22,-11.5,-21.5
3495,2455,81.83333333333333,0.27149999999999963,0.01529999999999987,0.03333333333333144,8.157922897405157,0.9984159083669673,0.056264321907972335,-8.68735,-21.87375,-9,-22,-8.5,-21.5
3522,2436,81.2,0.2641999999999953,-0.00539999999999452,0.03333333333333144,7.9276553910979795,0.999791187808248,-0.020434793391972583,-46.091300000000004,-34.2104,-47,-35,-46.5,-34.5
3522,2476,82.53333333333333,0.08910000000000196,0.0175000000000054,0.03333333333333144,2.7240693823765443,0.9812525397823093,0.19272636864416762,-43.80925,-33.07715,-44,-34,-43.5,-33.5
3531,2412,80.4,0.22710000000000008,0.040800000000000836,0.03333333333334565,6.92207663927269,0.9842422086666371,0.17682554871686307,-51.675749999999994,-8.9224,-52,-9,-51.5,-8.5
3531,2452,81.73333333333333,0.3172999999999959,0.06300000000000061,0.03333333333333144,9.704816381570978,0.9808531790541223,0.1947486614573309,-49.988550000000004,-8.638200000000001,-50,-9,-49.5,-8.5
3531,2492,83.06666666666666,-0.07920000000000016,-0.017400000000000304,0.03333333333333144,2.432665205078723,-0.976706533656879,-0.21457946572765096,-50.2955,-8.6781,-51,-9,-50.5,-8.5
3531,2532,84.4,-0.015399999999999636,-0.0013999999999985135,0.03333333333334565,0.46390516272167864,-0.9958932064677123,-0.09053574604242531,-53.6169,-9.306799999999999,-54,-10,-53.5,-9.5
3531,2572,85.73333333333333,0.23930000000000007,0.036300000000000665,0.03333333333333144,7.261126772065481,0.9886895278593644,0.14997672319805921,-54.00675,-9.44535,-55,-10,-54.5,-9.5
3531,2612,87.06666666666666,0.05729999999999791,-0.003400000000000958,0.03333333333333144,1.7220235190031892,0.9982442057441211,-0.059232640480472804,-53.02395,-9.193100000000001,-54,-10,-53.5,-9.5
3531,2652,88.4,-0.22150000000000603,-0.04610000000000092,0.03333333333334565,6.78739375607224,-0.9790208493581024,-0.20376009550974353,-52.92465,-9.225249999999999,-53,-10,-52.5,-9.5
3531,2692,89.73333333333333,0.0033999999999991815,0.006800000000000139,0.03333333333333144,0.22807893370498428,0.44721359549986445,0.8944271909999626,-57.1792,-10.083400000000001,-58,-11,-57.5,-10.5
3531,2732,91.06666666666666,-0.12049999999999983,-0.026499999999998636,0.03333333333334565,3.701384875960587,-0.9766614716229667,-0.2147844730125089,-53.06555,-9.22035,-54,-10,-53.5,-9.5
3549,2426,80.86666666666666,0.5004999999999988,0.09700000000000131,0.03333333333333144,15.294388676898,0.9817326025381324,0.19026585903336735,-9.20585,-16.2503,-10,-17,-9.5,-16.5
3549,2473,82.43333333333334,-0.18369999999999997,-0.05840000000000245,0.03333333333333144,5.782786957860721,-0.9530006967503861,-0.3029681039206581,-6.90815,-16.823900000000002,-7,-17,-6.5,-16.5
3549,2529,84.3,-0.30630000000000024,-0.054000000000002046,0.03333333333333144,9.330708494000346,-0.9848126758979839,-0.17362025627976854,-15.31615,-18.9972,-16,-19,-15.5,-18.5
3549,2591,86.36666666666666,0.09410000000000096,-0.009299999999999642,0.03333333333333144,2.836753426013807,0.9951517019817461,-0.09835186852741538,-17.478949999999998,-20.46615,-18,-21,-17.5,-20.5
3550,2429,80.96666666666667,0.2916000000000025,0.06439999999999912,0.03333333333333144,8.958801705585985,0.9764698770535379,0.21565384115996725,-30.4194,-9.0626,-31,-10,-30.5,-9.5
3563,2454,81.8,0.12489999999999668,0.026499999999998636,0.03333333333333144,3.830409116530616,0.9782244888227369,0.20754963133548346,-45.05975,-34.22775,-46,-35,-45.5,-34.5
3563,2494,83.13333333333334,0.4066000000000045,0.0688999999999993,0.03333333333334565,12.37189124588032,0.9859446512720846,0.16707227366612193,-44.0065,-33.16515,-45,-34,-44.5,-33.5
3574,2439,81.3,0.09470000000000312,0.03249999999999886,0.03333333333333144,3.00364878106637,0.9458496006286159,0.3246051955694607,65.63985,23.48365,65,23,65.5,23.5
3574,2495,83.16666666666667,-1.5606000000000009,-0.3730000000000011,0.1666666666666714,9.627338622900664,-0.972605240842618,-0.2324629980996395,60.9684,22.840200000000003,60,22,60.5,22.5
3574,2608,86.93333333333334,-0.3100999999999985,-0.0882000000000005,0.03333333333333144,9.671976271683562,-0.9618509949447123,-0.2735738721513206,50.90235,21.2407,50,21,50.5,21.5
3574,2650,88.33333333333333,-0.4872999999999976,-0.11850000000000094,0.03333333333333144,15.045038584198574,-0.9716824532011987,-0.23629052063275913,50.76375,21.539450000000002,50,21,50.5,21.5
3574,2690,89.66666666666667,-0.3386999999999958,-0.06360000000000099,0.03333333333333144,10.338587185878431,-0.982822876793016,-0.18455132850321102,39.46925,19.2588,39,19,39.5,19.5
3574,2730,91.0,0.3616000000000028,0.09850000000000136,0.03333333333331723,11.24327038721938,0.9648438244744721,0.262823884708894,47.284099999999995,21.54535,47,21,47.5,21.5
3574,2770,92.33333333333331,0.20120000000000005,0.05030000000000001,0.03333333333331723,6.221766389060058,0.9701425001453319,0.24253562503633297,49.9128,22.54265,49,22,49.5,22.5
3574,2810,93.66666666666669,-0.030799999999999272,-0.006499999999999062,0.03333333333334565,0.944352158889516,-0.9784485494121051,-0.2064907652979843,50.5222,23.138550000000002,50,23,50.5,23.5
3580,2436,81.2,0.7094999999999985,0.06459999999999866,0.03333333333333144,21.373045384316427,0.9958805409930083,0.09067495834833987,35.919250000000005,-18.8014,35,-19,35.5,-18.5
3580,2483,82.76666666666667,-0.5951999999999984,-0.0619000000000014,0.03333333333333144,17.952303055598048,-0.9946356155364116,-0.10344076713996207,36.2351,-18.56805,36,-19,36.5,-18.5
3580,2523,84.1,-0.05570000000000164,0.011600000000001387,0.03333333333333144,1.7068523661994097,-0.9789950396945596,0.2038840657173773,27.54475,-19.4805,27,-20,27.5,-19.5
3580,2563,85.43333333333334,0.2787000000000006,0.04829999999999757,0.03333333333333144,8.485630324260436,0.9853127794285801,0.17075926532614968,24.95085,-19.68365,24,-20,24.5,-19.5
3580,2603,86.76666666666667,0.24990000000000023,0.03500000000000014,0.03333333333333144,7.570172323006037,0.9903341271660051,0.13870225870672384,23.93835,-19.651200000000003,23,-20,23.5,-19.5
3580,2643,88.1,-0.32209999999999894,-0.031800000000000495,0.03333333333333144,9.70997863025507,-0.9951618193980187,-0.09824944382756161,26.54965,-19.2875,26,-20,26.5,-19.5
3580,2683,89.43333333333334,-0.039400000000000546,0.016199999999997772,0.03333333333333144,1.2780140844294945,-0.9248724363845554,0.38027749922404896,18.302,-20.1021,18,-21,18.5,-20.5
3580,2723,90.76666666666668,0.1681999999999988,0.02419999999999689,0.03333333333335986,5.097959591832613,0.9898077670290074,0.14240991654042257,19.0365,-19.9825,19,-20,19.5,-19.5
3580,2763,92.1,0.03870000000000218,0.01180000000000092,0.03333333333333144,1.2137697475222962,0.9565240873486217,0.2916533392949349,22.91435,-19.4877,22,-20,22.5,-19.5
3580,2803,93.43333333333334,0.12369999999999948,0.029699999999998283,0.03333333333333144,3.8164645943597395,0.9723658921098318,0.23346214224462777,23.09815,-19.28315,23,-20,23.5,-19.5
3580,2843,94.76666666666668,-0.20479999999999876,-0.023399999999998755,0.03333333333335986,6.183974450136306,-0.9935357995956223,-0.11351922710222884,23.1661,-19.1423,23,-20,23.5,-19.5
3590,2450,81.66666666666667,-0.8337999999999965,-0.39839999999999876,0.2666666666666657,3.465342921342705,-0.9022916551036417,-0.4311261638202102,-67.8777,-27.598300000000002,-68,-28,-67.5,-27.5
3601,2481,82.7,0.1092000000000013,0.01770000000000138,0.03333333333333144,3.31875533897899,0.9871170560611682,0.1599997426033318,-30.3708,-8.38875,-31,-9,-30.5,-8.5
3601,2521,84.03333333333333,-0.16960000000000264,-0.03790000000000049,0.03333333333333144,5.213493358584427,-0.9759291227680527,-0.2180879348638508,-34.5009,-9.26075,-35,-10,-34.5,-9.5
3601,2561,85.36666666666666,0.012700000000002376,-0.0058000000000006935,0.03333333333333144,0.4188520025021744,0.9096291714592316,-0.41542119641442415,-35.325649999999996,-9.3089,-36,-10,-35.5,-9.5
3601,2601,86.7,-0.3100999999999985,-0.06130000000000102,0.03333333333333144,9.483023252107394,-0.9810162595491998,-0.19392549729238065,-34.189049999999995,-9.08955,-35,-10,-34.5,-9.5
3613,2461,82.03333333333333,0.5453000000000001,0.08730000000000082,0.03333333333333144,16.56731849153723,0.9874259379004087,0.15808231134917747,-3.57645,-15.33795,-4,-16,-3.5,-15.5
3613,2501,83.36666666666666,-0.06619999999999848,-0.00879999999999903,0.03333333333333144,2.003469989792775,-0.9912801340266073,-0.13177137733283056,-8.1372,-15.8975,-9,-16,-8.5,-15.5
3613,2541,84.7,-0.17270000000000074,-0.013300000000000978,0.03333333333333144,5.196341212815352,-0.9970476894825151,-0.07678479600531771,-14.708649999999999,-16.76575,-15,-17,-14.5,-16.5
3613,2581,86.03333333333333,0.19239999999999924,0.050499999999999545,0.03333333333333144,5.9675127984784195,0.9672371379701161,0.2538746126168951,-16.0019,-17.03285,-17,-18,-16.5,-17.5
3613,2621,87.36666666666666,0.13059999999999938,0.0146000000000015,0.03333333333333144,3.942406371748309,0.9938092704184421,0.11109965810192048,-15.499400000000001,-17.1025,-16,-18,-15.5,-17.5
3613,2661,88.7,0.046599999999997976,0.0074999999999967315,0.03333333333333144,1.4159904660696039,0.9872947830506785,0.158899374954446,-17.663,-17.516750000000002,-18,-18,-17.5,-17.5
3613,2701,90.03333333333333,0.15719999999999956,0.009100000000000108,0.03333333333333144,4.723895108911969,0.998328686660121,0.05779129165780683,-24.896099999999997,-18.65265,-25,-19,-24.5,-18.5
3613,2741,91.36666666666666,-0.07250000000000156,0.006199999999999761,0.03333333333334565,2.1829386157188844,-0.9963633353395845,0.08520624384972486,-18.623849999999997,-18.0137,-19,-19,-18.5,-18.5
3613,2781,92.7,-0.01810000000000045,0.013199999999997658,0.03333333333331723,0.6720602651551388,-0.8079632559067145,0.5892328717108549,-20.608150000000002,-18.5991,-21,-19,-20.5,-18.5
3613,2821,94.03333333333332,0.19260000000000232,0.00590000000000046,0.03333333333331723,5.78071042347159,0.9995311262335986,0.030619073960428976,-20.4,-19.094050000000003,-21,-20,-20.5,-19.5
3613,2861,95.36666666666666,-0.536999999999999,-0.09070000000000178,0.03333333333334565,16.33817434720912,-0.9860342812871209,-0.16654247544272585,-21.5672,-19.76515,-22,-20,-21.5,-19.5
3613,2901,96.7,-0.13589999999999947,-0.01910000000000167,0.03333333333331723,4.117069103138337,-0.9902675660445341,-0.13917667778846454,-25.87295,-20.49905,-26,-21,-25.5,-20.5
3613,2941,98.03333333333332,-0.06300000000000239,-0.03190000000000026,0.03333333333331723,2.118477991390192,-0.8921499339064292,-0.4517394109780039,-29.2624,-21.23525,-30,-22,-29.5,-21.5
3613,2981,99.36666666666666,0.006999999999997897,0.00019999999999953388,0.03333333333334565,0.21008569679999808,0.9995920864606963,0.028559773898819057,-27.1204,-21.3213,-28,-22,-27.5,-21.5
3613,3021,100.7,-0.30519999999999925,-0.04019999999999868,0.03333333333331723,9.23508375706912,-0.9914365955799608,-0.13058896180312324,-28.1932,-21.7317,-29,-22,-28.5,-21.5
3613,3061,102.03333333333332,0.046100000000002694,-0.009499999999999176,0.03333333333331723,1.4120601970178666,0.9794200013012974,-0.20183275514882806,-28.75385,-21.863349999999997,-29,-22,-28.5,-21.5
3613,3101,103.36666666666666,-0.2757000000000005,-0.04980000000000118,0.03333333333334565,8.404848422187525,-0.9840748559084983,-0.1777545441575781,-31.47375,-22.5287,-32,-23,-31.5,-22.5
3613,3141,104.7,0.0058000000000006935,-0.029699999999998283,0.03333333333331723,0.9078309313967617,0.19166564387974053,-0.9814602798667731,-32.862399999999994,-23.24625,-33,-24,-32.5,-23.5
3613,3183,106.1,0.0033999999999991815,0.03900000000000148,0.03333333333333144,1.1744377378133997,0.08685007022159186,0.996221393718537,-35.6139,-23.1357,-36,-24,-35.5,-23.5
3613,3223,107.43333333333334,0.06179999999999808,0.07949999999999946,0.03333333333333144,3.0208510390286953,0.6137343338174566,0.7895126138914075,-37.920100000000005,-22.161250000000003,-38,-23,-37.5,-22.5
3613,3263,108.76666666666668,0.10409999999999542,0.027599999999999625,0.03333333333335986,3.230899719889571,0.966603816507223,0.2562753634543724,-40.14505,-21.1979,-41,-22,-40.5,-21.5
3613,3306,110.2,0.06510000000000105,0.047399999999999665,0.03333333333331723,2.4158420892114894,0.8084137654205775,0.5886146310435405,-40.48195,-20.028799999999997,-41,-21,-40.5,-20.5
3630,2468,82.26666666666667,-0.13119999999999976,-0.019899999999999807,0.03333333333333144,3.981018085867199,-0.9886918157878261,-0.1499616397422072,-18.3264,-10.84895,-19,-11,-18.5,-10.5
3630,2508,83.6,-0.037700000000000955,0.017199999999998994,0.03333333333333144,1.243148020148932,-0.9097870741608038,0.41507526990887306,-22.90765,-11.4733,-23,-12,-22.5,-11.5
3630,2548,84.93333333333334,0.19549999999999912,0.05489999999999995,0.03333333333333144,6.091866216522151,0.9627591597618239,0.2703605006185387,-28.136049999999997,-12.04885,-29,-13,-28.5,-12.5
3630,2588,86.26666666666667,-0.01710000000000278,-0.012399999999999523,0.03333333333333144,0.6336820969540804,-0.8095541951807531,-0.5870451473824164,-29.57475,-12.0839,-30,-13,-29.5,-12.5
3630,2628,87.6,0.06640000000000157,0.01699999999999946,0.03333333333333144,2.05624998480259,0.9687538065520774,0.2480243179425362,-30.084,-12.1036,-31,-13,-30.5,-12.5
3630,2668,88.93333333333334,-0.09720000000000084,-0.04150000000000098,0.03333333333333144,3.1706593951418625,-0.9196825128767016,-0.3926628012796676,-32.2829,-12.33575,-33,-13,-32.5,-12.5
3630,2708,90.26666666666668,0.11129999999999995,0.01279999999999859,0.03333333333335986,3.361008330840907,0.9934518666194263,0.11425142760761242,-38.22435,-13.2737,-39,-14,-38.5,-13.5
3630,2748,91.6,-0.10170000000000101,-0.01670000000000016,0.03333333333333144,3.091860604878764,-0.9867844608472696,-0.16203835296115432,-33.47525,-12.51705,-34,-13,-33.5,-12.5
3630,2788,92.93333333333334,0.0009999999999976694,-0.029799999999999827,0.03333333333333144,0.8945032140803506,0.033538169039196965,-0.9994374373703929,-34.554500000000004,-13.206700000000001,-35,-14,-34.5,-13.5
3630,2828,94.26666666666668,-0.04749999999999943,-0.016799999999999926,0.03333333333335986,1.5115028944716953,-0.9427702753403717,-0.33344296054143924,-34.78905,-13.5478,-35,-14,-34.5,-13.5
3630,2868,95.6,0.007999999999995566,-0.04690000000000083,0.03333333333333144,1.4273223181889358,0.1681470239352844,-0.9857619278211686,-38.0856,-14.92075,-39,-15,-38.5,-14.5
3630,2908,96.93333333333334,0.05250000000000199,-0.013500000000000512,0.03333333333333144,1.6262379899634927,0.9684929325968497,-0.24904103981061848,-38.88395,-16.04985,-39,-17,-38.5,-16.5
3630,2960,98.66666666666669,0.03459999999999752,-0.01670000000000016,0.03333333333334565,1.1525818842923348,0.9005867731791187,-0.43467627491596833,-40.2279,-17.64905,-41,-18,-40.5,-17.5
3630,3001,100.03333333333332,-0.1402000000000001,-0.02949999999999875,0.03333333333331723,4.298099696379531,-0.9785719962580033,-0.20590494928395045,-37.419700000000006,-18.23105,-38,-19,-37.5,-18.5
3630,3041,101.36666666666666,-0.26610000000000156,-0.07090000000000174,0.03333333333334565,8.26150216364739,-0.9662891616883222,-0.2574592317313165,-37.23625,-19.12395,-38,-20,-37.5,-19.5
3630,3081,102.7,0.08979999999999677,0.009499999999999176,0.03333333333331723,2.7090332223888574,0.994450705785588,0.10520358246060808,-41.7468,-20.876849999999997,-42,-21,-41.5,-20.5
3630,3121,104.03333333333332,0.15579999999999927,-0.0002999999999993008,0.03333333333331723,4.674008664949276,0.9999981461422817,-0.0019255420015531883,-42.6202,-21.99295,-43,-22,-42.5,-21.5
3630,3161,105.36666666666666,0.18560000000000088,0.04269999999999996,0.03333333333334565,5.71345648447384,0.974541420789474,0.2242075359251633,-42.4349,-22.71445,-43,-23,-42.5,-22.5
3630,3201,106.7,-0.154200000000003,-0.0669000000000004,0.03333333333331723,5.042610930859673,-0.9173819006523427,-0.3980081008666725,-44.5657,-23.981050000000003,-45,-24,-44.5,-23.5
3630,3241,108.03333333333332,-0.22090000000000032,-0.028900000000000148,0.03333333333331723,6.683473498117824,-0.9915502772427367,-0.12972296519834856,-48.38765,-25.24595,-49,-26,-48.5,-25.5
3630,3281,109.36666666666666,-0.040300000000002,-0.020100000000002893,0.03333333333334565,1.351032938162094,-0.8948708546249817,-0.4463251657062985,-49.40325,-26.140349999999998,-50,-27,-49.5,-26.5
3630,3321,110.7,-0.21760000000000446,-0.03480000000000061,0.03333333333331723,6.6109545453016105,-0.9874519564867863,-0.15791970627637894,-50.2663,-26.816699999999997,-51,-27,-50.5,-26.5
3630,3361,112.03333333333332,0.09100000000000108,0.004899999999999238,0.03333333333331723,2.7339548277188843,0.9985534407235132,0.05376826219279556,-51.7773,-27.71865,-52,-28,-51.5,-27.5
3630,3401,113.36666666666666,0.040300000000002,0.012599999999999056,0.03333333333334565,1.2667142534916618,0.9544378273687529,0.29840984180756297,-53.14365,-28.8807,-54,-29,-53.5,-28.5
3630,3441,114.7,0.24289999999999878,0.0024999999999977263,0.03333333333331723,7.28738595108361,0.9999470384740542,0.010291756262589026,-55.030950000000004,-29.72155,-56,-30,-55.5,-29.5
3630,3481,116.03333333333332,0.017899999999997362,-0.0367999999999995,0.03333333333331723,1.227674631163053,0.4374123129769706,-0.8992610680198141,-55.55015,-30.7098,-56,-31,-55.5,-30.5
3630,3522,117.4,0.11930000000000263,-0.002700000000000813,0.03333333333334565,3.5799164794714273,0.999743994174745,-0.0226262261883702,-57.39465,-31.867150000000002,-58,-32,-57.5,-31.5
3630,3562,118.73333333333332,-0.13389999999999702,-0.04669999999999419,0.03333333333331723,4.254302528031626,-0.9442205798797366,-0.3293136749841613,-58.85815,-33.092150000000004,-59,-34,-58.5,-33.5
3630,3603,120.1,0.5564999999999998,0.05619999999999692,0.03333333333333144,16.779917192883623,0.9949393556650747,0.10047725388746478,-60.80095,-34.3124,-61,-35,-60.5,-34.5
3630,3644,121.46666666666668,0.04820000000000135,-0.07059999999999889,0.03333333333334565,2.5645350455774856,0.5638448975353714,-0.8258807005393252,-61.4811,-35.5393,-62,-36,-61.5,-35.5
3640,2480,82.66666666666667,0.14519999999999994,0.038699999999998624,0.03333333333333144,4.508065771481401,0.9662680672400251,0.25753838982222904,0.5306,-20.33925,0,-21,0.5,-20.5
3640,2520,84.0,-0.19899999999999984,0.00999999999999801,0.03333333333333144,5.977532935919631,-0.9987397918171174,0.05018792923703113,-6.8365,-21.1204,-7,-22,-6.5,-21.5
3640,2560,85.33333333333333,-0.11289999999999978,-0.05069999999999908,0.03333333333333144,3.7128439234637156,-0.9122387231511877,-0.40965901916531855,-10.17605,-21.34855,-11,-22,-10.5,-21.5
3646,2483,82.76666666666667,-0.9490999999999872,-0.3119000000000014,0.03333333333333144,29.97107235318885,-0.9500160576327118,-0.3122010413819915,73.97045,21.53415,73,21,73.5,21.5
3652,2510,83.66666666666667,-0.04740000000000322,-0.0029000000000003467,0.03333333333333144,1.4246589065458817,-0.9981336539339435,-0.06106724886937944,-37.8006,-26.82985,-38,-27,-37.5,-26.5
3652,2550,85.0,-0.21039999999999992,-0.018199999999996663,0.03333333333333144,6.33557100820474,-0.9962795763517039,-0.08618007742204228,-37.1943,-26.234,-38,-27,-37.5,-26.5
3652,2590,86.33333333333333,0.05190000000000339,0.021399999999999864,0.03333333333333144,1.684165371927779,0.9244935360581431,0.3811977200701897,-35.80135,-25.3596,-36,-26,-35.5,-25.5
3652,2630,87.66666666666667,0.6009999999999991,0.10350000000000037,0.03333333333333144,18.295407210555254,0.9854932329464012,0.16971472480857414,-32.1667,-24.48035,-33,-25,-32.5,-24.5
3652,2670,89.0,-0.3064999999999998,-0.03690000000000282,0.03333333333333144,9.261396978858524,-0.9928307814674636,-0.1195284040331231,-32.96065,-23.97645,-33,-24,-32.5,-23.5
3652,2718,90.6,0.25629999999999953,0.03529999999999944,0.03333333333333144,7.761585018538842,0.9906481706552145,0.13644120337155125,-30.05455,-23.19275,-31,-24,-30.5,-23.5
3652,2758,91.93333333333334,0.023999999999997357,0.014099999999999113,0.03333333333333144,0.8350622731269463,0.8622111466057181,0.5065490486308832,-23.539,-22.16285,-24,-23,-23.5,-22.5
3652,2798,93.26666666666668,0.11660000000000181,0.009799999999998477,0.03333333333335986,3.5103333175043,0.9964865679718992,0.08375273041271819,-22.3423,-21.7833,-23,-22,-22.5,-21.5
3652,2838,94.6,0.0586999999999982,-0.0020999999999986585,0.03333333333333144,1.7621265561815238,0.999360683727553,-0.035752256146960565,-19.68455,-21.27715,-20,-22,-19.5,-21.5
3664,2491,83.03333333333333,-0.5769000000000091,0.009399999999999409,0.03333333333333144,17.309297299429677,-0.9998672794516911,0.016291822546100117,71.78325000000001,20.7098,71,20,71.5,20.5
3677,2538,84.6,-0.4912999999999954,-0.14199999999999946,0.03333333333333144,15.34228539038505,-0.9606782578322767,-0.27766397844938745,61.77845,18.470399999999998,61,18,61.5,18.5
3677,2578,85.93333333333334,0.40510000000000446,0.09759999999999991,0.03333333333333144,12.500743697877379,0.9721821592154072,0.2342260645258519,58.51645,17.7204,58,17,58.5,17.5
3684,2532,84.4,0.0004000000000008441,-0.00590000000000046,0.03333333333334565,0.1774063133036202,0.06764133573692846,-0.9977097021176671,-11.8838,-12.42775,-12,-13,-11.5,-12.5
3684,2572,85.73333333333333,0.20589999999999975,0.017000000000001236,0.03333333333333144,6.198018150990227,0.9966088916686174,0.08228436696633196,-14.55825,-12.660499999999999,-15,-13,-14.5,-12.5
3684,2612,87.06666666666666,0.016799999999999926,-0.008899999999998798,0.03333333333333144,0.5703551525146551,0.8836599402634069,-0.4681293731156722,-14.5302,-12.265550000000001,-15,-13,-14.5,-12.5
3684,2652,88.4,-0.47580000000000133,-0.056400000000000006,0.03333333333334565,14.37393265602175,-0.9930476468466604,-0.11771308802469839,-16.0695,-12.1922,-17,-13,-16.5,-12.5
3684,2692,89.73333333333333,-0.1311,-0.000700000000000145,0.03333333333333144,3.9330560636738645,-0.9999857455188196,-0.005339359434502812,-22.91095,-12.87105,-23,-13,-22.5,-12.5
3684,2732,91.06666666666666,0.36089999999999733,0.0760999999999985,0.03333333333334565,11.065081020937333,0.9784835718336886,0.20632474318798225,-18.443649999999998,-11.794550000000001,-19,-12,-18.5,-11.5
3684,2772,92.4,0.08639999999999759,0.0024999999999995026,0.03333333333334565,2.5930848424212143,0.9995816402130401,0.028923079867270517,-18.0364,-11.475349999999999,-19,-12,-18.5,-11.5
3709,2548,84.93333333333334,0.5572000000000017,0.09970000000000034,0.03333333333333144,16.981482179127788,0.9843663717733018,0.17613303529396668,61.8074,-13.51765,61,-14,61.5,-13.5
3709,2588,86.26666666666667,-0.46289999999999765,-0.06730000000000125,0.03333333333333144,14.033001460842957,-0.9895958493805026,-0.14387513645130567,63.56075,-13.60625,63,-14,63.5,-13.5
3720,2525,84.16666666666667,0.09969999999999857,0.03190000000000026,0.03333333333333144,3.1403709971913956,0.9524352385992423,0.3047410643060834,-53.02745,-8.04085,-54,-9,-53.5,-8.5
3720,2565,85.5,-0.46869999999999834,-0.125,0.03333333333333144,14.55246443046753,-0.9662280960853726,-0.2576883123760871,-53.87265,-8.2571,-54,-9,-53.5,-8.5
3720,2605,86.83333333333333,0.5142999999999986,0.10909999999999975,0.03333333333333144,15.772335591155388,0.9782317850663106,0.20751523964754914,-55.81585,-8.710550000000001,-56,-9,-55.5,-8.5
3732,2530,84.33333333333333,-0.13319999999999999,0.013300000000000978,0.03333333333333144,4.015870640347103,-0.9950519720064591,0.09935578999764925,-3.8286,-16.06625,-4,-17,-3.5,-16.5
3732,2570,85.66666666666667,0.19459999999999944,0.03880000000000017,0.03333333333333144,5.952910212661018,0.9806968006310083,0.19553461389765361,-4.497,-15.183399999999999,-5,-16,-4.5,-15.5
3732,2610,87.0,0.1705000000000001,0.0495000000000001,0.03333333333333144,5.326204089218067,0.960346226753624,0.27881019486395575,-1.38395,-14.03575,-2,-15,-1.5,-14.5
3732,2650,88.33333333333333,-0.2236,-0.022199999999999775,0.03333333333333144,6.740980640827057,-0.9951074416937312,-0.09879868159928716,0.20379999999999998,-13.191500000000001,0,-14,0.5,-13.5
3732,2690,89.66666666666667,-0.12399999999999967,-0.0022999999999999687,0.03333333333333144,3.7206398643246166,-0.99982802304234,-0.018545197201591587,-5.858499999999999,-13.01145,-6,-14,-5.5,-13.5
3732,2730,91.0,0.21030000000000004,0.057800000000000296,0.03333333333331723,6.5429532322981965,0.9642434808886795,0.26501794196560124,0.71305,-10.6806,0,-11,0.5,-10.5
3750,2537,84.56666666666666,0.09939999999999571,0.022700000000000387,0.03333333333333144,3.058771812345653,0.9749010985272749,0.22263837964356611,-51.602000000000004,-30.06675,-52,-31,-51.5,-30.5
3750,2577,85.9,0.12419999999999476,0.03989999999999938,0.03333333333334565,3.9135514561568585,0.9520764047031159,0.30586029426453576,-51.521100000000004,-29.33645,-52,-30,-51.5,-29.5
3750,2617,87.23333333333333,0.1501000000000019,0.03640000000000043,0.03333333333333144,4.633516267372219,0.9718321335589214,0.23567414831142378,-48.839349999999996,-28.211,-49,-29,-48.5,-28.5
3750,2657,88.56666666666666,0.013399999999997192,0.014700000000001268,0.03333333333333144,0.5967285815175994,0.6736731111112068,0.7390294577117663,-47.337199999999996,-27.098750000000003,-48,-28,-47.5,-27.5
3750,2697,89.9,-0.18030000000000257,0.012599999999999056,0.03333333333334565,5.422191899958825,-0.9975670540246194,0.06971350460737152,-51.15045,-26.3686,-52,-27,-51.5,-26.5
3750,2737,91.23333333333332,0.4538000000000011,0.09149999999999991,0.03333333333331723,13.887981170788908,0.9802720663706996,0.19765291774552382,-44.0513,-24.395650000000003,-45,-25,-44.5,-24.5
3750,2777,92.56666666666666,-0.044899999999998386,0.005099999999998772,0.03333333333334565,1.355661462164688,-0.9936108959301655,0.11286003494972842,-42.68345,-23.04975,-43,-24,-42.5,-23.5
3750,2817,93.9,0.09660000000000224,0.04380000000000095,0.03333333333334565,3.1819805153383616,0.9107535341682733,0.4129503602129432,-40.6339,-21.5895,-41,-22,-40.5,-21.5
3750,2857,95.23333333333332,0.2195999999999998,0.0522999999999989,0.03333333333331723,6.772259962526848,0.9727919537136434,0.23168041520593136,-38.3655,-20.034950000000002,-39,-21,-38.5,-20.5
3750,2897,96.56666666666666,0.029299999999999216,0.04139999999999944,0.03333333333334565,1.5215797711583203,0.5776890680733109,0.8162569084721975,-39.066649999999996,-18.8512,-40,-19,-39.5,-18.5
3750,2937,97.9,-0.09720000000000084,0.016799999999999926,0.03333333333334565,2.9592350362878705,-0.9853897930516673,0.17031428521880446,-38.3825,-17.4724,-39,-18,-38.5,-17.5
3767,2547,84.9,0.06379999999998631,0.02559999999999718,0.03333333333334565,2.0623336296523793,0.9280748626115846,0.37239367527992234,-64.3232,-35.6732,-65,-36,-64.5,-35.5
3767,2587,86.23333333333333,-0.12570000000000192,0.03450000000000131,0.03333333333333144,3.910455983642094,-0.9643376669561855,0.26467501599036714,-63.266850000000005,-34.048950000000005,-64,-35,-63.5,-34.5
3767,2627,87.56666666666666,-0.11820000000000164,0.028100000000002012,0.03333333333333144,3.6448271563960284,-0.9728856397971154,0.23128668763367616,-61.7776,-32.39005,-62,-33,-61.5,-32.5
3767,2667,88.9,-0.3417999999999992,0.0057000000000009265,0.03333333333334565,10.25542573469877,-0.99986097752161,0.01667410056136371,-61.665499999999994,-30.552149999999997,-62,-31,-61.5,-30.5
3767,2707,90.23333333333332,0.1180000000000021,0.05409999999999826,0.03333333333331723,3.8943200947039442,0.9090161861157674,0.4167608107530556,-63.3742,-29.03745,-64,-30,-63.5,-29.5
3767,2747,91.56666666666666,-0.11379999999999768,0.03850000000000264,0.03333333333334565,3.604083933538467,-0.9472587384075779,0.3204697840834358,-59.7851,-26.912950000000002,-60,-27,-59.5,-26.5
3767,2787,92.9,0.08019999999999783,0.06109999999999971,0.03333333333334565,3.0246859341083483,0.7954544876436284,0.6060133316088128,-59.6185,-25.20055,-60,-26,-59.5,-25.5
3767,2827,94.23333333333332,-0.15879999999999939,0.0686,0.03333333333331723,5.1895144281547045,-0.9180049628836419,0.39656889454545385,-57.9672,-23.090000000000003,-58,-24,-57.5,-23.5
3767,2868,95.6,0.17790000000000106,0.07629999999999981,0.03333333333333144,5.807158513421529,0.9190381126441509,0.3941686790036432,-56.81075,-20.931849999999997,-57,-21,-56.5,-20.5
3767,2908,96.93333333333334,-0.2809999999999988,-0.014699999999997715,0.03333333333333144,8.441527172260209,-0.9986344683817824,-0.05224173197583623,-57.272400000000005,-19.17155,-58,-20,-57.5,-19.5
3767,2948,98.26666666666668,0.026899999999997704,0.015399999999999636,0.03333333333335986,0.9298887030169269,0.8678457942128575,0.49683365170553273,-58.54925,-17.6798,-59,-18,-58.5,-17.5
3767,2988,99.6,-0.029299999999999216,0.08469999999999978,0.03333333333333144,2.6887398535374794,-0.32691894637689006,0.9450523808233193,-55.14045,-15.167850000000001,-56,-16,-55.5,-15.5
3767,3028,100.93333333333334,-0.11410000000000053,0.024399999999999977,0.03333333333333144,3.5003932636207464,-0.977890123254185,0.20911936027521455,-56.417550000000006,-13.4183,-57,-14,-56.5,-13.5
3767,3068,102.26666666666668,-0.0362000000000009,0.08269999999999911,0.03333333333335986,2.7082756506656134,-0.4009931558230626,0.9160810493526547,-54.4007,-11.38485,-55,-12,-54.5,-11.5
3767,3133,104.43333333333334,-0.12140000000000128,-0.02620000000000111,0.03333333333333144,3.7258502385364216,-0.9774950056583289,-0.21095855970551097,-53.459,-9.406500000000001,-54,-10,-53.5,-9.5
3767,3182,106.06666666666666,-0.18490000000000606,-0.01869999999999905,0.03333333333334565,5.575296404674734,-0.9949246815554279,-0.10062245292095699,-52.418350000000004,-8.99635,-53,-9,-52.5,-8.5
3767,3222,107.4,0.10970000000000368,-0.003400000000000958,0.03333333333334565,3.292580295147367,0.9995200435504029,-0.03097874337349328,-54.53895,-9.652000000000001,-55,-10,-54.5,-9.5
3767,3262,108.73333333333332,0.08899999999999864,-0.017099999999999227,0.03333333333331723,2.71883596415946,0.982037914459724,-0.1886836891827054,-55.2753,-9.76965,-56,-10,-55.5,-9.5
3767,3306,110.2,-0.010199999999997544,0.016899999999999693,0.03333333333331723,0.5921866259890411,-0.5167289948316681,0.8561490208487387,-54.5407,-9.87185,-55,-10,-54.5,-9.5
3767,3355,111.83333333333331,-0.22170000000000556,-0.07189999999999941,0.03333333333331723,6.992027602923875,-0.9512262218790604,-0.30849420547181855,-53.90935,-10.90165,-54,-11,-53.5,-10.5
3767,3397,113.23333333333332,-0.11639999999999873,-0.15700000000000003,0.03333333333331723,5.863289520400042,-0.5955701126222734,-0.8033033305987799,-54.3754,-12.7401,-55,-13,-54.5,-12.5
3767,3443,114.76666666666668,0.30510000000000304,0.04529999999999923,0.03333333333335986,9.253339397204952,0.9891564123064097,0.14686589799239316,-54.185249999999996,-14.16105,-55,-15,-54.5,-14.5
3767,3492,116.4,0.22979999999999734,0.016600000000000392,0.03333333333334565,6.911963541567881,0.9974010942820405,0.07204899114483226,-52.1513,-14.9467,-53,-15,-52.5,-14.5
3774,2562,85.4,0.06989999999999696,0.03920000000000101,0.03333333333334565,2.404243124144357,0.8722079638869438,0.48913522438298374,50.50305,21.3458,50,21,50.5,21.5
3774,2602,86.73333333333333,-0.4283000000000001,-0.12650000000000006,0.03333333333333144,13.397717193612518,-0.9590439784866193,-0.28325721054998215,50.44265,21.87335,50,21,50.5,21.5
3774,2642,88.06666666666666,0.22439999999999571,0.06379999999999697,0.03333333333333144,6.998801325941714,0.9618789970573196,0.27347540112413216,52.5269,22.636499999999998,52,22,52.5,22.5
3774,2682,89.4,-0.9049000000000049,-0.2146000000000008,0.03333333333334565,27.899954354791213,-0.97301234456422,-0.23075306569066334,42.849450000000004,20.700899999999997,42,20,42.5,20.5
3774,2722,90.73333333333332,0.3567999999999998,0.12509999999999977,0.03333333333331723,11.342866701152937,0.943676786655455,0.3308687388189385,43.5034,21.160449999999997,43,21,43.5,21.5
3782,2536,84.53333333333333,0.11430000000000007,0.02919999999999945,0.03333333333333144,3.5391265871682815,0.9688831172167258,0.24751869661179215,-13.82295,-10.8842,-14,-11,-13.5,-10.5
3782,2643,88.1,-0.3852999999999991,-0.07510000000000083,0.03333333333333144,11.776522831464948,-0.9815291122364971,-0.1913128376043652,-14.97605,-9.55375,-15,-10,-14.5,-9.5
3782,2687,89.56666666666666,-0.27020000000000266,-0.03399999999999892,0.03333333333333144,8.16992264345317,-0.9921758569521032,-0.12484818333223577,-22.6251,-10.1927,-23,-11,-22.5,-10.5
3783,2565,85.5,-0.6557999999999993,-0.15230000000000032,0.03333333333333144,20.197575027711757,-0.9740773322048664,-0.2262152755333968,-55.131,-7.03195,-56,-8,-55.5,-7.5
3783,2605,86.83333333333333,0.7267999999999972,0.17630000000000035,0.03333333333333144,22.43630845304222,0.971817625240603,0.23573396715729128,-53.0037,-6.81875,-54,-7,-53.5,-6.5
3783,2645,88.16666666666667,-0.9393999999999991,-0.22799999999999976,0.03333333333333144,29.000184895963923,-0.9717869076042954,-0.2358605651839252,-51.4644,-6.9299,-52,-7,-51.5,-6.5
3783,2685,89.5,-0.08190000000000452,0.005700000000000038,0.03333333333333144,2.4629433611030027,-0.9975868868133184,0.06942912399066714,-54.38445,-7.496449999999999,-55,-8,-54.5,-7.5
3790,2551,85.03333333333333,0.32270000000000465,0.07260000000000133,0.03333333333333144,9.92297561218479,0.9756146118219854,0.21949061300984324,-62.48365,-35.8888,-63,-36,-62.5,-35.5
3790,2592,86.4,0.07289999999999708,0.021499999999996078,0.03333333333334565,2.2801302594359876,0.9591557284714427,0.28287857561225077,-62.139849999999996,-34.29185,-63,-35,-62.5,-34.5
3790,2632,87.73333333333333,-0.30049999999999955,0.029200000000003,0.03333333333333144,9.057461068092385,-0.9953120341591677,0.09671584491664136,-59.78045,-32.4317,-60,-33,-59.5,-32.5
3790,2672,89.06666666666666,0.08619999999999806,0.037599999999997635,0.03333333333333144,2.8213082071975837,0.9165960646918376,0.3998145247379548,-62.086299999999994,-30.9891,-63,-31,-62.5,-30.5
3790,2712,90.4,0.060700000000004195,0.05519999999999925,0.03333333333334565,2.4613770536014807,0.7398297620979973,0.6727941164383208,-62.97935,-29.3617,-63,-30,-62.5,-29.5
3790,2752,91.73333333333332,0.20660000000000167,0.0113999999999983,0.03333333333331723,6.207428453074415,0.9984811016119404,0.055095278598133256,-59.529399999999995,-27.365099999999998,-60,-28,-59.5,-27.5
3790,2792,93.06666666666666,0.047699999999998965,0.07010000000000005,0.03333333333334565,2.5436921983595298,0.5625680657912606,0.826750972997238,-58.25345,-25.432450000000003,-59,-26,-58.5,-25.5
3790,2832,94.4,-0.16169999999999618,0.014399999999998414,0.03333333333334565,4.87019763459157,-0.9960581405450323,0.08870276576281523,-58.11985,-23.6515,-59,-24,-58.5,-23.5
3790,2872,95.73333333333332,0.3290000000000006,0.10150000000000148,0.03333333333331723,10.329033110611261,0.9555589467386936,0.29480010058960066,-56.104600000000005,-21.43665,-57,-22,-56.5,-21.5
3790,2912,97.06666666666666,-0.24219999999999686,-0.010799999999999699,0.03333333333334565,7.273220194656528,-0.999007290516983,-0.04454698074972442,-57.5332,-19.8189,-58,-20,-57.5,-19.5
3790,2952,98.4,-0.0075999999999964984,0.057699999999996976,0.03333333333334565,1.745951030240363,-0.1305878550147092,0.9914367413620788,-57.9003,-17.91395,-58,-18,-57.5,-17.5
3790,2992,99.73333333333332,-0.053099999999993486,0.035800000000000054,0.03333333333331723,1.9212300747185245,-0.829156289484986,0.5590168580709263,-54.47185,-15.4452,-55,-16,-54.5,-15.5
3790,3032,101.06666666666666,0.2977999999999952,0.11340000000000039,0.03333333333334565,9.559809621531695,0.9345374388915004,0.35586482730120295,-55.3838,-13.701799999999999,-56,-14,-55.5,-13.5
3790,3077,102.56666666666666,-0.1455000000000055,0.008900000000000574,0.03333333333334565,4.37315835523793,-0.9981344477888376,0.0610542720640611,-54.45625,-11.42775,-55,-12,-54.5,-11.5
3790,3123,104.1,-0.2528000000000006,0.0052000000000003155,0.03333333333333144,7.585604260703746,-0.9997885124707061,0.020565270034999902,-53.306,-9.7253,-54,-10,-53.5,-9.5
3790,3180,106.0,0.5572999999999979,0.12480000000000047,0.03333333333331723,17.133081946931835,0.9758314383713098,0.21852460704959695,-50.75855,-7.4302,-51,-8,-50.5,-7.5
3790,3341,111.36666666666666,0.6173000000000002,0.13200000000000056,2.433333333333323,0.25941999809193833,0.9778927352275465,0.20910714571527078,-51.86425,-7.8199000000000005,-52,-8,-51.5,-7.5
3790,3515,117.16666666666669,-0.04860000000000042,0.001300000000000523,0.03333333333334565,1.4585215116680543,-0.999642438137245,0.026739406781459463,-53.6666,-8.29395,-54,-9,-53.5,-8.5
3792,2589,86.3,0.041499999999999204,0.0037000000000002586,0.03333333333333144,1.249938398482149,0.9960490865085039,0.08880437638751307,68.16865000000001,-4.26325,68,-5,68.5,-4.5
3792,2632,87.73333333333333,-0.35479999999999734,-0.05799999999999983,0.03333333333333144,10.785283306432497,-0.9869003620565342,-0.1613309498288592,73.28120000000001,-3.5187,73,-4,73.5,-3.5
3792,2672,89.06666666666666,-0.14750000000000796,-0.019199999999999662,0.03333333333333144,4.462331341351106,-0.9916341171251276,-0.1290805088054311,66.96995,-4.4479,66,-5,66.5,-4.5
3792,2715,90.5,0.6484999999999985,0.07449999999999957,0.03333333333331723,19.582958152443894,0.9934658415016544,0.11412984609386737,62.32665,-5.119149999999999,62,-6,62.5,-5.5
3809,2569,85.63333333333334,0.20609999999999928,0.03939999999999966,0.03333333333334565,6.29496727552816,0.9822132076896187,0.18776904601150304,-57.766949999999994,-5.8467,-58,-6,-57.5,-5.5
3809,2609,86.96666666666667,-0.036999999999999034,-0.013399999999999856,0.03333333333333144,1.1805524130677514,-0.9402377969103619,-0.34051855347564985,-56.1579,-5.3916,-57,-6,-56.5,-5.5
3809,2649,88.3,-0.02960000000000207,-0.01240000000000041,0.03333333333333144,0.9627710008097589,-0.9223377098533727,-0.38638471628991217,-55.5251,-5.3233999999999995,-56,-6,-55.5,-5.5
3809,2689,89.63333333333334,-0.07639999999999958,-0.024399999999999977,0.03333333333334565,2.4060523685064843,-0.9525977198168218,-0.30423277962736334,-59.660399999999996,-6.2123,-60,-7,-59.5,-6.5
3809,2729,90.96666666666668,0.3522999999999996,0.08760000000000012,0.03333333333334565,10.8908284808784,0.9704495868751062,0.2413039563163767,-56.13735,-5.4459,-57,-6,-56.5,-5.5
3811,2580,86.0,0.1625999999999994,0.03059999999999974,0.03333333333333144,4.963628511482564,0.9827488073927739,0.18494534751672037,-10.142199999999999,-22.043,-11,-23,-10.5,-22.5
3811,2620,87.33333333333333,0.14839999999999876,0.01529999999999987,0.03333333333333144,4.475598842613348,0.9947272212182108,0.1025561083870527,-9.2104,-21.985149999999997,-10,-22,-9.5,-21.5
3813,2578,85.93333333333334,0.19390000000000285,-0.028499999999997527,0.03333333333333144,5.879499468492602,0.989369933813735,-0.14542054210257135,-18.404049999999998,-20.75925,-19,-21,-18.5,-20.5
3816,2587,86.23333333333333,0.16310000000000002,0.014500000000001734,0.03333333333333144,4.912298240131883,0.9960714437136687,0.08855325526578738,58.33375,-18.46835,58,-19,58.5,-18.5
3816,2627,87.56666666666666,-0.507399999999997,-0.046700000000001296,0.03333333333333144,15.286336546080092,-0.9957912384118079,-0.09165047464295034,59.7529,-18.22975,59,-19,59.5,-18.5
3816,2667,88.9,-0.2622,-0.032099999999999795,0.03333333333334565,7.924728701977979,-0.9925891845400049,-0.12151835554437054,56.846999999999994,-18.53135,56,-19,56.5,-18.5
3816,2707,90.23333333333332,0.14059999999999917,0.013900000000003132,0.03333333333331723,4.238562610132972,0.9951486831687233,0.09838240893348828,47.785799999999995,-19.358249999999998,47,-20,47.5,-19.5
3816,2747,91.56666666666666,-0.1454000000000022,-0.03270000000000195,0.03333333333334565,4.470951241065587,-0.975631306361291,-0.21941639420918593,59.151399999999995,-18.08045,59,-19,59.5,-18.5
3816,2787,92.9,0.5202999999999989,0.05379999999999896,0.03333333333334565,15.692223456216041,0.994696515987422,0.10285349329256657,58.41275,-18.186700000000002,58,-19,58.5,-18.5
3816,2827,94.23333333333332,0.043199999999998795,0.006400000000002848,0.03333333333331723,1.3101450301404032,0.9892034623538608,0.14654866108953016,59.9226,-17.904600000000002,59,-18,59.5,-17.5
3816,2867,95.56666666666666,-0.1097999999999999,-0.004400000000000404,0.03333333333334565,3.296643747812607,-0.9991980486773612,-0.04004072326212019,54.921400000000006,-18.3106,54,-19,54.5,-18.5
3816,2907,96.9,0.084699999999998,0.01799999999999713,0.03333333333334565,2.5977453685830363,0.9781559157913203,0.20787256770060655,53.02865,-18.4229,53,-19,53.5,-18.5
3816,2947,98.23333333333332,-0.35890000000000555,-0.05859999999999843,0.03333333333331723,10.90957620625652,-0.986931095804676,-0.1611428314687979,54.04795,-18.1872,54,-19,54.5,-18.5
3816,2987,99.56666666666666,0.27590000000000003,0.02639999999999887,0.03333333333334565,8.314805650160976,0.9954532130088573,0.09525177536583074,60.15335,-17.507199999999997,60,-18,60.5,-17.5
3816,3027,100.9,-0.008499999999997954,-0.016799999999999926,0.03333333333334565,0.5648371446706836,-0.4514575615392942,-0.8922925922190513,56.09605,-17.848100000000002,56,-18,56.5,-17.5
3816,3067,102.23333333333332,-0.5557999999999979,-0.07039999999999935,0.03333333333331723,16.807225232032525,-0.9920733357121542,-0.12566024259470182,57.608900000000006,-17.4827,57,-18,57.5,-17.5
3816,3107,103.56666666666666,0.2856000000000023,0.014900000000000801,0.03333333333334565,8.579652265677602,0.9986418720339852,0.05210001363202753,55.7344,-17.503149999999998,55,-18,55.5,-17.5
3816,3147,104.9,-0.12100000000000222,0.015800000000002257,0.03333333333334565,3.6608163024099754,-0.9915821227110021,0.12947931850277508,57.131299999999996,-17.313200000000002,57,-18,57.5,-17.5
3816,3187,106.23333333333332,-0.07719999999999771,-0.019600000000000506,0.03333333333331723,2.3894769302098773,-0.9692497846370197,-0.24607896086640724,55.3313,-17.502699999999997,55,-18,55.5,-17.5
3816,3227,107.56666666666666,0.09790000000000276,0.0036999999999984823,0.03333333333334565,2.939096800038082,0.9992865835385016,0.03776670438295031,51.91905,-17.89295,51,-18,51.5,-17.5
3816,3267,108.9,-0.2500999999999962,-0.046700000000001296,0.03333333333334565,7.632680394196743,-0.9830098487684317,-0.18355281862250192,48.98425,-18.17765,48,-19,48.5,-18.5
3816,3307,110.23333333333332,0.282199999999996,0.078599999999998,0.03333333333331723,8.7882489723535,0.9633318339792972,0.26831283540316053,49.352199999999996,-18.051099999999998,49,-19,49.5,-18.5
3816,3347,111.56666666666666,0.05470000000000397,0.0058000000000006935,0.03333333333334565,1.650199078898781,0.9944254732553801,0.10544182348960651,50.024249999999995,-17.7997,50,-18,50.5,-17.5
3816,3387,112.9,0.1332000000000022,0.02260000000000062,0.03333333333334565,4.053109917086929,0.9859096056468694,0.1672789571142604,48.4908,-17.937800000000003,48,-18,48.5,-17.5
3816,3427,114.23333333333332,0.084699999999998,0.036599999999999966,0.03333333333331723,2.768083271870103,0.9179637136727035,0.39666436741938266,45.08525,-18.2633,45,-19,45.5,-18.5
3816,3467,115.56666666666666,0.1372999999999962,0.009899999999998244,0.03333333333334565,4.129693693240024,0.9974105359777253,0.07191816683305172,42.92895,-18.46515,42,-19,42.5,-18.5
3816,3507,116.9,-0.15910000000000224,-0.0002999999999993008,0.03333333333334565,4.773008485220177,-0.9999982222487348,-0.0018856031846255,44.174549999999996,-18.20485,44,-19,44.5,-18.5
3816,3547,118.23333333333332,-0.1548000000000016,0.0070000000000014495,0.03333333333331723,4.648745637268332,-0.9989791574682007,0.04517347611291202,43.111999999999995,-18.166600000000003,43,-19,43.5,-18.5
3816,3587,119.56666666666666,0.21620000000000061,0.022999999999999687,0.03333333333334565,6.522598868546861,0.9943889131791125,0.10578605459352086,41.0404,-18.226100000000002,41,-19,41.5,-18.5
3816,3627,120.9,0.5850999999999971,0.09269999999999712,0.03333333333334565,17.771937710890253,0.9876807068278961,0.15648265514090512,42.06255,-17.868949999999998,42,-18,42.5,-17.5
3816,3667,122.23333333333332,0.041499999999999204,-0.0034999999999989484,0.03333333333331723,1.2494198653781052,0.9964624659011725,-0.08403900314826802,38.07305,-18.282049999999998,38,-19,38.5,-18.5
3816,3707,123.56666666666666,0.04420000000000357,0.00140000000000029,0.03333333333334565,1.3266649916233504,0.9994987493994851,0.031658331428946966,35.5565,-18.2823,35,-19,35.5,-18.5
3816,3747,124.9,0.1385000000000005,0.02500000000000213,0.03333333333334565,4.222146965702052,0.9840964878179206,0.17763474509350197,34.911550000000005,-18.185299999999998,34,-19,34.5,-18.5
3816,3858,128.6,0.07839999999999847,0.007999999999999119,0.03333333333333144,2.3642131883568385,0.9948341425312668,0.10151368801338537,31.316699999999997,-18.0815,31,-19,31.5,-18.5
3816,3898,129.93333333333334,-0.4128000000000007,-0.030100000000000904,0.03333333333333144,12.41687823086053,-0.997352133906082,-0.07272359309732054,29.0826,-17.996650000000002,29,-18,29.5,-17.5
3816,3938,131.26666666666668,0.3622000000000014,0.025200000000001666,0.03333333333335986,10.892267532511868,0.9975884238573769,0.06940703556379753,30.4054,-17.5601,30,-18,30.5,-17.5
3816,3978,132.6,0.16400000000000148,0.02529999999999788,0.03333333333333144,4.978200578522641,0.988308912506778,0.1524647285757266,27.0581,-17.99825,27,-18,27.5,-17.5
3816,4018,133.93333333333334,0.22190000000000154,0.04619999999999891,0.03333333333333144,6.799753304349046,0.9790061053748349,0.20383092414743573,23.608449999999998,-18.2907,23,-19,23.5,-18.5
3816,4058,135.26666666666668,-0.2934999999999981,-0.030000000000001137,0.03333333333335986,8.850877075175903,-0.9948166633890284,-0.10168483782511815,24.559350000000002,-17.9752,24,-18,24.5,-17.5
3816,4098,136.6,0.2667999999999999,0.06400000000000006,0.03333333333333144,8.231064086739192,0.9724137627473276,0.23326267172349716,24.5685,-17.8205,24,-18,24.5,-17.5
3816,4138,137.93333333333334,0.2416000000000018,0.001300000000000523,0.03333333333333144,7.2481049247376905,0.9999855238385326,0.0053807168087359495,24.368499999999997,-17.67425,24,-18,24.5,-17.5
3816,4178,139.26666666666668,0.2930000000000028,0.02639999999999887,0.03333333333335986,8.825608420946256,0.9959653296118763,0.08973885563737938,23.8711,-17.827199999999998,23,-18,23.5,-17.5
3816,4218,140.6,0.12159999999999727,0.04660000000000153,0.03333333333333144,3.9067003980342876,0.9337803333564224,0.3578467395922014,23.741500000000002,-17.703400000000002,23,-18,23.5,-17.5
3816,4258,141.93333333333334,-0.057800000000000296,-0.042200000000001125,0.03333333333333144,2.146977410221319,-0.8076470631432308,-0.5896661948900531,22.1147,-17.9578,22,-18,22.5,-17.5
3816,4298,143.26666666666668,0.43040000000000234,0.04290000000000305,0.03333333333335986,12.975982159348636,0.995069185625171,0.09918324364154887,16.677599999999998,-18.45965,16,-19,16.5,-18.5
3816,4338,144.6,0.2893000000000008,0.04439999999999955,0.03333333333333144,8.780618713963678,0.9884269301203618,0.15169773832472694,25.635350000000003,-17.0135,25,-18,25.5,-17.5
3816,4378,145.93333333333334,-0.9811999999999976,-0.10789999999999722,0.03333333333333144,29.6134473677094,-0.9940078787348045,-0.10930844895585294,25.592399999999998,-16.64345,25,-17,25.5,-16.5
3816,4418,147.26666666666668,-0.10800000000000054,0.00730000000000075,0.03333333333335986,3.247392954353281,-0.9977234186130962,0.06743871255441032,21.8046,-16.88475,21,-17,21.5,-16.5
3816,4458,148.6,0.1376000000000026,0.06439999999999912,0.03333333333333144,4.557741545985568,0.905711734276866,0.42389415470514735,24.6182,-16.2319,24,-17,24.5,-16.5
3816,4498,149.93333333333334,0.053199999999999914,0.011300000000002086,0.03333333333333144,1.6316056508851446,0.9781775388766639,0.20777079303211204,3.8971999999999998,-18.91335,3,-19,3.5,-18.5
3816,4538,151.26666666666668,-0.13159999999999972,-0.007899999999999352,0.03333333333335986,3.9551072046121614,-0.9982030311069636,-0.05992252238407586,4.537599999999999,-18.30575,4,-19,4.5,-18.5
3816,4578,152.6,0.07070000000000043,0.00140000000000029,0.03333333333333144,2.121415800827496,0.9998039984301047,0.019798098978817933,11.06295,-17.560899999999997,11,-18,11.5,-17.5
3816,4618,153.93333333333334,0.07760000000000034,0.01699999999999946,0.03333333333333144,2.3832087613133424,0.9768342739379762,0.2139971991874355,12.2326,-17.363599999999998,12,-18,12.5,-17.5
3816,4658,155.26666666666668,0.19590000000000174,0.03819999999999979,0.03333333333335986,5.987691124293532,0.9815135547241147,0.19139263803195836,22.70225,-16.3679,22,-17,22.5,-16.5
3816,4698,156.6,0.1778000000000013,0.038399999999999324,0.03333333333333144,5.45698268276561,0.9774632448159172,0.21110567267114896,20.7038,-16.208199999999998,20,-17,20.5,-16.5
3816,4738,157.93333333333334,-0.24510000000000076,-0.03369999999999962,0.03333333333333144,7.422178251699872,-0.9906795216507246,-0.13621338180183165,26.85865,-15.34995,26,-16,26.5,-15.5
3816,4778,159.26666666666668,1.5996000000000024,0.2176000000000009,0.03333333333335986,48.42997964067582,0.9908738421119896,0.13479254066239654,19.6951,-16.121299999999998,19,-17,19.5,-16.5
3816,4818,160.6,0.18179999999999907,0.021600000000001174,0.03333333333333144,5.492360148424644,0.9930157259561058,0.1179820664502374,22.772,-15.892900000000001,22,-16,22.5,-15.5
3816,4858,161.93333333333334,-0.04190000000000005,-0.005299999999998306,0.03333333333333144,1.2670161798494013,-0.9920946709216303,-0.12549168868455737,12.81035,-17.07825,12,-18,12.5,-17.5
3816,4898,163.26666666666668,0.1858000000000004,0.028000000000002245,0.03333333333335986,5.6369385307939694,0.9888346253104292,0.14901705871202464,11.238,-16.913600000000002,11,-17,11.5,-16.5
3816,4938,164.6,0.3844999999999992,0.0470000000000006,0.03333333333333144,11.620857326377207,0.9926117906824571,0.12133356088966496,11.46855,-16.5492,11,-17,11.5,-16.5
3816,4978,165.93333333333334,-0.2218,-0.04499999999999815,0.03333333333333144,6.78956670193357,-0.9800330848955967,-0.19883448521325536,9.758199999999999,-16.857799999999997,9,-17,9.5,-16.5
3816,5018,167.26666666666668,0.20679999999999987,0.0251000000000019,0.03333333333335986,6.249529982321701,0.9927146549491827,0.12048906111811598,3.6369,-17.34525,3,-18,3.5,-17.5
3816,5058,168.6,0.46419999999999995,0.05859999999999843,0.03333333333333144,14.036525211035038,0.9921258851907767,0.12524467227957337,6.0206,-17.2974,6,-18,6.5,-17.5
3816,5098,169.93333333333334,-0.3711000000000002,-0.0367999999999995,0.03333333333333144,11.187604971575208,-0.9951191544827238,-0.09868063833188821,4.93645,-17.2533,4,-18,4.5,-17.5
3816,5138,171.26666666666668,0.14459999999999962,0.021399999999999864,0.03333333333335986,4.385248909693643,0.9892254896654412,0.14639989957704264,2.4476,-17.2678,2,-18,2.5,-17.5
3816,5178,172.6,0.07569999999999988,-0.027300000000000324,0.03333333333333144,2.4141669370614496,0.9406971676798835,-0.33924745941428225,1.79765,-17.64595,1,-18,1.5,-17.5
3816,5218,173.93333333333334,-0.21610000000000007,-0.04510000000000147,0.03333333333333144,6.622680575114969,-0.9789087555212228,-0.20429794018513917,1.02035,-17.73775,1,-18,1.5,-17.5
3816,5258,175.26666666666668,0.14760000000000018,0.017899999999997362,0.03333333333335986,4.460443139416564,0.9927264761804976,0.12039162549883649,-3.2747,-18.54485,-4,-19,-3.5,-18.5
3816,5298,176.6,0.12229999999999999,0.0035999999999987153,0.03333333333333144,3.6705891897625267,0.999567047773488,0.029423069272144504,0.10215,-18.6526,0,-19,0.5,-18.5
3816,5338,177.93333333333334,-0.2043999999999997,-0.055800000000001404,0.03333333333333144,6.356390485173533,-0.9646984423476515,-0.2633570111692778,-5.2725,-19.615499999999997,-6,-20,-5.5,-19.5
3816,5378,179.26666666666668,-0.3092000000000006,-0.07949999999999946,0.03333333333335986,9.577703325946898,-0.9684994078761117,-0.24901585681161129,-9.9618,-20.63525,-10,-21,-9.5,-20.5
3816,5418,180.6,-0.20450000000000124,-0.02419999999999689,0.03333333333335986,6.1778071352171215,-0.9930708203922488,-0.11751742715642634,-12.61545,-21.314700000000002,-13,-22,-12.5,-21.5
3829,2575,85.83333333333333,-0.3597999999999999,-0.08360000000000056,0.03333333333333144,11.081538701823586,-0.9740524570134237,-0.22632236077354861,-55.302499999999995,-6.8155,-56,-7,-55.5,-6.5
3859,2582,86.06666666666666,0.05749999999999744,-0.009299999999999642,0.03333333333333144,1.747416950816283,0.9871713784132689,-0.15966424033466878,-53.56045,-5.38945,-54,-6,-53.5,-5.5
3859,2647,88.23333333333333,0.42500000000000426,0.1025999999999998,0.03333333333333144,13.116271726371895,0.9720750123196512,0.23467034415057653,-52.697199999999995,-5.1647,-53,-6,-52.5,-5.5
3859,2687,89.56666666666666,-0.18790000000000617,-0.045700000000000074,0.03333333333333144,5.801328296175447,-0.9716740222608543,-0.23632518795806098,-56.209649999999996,-5.87435,-57,-6,-56.5,-5.5
3859,2727,90.9,0.20779999999999887,0.04319999999999968,0.03333333333334565,6.367289219123755,0.9790665674922122,0.20354030662013228,-53.518,-5.3939,-54,-6,-53.5,-5.5
3886,2617,87.23333333333333,0.0030999999999998806,-0.007299999999998974,0.03333333333333144,0.23792856070676402,0.3908736291420681,-0.9204443524957437,9.32795,-15.511050000000001,9,-16,9.5,-15.5
3886,2660,88.66666666666667,0.1451999999999991,0.04529999999999923,0.03333333333333144,4.563071005364925,0.9546202535263542,0.29782574025305353,8.4124,-15.280750000000001,8,-16,8.5,-15.5
3886,2700,90.0,0.1753,0.030000000000001137,0.03333333333333144,5.335455088369061,0.9856703716735562,0.16868289304168743,0.10785,-16.1955,0,-17,0.5,-16.5
3886,2740,91.33333333333331,-0.09479999999999933,-0.021000000000000796,0.03333333333331723,2.912942841871106,-0.9763322366375486,-0.21627612836908697,9.4702,-14.7079,9,-15,9.5,-14.5
3886,2780,92.66666666666669,0.09549999999999947,0.01929999999999943,0.03333333333334565,2.92292079947329,0.9801839312632755,0.19808952746995562,7.51795,-14.824850000000001,7,-15,7.5,-14.5
3895,2637,87.9,-0.277000000000001,-0.05659999999999954,0.03333333333334565,8.481704074061255,-0.9797559461441953,-0.20019561932043609,-17.034,-22.3086,-18,-23,-17.5,-22.5
3895,2698,89.93333333333334,0.021699999999999164,-0.010300000000000864,0.03333333333333144,0.7206122396962478,0.9033984772093536,-0.42880204217776413,-26.468049999999998,-24.66235,-27,-25,-26.5,-24.5
3895,2743,91.43333333333334,-0.10960000000000036,-0.0015000000000000568,0.03333333333333144,3.288307923537773,-0.999906358058693,-0.013684849790949739,-19.6115,-24.69045,-20,-25,-19.5,-24.5
3895,2783,92.76666666666668,0.034499999999997755,-0.016600000000000392,0.03333333333335986,1.148576945614778,0.9011150745717983,-0.43358000689545445,-21.32475,-25.5798,-22,-26,-21.5,-25.5
3895,2823,94.1,0.08360000000000056,-0.020199999999999108,0.03333333333333144,2.580174412709499,0.9720273124352289,-0.23486784343529454,-20.987299999999998,-26.2877,-21,-27,-20.5,-26.5
3895,2863,95.43333333333334,-0.565299999999997,-0.06039999999999779,0.03333333333333144,17.055527696322674,-0.9943403864107582,-0.10624121588396943,-23.23475,-27.252000000000002,-24,-28,-23.5,-27.5
3895,2903,96.76666666666668,-0.2151999999999994,-0.04400000000000048,0.03333333333335986,6.589562656195834,-0.9797311804789643,-0.20031678411280215,-25.945999999999998,-28.1329,-26,-29,-25.5,-28.5
3895,2943,98.1,0.11110000000000042,-0.0002999999999993008,0.03333333333333144,3.3330121511931736,0.9999963542908276,-0.0027002601825971916,-26.93425,-29.09585,-27,-30,-26.5,-29.5
3895,2983,99.43333333333334,0.14499999999999957,-0.03950000000000031,0.03333333333333144,4.508516940192442,0.9648405579273609,-0.26283587612504256,-24.551099999999998,-29.562849999999997,-25,-30,-24.5,-29.5
3895,3023,100.76666666666668,-0.10400000000000276,-0.011000000000002785,0.03333333333335986,3.137403384964214,-0.9944529335787619,-0.10518252182085443,-26.391,-30.4284,-27,-31,-26.5,-30.5
3895,3063,102.1,-0.07849999999999824,-0.007900000000002905,0.03333333333333144,2.3668954349528053,-0.994974245681892,-0.10013116612598742,-26.51775,-30.934350000000002,-27,-31,-26.5,-30.5
3895,3103,103.43333333333334,-0.07330000000000325,-0.014999999999997016,0.03333333333333144,2.2445714513022126,-0.9796970369218804,-0.2004837046906498,-29.06015,-31.688299999999998,-30,-32,-29.5,-31.5
3895,3143,104.76666666666668,-0.10519999999999996,-0.0373999999999981,0.03333333333335986,3.349510411982923,-0.9422272546778332,-0.33497432818392764,-30.944699999999997,-32.573499999999996,-31,-33,-30.5,-32.5
3895,3183,106.1,-0.1266999999999996,-0.018300000000003536,0.03333333333333144,3.840442943203518,-0.9897295848977221,-0.14295226048643941,-32.92195,-33.41945,-33,-34,-32.5,-33.5
3902,2604,86.8,0.524799999999999,0.09140000000000015,0.03333333333333144,15.980991834051734,0.9851703926444733,0.17157883743846258,-45.6063,-29.6945,-46,-30,-45.5,-29.5
3902,2644,88.13333333333334,-0.4246000000000052,-0.012700000000002376,0.03333333333334565,12.743696677176683,-0.9995529807931292,-0.02989713343399661,-43.5911,-28.44735,-44,-29,-43.5,-28.5
3902,2684,89.46666666666667,-0.21340000000000003,0.019600000000000506,0.03333333333333144,6.428946103367545,-0.9958086282053189,0.09146133604885076,-46.50749999999999,-27.5531,-47,-28,-46.5,-27.5
3902,2724,90.8,0.1624000000000052,0.03999999999999915,0.03333333333331723,5.0176073979563,0.970980711242355,0.2391578106508136,-44.0488,-26.2488,-45,-27,-44.5,-26.5
3902,2764,92.13333333333334,-0.006799999999998363,0.028900000000000148,0.03333333333334565,0.8906767090248859,-0.22903933372549393,0.9734171683335885,-40.659,-24.80785,-41,-25,-40.5,-24.5
3902,2804,93.46666666666668,0.08089999999999975,0.058099999999999596,0.03333333333334565,2.9880391563688256,0.8122383519727616,0.5833256891176424,-38.74185,-23.389049999999997,-39,-24,-38.5,-23.5
3902,2844,94.8,0.037599999999997635,0.03810000000000002,0.03333333333331723,1.6058745281006026,0.7024210050424367,0.7117617098967696,-37.4046,-22.11595,-38,-23,-37.5,-22.5
3902,2884,96.13333333333334,-0.3048999999999964,-0.010999999999999233,0.03333333333334565,9.152950835656013,-0.9993498451192027,-0.036053946527748744,-37.09195,-20.965200000000003,-38,-21,-37.5,-20.5
3902,2924,97.46666666666668,0.06530000000000058,0.019999999999999574,0.03333333333334565,2.048824297004736,0.9561581258398973,0.29285088080853555,-38.37935,-20.0362,-39,-21,-38.5,-20.5
3902,2964,98.8,0.1373000000000033,0.06330000000000169,0.03333333333331723,4.535676575773552,0.9081335344770699,0.4186806462665599,-36.254549999999995,-18.44695,-37,-19,-36.5,-18.5
3912,2632,87.73333333333333,-0.5846,-0.08200000000000074,0.03333333333333144,17.709687857216338,-0.990305427255434,-0.1389070219550912,-13.776900000000001,-8.9854,-14,-9,-13.5,-8.5
3912,2672,89.06666666666666,-0.13560000000000016,0.0052000000000003155,0.03333333333333144,4.0709900515724575,-0.9992655222601031,0.03831991678283809,-18.818399999999997,-9.237200000000001,-19,-10,-18.5,-9.5
3912,2712,90.4,0.22090000000000032,0.06659999999999933,0.03333333333334565,6.9216423629052555,0.9574317268273274,0.28865981442598126,-23.37325,-9.487400000000001,-24,-10,-23.5,-9.5
3912,2752,91.73333333333332,0.1528000000000027,0.016799999999999926,0.03333333333331723,4.61162357527382,0.9940100108301047,0.10928905878236511,-18.0631,-7.9498,-19,-8,-18.5,-7.5
3912,2792,93.06666666666666,0.1921999999999997,0.0638999999999994,0.03333333333334565,6.076318375461621,0.9489298689948608,0.31548708963980815,-19.1824,-7.69145,-20,-8,-19.5,-7.5
3912,2832,94.4,-0.17040000000000077,-0.00790000000000024,0.03333333333334565,5.117490889096031,-0.9989270349050164,-0.04631175807364926,-20.8339,-7.53295,-21,-8,-20.5,-7.5
3912,2872,95.73333333333332,0.33699999999999974,0.06980000000000075,0.03333333333331723,10.324579216612314,0.9792166622866162,0.20281698227776437,-21.661700000000003,-6.9055,-22,-7,-21.5,-6.5
3912,2912,97.06666666666666,-0.04129999999999967,-0.0015999999999998238,0.03333333333334565,1.2399294334754856,-0.999250414216438,-0.038711880453901636,-23.17175,-6.5701,-24,-7,-23.5,-6.5
3912,2952,98.4,0.014699999999997715,0.06269999999999953,0.03333333333334565,1.9320046583787343,0.22826031919086529,0.9736001369571001,-25.11345,-6.14325,-26,-7,-25.5,-6.5
3912,2992,99.73333333333332,-0.03830000000000311,0.0036000000000004917,0.03333333333331723,1.1540645562538971,-0.9956115485690954,0.09358228654958073,-21.97255,-4.872,-22,-5,-21.5,-4.5
3912,3032,101.06666666666666,0.006099999999999994,0.03770000000000007,0.03333333333334565,1.1457093872352773,0.15972636869244072,0.9871613278204969,-25.30945,-4.900449999999999,-26,-5,-25.5,-4.5
3912,3072,102.4,-0.29960000000000164,-0.07800000000000029,0.03333333333334565,9.287612395009667,-0.9677406439599134,-0.25194849876125874,-25.6015,-4.4772,-26,-5,-25.5,-4.5
3912,3112,103.73333333333332,-0.03410000000000224,-0.0022999999999999687,0.03333333333331723,1.0253243389294693,-0.9977330695852449,-0.067295778886976,-26.65645,-4.37615,-27,-5,-26.5,-4.5
3912,3152,105.06666666666666,-0.016200000000001324,0.021300000000000097,0.03333333333334565,0.8028181612292824,-0.6053674710792448,0.7959461193819086,-26.6445,-3.99305,-27,-4,-26.5,-3.5
3912,3192,106.4,-0.23160000000000025,-0.0647000000000002,0.03333333333334565,7.214026961410781,-0.9631236530115052,-0.2690591552238537,-28.749,-3.91505,-29,-4,-28.5,-3.5
3912,3232,107.73333333333332,0.034900000000000375,0.03359999999999985,0.03333333333331723,1.453366092903662,0.7203966055852651,0.6935623480706171,-31.44155,-4.0556,-32,-5,-31.5,-4.5
3912,3272,109.06666666666666,0.2603999999999971,0.07629999999999981,0.03333333333334565,8.140446240836534,0.9596525508402897,0.28118851624084,-34.058499999999995,-4.35165,-35,-5,-34.5,-4.5
3912,3312,110.4,-0.05569999999999453,-0.01609999999999978,0.03333333333334565,1.7394050707058462,-0.960673294646158,-0.2776811497990027,-34.72935,-4.23545,-35,-5,-34.5,-4.5
3920,2638,87.93333333333334,-0.49040000000000106,-0.0779999999999994,0.03333333333333144,14.896930690582744,-0.9875859870450507,-0.15707933725430914,-16.7808,-26.341900000000003,-17,-27,-16.5,-26.5
3920,2680,89.33333333333333,-0.3199000000000005,-0.06739999999999924,0.03333333333333144,9.807695600904992,-0.9785173184937562,-0.20616463665669996,-22.17655,-27.8791,-23,-28,-22.5,-27.5
3920,2720,90.66666666666669,0.05410000000000181,-0.020800000000001262,0.03333333333334565,1.7388228776957098,0.9333900656691706,-0.35886346332567975,-23.45395,-29.1489,-24,-30,-23.5,-29.5
3925,2627,87.56666666666666,-0.3036999999999992,-0.058099999999999596,0.03333333333333144,9.276226064516178,-0.9821882235979872,-0.18789968979599214,-58.556749999999994,-14.37185,-59,-15,-58.5,-14.5
3925,2684,89.46666666666667,-0.028900000000000148,-0.001900000000000901,0.03333333333333144,0.868871682125788,-0.9978458474775527,-0.06560232215253423,-61.27705,-14.80375,-62,-15,-61.5,-14.5
3925,2724,90.8,0.09860000000000468,0.026099999999999568,0.03333333333331723,3.0598779387436124,0.966705227861516,0.2558925603162672,-59.9544,-14.55935,-60,-15,-59.5,-14.5
3925,2764,92.13333333333334,-0.10350000000000392,-0.011400000000000077,0.03333333333334565,3.1237780010739433,-0.9939886889950191,-0.1094828121211871,-57.414950000000005,-14.0868,-58,-15,-57.5,-14.5
3933,2630,87.66666666666667,0.4245000000000019,0.11159999999999926,0.03333333333333144,13.167738188467334,0.967136482950006,0.2542577891571719,-60.72895,-15.9381,-61,-16,-60.5,-15.5
3933,2681,89.36666666666666,-0.193400000000004,-0.022199999999999775,0.03333333333333144,5.840099314224482,-0.9934762557665355,-0.11403915655644471,-62.611000000000004,-14.365200000000002,-63,-15,-62.5,-14.5
3933,2721,90.7,0.08890000000000242,0.02710000000000079,0.03333333333331723,2.7881639119692982,0.9565434759958722,0.2915897435263013,-61.31385,-12.79795,-62,-13,-61.5,-12.5
3939,2663,88.76666666666667,-0.3432999999999993,-0.059200000000000585,0.03333333333333144,10.45100842024405,-0.9854551432616743,-0.16993575438710112,62.41215,18.538400000000003,62,18,62.5,18.5
3939,2703,90.1,0.13240000000000407,-0.002599999999997493,0.03333333333333144,3.972765787207037,0.9998072407869713,-0.01963367693386359,52.073,16.2631,52,16,52.5,16.5
3939,2743,91.43333333333334,-0.2892999999999972,-0.08640000000000114,0.03333333333333144,9.0577869813773,-0.9581810676100387,-0.2861626140390917,67.37495,19.7675,67,19,67.5,19.5
3939,2796,93.2,-0.17650000000000432,-0.07569999999999766,0.03333333333331723,5.761463876484268,-0.9190372644033267,-0.39417065674406787,67.32835,19.88965,67,19,67.5,19.5
3948,2639,87.96666666666667,-0.406400000000005,0.0009999999999976694,0.03333333333333144,12.192036909393792,-0.9999969726639425,0.002460622472100393,-43.4407,-29.0824,-44,-30,-43.5,-29.5
3948,2679,89.3,0.001999999999995339,0.017800000000001148,0.03333333333333144,0.5373602143814267,0.11165694518142097,0.9937468121170268,-45.4035,-28.11,-46,-29,-45.5,-28.5
3948,2719,90.63333333333334,0.17300000000000182,0.04609999999999914,0.03333333333334565,5.3711068691638575,0.9662812761731709,0.2574888256160802,-44.8553,-26.98525,-45,-27,-44.5,-26.5
3948,2759,91.96666666666668,-0.11019999999999897,0.01120000000000232,0.03333333333334565,3.323030544546902,-0.994874996085696,0.10111252228822329,-40.1717,-25.5078,-41,-26,-40.5,-25.5
3948,2799,93.3,0.188600000000001,0.059899999999998954,0.03333333333331723,5.936511854619199,0.9530849324591636,0.3027030087714878,-39.307100000000005,-24.23145,-40,-25,-39.5,-24.5
3948,2839,94.63333333333334,0.12400000000000233,0.03539999999999921,0.03333333333334565,3.868623010838535,0.961582451837915,0.27451628060532896,-37.682900000000004,-22.918,-38,-23,-37.5,-22.5
3948,2879,95.96666666666668,-0.11560000000000059,0.016200000000001324,0.03333333333334565,3.5018880621731903,-0.9903229167886584,0.13878227726624132,-36.0555,-21.4673,-37,-22,-36.5,-21.5
3948,2919,97.3,-0.0940000000000012,-0.012100000000000222,0.03333333333331723,2.843267310684667,-0.9918166995428701,-0.127670021962434,-38.0223,-20.522550000000003,-39,-21,-38.5,-20.5
3948,2959,98.63333333333334,0.006500000000002615,0.048799999999999955,0.03333333333334565,1.4769295853216615,0.1320306681767345,0.9912456318495456,-36.49505,-18.9993,-37,-19,-36.5,-18.5
3995,2658,88.6,-0.3119,-0.008200000000002206,0.03333333333333144,9.360233170173165,-0.9996545844410227,-0.026281396577167652,-0.25515,-18.3597,-1,-19,-0.5,-18.5
3995,2698,89.93333333333334,-0.27390000000000114,-0.022199999999998,0.03333333333333144,8.243945960522073,-0.9967314244112457,-0.08078655575731132,-9.95885,-19.3596,-10,-20,-9.5,-19.5
4000,2695,89.83333333333333,0.033300000000004104,0.005700000000000038,0.03333333333333144,1.0135294766312242,0.9856644755125057,0.1687173426552741,-56.140550000000005,-7.46655,-57,-8,-56.5,-7.5
4000,2793,93.1,0.23639999999999617,0.11440000000000028,0.03333333333333144,7.878774523998353,0.9001399873036613,0.4356007383567715,-42.460899999999995,-3.3286,-43,-4,-42.5,-3.5
4002,2666,88.86666666666666,-0.2325000000000017,-0.044299999999999784,0.03333333333333144,7.10048350466406,-0.9823274704347686,-0.1871703524312246,-20.41985,-26.23765,-21,-27,-20.5,-26.5
4002,2706,90.2,0.016100000000001558,-0.01839999999999975,0.03333333333331723,0.7334800610790704,0.6585046078685592,-0.7525766947068419,-26.31645,-27.5711,-27,-28,-26.5,-27.5
4002,2746,91.53333333333332,-0.1778999999999975,-0.03450000000000131,0.03333333333331723,5.436432102034186,-0.9817100443516111,-0.19038221770732064,-20.60685,-27.48885,-21,-28,-20.5,-27.5
4002,2786,92.86666666666666,0.05410000000000181,0.0019999999999988916,0.03333333333334565,1.6241086786290575,0.9993173617971559,0.03694334054700808,-21.51075,-28.168,-22,-29,-21.5,-28.5
4002,2826,94.2,0.022800000000000153,-0.0006000000000021544,0.03333333333331723,0.6842368011152725,0.9996539193528446,-0.026306682088327035,-20.6928,-28.784399999999998,-21,-29,-20.5,-28.5
4002,2866,95.53333333333332,-0.3769000000000027,-0.05139999999999745,0.03333333333331723,11.411661272581107,-0.9908285682447451,-0.13512493607794376,-24.19525,-29.727800000000002,-25,-30,-24.5,-29.5
4002,2906,96.86666666666666,-0.19390000000000285,-0.033200000000000784,0.03333333333334565,5.901652734613864,-0.9856560969574794,-0.1687662837492966,-25.509149999999998,-30.47,-26,-31,-25.5,-30.5
4002,2946,98.2,0.29550000000000054,0.00039999999999906777,0.03333333333331723,8.865008121827989,0.9999990838334745,0.0013536366617003615,-25.39495,-31.1005,-26,-32,-25.5,-31.5
4002,2986,99.53333333333332,0.3338000000000001,0.0045999999999999375,0.03333333333331723,10.014950823648462,0.9999050595793866,0.013779398664065651,-22.229300000000002,-31.5441,-23,-32,-22.5,-31.5
4002,3026,100.86666666666666,-0.21620000000000061,-0.029400000000002535,0.03333333333334565,6.545694768316707,-0.9908803006507381,-0.13474505476010235,-24.6556,-32.3575,-25,-33,-24.5,-32.5
4002,3066,102.2,-0.22240000000000038,-0.055299999999995464,0.03333333333331723,6.8751629071641185,-0.9704497318966534,-0.24130337308399477,-24.3127,-32.80445,-25,-33,-24.5,-32.5
4015,2678,89.26666666666667,-0.11990000000000123,-0.04059999999999775,0.03333333333333144,3.7976220191063956,-0.9471716726686344,-0.3207270217710094,-68.48495,-33.8484,-69,-34,-68.5,-33.5
4015,2728,90.93333333333334,-0.0625,-0.07150000000000034,0.03333333333333144,2.8489734993504183,-0.6581317798946241,-0.7529027561994536,-69.72705,-35.29895,-70,-36,-69.5,-35.5
4015,2768,92.26666666666668,0.04039999999999111,0.04140000000000299,0.03333333333335986,1.7353697012437386,0.6984102575549919,0.7156976401679483,-71.82419999999999,-36.4477,-72,-37,-71.5,-36.5
4028,2694,89.8,-0.47730000000000006,-0.05570000000000164,0.03333333333333144,14.416171544485167,-0.9932595457688264,-0.11591149528456997,0.85775,-16.91255,0,-17,0.5,-16.5
4038,2715,90.5,0.11600000000000144,-0.019399999999999196,0.03333333333331723,3.528331617069504,0.9863018496237829,-0.1649504817474169,14.0073,-15.9042,14,-16,14.5,-15.5
4038,2755,91.83333333333331,0.025799999999996714,0.010500000000000398,0.03333333333331723,0.8356440629840731,0.9262316748070133,0.37695475137500956,23.5259,-14.81255,23,-15,23.5,-14.5
4038,2795,93.16666666666669,-0.1142000000000003,-0.013700000000000045,0.03333333333334565,3.4505647363860983,-0.9928809518835219,-0.11911093731001979,24.5165,-14.65835,24,-15,24.5,-14.5
4038,2835,94.5,0.29749999999999943,0.030099999999999127,0.03333333333331723,8.970564865161915,0.9949206247496658,0.10066255732761052,27.19525,-14.556149999999999,27,-15,27.5,-14.5
4038,2875,95.83333333333331,0.248899999999999,0.003400000000000958,0.03333333333331723,7.467696632834883,0.9999067138281647,0.01365883016077433,30.09965,-14.376000000000001,30,-15,30.5,-14.5
4038,2915,97.16666666666669,0.04550000000000054,0.010200000000001097,0.03333333333334565,1.3988784793535922,0.9757816852184793,0.21874666349954816,27.87545,-14.7265,27,-15,27.5,-14.5
4038,2955,98.5,-0.00409999999999755,-0.006399999999999295,0.03333333333331723,0.2280197359879711,-0.53942699068152,-0.8420323756983928,29.76075,-14.6127,29,-15,29.5,-14.5
4038,2995,99.83333333333331,-0.03260000000000218,-0.013700000000000045,0.03333333333331723,1.0608510734317125,-0.9219013153626152,-0.38742478590389645,37.7632,-13.84835,37,-14,37.5,-13.5
4038,3035,101.16666666666669,-0.019199999999997885,-0.009100000000000108,0.03333333333334565,0.637420583288325,-0.9036419831757789,-0.4282886482760725,35.8123,-14.16755,35,-15,35.5,-14.5
4038,3075,102.5,-0.04250000000000398,-0.019400000000000972,0.03333333333331723,1.4015523536430012,-0.9097055823042763,-0.41525384227534573,37.95205,-13.8812,37,-14,37.5,-13.5
4038,3115,103.83333333333331,-0.11979999999999791,-0.02480000000000082,0.03333333333331723,3.6702005394818147,-0.9792380447170608,-0.20271371877282418,40.5815,-13.6507,40,-14,40.5,-13.5
4038,3155,105.16666666666669,0.015399999999999636,0.009600000000000719,0.03333333333334565,0.5444152826655249,0.8486168825713507,0.5290079267977772,44.5394,-13.2223,44,-14,44.5,-13.5
4038,3195,106.5,-0.2916000000000025,-0.02919999999999945,0.03333333333331723,8.791750678907814,-0.9950236670145262,-0.09963885828814596,44.3546,-13.4908,44,-14,44.5,-13.5
4038,3235,107.83333333333331,-0.1963000000000008,0.014300000000000423,0.03333333333331723,5.904605151916086,-0.9973571218545998,0.07265515457219124,44.09765,-13.57125,44,-14,44.5,-13.5
4038,3275,109.16666666666669,0.19870000000000232,0.06329999999999991,0.03333333333334565,6.256174709834429,0.9528186594001986,0.30354011645713025,44.48805,-13.433050000000001,44,-14,44.5,-13.5
4038,3315,110.5,0.4866000000000028,0.04219999999999935,0.03333333333331723,14.652793590309319,0.9962605362612615,0.0863999067616612,46.5236,-13.276399999999999,46,-14,46.5,-13.5
4038,3355,111.83333333333331,-0.30290000000000106,-0.049900000000000944,0.03333333333331723,9.209483047385593,-0.9867003341283156,-0.16254984045230672,48.35135,-13.15845,48,-14,48.5,-13.5
4038,3395,113.16666666666669,-0.0367999999999995,0.055399999999998784,0.03333333333334565,1.995259381633602,-0.5533115193753337,0.8329744068856857,50.5317,-13.042,50,-14,50.5,-13.5
4038,3435,114.5,0.06099999999999994,0.04279999999999973,0.03333333333331723,2.2355214156891456,0.8186009702961163,0.5743626480110424,49.4791,-13.3383,49,-14,49.5,-13.5
4038,3475,115.83333333333331,0.20949999999999847,-0.018499999999999517,0.03333333333331723,6.309457187432044,0.9961237255912014,-0.08796319295196602,51.186049999999994,-13.38575,51,-14,51.5,-13.5
4038,3515,117.16666666666669,-0.02740000000000009,0.011400000000000077,0.03333333333334565,0.8903078119388935,-0.9232761849068412,0.384136806859052,52.4614,-13.1902,52,-14,52.5,-13.5
4038,3555,118.5,-0.05129999999999768,-0.04279999999999973,0.03333333333331723,2.0042896497272165,-0.7678530896021599,-0.6406259694926651,53.54775,-13.183,53,-14,53.5,-13.5
4038,3595,119.83333333333331,0.11220000000000141,0.015399999999999636,0.03333333333331723,3.397557946527392,0.9907115796044101,0.13598002073001217,54.0697,-13.2446,54,-14,54.5,-13.5
4038,3636,121.2,-0.19129999999999825,-0.030699999999999505,0.03333333333331723,5.812431677020558,-0.9873664447002192,-0.1584534754432646,57.52775,-12.92535,57,-13,57.5,-12.5
4038,3676,122.53333333333332,-0.3638000000000048,-0.019999999999999574,0.03333333333331723,10.930480135845752,-0.9984922770422234,-0.05489237366916927,56.337,-13.2316,56,-14,56.5,-13.5
4038,3716,123.86666666666666,0.0625,0.00990000000000002,0.03333333333334565,1.8983766749508217,0.9876859659834789,0.15644945701178337,55.12485,-13.348849999999999,55,-14,55.5,-13.5
4038,3756,125.2,-0.519999999999996,-0.11319999999999908,0.03333333333331723,15.965363008721173,-0.9771152708200763,-0.21271047818621652,56.089,-13.1531,56,-14,56.5,-13.5
4038,3796,126.53333333333332,0.24399999999999977,0.010300000000000864,0.03333333333331723,7.3265190233870126,0.9991102154566619,0.04217555417706758,57.8872,-13.15015,57,-14,57.5,-13.5
4038,3836,127.86666666666666,-0.4011999999999958,-0.09999999999999964,0.03333333333334565,12.404245079805671,-0.970312979351742,-0.24185268677760435,61.621700000000004,-12.647200000000002,61,-13,61.5,-12.5
4038,3876,129.2,0.10880000000000223,0.002100000000000435,0.03333333333333144,3.264607939707562,0.9998137786470728,0.019297876242272468,59.8127,-13.13475,59,-14,59.5,-13.5
4038,3916,130.53333333333333,0.39529999999999177,0.055899999999999395,0.03333333333333144,11.976986682801748,0.9901488841954929,0.14001852422597674,64.32195,-12.60115,64,-13,64.5,-12.5
4038,3956,131.86666666666667,0.44710000000000605,0.046899999999999054,0.03333333333333144,13.48659401035063,0.9945431729988161,0.10432582154695348,65.56855,-12.42035,65,-13,65.5,-12.5
4038,3996,133.2,0.3783000000000101,0.0365000000000002,0.03333333333333144,11.401702767570361,0.99537764063458,0.09603828676489928,65.35515000000001,-12.61895,65,-13,65.5,-12.5
4038,4036,134.53333333333333,0.5372999999999948,0.07179999999999964,0.03333333333333144,16.262283880194225,0.9911891908142146,0.1324537202688646,63.15615,-13.1187,63,-14,63.5,-13.5
4038,4076,135.86666666666667,0.07820000000000249,9.999999999976694e-05,0.03333333333333144,2.3460019181579916,0.9999991823716048,0.0012787713329529954,62.7599,-13.07845,62,-14,62.5,-13.5
4038,4116,137.2,0.143100000000004,0.06579999999999941,0.03333333333333144,4.725095237135808,0.9085531157680188,0.4177693572154677,68.71995,-12.5205,68,-13,68.5,-12.5
4038,4156,138.53333333333333,-0.18439999999999657,-0.03110000000000035,0.03333333333333144,5.610125934415596,-0.9860741210930548,-0.16630642714747787,71.53559999999999,-12.38065,71,-13,71.5,-12.5
4038,4196,139.86666666666667,0.402300000000011,0.051600000000000534,0.03333333333333144,12.167870191616315,0.9918744866555677,0.12722029209899682,74.32385,-12.3816,74,-13,74.5,-12.5
4038,4236,141.2,-0.047300000000007,-0.0018999999999991246,0.03333333333333144,1.4201443588596274,-0.999194195398378,-0.04013676471999497,74.29325,-12.43365,74,-13,74.5,-12.5
4038,4276,142.53333333333333,-0.2670999999999992,-0.017699999999999605,0.03333333333333144,8.03057469923585,-0.9978115265851286,-0.06612229135363697,72.34375,-12.72755,72,-13,72.5,-12.5
4038,4316,143.86666666666667,-0.09669999999999845,0.011900000000000688,0.03333333333333144,2.922883849899054,-0.992512925240019,0.12213964643595757,79.81815,-11.87795,79,-12,79.5,-11.5
4038,4356,145.2,0.5438000000000045,0.05509999999999948,0.03333333333333144,16.397530454310335,0.9949059125371336,0.10080786278189609,93.676,-10.11495,93,-11,93.5,-10.5
4038,4396,146.53333333333333,-0.2073000000000036,-0.06970000000000098,0.03333333333333144,6.561115911185105,-0.9478570542243554,-0.3186957871656409,84.20775,-11.32775,84,-12,84.5,-11.5
4038,4436,147.86666666666667,0.5454000000000008,0.06049999999999933,0.03333333333333144,16.462359156573868,0.9939037196541276,0.11025151272290791,92.2449,-10.530149999999999,92,-11,92.5,-10.5
4038,4485,149.5,-1.7723000000000013,-0.21920000000000073,0.03333333333333144,53.574120030107174,-0.9924381393501853,-0.12274583318036517,87.38105,-11.1638,87,-12,87.5,-11.5
4050,2715,90.5,0.27960000000000207,0.03930000000000078,0.03333333333331723,8.470453647832,0.9902657341323167,0.13918971155722648,-37.6971,-9.04785,-38,-10,-37.5,-9.5
4050,2755,91.83333333333331,0.012800000000005696,0.0015999999999998238,0.03333333333331723,0.38698837191868624,0.9922778767136762,0.12403473458914067,-32.0487,-8.2247,-33,-9,-32.5,-8.5
4050,2795,93.16666666666669,-0.09759999999999991,-0.013299999999999201,0.03333333333334565,2.955060913076668,-0.990842519368043,-0.13502259741387493,-32.3714,-8.238150000000001,-33,-9,-32.5,-8.5
4050,2835,94.5,0.1623000000000019,0.008800000000000807,0.03333333333331723,4.876151863921339,0.9985332975431208,0.05414105371768433,-31.65935,-8.1555,-32,-9,-31.5,-8.5
4050,2875,95.83333333333331,0.2093999999999987,0.04209999999999958,0.03333333333331723,6.407705751674241,0.9803820967218415,0.1971064291881059,-30.628500000000003,-7.93335,-31,-8,-30.5,-7.5
4050,2915,97.16666666666669,-0.03760000000000474,-0.008300000000000196,0.03333333333334565,1.1551558336429497,-0.9764916274909989,-0.21555533266421437,-32.813,-8.32055,-33,-9,-32.5,-8.5
4059,2707,90.23333333333332,0.0018999999999991246,0.00020000000000131024,0.03333333333331723,0.057314919523634086,0.9945054529213297,0.10468478451876875,-46.06075,-11.914200000000001,-47,-12,-46.5,-11.5
4059,2748,91.6,-0.1336999999999975,-0.007899999999999352,0.03333333333333144,4.017995769037247,-0.998258890890079,-0.058984631548475136,-41.15975,-10.60895,-42,-11,-41.5,-10.5
4059,2788,92.93333333333334,-0.19200000000000017,-0.06219999999999892,0.03333333333333144,6.054713535750813,-0.9513249414674522,-0.3081896424962211,-42.031400000000005,-10.533999999999999,-43,-11,-42.5,-10.5
4059,2828,94.26666666666668,-0.42440000000000566,-0.09149999999999991,0.03333333333335986,13.024547938402097,-0.9775387261196605,-0.21075587521194078,-43.0426,-10.70805,-44,-11,-43.5,-10.5
4070,2724,90.8,0.06810000000000116,0.06380000000000052,0.03333333333331723,2.79950799248864,0.7297710903067951,0.6836915647808094,-66.56485,-28.1939,-67,-29,-66.5,-28.5
4070,2764,92.13333333333334,0.1401000000000039,0.05620000000000047,0.03333333333334565,4.528554405103893,0.9281107444047897,0.3723042386548763,-64.08185,-25.917499999999997,-65,-26,-64.5,-25.5
4070,2804,93.46666666666668,0.12539999999999907,0.07880000000000109,0.03333333333334565,4.443100268954703,0.8467060773498234,0.5320609162294059,-62.6132,-23.9882,-63,-24,-62.5,-23.5
4098,2733,91.1,0.1570999999999998,0.020199999999999108,0.03333333333333144,4.751800185193237,0.9918346345214857,0.12753061500530333,-27.22965,-22.203699999999998,-28,-23,-27.5,-22.5
4098,2773,92.43333333333334,0.06900000000000261,0.02260000000000062,0.03333333333333144,2.178206601771487,0.9503230769371055,0.31126523969243997,-23.846,-21.627699999999997,-24,-22,-23.5,-21.5
4098,2813,93.76666666666668,-0.14069999999999894,-0.010899999999999466,0.03333333333335986,4.2336473636772345,-0.9970126553786379,-0.07723836491561267,-21.817149999999998,-21.07715,-22,-22,-21.5,-21.5
4098,2853,95.1,0.3476999999999997,0.06490000000000151,0.03333333333333144,10.611153094740118,0.9830222886117028,0.18348618501840971,-19.618250000000003,-20.79515,-20,-21,-19.5,-20.5
4098,2893,96.43333333333334,0.09999999999999787,0.02359999999999829,0.03333333333333144,3.0824120425408124,0.9732637812844859,0.2296902523831269,-18.9732,-20.517400000000002,-19,-21,-18.5,-20.5
4098,2933,97.76666666666668,0.215799999999998,0.036300000000000665,0.03333333333335986,6.5649521704221625,0.986145798466415,0.16588087342137095,-17.7384,-20.07595,-18,-21,-17.5,-20.5
4098,2974,99.13333333333334,0.015200000000000102,0.012300000000003308,0.03333333333334565,0.5865978179296457,0.7773639554426802,0.6290510955228602,-13.9649,-19.99925,-14,-20,-13.5,-19.5
4108,2770,92.33333333333331,0.07879999999999754,0.023999999999999133,0.03333333333331723,2.47121346710589,0.9566150522680735,0.2913548382542342,-18.906399999999998,-8.5124,-19,-9,-18.5,-8.5
4108,2810,93.66666666666669,-0.18659999999999854,-0.028999999999999915,0.03333333333334565,5.665201143823208,-0.9881379068246164,-0.15356912807027875,-19.2437,-8.0421,-20,-9,-19.5,-8.5
4118,2844,94.8,0.4613999999999976,0.11790000000000056,0.03333333333331723,14.28675376004624,0.9688695019519826,0.24757198586939724,-53.185,-8.104849999999999,-54,-9,-53.5,-8.5
4118,2884,96.13333333333334,-0.20700000000000074,-0.03960000000000008,0.03333333333334565,6.322613700042945,-0.9821887426011093,-0.18789697684542933,-53.486999999999995,-8.1988,-54,-9,-53.5,-8.5
4118,2934,97.8,-0.05180000000000007,-0.030900000000000816,0.03333333333331723,1.8094874965036967,-0.858806707978586,-0.5122997543733393,-54.9264,-8.496649999999999,-55,-9,-54.5,-8.5
4129,2767,92.23333333333332,0.001100000000000989,-0.019300000000001205,0.03333333333331723,0.5799396520331825,0.05690247232509883,-0.9983797417031715,-23.43965,-23.18365,-24,-24,-23.5,-23.5
4129,2807,93.56666666666666,0.02260000000000062,-0.026299999999999102,0.03333333333334565,1.040290824721233,0.6517408246693437,-0.7584417561417117,-23.4148,-23.14975,-24,-24,-23.5,-23.5
4129,2847,94.9,-0.09339999999999904,-0.006099999999999994,0.03333333333334565,2.807969551115897,-0.9978740684297703,-0.06517164686746955,-24.6391,-23.341250000000002,-25,-24,-24.5,-23.5
4129,2887,96.23333333333332,-0.21359999999999957,-0.025099999999998346,0.03333333333331723,6.452090591431586,-0.9931664642949907,-0.11670635886611738,-27.131,-23.86575,-28,-24,-27.5,-23.5
4129,2927,97.56666666666666,0.17419999999999902,0.02779999999999916,0.03333333333334565,5.292129250120309,0.9875042261825395,0.15759252289250242,-30.8921,-24.126,-31,-25,-30.5,-24.5
4129,2967,98.9,-0.009299999999999642,-0.0032999999999994145,0.03333333333334565,0.2960439156610481,-0.9424277454812611,-0.3344098451707236,-30.658250000000002,-24.154249999999998,-31,-25,-30.5,-24.5
4129,3007,100.23333333333332,0.1258999999999979,0.004999999999999005,0.03333333333331723,3.7799773808864683,0.9992123283859419,0.039682777140022225,-27.752850000000002,-23.930300000000003,-28,-24,-27.5,-23.5
4129,3047,101.56666666666666,-0.0146000000000015,0.007699999999999818,0.03333333333334565,0.49518178480216307,-0.8845236505920238,0.466495349969707,-30.8356,-24.22115,-31,-25,-30.5,-24.5
4129,3087,102.9,0.03810000000000002,0.002600000000001046,0.03333333333334565,1.1456583260287672,0.9976796519793092,0.0680831258568831,-34.26495,-24.563,-35,-25,-34.5,-24.5
4129,3127,104.23333333333332,-0.0923000000000016,0.014099999999999113,0.03333333333331723,2.80112298908988,-0.988532103297995,0.1510108630173414,-35.341750000000005,-24.39055,-36,-25,-35.5,-24.5
4150,2770,92.33333333333331,0.49320000000000164,0.08990000000000009,0.03333333333331723,15.039794712702035,0.9837900239097721,0.17932425618306633,141.0046,32.15255,141,32,141.5,32.5
4154,2797,93.23333333333332,-0.15780000000000882,-0.023299999999998988,0.03333333333331723,4.785327261538607,-0.9892740331578592,-0.14607151440162122,-71.7659,-36.978849999999994,-72,-37,-71.5,-36.5
4180,2818,93.93333333333334,0.003600000000002268,-0.023200000000002774,0.03333333333333144,0.7043294683599338,0.15333732983167317,-0.9881739033591671,-20.799300000000002,-27.1234,-21,-28,-20.5,-27.5
4180,2858,95.26666666666668,-0.18940000000000268,-0.04639999999999844,0.03333333333335986,5.850024615328239,-0.971277964387975,-0.23794771672439224,-20.5937,-27.9174,-21,-28,-20.5,-27.5
4180,2898,96.6,0.05729999999999791,-0.006000000000000227,0.03333333333333144,1.728398391575312,0.9945623696359084,-0.10414265650638559,-24.93205,-29.1698,-25,-30,-24.5,-29.5
4180,2938,97.93333333333334,-0.11159999999999926,-0.03359999999999985,0.03333333333333144,3.4964507718544002,-0.9575424390215284,-0.2882923472322888,-27.519199999999998,-30.156,-28,-31,-27.5,-30.5
4180,2978,99.26666666666668,0.02009999999999934,-0.01950000000000074,0.03333333333335986,0.84013927416761,0.7177381400208178,-0.696313120915768,-25.81685,-30.79625,-26,-31,-25.5,-30.5
4180,3018,100.6,-0.6314999999999991,-0.06739999999999924,0.03333333333333144,19.052598484197375,-0.9943525559368939,-0.1061272561680855,-26.22555,-31.5931,-27,-32,-26.5,-31.5
4180,3058,101.93333333333334,-0.27090000000000103,-0.029199999999995896,0.03333333333333144,8.174075177046507,-0.9942409170424312,-0.10716808703445849,-28.872950000000003,-32.419,-29,-33,-28.5,-32.5
4180,3098,103.26666666666668,-0.08639999999999759,-0.017200000000002547,0.03333333333335986,2.642862084935305,-0.9807549227682515,-0.19524287814371405,-33.3048,-33.6948,-34,-34,-33.5,-33.5
4182,2800,93.33333333333331,0.1404999999999994,-0.004899999999999238,0.03333333333331723,4.2175625662243625,0.9993924058784888,-0.03485425472458259,-22.06975,-30.82075,-23,-31,-22.5,-30.5
4182,2840,94.66666666666669,-0.1379000000000019,-0.047100000000000364,0.03333333333334565,4.3716516329628075,-0.9463242607908243,-0.3232188011838111,-22.90795,-31.67765,-23,-32,-22.5,-31.5
4182,2880,96.0,-0.16629999999999967,-0.020800000000001262,0.03333333333331723,5.027872015079976,-0.9922686943977517,-0.12410817103712886,-23.85315,-32.474000000000004,-24,-33,-23.5,-32.5
4182,2920,97.33333333333331,-0.13230000000000075,-0.015000000000000568,0.03333333333331723,3.9944287451418647,-0.9936339469890778,-0.11265691008946822,-28.27565,-33.402,-29,-34,-28.5,-33.5
4188,2818,93.93333333333334,0.24920000000000186,0.014200000000000657,0.03333333333333144,7.488127402762804,0.9983804491951019,0.05689005769892053,119.9796,8.2147,119,8,119.5,8.5
4189,2790,93.0,0.11649999999999494,0.026500000000000412,0.03333333333331723,3.584278170010159,0.9750917295550281,0.22180198140094223,-47.924350000000004,-6.96885,-48,-7,-47.5,-6.5
4198,2796,93.2,-0.09629999999999939,0.0030000000000001137,0.03333333333331723,2.890401529201084,-0.9995151091689001,0.031137542341711663,-13.06195,-21.615,-14,-22,-13.5,-21.5
4198,2836,94.53333333333332,0.2054999999999989,0.031399999999997874,0.03333333333331723,6.236552653512762,0.9885268901771377,0.151044984679125,-12.98585,-21.3691,-13,-22,-12.5,-21.5
4198,2876,95.86666666666666,-0.002100000000000435,0.010300000000000864,0.03333333333334565,0.31535694062434105,-0.19977362754491113,0.979842077958253,-12.882950000000001,-21.07255,-13,-22,-12.5,-21.5
4198,2916,97.2,-0.2724000000000011,-0.028299999999997993,0.03333333333331723,8.215983507777121,-0.9946465924947991,-0.10333516361086897,-16.3373,-21.25155,-17,-22,-16.5,-21.5
4198,2956,98.53333333333332,0.04229999999999734,0.007900000000002905,0.03333333333331723,1.2909415168788434,0.9830034772362432,0.1835869378290701,-16.63345,-21.068649999999998,-17,-22,-16.5,-21.5
4198,2996,99.86666666666666,-0.049000000000001265,-0.02319999999999922,0.03333333333334565,1.626442744149982,-0.9038129410253245,-0.42792775983237313,-13.201699999999999,-19.954700000000003,-14,-20,-13.5,-19.5
4198,3036,101.2,-0.026600000000001955,0.007799999999999585,0.03333333333331723,0.8316008658008698,-0.9595949605366676,0.28138498842800974,-16.0369,-19.433799999999998,-17,-20,-16.5,-19.5
4198,3076,102.53333333333332,-0.28049999999999997,-0.03359999999999985,0.03333333333331723,8.475157166688378,-0.9929019408724642,-0.11893584746279734,-16.60575,-18.9261,-17,-19,-16.5,-18.5
4198,3116,103.86666666666666,-0.21750000000000114,-0.016799999999999926,0.03333333333334565,6.544435880957868,-0.9970301671047312,-0.0770119853211923,-16.79475,-18.3502,-17,-19,-16.5,-18.5
4198,3156,105.2,-0.07309999999999839,0.020100000000002893,0.03333333333331723,2.274391786831128,-0.9642138230970669,0.2651258255027943,-15.89215,-17.60505,-16,-18,-15.5,-17.5
4198,3196,106.53333333333332,-0.16550000000000153,-0.01699999999999946,0.03333333333331723,4.9911246227703545,-0.9947657843186836,-0.10218137965810832,-17.63655,-17.3893,-18,-18,-17.5,-17.5
4198,3236,107.86666666666666,-0.33419999999999916,-0.034600000000001074,0.03333333333334565,10.079589277342826,-0.9946833868055501,-0.10298038654540152,-19.3418,-17.2444,-20,-18,-19.5,-17.5
4198,3276,109.2,0.35050000000000026,0.06810000000000116,0.03333333333331723,10.711632648672712,0.9816430739256178,0.1907272277727123,-21.257550000000002,-17.26475,-22,-18,-21.5,-17.5
4198,3316,110.53333333333332,0.0893999999999977,0.04930000000000234,0.03333333333331723,3.062770804354923,0.8756776694448433,0.4828960749847196,-23.4728,-17.08325,-24,-18,-23.5,-17.5
4198,3356,111.86666666666666,-0.10229999999999961,-0.006599999999998829,0.03333333333334565,3.075380464266645,-0.997925308968459,-0.06438227799795392,-24.46095,-16.2617,-25,-17,-24.5,-16.5
4198,3396,113.2,-0.13060000000000116,0.0045999999999999375,0.03333333333331723,3.920429568301811,-0.9993802800796303,0.03520022426007807,-25.0004,-15.3791,-26,-16,-25.5,-15.5
4198,3436,114.53333333333332,0.013700000000000045,0.045099999999999696,0.03333333333331723,1.4140473825165507,0.29065504104166,0.9568279088305645,-27.32765,-15.06495,-28,-16,-27.5,-15.5
4198,3476,115.86666666666666,0.3716000000000008,0.05090000000000039,0.03333333333334565,11.25209460500164,0.9907488686631319,0.13570806624045664,-29.7886,-15.489149999999999,-30,-16,-29.5,-15.5
4198,3516,117.2,0.03289999999999793,-0.022800000000000153,0.03333333333331723,1.2008434535780579,0.8219222889207826,-0.5695996409542599,-31.31965,-15.7561,-32,-16,-31.5,-15.5
4198,3556,118.53333333333332,0.16460000000000008,0.051000000000000156,0.03333333333331723,5.16959805014141,0.9551999888786932,0.2959611144156347,-32.48950000000001,-15.758199999999999,-33,-16,-32.5,-15.5
4198,3596,119.86666666666666,-0.07569999999999766,0.0045999999999999375,0.03333333333334565,2.2751890031370703,-0.998158832900386,0.06065430160293071,-33.63785,-14.766,-34,-15,-33.5,-14.5
4198,3636,121.2,-0.06329999999999814,0.032600000000000406,0.03333333333331723,2.136044241115858,-0.8890265301849902,0.4578556853717519,-33.04815,-13.2283,-34,-14,-33.5,-13.5
4198,3676,122.53333333333332,-0.17790000000000106,-0.0007999999999999119,0.03333333333331723,5.337053962630308,-0.9999898890608798,-0.004496862907524514,-34.67215,-12.2198,-35,-13,-34.5,-12.5
4198,3716,123.86666666666666,-0.09340000000000259,-0.009000000000000341,0.03333333333334565,2.8149785079098892,-0.9953894824154508,-0.09591547475095448,-36.638,-11.1669,-37,-12,-36.5,-11.5
4207,2819,93.96666666666668,0.14379999999999882,0.011400000000000077,0.03333333333334565,4.327535095176683,0.996872331504972,0.07902882183001983,76.6106,-2.8872,76,-3,76.5,-2.5
4207,2859,95.3,-0.3901000000000039,-0.05920000000000014,0.03333333333331723,11.836992227763695,-0.9886802132518391,-0.15003811490517413,78.94794999999999,-2.6482,78,-3,78.5,-2.5
4207,2899,96.63333333333334,-0.13589999999999236,-0.029300000000000104,0.03333333333334565,4.170679800702193,-0.9775384816911247,-0.21075700892973998,73.77645,-3.31095,73,-4,73.5,-3.5
4207,2939,97.96666666666668,-0.10199999999998965,-0.04420000000000002,0.03333333333334565,3.334947675749933,-0.9175556253099094,-0.3976074376343346,72.12180000000001,-3.4418,72,-4,72.5,-3.5
4207,2979,99.3,-0.0420999999999907,-0.041899999999999604,0.03333333333331723,1.7819141393463194,-0.7087883597262731,-0.7054211941220219,80.22715,-2.3701499999999998,80,-3,80.5,-2.5
4207,3021,100.7,-0.8876000000000062,-0.11999999999999966,0.03333333333331723,26.870250910639214,-0.9909844194819095,-0.13397716351715636,81.4399,-2.2500999999999998,81,-3,81.5,-2.5
4207,3061,102.03333333333332,0.31680000000000064,0.04200000000000004,0.03333333333331723,9.587158911799115,0.9913260109110991,0.13142579690109255,83.7204,-1.6242,83,-2,83.5,-1.5
4207,3101,103.36666666666666,-0.5986999999999938,-0.08940000000000015,0.03333333333334565,18.1601389036469,-0.989034285216082,-0.14768609503644362,81.45054999999999,-1.9386,81,-2,81.5,-1.5
4207,3141,104.7,-0.015999999999991132,-0.03729999999999989,0.03333333333331723,1.2176046156290512,-0.3942166396535738,-0.9190175411929005,84.5997,-1.29055,84,-2,84.5,-1.5
4212,2823,94.1,-0.00010000000000331966,0.0002999999999993008,0.03333333333333144,0.009486832980517272,-0.31622776602694913,0.9486832980471434,-130.82585,-28.495649999999998,-131,-29,-130.5,-28.5
4212,2930,97.66666666666669,-0.03999999999999204,0.0016999999999995907,0.03333333333334565,1.2010832610599316,-0.9990980966135039,0.042461669106072145,-130.71710000000002,-28.50435,-131,-29,-130.5,-28.5
4212,3033,101.1,-0.0021999999999877673,0.005000000000002558,0.03333333333333144,0.16387800340490372,-0.4027386142639681,0.9153150324236671,-130.88209999999998,-28.3659,-131,-29,-130.5,-28.5
4216,2828,94.26666666666668,-0.14280000000000115,-0.03890000000000171,0.03333333333335986,4.440106417640126,-0.9648417395981086,-0.26283153830789757,-36.427499999999995,-29.149749999999997,-37,-30,-36.5,-29.5
4232,2856,95.2,0.26729999999999876,0.06909999999999972,0.03333333333331723,8.282613717907267,0.9681726412842978,0.2502833128048822,-52.693749999999994,-4.6049500000000005,-53,-5,-52.5,-4.5
4232,2896,96.53333333333332,-0.06350000000000477,0.007699999999999818,0.03333333333331723,1.9189544027944234,-0.9927281217453426,0.12037805570769107,-54.04175,-4.88305,-55,-5,-54.5,-4.5
4232,2936,97.86666666666666,-0.2126000000000019,-0.03279999999999994,0.03333333333334565,6.453459537331117,-0.988307118546741,-0.15247635695358774,-54.69,-5.0567,-55,-6,-54.5,-5.5
4232,2976,99.2,0.24520000000000408,0.07509999999999994,0.03333333333331723,7.693292208155035,0.9561576241971126,0.29285251866721823,-52.4731,-4.5249500000000005,-53,-5,-52.5,-4.5
4232,3016,100.53333333333332,0.06090000000000373,0.043099999999999916,0.03333333333331723,2.2382533368690067,0.816261488324956,0.5776825968276418,-50.31595,-4.011950000000001,-51,-5,-50.5,-4.5
4232,3056,101.86666666666666,-0.019800000000003593,-0.0015999999999998238,0.03333333333334565,0.5959362381999145,-0.9967509305930535,-0.08054552974486973,-50.3557,-3.7879,-51,-4,-50.5,-3.5
4232,3096,103.2,0.08220000000000027,0.027200000000000113,0.03333333333331723,2.5975011068345215,0.9493739939177245,0.3141480855786147,-51.1925,-3.8804999999999996,-52,-4,-51.5,-3.5
4240,2830,94.33333333333331,-0.34520000000000195,-0.05649999999999977,0.03333333333331723,10.493796310206694,-0.9868687836004969,-0.16152400426833005,-31.4306,-28.33755,-32,-29,-31.5,-28.5
4240,2870,95.66666666666669,0.31289999999999907,0.0257000000000005,0.03333333333334565,9.418609770020941,0.9966439027843524,0.08185921477008128,-34.59505,-29.12685,-35,-30,-34.5,-29.5
4240,2910,97.0,-0.004300000000000637,-0.011499999999998067,0.03333333333331723,0.3683286575873455,-0.35023069028912135,-0.9366634740287494,-36.42865,-29.72335,-37,-30,-36.5,-29.5
4240,2950,98.33333333333331,0.06790000000000163,-0.010200000000001097,0.03333333333331723,2.0598555774627303,0.9889042815856778,-0.14855410415574016,-37.15275,-30.371000000000002,-38,-31,-37.5,-30.5
4240,2990,99.66666666666669,0.0035999999999987153,0.002300000000001745,0.03333333333334565,0.12816005617971132,0.8426962598118676,0.5383892771026271,-35.052899999999994,-30.42225,-36,-31,-35.5,-30.5
4240,3030,101.0,0.06669999999999732,-0.006699999999998596,0.03333333333331723,2.011069864525738,0.9949927823481028,-0.09994680122535472,-39.68835,-31.17705,-40,-32,-39.5,-31.5
4240,3070,102.33333333333331,-0.19060000000000343,-0.033099999999997465,0.03333333333331723,5.803582772739058,-0.9852534587534106,-0.17110120401224976,-40.8915,-31.79945,-41,-32,-40.5,-31.5
4240,3111,103.7,-0.054299999999997794,-0.0007000000000019213,0.03333333333331723,1.6291353534934878,-0.9999169169753288,-0.012890273331209573,-42.07165,-32.46455,-43,-33,-42.5,-32.5
4240,3151,105.03333333333332,-0.05509999999999593,-0.02090000000000458,0.03333333333331723,1.7679191157976624,-0.934997526317749,-0.35465423412062946,-42.56015,-32.880449999999996,-43,-33,-42.5,-32.5
4240,3191,106.36666666666666,-0.15229999999999677,-0.05129999999999768,0.03333333333334565,4.821232415055483,-0.9476830002491459,-0.31921298695193706,-44.05185,-33.42245,-45,-34,-44.5,-33.5
4240,3231,107.7,-0.08510000000000417,-0.02360000000000184,0.03333333333331723,2.6493533173224555,-0.9636313825373524,-0.26723502500449087,-46.105850000000004,-34.3159,-47,-35,-46.5,-34.5
4240,3271,109.03333333333332,-0.03889999999999816,-0.018899999999995032,0.03333333333331723,1.2974505770939133,-0.899456226390069,-0.43701086577811415,-48.55135,-35.08785,-49,-36,-48.5,-35.5
4241,2858,95.26666666666668,0.08129999999999882,0.01949999999999985,0.03333333333335986,2.508175831154947,0.9724198637521079,0.23323723669331162,-48.87375,-4.20585,-49,-5,-48.5,-4.5
4241,2898,96.6,-0.11120000000000374,-0.009000000000000341,0.03333333333333144,3.346908424203152,-0.9967407461393428,-0.08067146326667377,-50.968199999999996,-4.6586,-51,-5,-50.5,-4.5
4241,2938,97.93333333333334,-0.1355999999999966,-0.021999999999999353,0.03333333333333144,4.121192060557368,-0.9870930401263455,-0.1601478383685804,-51.7842,-4.7963000000000005,-52,-5,-51.5,-4.5
4241,3007,100.23333333333332,-0.2137000000000029,-0.026100000000000012,0.03333333333331723,6.458638401400207,-0.9926240798081072,-0.12123298307436246,-44.54585,-3.1454500000000003,-45,-4,-44.5,-3.5
4250,2864,95.46666666666668,-1.1509000000000071,-0.307699999999997,0.03333333333334565,35.73968508533713,-0.9660689487762946,-0.258284312745209,67.98455,20.02965,67,20,67.5,20.5
4250,2904,96.8,-0.4479000000000042,-0.10679999999999978,0.03333333333331723,13.813710037502153,-0.9727292641533068,-0.23194348160654607,65.50765,19.3269,65,19,65.5,19.5
4250,2947,98.23333333333332,0.011400000000008959,-0.006799999999998363,0.03333333333331723,0.3982210441454809,0.8588195049669254,-0.5122783012078156,66.4811,19.5547,66,19,66.5,19.5
4250,2996,99.86666666666666,-0.10779999999999745,-0.051899999999999835,0.03333333333334565,3.5892903198250723,-0.9010137692501677,-0.4337904881640507,77.5176,22.036050000000003,77,22,77.5,22.5
4250,3038,101.26666666666668,0.088799999999992,0.0045000000000001705,0.03333333333335986,2.667418414869965,0.9987184556973631,0.05061073255223772,74.0912,21.47315,74,21,74.5,21.5
4250,3078,102.6,0.1782000000000039,0.03960000000000008,0.03333333333333144,5.476409407632401,0.9761870601839537,0.21693045781865206,74.8903,21.755,74,21,74.5,21.5
4250,3118,103.93333333333334,0.025400000000004752,-0.04229999999999734,0.03333333333333144,1.480204377780401,0.514793775399328,-0.8573140432829186,75.77019999999999,22.01135,75,22,75.5,22.5
4250,3158,105.26666666666668,0.2471000000000032,0.03710000000000235,0.03333333333335986,7.4960881798383445,0.9889157947651118,0.14847744227352286,80.51214999999999,22.93675,80,22,80.5,22.5
4250,3214,107.13333333333334,-0.2798000000000087,-0.03400000000000247,0.03333333333334565,8.455745738842419,-0.9926977772567567,-0.12062803583535071,77.17609999999999,22.1229,77,22,77.5,22.5
4250,3254,108.46666666666668,0.14859999999998763,0.054700000000000415,0.03333333333334565,4.750436295750113,0.938440118434226,0.3454419547668696,72.8994,21.343049999999998,72,21,72.5,21.5
4250,3294,109.8,-0.09340000000000259,0.018099999999996896,0.03333333333331723,2.8541291141096274,-0.9817355445307323,0.19025067832979353,76.6981,22.18985,76,22,76.5,22.5
4250,3334,111.13333333333334,0.08540000000000703,0.06209999999999738,0.03333333333334565,3.167745728431083,0.8087770356707791,0.5881153854232919,75.87729999999999,21.789450000000002,75,21,75.5,21.5
4255,2853,95.1,0.3066999999999993,0.08980000000000032,0.03333333333333144,9.587285173604158,0.9597085966872894,0.28099716981584316,-53.74294999999999,-7.1593,-54,-8,-53.5,-7.5
4255,2893,96.43333333333334,0.10309999999999775,0.04549999999999965,0.03333333333333144,3.3808096663374667,0.9148696038102756,0.4037494371810682,-52.93455,-6.443350000000001,-53,-7,-52.5,-6.5
4255,2937,97.9,0.05460000000000065,0.019599999999999618,0.03333333333334565,1.740341345827827,0.9411946707617107,0.33786475360675733,-52.2238,-5.897399999999999,-53,-6,-52.5,-5.5
4255,2977,99.23333333333332,0.2751000000000019,0.06949999999999967,0.03333333333331723,8.5122989844149,0.9695383133410137,0.24493970475172544,-47.987849999999995,-4.45505,-48,-5,-47.5,-4.5
4258,2851,95.03333333333332,0.1404999999999994,0.013100000000001444,0.03333333333331723,4.2332817057239644,0.9956814341702735,0.09283577784791514,-17.020249999999997,-23.80065,-18,-24,-17.5,-23.5
4258,2891,96.36666666666666,0.08600000000000207,-0.0018999999999991246,0.03333333333334565,2.5806295743471974,0.9997560384666027,-0.022087633407972374,-19.325499999999998,-24.56275,-20,-25,-19.5,-24.5
4258,2931,97.7,0.1485999999999983,0.009500000000002728,0.03333333333331723,4.467100737617059,0.9979627194125442,0.06379977008359355,-21.3911,-25.16705,-22,-26,-21.5,-25.5
4258,2971,99.03333333333332,-0.1103999999999985,-0.036599999999999966,0.03333333333331723,3.489261813050357,-0.9491979041567427,-0.3146797399650111,-21.1315,-25.5434,-22,-26,-21.5,-25.5
4258,3011,100.36666666666666,-0.03879999999999839,0.022800000000000153,0.03333333333334565,1.3500933301066809,-0.8621626179780811,0.5066316414922989,-18.592100000000002,-25.712200000000003,-19,-26,-18.5,-25.5
4258,3051,101.7,0.21750000000000114,0.036599999999999966,0.03333333333331723,6.616738547051919,0.986135382802815,0.16594278165785198,-21.92585,-26.4028,-22,-27,-21.5,-26.5
4258,3091,103.03333333333332,-0.2140000000000022,-0.03610000000000113,0.03333333333331723,6.510705722119675,-0.9860682196388725,-0.16634141462132732,-23.500799999999998,-26.908050000000003,-24,-27,-23.5,-26.5
4258,3131,104.36666666666666,0.20479999999999876,0.004400000000000404,0.03333333333334565,6.145417805159519,0.9997692906801819,0.021479418354459136,-24.256,-27.407899999999998,-25,-28,-24.5,-27.5
4258,3171,105.7,-0.1313999999999993,-0.034499999999997755,0.03333333333331723,4.075609034244544,-0.967217406498014,-0.25394977567868715,-24.6583,-27.97555,-25,-28,-24.5,-27.5
4258,3211,107.03333333333332,-0.6011000000000024,-0.09169999999999945,0.03333333333331723,18.241630683695032,-0.9885629367624065,-0.15080888587774374,-28.58905,-28.86535,-29,-29,-28.5,-28.5
4258,3251,108.36666666666666,-0.002300000000005298,-0.022400000000001086,0.03333333333334565,0.6755331227998583,-0.1021415496462284,-0.9947698748131988,-32.95845,-29.866799999999998,-33,-30,-32.5,-29.5
4258,3291,109.7,0.004899999999999238,-0.019899999999999807,0.03333333333331723,0.6148316842846925,0.23908982532523668,-0.9709974538720211,-32.80995,-30.37645,-33,-31,-32.5,-30.5
4258,3331,111.03333333333332,-0.10620000000000118,-0.03160000000000096,0.03333333333331723,3.3240487361064606,-0.9584697015403614,-0.28519437446964224,-33.9644,-31.018900000000002,-34,-32,-33.5,-31.5
4258,3371,112.36666666666666,-0.2043999999999997,-0.045800000000003394,0.03333333333334565,6.284051241036389,-0.9758036280726464,-0.21864875814936685,-34.91589999999999,-31.339199999999998,-35,-32,-34.5,-31.5
4258,3411,113.7,-0.2091999999999956,-0.0344999999999942,0.03333333333331723,6.360770472202018,-0.9866729238903394,-0.16271613706602153,-37.6631,-32.08455,-38,-33,-37.5,-32.5
4258,3451,115.03333333333332,-0.05830000000000268,-0.005299999999998306,0.03333333333331723,1.7562124017336986,-0.9958932064677067,-0.0905357460424857,-39.96165,-32.76795,-40,-33,-39.5,-32.5
4258,3491,116.36666666666666,-0.21000000000000085,-0.05799999999999983,0.03333333333334565,6.535870255747795,-0.9639114231891818,-0.26622315497605786,-40.8261,-33.5788,-41,-34,-40.5,-33.5
4258,3531,117.7,0.005899999999996908,-0.028999999999996362,0.03333333333331723,0.8878226174188957,0.19936414834144733,-0.97992547489903,-43.23865,-34.3029,-44,-35,-43.5,-34.5
4259,2848,94.93333333333334,-0.4834999999999994,-0.1064999999999987,0.03333333333333144,14.852711873594812,-0.9765893342203609,-0.21511223183964281,-50.803349999999995,-8.754950000000001,-51,-9,-50.5,-8.5
4286,2880,96.0,-0.19760000000000133,-0.03390000000000093,0.03333333333331723,6.014604974562792,-0.985600887352343,-0.1690884113423336,-21.1345,-11.05295,-22,-12,-21.5,-11.5
4286,2920,97.33333333333331,-0.38629999999999853,-0.05790000000000006,0.03333333333331723,11.718450836186994,-0.9889532466372014,-0.14822778405460585,-25.81795,-11.73005,-26,-12,-25.5,-11.5
4286,2960,98.66666666666669,0.009199999999999875,0.008399999999999963,0.03333333333334565,0.3737378760573969,0.7384854939281228,0.6742693640213356,-26.0515,-11.475999999999999,-27,-12,-26.5,-11.5
4286,3000,100.0,-0.04579999999999984,0.0023999999999997357,0.03333333333331723,1.3758851696278345,-0.9986298495915285,0.05232994845020552,-23.5956,-10.703800000000001,-24,-11,-23.5,-10.5
4286,3040,101.33333333333331,0.07939999999999969,0.025599999999998957,0.03333333333331723,2.5027480896019005,0.9517537981139902,0.3068626855380006,-26.8371,-10.749500000000001,-27,-11,-26.5,-10.5
4286,3080,102.66666666666669,-0.07140000000000057,-0.001200000000000756,0.03333333333334565,2.1423024996476765,-0.9998587969493101,-0.016804349528570284,-28.322899999999997,-10.5215,-29,-11,-28.5,-10.5
4286,3120,104.0,0.24150000000000205,0.02800000000000047,0.03333333333331723,7.293533094464734,0.9933457360331983,0.11517052011979206,-28.79205,-10.4983,-29,-11,-28.5,-10.5
4297,2881,96.03333333333332,-0.3815000000000026,-0.05549999999999988,0.03333333333331723,11.56547664387988,-0.9895830800939774,-0.14396293825744497,77.26435000000001,-3.4456499999999997,77,-4,77.5,-3.5
4297,2921,97.36666666666666,-0.06239999999999668,-0.01580000000000048,0.03333333333334565,1.9310774194725817,-0.9694070165817027,-0.24545882791654142,71.2897,-4.2618,71,-5,71.5,-4.5
4297,2968,98.93333333333334,0.5259999999999962,0.0405000000000002,0.03333333333333144,15.826706069173868,0.9970489077784762,0.07676897483845775,75.44380000000001,-3.7409499999999998,75,-4,75.5,-3.5
4305,2902,96.73333333333332,-0.24609999999999843,-0.0484999999999971,0.03333333333331723,7.525005913622513,-0.981128797073512,-0.19335532977676875,-25.46995,-27.00535,-26,-28,-25.5,-27.5
4305,2942,98.06666666666666,0.013099999999997891,-0.023099999999999454,0.03333333333334565,0.7966793583365007,0.49329758062314016,-0.8698606192668781,-27.079549999999998,-27.83925,-28,-28,-27.5,-27.5
4305,2982,99.4,0.003999999999997783,-0.0020999999999986585,0.03333333333334565,0.13553228397679054,0.8853979028379597,-0.4648338989898895,-24.532,-28.33335,-25,-29,-24.5,-28.5
4305,3022,100.73333333333332,-0.3695999999999984,-0.04370000000000118,0.03333333333331723,11.165234659429219,-0.9930825762485266,-0.11741804270038414,-25.8641,-29.21395,-26,-30,-25.5,-29.5
4305,3062,102.06666666666666,0.030400000000000205,0.0019999999999988916,0.03333333333334565,0.9139715531674878,0.9978428725040884,0.06564755740154794,-27.3593,-29.9052,-28,-30,-27.5,-29.5
4305,3102,103.4,0.007900000000002905,-0.004199999999997317,0.03333333333334565,0.2684119967512029,0.8829709657861535,-0.4694276020630522,-31.16015,-30.9879,-32,-31,-31.5,-30.5
4305,3142,104.73333333333332,0.09050000000000225,0.015799999999998704,0.03333333333331723,2.7560662183640776,0.9850996982260193,0.17198425670684467,-30.85205,-31.6328,-31,-32,-30.5,-31.5
4319,2906,96.86666666666666,-0.14349999999999952,-0.032099999999999795,0.03333333333334565,4.411393657336135,-0.9758820759147604,-0.21829835983877152,-25.899549999999998,-27.63255,-26,-28,-25.5,-27.5
4319,2946,98.2,0.024200000000000443,-0.02389999999999759,0.03333333333331723,1.0203749310919599,0.711503171901167,-0.7026828846461101,-26.2161,-28.24295,-27,-29,-26.5,-28.5
4319,2986,99.53333333333332,0.43219999999999814,0.03509999999999991,0.03333333333331723,13.008688058377066,0.9967184962711618,0.08094590286700101,-23.834600000000002,-28.83805,-24,-29,-23.5,-28.5
4319,3026,100.86666666666666,-0.07670000000000243,-0.014999999999997016,0.03333333333334565,2.344589729568095,-0.9814083764766376,-0.19193123399147546,-26.08625,-29.7432,-27,-30,-26.5,-29.5
4319,3066,102.2,-0.1186000000000007,-0.0370999999999988,0.03333333333331723,3.7280199838538284,-0.9543940256252783,-0.29854990177653007,-26.4852,-30.356949999999998,-27,-31,-26.5,-30.5
4319,3106,103.53333333333332,-0.4039999999999999,-0.060300000000001575,0.03333333333331723,12.254259708368565,-0.9890438336090572,-0.1476221365510587,-27.883699999999997,-31.05675,-28,-32,-27.5,-31.5
4319,3146,104.86666666666666,-0.012600000000002609,-0.006700000000002149,0.03333333333334565,0.4281179743948502,-0.8829341971316341,-0.46949675561766835,-30.894199999999998,-31.90155,-31,-32,-30.5,-31.5
4319,3186,106.2,-0.0835000000000008,-0.022500000000000853,0.03333333333331723,2.5943496294845567,-0.9655599120227005,-0.26018081461690273,-32.26315,-32.804950000000005,-33,-33,-32.5,-32.5
4319,3226,107.53333333333332,-0.09220000000000539,-0.026899999999997704,0.03333333333331723,2.8813200099969465,-0.9599766740260236,-0.28007996237848504,-34.6905,-33.66305,-35,-34,-34.5,-33.5
4326,2882,96.06666666666666,-0.3027000000000015,-0.03500000000000014,0.03333333333334565,9.141502119451653,-0.9933815998000785,-0.1148607730195002,-55.51475,-12.0906,-56,-13,-55.5,-12.5
4326,2926,97.53333333333332,0.12709999999999866,0.07659999999999911,0.03333333333331723,4.451940363484075,0.8564804756319241,0.5161794211912298,-57.32905,-10.8043,-58,-11,-57.5,-10.5
4326,2966,98.86666666666666,0.05089999999999861,0.024200000000000443,0.03333333333334565,1.6908001064578213,0.9031227252513109,0.4293825137737273,-56.47835,-10.1488,-57,-11,-56.5,-10.5
4326,3006,100.2,-0.13269999999999982,-0.028999999999999915,0.03333333333331723,4.074955337180519,-0.9769432228320791,-0.21349927251040127,-53.10165,-9.4656,-54,-10,-53.5,-9.5
4326,3082,102.73333333333332,0.1694000000000031,0.05819999999999936,0.03333333333331723,5.3735686466284935,0.9457402211082049,0.3249237359415343,-54.1292,-9.2879,-55,-10,-54.5,-9.5
4327,2898,96.6,-0.05310000000000059,-0.03960000000000008,0.03333333333333144,1.9872073369431058,-0.8016274750930613,-0.5978238797304132,-41.49105,-30.9552,-42,-31,-41.5,-30.5
4362,2911,97.03333333333332,0.06069999999999709,0.07620000000000005,0.03333333333331723,2.922642126571083,0.6230663629478425,0.7821689762212174,-62.07195,-18.6814,-63,-19,-62.5,-18.5
4362,2951,98.36666666666666,-0.011000000000002785,0.053300000000000125,0.03333333333334565,1.6326974612579324,-0.20211950335594261,0.9793608662608216,-60.7118,-16.59885,-61,-17,-60.5,-16.5
4362,2993,99.76666666666668,-0.0999000000000052,0.04150000000000098,0.03333333333335986,3.245309538392948,-0.9234866395770256,0.3836305860104652,-56.62155,-13.79675,-57,-14,-56.5,-13.5
4362,3033,101.1,0.07659999999999911,0.06780000000000008,0.03333333333333144,3.0688694986918157,0.7488099448281152,0.6627847814536143,-57.3621,-11.6659,-58,-12,-57.5,-11.5
4370,2914,97.13333333333334,0.0011999999999972033,0.013600000000000279,0.03333333333334565,0.4095851559808739,0.08789381029615209,0.996129850025399,-16.0305,-21.8285,-17,-22,-16.5,-21.5
4370,2954,98.46666666666668,0.012000000000000455,-0.0010000000000012221,0.03333333333334565,0.361247837363652,0.9965457582448716,-0.08304547985383764,-16.6754,-21.6543,-17,-22,-16.5,-21.5
4370,2994,99.8,0.05749999999999922,0.05859999999999843,0.03333333333331723,2.462963458926181,0.7003757988163117,0.7137742923588752,-13.178149999999999,-20.7285,-14,-21,-13.5,-20.5
4370,3064,102.13333333333334,0.20589999999999975,0.0113999999999983,0.03333333333334565,6.186460458127216,0.9984707801506956,0.055282015025333885,-7.35395,-19.537599999999998,-8,-20,-7.5,-19.5
4370,3104,103.46666666666668,0.15059999999999985,0.02120000000000033,0.03333333333334565,4.562545342238758,0.990236734344743,0.13939587495424235,-6.856400000000001,-19.4704,-7,-20,-6.5,-19.5
4370,3144,104.8,-0.08539999999999992,-0.015900000000002024,0.03333333333331723,2.606026285363716,-0.9831059703389231,-0.18303729424345294,-3.5267,-19.06005,-4,-20,-3.5,-19.5
4370,3184,106.13333333333334,-0.14440000000000008,-0.03410000000000224,0.03333333333334565,4.451151873390248,-0.9732312271562431,-0.2298281499032552,-1.5527,-18.79935,-2,-19,-1.5,-18.5
4380,3019,100.63333333333334,-0.5861000000000001,-0.07209999999999894,0.03333333333334565,17.715542836723014,-0.9925182740404231,-0.12209617396060989,-14.024550000000001,-20.62405,-15,-21,-14.5,-20.5
4380,3059,101.96666666666668,0.06869999999999976,0.04029999999999845,0.03333333333334565,2.3894354981868915,0.8625468239519846,0.5059772489849165,-14.60795,-19.796950000000002,-15,-20,-14.5,-19.5
4380,3099,103.3,0.13449999999999918,0.06510000000000105,0.03333333333331723,4.482793102522058,0.9001084608905547,0.43566587958346775,-16.150550000000003,-19.42115,-17,-20,-16.5,-19.5
4380,3139,104.63333333333334,0.0732999999999997,0.06700000000000017,0.03333333333334565,2.9792114728554298,0.7381147729978172,0.6746751676787733,-15.58185,-18.8058,-16,-19,-15.5,-18.5
4380,3179,105.96666666666668,0.052199999999999136,0.023399999999998755,0.03333333333334565,1.716146846862963,0.9125093245149568,0.40905590409289666,-15.962,-18.1993,-16,-19,-15.5,-18.5
4380,3219,107.3,0.14809999999999945,0.010799999999999699,0.03333333333331723,4.454797975219417,0.9973516250831316,0.07273057090410237,-19.09535,-18.096200000000003,-20,-19,-19.5,-18.5
4380,3259,108.63333333333334,-0.13569999999999993,0.001300000000000523,0.03333333333334565,4.071186804850367,-0.9999541153818708,0.009579516212210433,-21.12875,-17.97425,-22,-18,-21.5,-17.5
4380,3299,109.96666666666668,-0.09509999999999863,-0.013000000000001677,0.03333333333334565,2.879532774599671,-0.9907857362017854,-0.1354386390181394,-22.446350000000002,-17.909599999999998,-23,-18,-22.5,-17.5
4380,3339,111.3,0.04070000000000107,0.004999999999999005,0.03333333333331723,1.2301792552313389,0.9925382783105128,0.12193344942386845,-24.38225,-17.586599999999997,-25,-18,-24.5,-17.5
4380,3379,112.63333333333334,0.06579999999999941,0.04560000000000031,0.03333333333334565,2.4016869071541556,0.8219222889207969,0.569599640954239,-24.341299999999997,-16.7689,-25,-17,-24.5,-16.5
4380,3419,113.96666666666668,0.10749999999999815,0.040500000000001535,0.03333333333334565,3.4462806037801066,0.9357914722502171,0.3525539965221942,-25.983150000000002,-16.56025,-26,-17,-25.5,-16.5
4380,3459,115.3,-0.18109999999999715,-0.02909999999999968,0.03333333333331723,5.502691886706752,-0.9873349465790422,-0.1586496242156282,-26.58985,-15.86595,-27,-16,-26.5,-15.5
4380,3499,116.63333333333334,0.15970000000000084,0.031000000000000583,0.03333333333334565,4.88042836234512,0.981676124367105,0.19055704355279066,-25.46315,-15.2669,-26,-16,-25.5,-15.5
4393,2953,98.43333333333334,-0.024099999999997124,-0.019899999999999807,0.03333333333333144,0.9376235918533451,-0.7710983450947981,-0.6367160608874757,-45.12575,-32.646950000000004,-46,-33,-45.5,-32.5
4393,2993,99.76666666666668,1.267000000000003,0.08570000000000277,0.03333333333335986,38.096852114022454,0.9977202285954581,0.0674858907581952,-42.245400000000004,-33.56765,-43,-34,-42.5,-33.5
4394,2975,99.16666666666669,-0.5386000000000024,-0.04989999999999917,0.03333333333334565,16.22719855673824,-0.9957356436785938,-0.09225252250196951,34.107,-13.309650000000001,34,-14,34.5,-13.5
4394,3015,100.5,-0.11829999999999785,-0.038899999999999935,0.03333333333331723,3.7359456634181694,-0.9499602830825234,-0.31237071015985435,39.41445,-12.73275,39,-13,39.5,-12.5
4394,3055,101.83333333333331,0.3877999999999986,0.07160000000000011,0.03333333333331723,11.83063227389535,0.9833793943267388,0.18156256996852724,39.5129,-12.6666,39,-13,39.5,-12.5
4394,3095,103.16666666666669,-0.010300000000000864,-0.016500000000000625,0.03333333333334565,0.5835289195916369,-0.5295367369558223,-0.8482870058029772,39.27715,-12.88355,39,-13,39.5,-12.5
4394,3135,104.5,0.09650000000000603,0.0015999999999998238,0.03333333333331723,2.8953979001182457,0.9998625749791938,0.016578032331258385,42.31185,-12.766,42,-13,42.5,-12.5
4394,3175,105.83333333333331,0.11320000000000618,0.0045000000000001705,0.03333333333331723,3.3986822446372393,0.9992107986441965,0.039721277331261566,44.0715,-12.60315,44,-13,44.5,-12.5
4394,3215,107.16666666666669,-0.46709999999999496,-0.04870000000000019,0.03333333333334565,14.088956313362928,-0.9946088048199699,-0.10369824190694336,42.877250000000004,-12.89715,42,-13,42.5,-12.5
4394,3255,108.5,0.08070000000000022,0.025800000000000267,0.03333333333331723,2.5417153656549125,0.952506339897492,0.3045187555062637,40.80285000000001,-13.2089,40,-14,40.5,-13.5
4394,3295,109.83333333333331,-0.06069999999999709,-0.0235000000000003,0.03333333333331723,1.9527073513466835,-0.9325514131674371,-0.361037202791369,44.89795,-12.78605,44,-13,44.5,-12.5
4394,3335,111.16666666666669,0.6178000000000026,0.09559999999999924,0.03333333333334565,18.75458823860825,0.988238172131078,0.15292257891830677,46.9893,-12.5857,46,-13,46.5,-12.5
4394,3375,112.5,0.12369999999999948,0.010699999999999932,0.03333333333331723,3.724857312705185,0.996279773548334,0.0861777977119414,49.58625,-12.38095,49,-13,49.5,-12.5
4394,3415,113.83333333333331,0.37819999999999965,0.039699999999999847,0.03333333333331723,11.408338923792785,0.9945356704246135,0.10439731918523808,48.057500000000005,-12.86355,48,-13,48.5,-12.5
4394,3455,115.16666666666669,0.06340000000000146,-0.009399999999999409,0.03333333333334565,1.9227917203892428,0.9891867017267513,-0.14666175072919027,50.7464,-12.426,50,-13,50.5,-12.5
4394,3495,116.5,-0.04189999999999827,-0.028100000000000236,0.03333333333331723,1.5135052031632052,-0.8305224173484456,-0.556985201133472,53.95895,-12.262550000000001,53,-13,53.5,-12.5
4394,3535,117.83333333333331,0.23610000000000042,0.02880000000000038,0.03333333333331723,7.135501734289566,0.9926421804322695,0.12108468782909651,53.23425,-12.4239,53,-13,53.5,-12.5
4394,3575,119.16666666666669,-0.20130000000000337,-0.02210000000000001,0.03333333333334565,6.075285178489479,-0.9940274114834834,-0.10913067955183618,55.68405,-12.283249999999999,55,-13,55.5,-12.5
4394,3615,120.5,0.18819999999999482,0.0254000000000012,0.03333333333331723,5.697188780445113,0.9910150808731775,0.13375017563326563,55.0107,-12.5601,55,-13,55.5,-12.5
4394,3655,121.83333333333331,0.3716000000000008,0.07559999999999967,0.03333333333331723,11.37636708269057,0.9799261854838857,0.19936065560436295,55.0447,-12.7194,55,-13,55.5,-12.5
4394,3695,123.16666666666669,0.3853999999999971,0.06659999999999933,0.03333333333334565,11.733364734802041,0.9853950900973768,0.17028363518548295,54.8421,-12.776900000000001,54,-13,54.5,-12.5
4394,3735,124.5,0.22869999999999635,0.02340000000000053,0.03333333333331723,6.896819919357362,0.9948063136673151,0.10178604171323162,56.774550000000005,-12.5291,56,-13,56.5,-12.5
4394,3775,125.83333333333331,0.25959999999999894,0.006999999999999673,0.03333333333331723,7.790830764434443,0.9996366543548046,0.026954763407100672,59.001000000000005,-12.318200000000001,59,-13,59.5,-12.5
4394,3815,127.16666666666669,0.2072999999999965,0.05480000000000018,0.03333333333334565,6.432627534683484,0.9667900040016231,0.25557208017023647,61.36735,-12.0818,61,-13,61.5,-12.5
4394,3855,128.5,0.04970000000000141,-0.021300000000000097,0.03333333333333144,1.6221596715491446,0.9191450300180614,-0.39391929857915975,60.19515,-12.38135,60,-13,60.5,-12.5
4394,3895,129.83333333333334,-0.43660000000000565,-0.05930000000000035,0.03333333333333144,13.218261799496345,-0.9909018446358799,-0.13458653089076333,61.4708,-12.25285,61,-13,61.5,-12.5
4394,3935,131.16666666666666,0.17070000000001073,0.00990000000000002,0.03333333333333144,5.1296052479704795,0.998322434660392,0.057899192168349614,64.33815,-11.901050000000001,64,-12,64.5,-11.5
4394,3975,132.5,0.2827999999999946,0.034600000000001074,0.03333333333333144,8.547262719725282,0.9925984819000632,0.12144238852101806,62.4666,-12.3416,62,-13,62.5,-12.5
4394,4015,133.83333333333334,0.1681999999999988,0.019899999999999807,0.03333333333333144,5.081193265366174,0.993073818780757,0.11749208676419153,61.8358,-12.44085,61,-13,61.5,-12.5
4394,4055,135.16666666666666,0.04979999999999052,0.004399999999998627,0.03333333333333144,1.499819989198502,0.9961195415179046,0.08801056190116963,65.1697,-12.1369,65,-13,65.5,-12.5
4394,4095,136.5,0.6570999999999998,0.057000000000000384,0.03333333333333144,19.78702779600929,0.9962587713136428,0.08642025561539801,66.35024999999999,-12.081,66,-13,66.5,-12.5
4394,4135,137.83333333333334,0.11809999999999832,0.02880000000000038,0.03333333333333144,3.6468267027651824,0.9715295759224574,0.23691830471268027,71.09835,-11.5397,71,-12,71.5,-11.5
4394,4175,139.16666666666666,0.2646999999999906,0.019600000000000506,0.03333333333333144,7.962739792307843,0.9972698100308797,0.07384393002118035,71.51435000000001,-11.8546,71,-12,71.5,-11.5
4394,4215,140.5,-0.3713999999999942,-0.08289999999999864,0.03333333333333144,11.41618732327088,-0.9759825837202658,-0.2178485627097738,76.0573,-11.50845,76,-12,76.5,-11.5
4394,4256,141.86666666666667,-0.024299999999996658,-0.006899999999999906,0.03333333333333144,0.7578192396606976,-0.9619708260855717,-0.2731522098761838,77.28885,-11.580850000000002,77,-12,77.5,-11.5
4394,4296,143.2,-0.16620000000000346,-0.0045000000000001705,0.03333333333333144,4.987827282495242,-0.999633651609937,-0.02706589309413233,70.5269,-12.33435,70,-13,70.5,-12.5
4394,4336,144.53333333333333,0.2670999999999992,0.027200000000000557,0.03333333333333144,8.054441321408149,0.9948548484303228,0.10131056487197833,88.55895,-10.1571,88,-11,88.5,-10.5
4394,4376,145.86666666666667,-0.6792000000000087,-0.10829999999999984,0.03333333333333144,20.63340439675574,-0.9875248702635425,-0.15746310873018277,93.1576,-9.46965,93,-10,93.5,-9.5
4394,4417,147.23333333333332,-0.2214000000000027,-0.10210000000000008,0.03333333333333144,7.31424179255835,-0.9080913905195419,-0.4187720459441923,88.8281,-10.16105,88,-11,88.5,-10.5
4394,4458,148.6,0.006500000000002615,0.06819999999999915,0.03333333333333144,2.05527151490999,0.09487797528718704,0.9954889099359189,95.32915,-9.512699999999999,95,-10,95.5,-9.5
4408,2987,99.56666666666666,0.3561000000000014,-0.009800000000000253,0.03333333333334565,10.687044727141199,0.9996215298758101,-0.027509943815734773,-28.544449999999998,-7.84,-29,-8,-28.5,-7.5
4410,2993,99.76666666666668,-0.07629999999999981,0.006099999999999994,0.03333333333335986,2.2963035513606607,-0.996819431229743,0.07969329659897041,5.24685,-20.194650000000003,5,-21,5.5,-20.5
4410,3033,101.1,0.11409999999999965,0.026599999999998403,0.03333333333333144,3.514787760306624,0.9738852623356032,0.22704073600460623,2.48075,-20.345100000000002,2,-21,2.5,-20.5
4410,3073,102.43333333333334,-0.3348,-0.03440000000000154,0.03333333333333144,10.096878725626631,-0.9947628641421778,-0.10220980443994161,2.2026000000000003,-20.219900000000003,2,-21,2.5,-20.5
4410,3113,103.76666666666668,-0.0935999999999999,-0.010099999999997777,0.03333333333335986,2.8243004443556017,-0.9942285020028887,-0.10728320374174119,2.3922999999999996,-20.091250000000002,2,-21,2.5,-20.5
4410,3153,105.1,-0.1025999999999998,0.010699999999999932,0.03333333333333144,3.0946930380897313,-0.9946059147436909,0.10372595797034546,3.0507,-19.95695,3,-20,3.5,-19.5
4410,3193,106.43333333333334,0.043300000000000005,0.015800000000002257,0.03333333333333144,1.3827787241638778,0.939412776100918,0.342788033773594,0.85955,-20.154600000000002,0,-21,0.5,-20.5
4410,3233,107.76666666666668,-0.06769999999999998,0.010799999999999699,0.03333333333335986,2.05668106423754,-0.9875133462909198,0.157535363957779,-0.43155,-20.287599999999998,-1,-21,-0.5,-20.5
4410,3273,109.1,-0.09220000000000006,-0.004699999999999704,0.03333333333333144,2.7695914861222546,-0.9987032433699728,-0.05091003518263096,-3.3211,-20.73445,-4,-21,-3.5,-20.5
4410,3313,110.43333333333334,0.1976,0.05480000000000018,0.03333333333333144,6.151741216924223,0.963629611676716,0.2672414105257298,-3.4957000000000003,-20.6123,-4,-21,-3.5,-20.5
4410,3353,111.76666666666668,0.037900000000000045,0.030400000000000205,0.03333333333335986,1.4575709245167567,0.7800649566168163,0.6256985403997717,-3.6377499999999996,-20.3782,-4,-21,-3.5,-20.5
4410,3404,113.46666666666668,0.01750000000000007,0.039400000000000546,0.03333333333334565,1.293347981016248,0.4059232377563921,0.9139071752915432,-6.00745,-20.4651,-7,-21,-6.5,-20.5
4410,3444,114.8,0.25150000000000006,0.042500000000000426,0.03333333333331723,7.6519703344992545,0.9860205502871168,0.16662375104255614,-6.90305,-19.87435,-7,-20,-6.5,-19.5
4410,3484,116.13333333333334,0.08330000000000037,0.024100000000000676,0.03333333333334565,2.601486113742505,0.9606047815508111,0.2779180700525221,-7.5973500000000005,-19.50305,-8,-20,-7.5,-19.5
4410,3524,117.46666666666668,-0.051000000000000156,-0.017399999999998528,0.03333333333334565,1.6165964245902678,-0.9464328738616526,-0.3229006275527708,-9.383700000000001,-19.0696,-10,-20,-9.5,-19.5
4410,3564,118.8,0.059800000000000963,0.02880000000000038,0.03333333333331723,1.9912137002350991,0.9009580437243282,0.4339062150378023,-10.303899999999999,-18.5529,-11,-19,-10.5,-18.5
4410,3604,120.13333333333334,0.07120000000000104,0.022100000000001785,0.03333333333334565,2.2365296778707204,0.9550510423062272,0.2964414049855199,-12.308,-18.24915,-13,-19,-12.5,-18.5
4410,3644,121.46666666666668,-0.09020000000000117,-0.012299999999999756,0.03333333333334565,2.73104320727349,-0.9908301680442996,-0.13511320473330915,-12.774899999999999,-17.612949999999998,-13,-18,-12.5,-17.5
4410,3684,122.8,-0.006000000000000227,0.008499999999997954,0.03333333333331723,0.3121297807003768,-0.5766831975987625,0.8169678632646858,-13.8,-17.15045,-14,-18,-13.5,-17.5
4410,3725,124.16666666666669,-0.15759999999999863,-0.02430000000000021,0.03333333333334565,4.783871340241364,-0.9883208940480549,-0.15238704140462025,-16.923000000000002,-16.81695,-17,-17,-16.5,-16.5
4410,3765,125.5,0.11589999999999989,0.05280000000000129,0.03333333333331723,3.820809469211231,0.9100165888982341,0.41457183687513355,-17.68905,-16.154400000000003,-18,-17,-17.5,-16.5
4410,3805,126.83333333333331,-0.27560000000000073,-0.02099999999999902,0.03333333333331723,8.291967438435028,-0.9971095595093733,-0.07597714350397607,-18.211199999999998,-15.5918,-19,-16,-18.5,-15.5
4410,3845,128.16666666666666,-0.1921999999999997,-0.03369999999999962,0.03333333333333144,5.8539625041508225,-0.9849738524822917,-0.17270353188685175,-19.8284,-15.49015,-20,-16,-19.5,-15.5
4410,3885,129.5,-0.11229999999999762,0.0006999999999983686,0.03333333333333144,3.3690654490527203,-0.999980573528894,0.0062331825598273315,-21.52205,-15.29345,-22,-16,-21.5,-15.5
4410,3925,130.83333333333334,-0.09550000000000125,0.016299999999999315,0.03333333333333144,2.9064318330215757,-0.9857447773071278,0.16824753790686175,-22.29175,-14.69615,-23,-15,-22.5,-14.5
4410,3965,132.16666666666666,-0.4192999999999998,-0.06659999999999933,0.03333333333333144,12.736688933942691,-0.9876193149758294,-0.1568696550855941,-24.50295,-14.634699999999999,-25,-15,-24.5,-14.5
4410,4005,133.5,-0.8091000000000008,-0.14220000000000077,0.03333333333333144,24.645025562982696,-0.9849046387868194,-0.1730978119336131,-27.39355,-15.6558,-28,-16,-27.5,-15.5
4410,4045,134.83333333333334,0.35249999999999915,0.05279999999999774,0.03333333333333144,10.692973440536186,0.9889671997043983,0.14813466140252515,-29.53875,-17.0135,-30,-18,-29.5,-17.5
4410,4085,136.16666666666666,-0.14330000000000354,-0.06550000000000011,0.03333333333333144,4.72679870525533,-0.9094950447584438,-0.4157147622587348,-32.321650000000005,-18.17845,-33,-19,-32.5,-18.5
4410,4125,137.5,0.11959999999999837,0.01320000000000121,0.03333333333333144,3.609786697299601,0.9939645471806565,0.10970177276576963,-32.2394,-18.7404,-33,-19,-32.5,-18.5
4410,4172,139.06666666666666,0.10900000000000176,-0.02669999999999817,0.03333333333333144,3.3666750659963527,0.9712847055029044,-0.23792019850390228,-35.021699999999996,-20.12445,-36,-21,-35.5,-20.5
4410,4212,140.4,-0.10949999999999704,-0.034199999999998454,0.03333333333333144,3.441496912682135,-0.9545264991796634,-0.2981260846752867,-34.95575,-20.7713,-35,-21,-34.5,-20.5
4410,4252,141.73333333333332,0.021499999999996078,-0.04139999999999944,0.03333333333333144,1.3994959807016343,0.460880208942472,-0.8874623558242587,-35.965050000000005,-21.8654,-36,-22,-35.5,-21.5
4410,4292,143.06666666666666,0.18770000000000664,0.012599999999999056,0.03333333333333144,5.6436730061198475,0.9977544754797831,0.06697765791712243,-40.78125,-23.4609,-41,-24,-40.5,-23.5
4410,4332,144.4,0.10269999999999868,-0.007200000000000983,0.03333333333333144,3.08856228689027,0.9975515187366519,-0.06993545214123628,-36.26945,-23.598599999999998,-37,-24,-36.5,-23.5
4410,4372,145.73333333333332,-0.18730000000000047,-0.03879999999999839,0.03333333333333144,5.738297395569855,-0.9792103149513263,-0.2028476253075803,-34.94225,-24.198700000000002,-35,-25,-34.5,-24.5
4410,4412,147.06666666666666,-0.16559999999999775,-0.030699999999999505,0.03333333333333144,5.052649305067808,-0.9832465504814099,-0.18228061050591307,-39.2735,-25.81075,-40,-26,-39.5,-25.5
4410,4452,148.4,-0.029199999999995896,-0.002700000000000813,0.03333333333333144,0.8797368924854045,-0.9957522612528837,-0.09207298306109497,-38.891999999999996,-26.685450000000003,-39,-27,-38.5,-26.5
4410,4492,149.73333333333332,-0.7246999999999986,-0.08590000000000231,0.03333333333333144,21.89319551824386,-0.9930482730072071,-0.1177078055075501,-48.67265,-28.89535,-49,-29,-48.5,-28.5
4423,2975,99.16666666666669,0.06880000000000042,0.020400000000000418,0.03333333333334565,2.1528214045750853,0.958741861081892,0.28427810997196046,5.7753,-13.730799999999999,5,-14,5.5,-13.5
4423,3015,100.5,-0.14199999999999946,-0.04550000000000054,0.03333333333331723,4.473346063073954,-0.9523072751216332,-0.3051407113946126,9.1732,-13.03755,9,-14,9.5,-13.5
4423,3055,101.83333333333331,0.1717000000000004,0.04160000000000075,0.03333333333331723,5.3000287735093785,0.9718815161435059,0.2354704197528857,7.382350000000001,-12.9311,7,-13,7.5,-12.5
4428,2981,99.36666666666666,0.25,0.04529999999999923,0.03333333333334565,7.6221310012329875,0.9839767905831056,0.1782965944536557,7.1012,-14.16515,7,-15,7.5,-14.5
4428,3021,100.7,-0.7431000000000001,-0.08939999999999948,0.03333333333331723,22.453751869130627,-0.9928407568562805,-0.11944551697342341,7.45345,-13.9069,7,-14,7.5,-13.5
4428,3061,102.03333333333332,-0.10099999999999998,0.0004999999999988347,0.03333333333331723,3.0300371284868555,-0.9999877465246075,0.004950434388724145,6.7149,-13.40405,6,-14,6.5,-13.5
4428,3103,103.43333333333334,0.07379999999999942,0.05060000000000109,0.03333333333333144,2.6844217254374994,0.8247586357316032,0.5654849182658584,4.2928999999999995,-13.114799999999999,4,-14,4.5,-13.5
4428,3145,104.83333333333331,0.013500000000000512,0.01720000000000077,0.03333333333331723,0.6559580779291099,0.6174175052143802,0.7866356362731417,5.53965,-12.306000000000001,5,-13,5.5,-12.5
4428,3185,106.16666666666669,-0.23289999999999988,-0.037499999999999645,0.03333333333334565,7.076990462051147,-0.9872840775275469,-0.1589658776611536,4.815049999999999,-11.787949999999999,4,-12,4.5,-11.5
4431,2990,99.66666666666669,-0.05349999999999966,0.02850000000000108,0.03333333333334565,1.8185296258234505,-0.8825811673387696,0.4701600611057205,-48.50005,-34.33485,-49,-35,-48.5,-34.5
4431,3030,101.0,-0.00039999999999906777,0.03609999999999758,0.03333333333331723,1.0830664799544742,-0.011079652285501663,0.9999386187687883,-48.7492,-33.127250000000004,-49,-34,-48.5,-33.5
4453,3021,100.7,-0.2266999999999939,-0.006499999999995509,0.03333333333331723,6.8037949704589264,-0.9995892041914903,-0.028660475638466576,-48.00665,-33.81945,-49,-34,-48.5,-33.5
4455,2997,99.9,-0.06920000000000037,0.003900000000001569,0.03333333333334565,2.0792943514560083,-0.9984156396835024,0.0562690895197573,-7.6293,-17.83345,-8,-18,-7.5,-17.5
4455,3037,101.23333333333332,0.29049999999999976,0.01670000000000016,0.03333333333331723,8.729388638391208,0.9983517014784147,0.057392335334560056,-10.980450000000001,-18.05595,-11,-19,-10.5,-18.5
4455,3077,102.56666666666666,-0.3041999999999998,-0.02790000000000248,0.03333333333334565,9.164302755798607,-0.9958204397189138,-0.09133264387955352,-11.9376,-18.04785,-12,-19,-11.5,-18.5
4457,3027,100.9,0.06690000000000396,0.01279999999999859,0.03333333333334565,2.043405246150983,0.9821840302014592,0.18792160817005304,-73.98805,-27.6522,-74,-28,-73.5,-27.5
4463,3001,100.03333333333332,-0.2372000000000014,-0.06650000000000134,0.03333333333331723,7.3903640641076365,-0.9628754332365513,-0.26994610586101,79.1966,23.34315,79,23,79.5,23.5
4463,3041,101.36666666666666,-0.3199999999999932,-0.10749999999999815,0.03333333333334565,10.127221978406514,-0.9479401182738544,-0.3184486334826243,76.5898,22.994149999999998,76,22,76.5,22.5
4463,3081,102.7,-0.03279999999999461,-0.03059999999999974,0.03333333333331723,1.3457265695531977,-0.7312035165709905,-0.6821593782645059,76.2647,22.5726,76,22,76.5,22.5
4485,3019,100.63333333333334,-0.5654000000000003,-0.07059999999999889,0.03333333333334565,17.093723058473373,-0.9922940685286032,-0.12390513130194242,4.4878,-21.0117,4,-22,4.5,-21.5
4485,3059,101.96666666666668,-0.13570000000000038,0.008500000000001506,0.03333333333334565,4.078978548605989,-0.9980439836806181,0.0625156511517077,3.98085,-20.684849999999997,3,-21,3.5,-20.5
4485,3099,103.3,0.011299999999999866,0.021700000000002717,0.03333333333331723,0.7339768388720614,0.4618674351102385,0.8869489683091636,2.06015,-20.81465,2,-21,2.5,-20.5
4485,3139,104.63333333333334,-0.40879999999999983,0.014599999999997948,0.03333333333334565,12.271818936078244,-0.9993628543475497,0.035691530512407484,3.806,-20.5524,3,-21,3.5,-20.5
4485,3179,105.96666666666668,-0.07679999999999998,-0.0008999999999979025,0.03333333333334565,2.304158197693047,-0.9999313425206406,-0.01171794542013645,2.7807000000000004,-20.595950000000002,2,-21,2.5,-20.5
4485,3219,107.3,0.21629999999999994,0.027999999999998693,0.03333333333331723,6.54314305208447,0.9917252226261372,0.1283786695956105,-0.70555,-21.1658,-1,-22,-0.5,-21.5
4485,3259,108.63333333333334,-0.24690000000000012,-0.0257000000000005,0.03333333333334565,7.44701886663107,-0.9946261897075189,-0.103531361180574,-3.64745,-21.48235,-4,-22,-3.5,-21.5
4485,3299,109.96666666666668,-0.08409999999999984,-0.016100000000001558,0.03333333333334565,2.568816458993352,-0.9821643703527797,-0.18802433249323797,-3.07705,-21.31915,-4,-22,-3.5,-21.5
4485,3339,111.3,-0.06869999999999976,-0.024500000000003297,0.03333333333331723,2.1881375642323637,-0.9418969052450881,-0.33590209866823645,-4.13215,-21.22175,-5,-22,-4.5,-21.5
4485,3393,113.1,-0.3512000000000004,-0.06909999999999883,0.03333333333333144,10.737999115292068,-0.9811883840627452,-0.1930527259075583,-4.5011,-20.85475,-5,-21,-4.5,-20.5
4485,3433,114.43333333333334,0.0042999999999997485,0.017099999999999227,0.03333333333333144,0.5289706986213943,0.24386984068531609,0.9698079710974327,-7.385149999999999,-20.89985,-8,-21,-7.5,-20.5
4485,3473,115.76666666666668,0.2029999999999994,0.03640000000000043,0.03333333333335986,6.187128897957346,0.9843014587922554,0.17649543399033807,-7.9619,-20.467,-8,-21,-7.5,-20.5
4485,3513,117.1,-0.0693999999999999,0.024699999999999278,0.03333333333333144,2.2099332569108303,-0.9421099001471441,0.3353042440004872,-8.8109,-19.95565,-9,-20,-8.5,-19.5
4485,3553,118.43333333333334,0.1551000000000009,0.07079999999999842,0.03333333333333144,5.11485923560004,0.9097024542952908,0.4152606948040282,-10.18885,-19.4926,-11,-20,-10.5,-19.5
4485,3593,119.76666666666668,0.028900000000000148,0.010999999999999233,0.03333333333335986,0.9276793627103185,0.9345901556614103,0.3557263568261157,-12.19545,-19.198700000000002,-13,-20,-12.5,-19.5
4485,3633,121.1,-0.09200000000000053,-0.01729999999999876,0.03333333333333144,2.808373372612863,-0.9827753057750707,-0.18480448684681966,-10.6538,-18.36165,-11,-19,-10.5,-18.5
4485,3673,122.43333333333334,0.007400000000000517,0.029400000000002535,0.03333333333333144,0.9095097580566329,0.24408754060470975,0.9697532018619708,-13.1899,-18.1875,-14,-19,-13.5,-18.5
4485,3747,124.9,0.0045999999999999375,0.030700000000003058,0.03333333333334565,0.9312813753101302,0.14818292694191498,0.9889599689385445,-16.2483,-17.12735,-17,-18,-16.5,-17.5
4485,3787,126.23333333333332,-0.36880000000000024,-0.05850000000000222,0.03333333333331723,11.202326588710118,-0.9876519767916628,-0.15666388460497405,-17.6925,-16.72315,-18,-17,-17.5,-16.5
4485,3827,127.56666666666666,0.5051000000000023,0.09050000000000047,0.03333333333334565,15.394305245766274,0.9843250317621078,0.17636391877741203,-17.29435,-15.89215,-18,-16,-17.5,-15.5
4485,3867,128.9,-0.14339999999999975,-0.0007999999999981355,0.03333333333333144,4.302066945086052,-0.9999844388553992,-0.005578713745344884,-20.7256,-16.1583,-21,-17,-20.5,-16.5
4485,3907,130.23333333333332,0.3714999999999975,0.0832000000000015,0.03333333333333144,11.421078801935192,0.97582725706368,0.21854327802880263,-23.32415,-16.034100000000002,-24,-17,-23.5,-16.5
4485,3947,131.56666666666666,0.002600000000001046,-0.016200000000001324,0.03333333333333144,0.4922194632479206,0.1584658995102533,-0.9873644507943388,-24.494,-16.1149,-25,-17,-24.5,-16.5
4485,3987,132.9,0.17970000000000041,0.006199999999999761,0.03333333333333144,5.3942077268124775,0.999405338656831,0.034481430716038396,-25.116149999999998,-16.7038,-26,-17,-25.5,-16.5
4485,4027,134.23333333333332,0.0508000000000024,-0.00870000000000104,0.03333333333333144,1.5461878928514825,0.9856499375309394,-0.1688022530810983,-29.6507,-17.81245,-30,-18,-29.5,-17.5
4485,4067,135.56666666666666,0.14439999999999742,-0.012899999999998357,0.03333333333333144,4.349252004655678,0.9960333398393465,-0.08898081775572135,-30.1388,-18.29135,-31,-19,-30.5,-18.5
4485,4107,136.9,-0.08429999999999893,-0.03259999999999863,0.03333333333333144,2.711517103025646,-0.9326881977539907,-0.36068369213261214,-30.22525,-18.724600000000002,-31,-19,-30.5,-18.5
4505,3031,101.03333333333332,0.08009999999999806,0.03390000000000004,0.03333333333331723,2.6093481944743027,0.9209196400426076,0.3897525068345218,-25.64785,-5.73785,-26,-6,-25.5,-5.5
4505,3071,102.36666666666666,0.16019999999999968,0.028699999999999726,0.03333333333334565,4.882515437761797,0.9843286849291237,0.1763435284485995,-26.0394,-5.3252500000000005,-27,-6,-26.5,-5.5
4505,3111,103.7,-0.1661999999999999,-0.020199999999999996,0.03333333333331723,5.022691708638342,-0.9926948117136414,-0.12065243800611049,-26.118000000000002,-5.018599999999999,-27,-6,-26.5,-5.5
4505,3151,105.03333333333332,0.045300000000001006,-0.0019000000000000128,0.03333333333331723,1.3601948389851617,0.9991215677708596,-0.041905761120631435,-26.742649999999998,-4.70495,-27,-5,-26.5,-4.5
4505,3191,106.36666666666666,-0.4134999999999991,-0.13810000000000056,0.03333333333334565,13.078550148998668,-0.9484996317382438,-0.31677823251040454,-29.00685,-4.77425,-30,-5,-29.5,-4.5
4505,3231,107.7,0.04650000000000176,0.0042999999999997485,0.03333333333331723,1.400951819300736,0.9957515888712147,0.09208025445474861,-30.41695,-4.57485,-31,-5,-30.5,-4.5
4506,3024,100.8,0.010400000000000631,0.023699999999999832,0.03333333333331723,0.776443816383766,0.40183203654488275,0.9157133909724111,-29.680799999999998,-7.64945,-30,-8,-29.5,-7.5
4506,3064,102.13333333333334,-0.07190000000000296,-0.036000000000000476,0.03333333333334565,2.4122705072184822,-0.8941783243399452,-0.447710982979654,-27.63425,-7.038600000000001,-28,-8,-27.5,-7.5
4506,3104,103.46666666666668,0.012000000000000455,0.010799999999999699,0.03333333333334565,0.4843304656944787,0.7432941462471883,0.6689647316224254,-28.7607,-7.2076,-29,-8,-28.5,-7.5
4506,3144,104.8,-0.03330000000000055,-0.029899999999999594,0.03333333333331723,1.3426131237261734,-0.7440713801664327,-0.6681001281374074,-27.35725,-7.05955,-28,-8,-27.5,-7.5
4506,3184,106.13333333333334,-0.25519999999999854,-0.04670000000000041,0.03333333333334565,7.783131567688843,-0.9836657563108026,-0.1800046662214543,-26.730800000000002,-6.78645,-27,-7,-26.5,-6.5
4506,3224,107.46666666666668,-0.0686,-0.013900000000000468,0.03333333333334565,2.0998221353240263,-0.9800830105458751,-0.19858824849253823,-28.5813,-7.2578499999999995,-29,-8,-28.5,-7.5
4507,3030,101.0,-0.40920000000000023,-0.058600000000001984,0.03333333333331723,12.40123945418961,-0.9899010534675741,-0.14176002378592809,-9.4347,-18.5432,-10,-19,-9.5,-18.5
4514,3034,101.13333333333334,-0.09359999999999857,-0.015000000000000568,0.03333333333334565,2.8438291087886762,-0.9874011034351434,-0.15823735631974292,-30.0101,-7.9162,-31,-8,-30.5,-7.5
4514,3074,102.46666666666668,0.07750000000000057,-0.009100000000000108,0.03333333333334565,2.340972874681813,0.9931768219720076,-0.11661818167671369,-29.18385,-7.76215,-30,-8,-29.5,-7.5
4514,3114,103.8,-0.02120000000000033,-0.016600000000000392,0.03333333333331723,0.8077747210705809,-0.7873482338706975,-0.6165085227478153,-28.4224,-7.603,-29,-8,-28.5,-7.5
4514,3154,105.13333333333334,-0.0771000000000015,-0.013399999999999856,0.03333333333334565,2.3476739552152748,-0.9852305065023798,-0.17123331760222427,-27.12265,-7.372400000000001,-28,-8,-27.5,-7.5
4514,3194,106.46666666666668,0.06259999999999977,0.01049999999999951,0.03333333333334565,1.9042344918620933,0.9862230770554207,0.16542080365944845,-27.9369,-7.57225,-28,-8,-27.5,-7.5
4514,3238,107.93333333333334,-0.0987000000000009,0.016000000000000014,0.03333333333333144,2.999653479987511,-0.987114018254043,0.16001848320227516,-31.83895,-8.2455,-32,-9,-31.5,-8.5
4514,3291,109.7,0.11819999999999808,0.06659999999999933,0.03333333333331723,4.070149874392283,0.8712209892592989,0.49089101425270437,-30.3223,-5.6974,-31,-6,-30.5,-5.5
4514,3332,111.06666666666666,0.24959999999999738,0.12130000000000019,0.03333333333334565,8.325410800672099,0.8994150774389006,0.4370955484508812,-30.034399999999998,-3.61005,-31,-4,-30.5,-3.5
4523,3039,101.3,0.010799999999999699,0.03289999999999793,0.03333333333331723,1.038819041027317,0.3118926273046891,0.9501173554003622,-10.2487,-20.43515,-11,-21,-10.5,-20.5
4523,3079,102.63333333333334,0.31400000000000095,0.03570000000000206,0.03333333333334565,9.480687791501957,0.9935987986483632,0.11296648761703347,-8.0584,-20.184350000000002,-9,-21,-8.5,-20.5
4523,3119,103.96666666666668,-0.02210000000000001,0.006399999999999295,0.03333333333334565,0.6902412621682654,-0.9605337094989993,0.2781636081806749,-6.08145,-19.942,-7,-20,-6.5,-19.5
4523,3159,105.3,0.10549999999999993,0.015499999999999403,0.03333333333331723,3.198976398789128,0.9893789779754357,0.14535899676415803,-1.85745,-19.323749999999997,-2,-20,-1.5,-19.5
4523,3199,106.63333333333334,0.5970999999999999,0.08520000000000039,0.03333333333334565,18.09443851020965,0.9899726918791154,0.14125887346859997,-1.20035,-19.451,-2,-20,-1.5,-19.5
4523,3239,107.96666666666668,-0.07130000000000014,-0.009599999999998943,0.03333333333334565,2.1583014154646145,-0.9910571269948198,-0.1334382667482357,-1.7946499999999999,-19.5895,-2,-20,-1.5,-19.5
4523,3281,109.36666666666666,-0.1733,-0.02949999999999875,0.03333333333334565,5.273786685103919,-0.9858191675979087,-0.16781111046818853,-0.19795000000000001,-19.55455,-1,-20,-0.5,-19.5
4523,3381,112.7,-0.049300000000000566,-0.033500000000000085,0.03333333333331723,1.78814596719707,-0.8271136848626923,-0.5620346540141977,4.57665,-19.473149999999997,4,-20,4.5,-19.5
4523,3421,114.03333333333332,-0.07690000000000019,0.006999999999997897,0.03333333333331723,2.316538149913613,-0.9958825845743795,0.09065251094952594,4.99545,-20.131,4,-21,4.5,-20.5
4523,3461,115.36666666666666,-0.20889999999999986,-0.06099999999999994,0.03333333333334565,6.528720318712423,-0.9599124627892838,-0.2802999532319114,6.32465,-20.2047,6,-21,6.5,-20.5
4523,3501,116.7,0.04010000000000069,0.011400000000001853,0.03333333333331723,1.250669020965019,0.961885182917831,0.2734536430240615,9.32375,-20.0256,9,-21,9.5,-20.5
4523,3541,118.03333333333332,-0.01130000000000031,-0.03539999999999921,0.03333333333331723,1.1147937028890846,-0.3040921375153315,-0.95264262549046,10.02985,-19.994799999999998,10,-20,10.5,-19.5
4523,3581,119.36666666666666,0.19960000000000022,0.050900000000002166,0.03333333333334565,6.179633727007779,0.9689894683931736,0.24710202375358006,11.7056,-19.64815,11,-20,11.5,-19.5
4523,3621,120.7,0.15750000000000064,0.02330000000000254,0.03333333333331723,4.776423976158559,0.9892337915534847,0.1463437926552293,12.864650000000001,-19.47085,12,-20,12.5,-19.5
4523,3661,122.03333333333332,0.1913999999999998,0.05150000000000077,0.03333333333331723,5.946224768711167,0.9656547176314252,0.25982872496352766,12.824300000000001,-19.38465,12,-20,12.5,-19.5
4523,3701,123.36666666666666,-0.28049999999999997,-0.06679999999999708,0.03333333333334565,8.650331843342448,-0.9727950502238043,-0.23166741303011515,13.64415,-18.9795,13,-19,13.5,-18.5
4523,3741,124.7,-0.06070000000000064,0.011700000000001154,0.03333333333331723,1.85451934473691,-0.9819255890583519,0.18926737054338927,15.72395,-18.49975,15,-19,15.5,-18.5
4523,3781,126.03333333333332,-0.015399999999999636,9.999999999976694e-05,0.03333333333331723,0.46200974015727864,-0.9999789178534136,0.006493369596435758,17.069,-18.24855,17,-19,17.5,-18.5
4523,3821,127.36666666666666,-0.004400000000000404,0.015499999999999403,0.03333333333334565,0.48337252714631385,-0.27308130393601737,0.9619909570472086,19.809199999999997,-17.726950000000002,19,-18,19.5,-17.5
4523,3861,128.7,0.2859999999999978,0.04129999999999967,0.03333333333333144,8.668997692928945,0.9897337966762737,0.14292309721234298,19.6366,-17.77115,19,-18,19.5,-17.5
4523,3901,130.03333333333333,-0.19000000000000128,-0.05109999999999815,0.03333333333333144,5.902549364469918,-0.965684426853117,-0.25971828532732716,20.7367,-17.33775,20,-18,20.5,-17.5
4523,3941,131.36666666666667,-0.34490000000000265,-0.027599999999999625,0.03333333333333144,10.380076733821088,-0.9968134403368476,-0.07976819644330649,24.85605,-16.5719,24,-17,24.5,-16.5
4523,3981,132.7,0.33840000000000003,0.02820000000000178,0.03333333333333144,10.187189013658866,0.9965457582448792,0.08304547985374516,24.1276,-16.6363,24,-17,24.5,-16.5
4523,4021,134.03333333333333,-0.29329999999999856,-0.042899999999999494,0.03333333333333144,8.892624471999715,-0.9894716714627888,-0.14472667816485968,23.08395,-16.886249999999997,23,-17,23.5,-16.5
4523,4061,135.36666666666667,0.023699999999998056,-0.004699999999999704,0.03333333333333144,0.724846190581129,0.9808977535357591,-0.19452402707249603,25.79515,-16.73815,25,-17,25.5,-16.5
4523,4101,136.7,-0.1454999999999984,-0.009599999999998943,0.03333333333333144,4.37449071321471,-0.9978304415675544,-0.06583623531991459,29.78915,-16.3506,29,-17,29.5,-16.5
4523,4141,138.03333333333333,0.03979999999999961,-0.01389999999999958,0.03333333333333144,1.2647232898939371,0.9440800288418727,-0.32971639198245634,32.9286,-16.12595,32,-17,32.5,-16.5
4523,4181,139.36666666666667,-0.1302999999999983,0.018600000000002836,0.03333333333333144,3.948625710294845,-0.9899646831069956,0.14131498930002429,34.67115,-16.0952,34,-17,34.5,-16.5
4523,4221,140.7,-0.2576999999999998,-0.07629999999999981,0.03333333333333144,8.062746554370124,-0.9588543987917023,-0.2838982950244732,36.93725,-15.91375,36,-16,36.5,-15.5
4523,4261,142.03333333333333,-0.5267999999999944,-0.09299999999999997,0.03333333333333144,16.048380479039746,-0.9847722653785413,-0.17384931791990374,37.9617,-15.9566,37,-16,37.5,-15.5
4523,4301,143.36666666666667,0.6435999999999993,0.07820000000000249,0.03333333333333144,19.450002056556254,0.9926991238282511,0.1206169538274888,35.721999999999994,-16.2211,35,-17,35.5,-16.5
4523,4341,144.7,0.14990000000000236,0.035199999999999676,0.03333333333333144,4.619323002346019,0.9735192792788968,0.22860492748910147,48.74635,-14.4853,48,-15,48.5,-14.5
4523,4381,146.03333333333333,-0.20520000000000493,-0.04579999999999984,0.03333333333333144,6.307472710999734,-0.9759851975681036,-0.21783685208878129,48.573,-14.5082,48,-15,48.5,-14.5
4523,4421,147.36666666666667,0.09959999999999525,-0.0023999999999997357,0.03333333333333144,2.9888673439950733,0.9997098084674824,-0.024089392975118553,50.3185,-14.256699999999999,50,-15,50.5,-14.5
4523,4461,148.7,0.45360000000000156,0.09379999999999988,0.03333333333333144,13.895908030784573,0.9792810926680048,0.20250565805171608,57.433400000000006,-13.226099999999999,57,-14,57.5,-13.5
4523,4501,150.03333333333333,0.9688000000000017,0.11979999999999791,0.03333333333333144,29.285370614013065,0.9924409147171442,0.12272339139462386,35.0387,-16.4757,35,-17,35.5,-16.5
4523,4541,151.36666666666667,0.13600000000000279,0.0057000000000009265,0.03333333333333144,4.08358188359222,0.999122857409497,0.041875002112021636,36.8026,-16.07895,36,-17,36.5,-16.5
4523,4581,152.7,0.18209999999999837,0.02880000000000038,0.03333333333333144,5.530900921188424,0.9877233524599872,0.15621324849449897,49.425349999999995,-14.9277,49,-15,49.5,-14.5
4523,4621,154.03333333333333,0.1454999999999984,0.023499999999998522,0.03333333333333144,4.421566464501212,0.9872066913490596,0.15944575427286387,53.97215,-14.37735,53,-15,53.5,-14.5
4523,4661,155.36666666666667,0.0069000000000016826,-0.014499999999999957,0.03333333333333144,0.4817405940960821,0.4296918352676265,-0.9029755958520358,70.27135,-12.931650000000001,70,-13,70.5,-12.5
4523,4701,156.7,0.37290000000000134,0.045700000000000074,0.03333333333333144,11.270696961590945,0.9925739320402726,0.12164287662708599,70.46345,-12.53805,70,-13,70.5,-12.5
4523,4741,158.03333333333333,0.08400000000000318,0.008300000000000196,0.03333333333333144,2.532271904831946,0.9951537965538808,0.09833067275472729,82.4332,-11.493749999999999,82,-12,82.5,-11.5
4523,4781,159.36666666666667,-0.3871000000000038,-0.06160000000000032,0.03333333333333144,11.759118716979533,-0.9875740078405899,-0.15715463415908051,74.93695,-12.478000000000002,74,-13,74.5,-12.5
4523,4821,160.7,-0.033899999999988495,-0.0065000000000008384,0.03333333333333144,1.0355259533200651,-0.9821096195020943,-0.18831010403441306,85.19005,-11.537749999999999,85,-12,85.5,-11.5
4523,4861,162.03333333333333,0.1570999999999998,0.03449999999999953,0.03333333333333144,4.825307658585364,0.9767252854053191,0.2144940951399306,73.85815,-12.87715,73,-13,73.5,-12.5
4523,4901,163.36666666666667,-0.0379999999999967,-0.008600000000001273,0.03333333333333144,1.1688301844151483,-0.9753341547817673,-0.220733519240136,74.74539999999999,-12.7744,74,-13,74.5,-12.5
4523,4941,164.7,0.38469999999999516,0.03560000000000052,0.03333333333333144,11.590310824132887,0.9957455132238815,0.09214593259883323,79.33375000000001,-12.219100000000001,79,-13,79.5,-12.5
4523,4981,166.03333333333333,-0.1016000000000048,0.02289999999999992,0.03333333333333144,3.1244636339701546,-0.9755274367291394,0.21987773918401735,80.42060000000001,-12.28425,80,-13,80.5,-12.5
4523,5021,167.36666666666667,-0.5097999999999985,-0.0693999999999999,0.03333333333333144,15.435062682089296,-0.9908608934739112,-0.13488769322693125,75.11170000000001,-12.5292,75,-13,75.5,-12.5
4523,5061,168.7,0.5725999999999942,0.06820000000000093,0.03333333333333144,17.29941617512071,0.9929814871270324,0.11826988721981349,84.3703,-11.8256,84,-12,84.5,-11.5
4523,5101,170.03333333333333,-0.33549999999999613,-0.02069999999999972,0.03333333333333144,10.084139328669018,-0.9981020364708618,-0.0615818544111678,82.70875,-12.013950000000001,82,-13,82.5,-12.5
4523,5141,171.36666666666667,0.05689999999999884,0.0007999999999999119,0.03333333333333144,1.7071687087104812,0.9999011763104853,0.014058364517545103,83.97895,-11.738900000000001,83,-12,83.5,-11.5
4523,5181,172.7,0.041499999999999204,-0.006299999999999528,0.03333333333333144,1.2592640707969538,0.9886726929420931,-0.15008766182011662,88.25415000000001,-11.66155,88,-12,88.5,-11.5
4523,5221,174.03333333333333,-0.6066000000000003,-0.07779999999999987,0.03333333333333144,18.34706407030941,-0.9918753175038181,-0.127213814213315,89.20490000000001,-11.539,89,-12,89.5,-11.5
4523,5261,175.36666666666667,0.6478000000000037,0.03950000000000031,0.03333333333333144,19.470094529817963,0.9981461553891549,0.06086257045055835,87.56530000000001,-11.74755,87,-12,87.5,-11.5
4523,5301,176.7,-0.012299999999996203,0.016000000000000014,0.03333333333333144,0.6054428131541063,-0.6094712695945137,0.7928081555703446,97.46375,-10.8658,97,-11,97.5,-10.5
4523,5341,178.03333333333333,-0.5897000000000077,-0.08349999999999902,0.03333333333333144,17.86747061002324,-0.9901233580357474,-0.14019891537388987,90.52025,-11.66965,90,-12,90.5,-11.5
4523,5381,179.36666666666667,0.09270000000000778,0.01389999999999958,0.03333333333333144,2.8120899701115873,0.9889441765940504,0.148288285379242,86.93445,-11.93975,86,-12,86.5,-11.5
4523,5421,180.7,-0.9033999999999907,-0.08990000000000009,0.03333333333335986,27.235862626302186,-0.9950850601590727,-0.09902385090580214,83.9094,-12.36875,83,-13,83.5,-12.5
4530,3026,100.86666666666666,-0.18880000000000052,0.012899999999998357,0.03333333333334565,5.677205738739466,-0.997673901678174,0.0681673375616884,-33.7092,-16.291150000000002,-34,-17,-33.5,-16.5
4530,3066,102.2,-0.5563000000000002,-0.06959999999999944,0.03333333333331723,16.81911011320972,-0.9922641499861838,-0.12414449908149885,-31.10125,-14.4392,-32,-15,-31.5,-14.5
4530,3106,103.53333333333332,0.12190000000000012,0.033299999999998775,0.03333333333331723,3.7909959113686527,0.9646541662139366,0.2635191446671278,-31.50925,-13.20315,-32,-14,-31.5,-13.5
4530,3146,104.86666666666666,-0.010000000000001563,0.03270000000000017,0.03333333333334565,1.025846479742101,-0.2924414187933426,0.956283439454086,-28.7474,-11.66255,-29,-12,-28.5,-11.5
4542,3051,101.7,0.33609999999999474,0.06589999999999918,0.03333333333331723,10.274989927007166,0.9813148306357149,0.19240894775035353,-45.45195,-33.42145,-46,-34,-45.5,-33.5
4542,3102,103.4,0.17730000000000246,0.060000000000002274,0.03333333333334565,5.615314862051613,0.947230944420231,0.3205519270457712,-41.72135,-31.7407,-42,-32,-41.5,-31.5
4550,3062,102.06666666666666,0.028900000000007253,0.05540000000000056,0.03333333333334565,1.874548745697971,0.4625113121169211,0.8866133803208047,119.39615,8.657399999999999,119,8,119.5,8.5
4554,3053,101.76666666666668,-0.03249999999999886,0.017099999999999227,0.03333333333335986,1.10172319572476,-0.884977282662905,0.46563420103186215,-44.29945,-4.32735,-45,-5,-44.5,-4.5
4554,3093,103.1,-0.13809999999999434,-0.026799999999999713,0.03333333333333144,4.220292051505512,-0.9816856154592729,-0.19050814260904642,-44.75515,-4.3048,-45,-5,-44.5,-4.5
4554,3133,104.43333333333334,-0.12510000000000332,-0.0347000000000004,0.03333333333333144,3.8947002452053354,-0.9636171627381425,-0.26728629533983245,-42.60805,-3.65845,-43,-4,-42.5,-3.5
4554,3196,106.53333333333332,-0.24320000000000164,-0.07390000000000008,0.03333333333331723,7.625398678105749,-0.9568024319767106,-0.29073889688765836,-42.9225,-3.19155,-43,-4,-42.5,-3.5
4563,3042,101.4,-0.227800000000002,-0.03170000000000073,0.03333333333334565,6.899851954931039,-0.9904560336419331,-0.1378290441898583,-47.1828,-34.90655,-48,-35,-47.5,-34.5
4567,3034,101.13333333333334,-0.1280000000000001,-0.024100000000000676,0.03333333333334565,3.9074709211955465,-0.9827328411246837,-0.18503016774301187,-33.6742,-15.54205,-34,-16,-33.5,-15.5
4567,3074,102.46666666666668,-0.08749999999999858,-0.0051000000000005485,0.03333333333334565,2.6294550766260816,-0.9983057034643047,-0.058186961001926676,-32.28885,-13.84645,-33,-14,-32.5,-13.5
4567,3148,104.93333333333334,-0.0910999999999973,0.5877999999999997,1.0,0.5948176611365865,-0.15315617869503412,0.9882019960147495,-30.91375,-12.0578,-31,-13,-30.5,-12.5
4580,3039,101.3,0.07450000000000045,0.014199999999995327,0.03333333333331723,2.275236471227759,0.9823154772106157,0.18723328558907476,-76.17435,-32.4541,-77,-33,-76.5,-32.5
4580,3079,102.63333333333334,-0.008499999999997954,0.01269999999999527,0.03333333333334565,0.45846046721577344,-0.5562093533352117,0.831042210277207,-76.00905,-32.40045,-77,-33,-76.5,-32.5
4587,3050,101.66666666666669,0.17760000000001241,0.002200000000000202,0.03333333333334565,5.328408768101691,0.9999232851455139,0.012386437090766771,67.9392,-2.7967,67,-3,67.5,-2.5
4587,3090,103.0,0.2815000000000083,0.02950000000000008,0.03333333333331723,8.491245491685769,0.994553744591801,0.10422499277249501,69.81524999999999,-2.63255,69,-3,69.5,-2.5
4587,3130,104.33333333333331,0.39039999999999964,0.05710000000000015,0.03333333333331723,11.836609016104873,0.9894725747948858,0.14472050210242873,73.5325,-2.07125,73,-3,73.5,-2.5
4593,3052,101.73333333333332,0.06010000000000559,0.04279999999999973,0.03333333333331723,2.2134735146383204,0.8145568438372065,0.5800837423665386,-130.85444999999999,-28.339,-131,-29,-130.5,-28.5
4593,3122,104.06666666666666,-0.022500000000007958,-0.00560000000000116,0.03333333333334565,0.6955925531516108,-0.9703956676098383,-0.2415206994939688,-128.41665,-27.8962,-129,-28,-128.5,-27.5
4595,3062,102.06666666666666,-0.34499999999999886,-0.2458000000000009,0.03333333333334565,12.708201131548098,-0.8144347018794246,-0.5802552165854028,-69.7168,-9.0943,-70,-10,-69.5,-9.5
4595,3102,103.4,-0.2869000000000028,-0.20919999999999916,0.03333333333334565,10.652165272840882,-0.8080047370220211,-0.5891759880969135,-73.55955,-16.552300000000002,-74,-17,-73.5,-16.5
4595,3142,104.73333333333332,-0.17249999999999943,-0.16429999999999723,0.03333333333331723,7.146724144672744,-0.7241079822368675,-0.689686617284149,-75.60665,-23.03115,-76,-24,-75.5,-23.5
4603,3070,102.33333333333331,-0.4357999999999862,-0.04780000000000051,0.03333333333331723,13.152407840397755,-0.9940385181676755,-0.10902946573753305,86.40090000000001,-12.9404,86,-13,86.5,-12.5
4603,3110,103.66666666666669,-0.13349999999999795,-0.032600000000000406,0.03333333333334565,4.122682257946514,-0.9714549289552398,-0.2372241998797131,88.19955,-12.831,88,-13,88.5,-12.5
4603,3150,105.0,0.18880000000000052,0.006700000000000372,0.03333333333331723,5.66756535030971,0.9993709203005904,0.03546496380304189,91.4973,-12.451550000000001,91,-13,91.5,-12.5
4603,3190,106.33333333333331,0.003299999999995862,0.005499999999999616,0.03333333333331723,0.19242141252991415,0.5144957554270785,0.857492925712813,91.11775,-12.56035,91,-13,91.5,-12.5
4603,3230,107.66666666666669,0.34190000000000964,0.03250000000000064,0.03333333333334565,10.303236093574071,0.9955124687857625,0.09463046281233403,90.32795,-12.71245,90,-13,90.5,-12.5
4603,3270,109.0,-0.15800000000000125,-0.052199999999999136,0.03333333333331723,4.991989182683027,-0.9495212883163212,-0.31370260284880225,87.88900000000001,-12.98,87,-13,87.5,-12.5
4651,3083,102.76666666666668,-0.19619999999999926,-0.035599999999998744,0.03333333333335986,5.982108323989353,-0.9839340381703475,-0.17853237389838567,-12.100100000000001,-18.8547,-13,-19,-12.5,-18.5
4675,3103,103.43333333333334,-0.03200000000000003,-0.01320000000000121,0.03333333333333144,1.0384681025434306,-0.9244386010979152,-0.3813309229529247,-12.9216,-19.739600000000003,-13,-20,-12.5,-19.5
4675,3143,104.76666666666668,0.11819999999999986,0.006199999999999761,0.03333333333335986,3.5508748217840487,0.9986271490740906,0.05238145790405356,-12.505199999999999,-19.8813,-13,-20,-12.5,-19.5
4675,3183,106.1,-0.12160000000000082,0.02790000000000248,0.03333333333333144,3.7427894677635685,-0.9746741117608263,0.22362999768198424,-14.0565,-20.17435,-15,-21,-14.5,-20.5
4675,3223,107.43333333333334,0.05450000000000088,0.021300000000000097,0.03333333333333144,1.7554332798487218,0.9313939861850056,0.3640126955181723,-17.744149999999998,-21.10315,-18,-22,-17.5,-21.5
4675,3263,108.76666666666668,0.08270000000000266,-0.018899999999998585,0.03333333333335986,2.544965618626318,0.9748658220920331,-0.22279279368243596,-20.47195,-21.804949999999998,-21,-22,-20.5,-21.5
4675,3303,110.1,0.09329999999999927,-0.03730000000000189,0.03333333333333144,3.014392476105432,0.9285453112649817,-0.3712190794232137,-20.96115,-22.50255,-21,-23,-20.5,-22.5
4675,3343,111.43333333333334,0.012000000000000455,0.0016999999999995907,0.03333333333333144,0.3635945544146992,0.9901138386947201,0.1402661271483796,-22.1434,-23.34515,-23,-24,-22.5,-23.5
4675,3383,112.76666666666668,-0.5563000000000002,-0.08679999999999666,0.03333333333335986,16.890930613780448,-0.9880450273338416,-0.154165573202542,-23.42145,-24.2622,-24,-25,-23.5,-24.5
4675,3423,114.1,-0.12620000000000076,-0.032799999999998164,0.03333333333333144,3.9117837363537626,-0.967844915559987,-0.251547648418111,-28.560499999999998,-25.689999999999998,-29,-26,-28.5,-25.5
4675,3463,115.43333333333334,-0.07620000000000005,-0.009499999999999176,0.03333333333333144,2.3036972457336047,-0.9923178943039289,-0.12371417317436353,-30.3405,-26.532049999999998,-31,-27,-30.5,-26.5
4675,3503,116.76666666666668,-0.29460000000000264,-0.054999999999999716,0.03333333333335986,8.990703198297268,-0.9830154332830003,-0.1835229084540538,-30.6571,-27.309,-31,-28,-30.5,-27.5
4675,3543,118.1,0.1167999999999978,-0.0010000000000012221,0.03333333333333144,3.504128422304316,0.9999633511422226,-0.00856133006115979,-32.5473,-28.2838,-33,-29,-32.5,-28.5
4675,3583,119.43333333333334,-0.12879999999999825,-0.05760000000000076,0.03333333333333144,4.2327863163644,-0.9128738639750212,-0.4082417279888403,-33.2911,-29.0078,-34,-30,-33.5,-29.5
4675,3623,120.76666666666668,-0.34550000000000125,-0.05689999999999884,0.03333333333335986,10.504621554336216,-0.9867085593115164,-0.16249990455810112,-36.53655,-30.03255,-37,-31,-36.5,-30.5
4675,3663,122.1,-0.2950999999999979,-0.04970000000000141,0.03333333333333144,8.977677316545087,-0.9861125197366054,-0.16607859109085402,-39.413650000000004,-31.13195,-40,-32,-39.5,-31.5
4675,3703,123.43333333333334,-0.06649999999999778,0.0038000000000053547,0.03333333333333144,1.9982544882972801,-0.998371334423972,0.05704979053859498,-42.46795,-32.1649,-43,-33,-42.5,-32.5
4675,3743,124.76666666666668,-0.04410000000000025,-0.03719999999999857,0.03333333333335986,1.7308336141857068,-0.7643715659066266,-0.6447760147783504,-43.85995,-33.0571,-44,-34,-43.5,-33.5
4675,3783,126.1,-0.209699999999998,-0.03619999999999379,0.03333333333333144,6.384048637033045,-0.9854248232864355,-0.17011148594641481,-45.23845,-33.7393,-46,-34,-45.5,-33.5
4675,3823,127.43333333333334,-0.16669999999999874,-0.0362000000000009,0.03333333333333144,5.117557718287372,-0.977223956288639,-0.21221060118566212,-46.82575,-34.3061,-47,-35,-46.5,-34.5
4675,3863,128.76666666666668,-0.20949999999999847,-0.02109999999999701,0.03333333333335986,6.3167961816047065,-0.994966406910144,-0.10020902713986261,-48.540350000000004,-35.03805,-49,-36,-48.5,-35.5
4675,3914,130.46666666666667,0.12469999999999715,0.007500000000000284,0.03333333333333144,3.747760131065082,0.9981962209883924,0.060035859321679215,-50.338449999999995,-35.292550000000006,-51,-36,-50.5,-35.5
4687,3125,104.16666666666669,-0.052099999999995816,-0.03760000000000119,0.03333333333334565,1.9275250971120825,-0.8108843834723938,-0.5852063880722729,76.83685,22.799799999999998,76,22,76.5,22.5
4696,3136,104.53333333333332,0.10040000000000049,0.0873999999999997,0.03333333333331723,3.9933730103780003,0.7542496010700396,0.6565878001346704,-53.7782,-5.815799999999999,-54,-6,-53.5,-5.5
4696,3176,105.86666666666666,-0.16440000000000055,-0.009700000000000042,0.03333333333334565,4.940577395404521,-0.9982638880600665,-0.058899998261451675,-52.164,-3.48055,-53,-4,-52.5,-3.5
4709,3123,104.1,-0.020199999999995555,0.06440000000000001,0.03333333333333144,2.0248111023007325,-0.29928717760946755,0.95416308109178,-47.4738,-2.7655,-48,-3,-47.5,-2.5
4715,3134,104.46666666666668,-0.03530000000000122,-0.04550000000000054,0.03333333333334565,1.7276301687565878,-0.6129784135234395,-0.790099654824812,-12.70995,-19.18345,-13,-20,-12.5,-19.5
4715,3174,105.8,-0.1407999999999987,-0.018799999999998818,0.03333333333331723,4.261487064396322,-0.9912032903472792,-0.13234816660886256,-13.9894,-19.4377,-14,-20,-13.5,-19.5
4715,3214,107.13333333333334,-0.11139999999999972,-0.012100000000000222,0.03333333333334565,3.3616562881995535,-0.994152796563469,-0.10798248508454421,-16.8928,-20.24335,-17,-21,-16.5,-20.5
4715,3254,108.46666666666668,0.12819999999999965,0.0010999999999974364,0.03333333333334565,3.846141573055909,0.9999631908876334,0.008580027378891079,-20.9465,-21.16755,-21,-22,-20.5,-21.5
4715,3294,109.8,-0.21999999999999886,-0.03930000000000078,0.03333333333331723,6.704479174405947,-0.9844165114567532,-0.1758525859102335,-20.9923,-21.663449999999997,-21,-22,-20.5,-21.5
4715,3334,111.13333333333334,0.0622000000000007,0.01150000000000162,0.03333333333334565,1.897625094690058,0.9833343821288938,0.1818061960527933,-22.378500000000003,-22.44225,-23,-23,-22.5,-22.5
4715,3374,112.46666666666668,-0.00019999999999953388,-0.026299999999999102,0.03333333333334565,0.7890228133580784,-0.007604342863608492,-0.9999710865668131,-24.0379,-23.17315,-25,-24,-24.5,-23.5
4715,3414,113.8,-0.22330000000000183,-0.05070000000000263,0.03333333333331723,6.869500855232975,-0.9751800227086658,-0.2214134668666884,-28.25715,-24.58545,-29,-25,-28.5,-24.5
4715,3454,115.13333333333334,-0.31610000000000227,-0.05000000000000071,0.03333333333334565,9.600900426519027,-0.9877198573795427,-0.15623534599486708,-29.103650000000002,-25.374000000000002,-30,-26,-29.5,-25.5
4715,3494,116.46666666666668,-0.10880000000000223,-0.050799999999998846,0.03333333333334565,3.6022592910548155,-0.9060980169040231,-0.4230678240691396,-29.6796,-26.1759,-30,-27,-29.5,-26.5
4715,3534,117.8,-0.03829999999999956,-0.025600000000000733,0.03333333333331723,1.3820365407621642,-0.8313817805185473,-0.5557016600855266,-32.19015,-27.1428,-33,-28,-32.5,-27.5
4715,3574,119.13333333333334,-0.007200000000004536,-0.03760000000000119,0.03333333333334565,1.1484946669441545,-0.18807227078796637,-0.9821551918921255,-33.662800000000004,-28.0357,-34,-29,-33.5,-28.5
4715,3614,120.46666666666668,0.4059999999999988,-0.005200000000002092,0.03333333333334565,12.180998973807096,0.9999179891720064,-0.012806831388415122,-37.092699999999994,-29.1131,-38,-30,-37.5,-29.5
4723,3120,104.0,0.19780000000000086,0.007699999999999818,0.03333333333331723,5.9384945061887855,0.9992431573050697,0.0388987477818444,-12.8939,-18.21215,-13,-19,-12.5,-18.5
4723,3174,105.8,-0.0037999999999982492,0.0010999999999974364,0.03333333333331723,0.11868024266910042,-0.9605642644147002,0.2780580765405775,-14.0747,-18.69975,-15,-19,-14.5,-18.5
4723,3214,107.13333333333334,0.002700000000000813,0.005799999999997141,0.03333333333334565,0.19192967462054136,0.42202958015813463,0.9065820610797175,-16.71745,-19.3453,-17,-20,-16.5,-19.5
4723,3254,108.46666666666668,0.05489999999999995,-0.011900000000000688,0.03333333333334565,1.6852471628808372,0.9773047160535989,-0.21183836286044647,-21.02095,-20.145249999999997,-22,-21,-21.5,-20.5
4723,3294,109.8,-0.1343999999999994,-0.021399999999999864,0.03333333333331723,4.082791691969596,-0.9875595681093485,-0.15724534789836322,-20.7977,-20.5701,-21,-21,-20.5,-20.5
4723,3334,111.13333333333334,-0.20009999999999906,-0.04980000000000118,0.03333333333334565,6.186117118190658,-0.9703986984574804,-0.2415085216550919,-22.89075,-21.601399999999998,-23,-22,-22.5,-21.5
4723,3374,112.46666666666668,-0.2737999999999978,-0.06269999999999953,0.03333333333334565,8.42662192102781,-0.974767834249175,-0.22322112201396385,-25.2262,-22.51145,-26,-23,-25.5,-22.5
4723,3414,113.8,-0.1387999999999998,-0.01249999999999929,0.03333333333331723,4.180851707489375,-0.9959693123156743,-0.08969464267972074,-28.599400000000003,-23.897750000000002,-29,-24,-28.5,-23.5
4723,3454,115.13333333333334,-0.2679000000000009,-0.05430000000000135,0.03333333333334565,8.20042742788148,-0.980070864680935,-0.19864818197900674,-29.01245,-24.380650000000003,-30,-25,-29.5,-24.5
4723,3494,116.46666666666668,-0.2345000000000006,-0.07839999999999847,0.03333333333334565,7.417757680051255,-0.9483998134526292,-0.31707695255728996,-29.52245,-25.2569,-30,-26,-29.5,-25.5
4723,3534,117.8,-0.07469999999999999,-0.019200000000001438,0.03333333333331723,2.313840314283858,-0.9685197315332801,-0.24893679846640393,-32.156549999999996,-26.518900000000002,-33,-27,-32.5,-26.5
4723,3574,119.13333333333334,-0.2302000000000035,-0.04639999999999844,0.03333333333334565,7.044891766376872,-0.9802847551126043,-0.19758997670383413,-34.5446,-27.5671,-35,-28,-34.5,-27.5
4723,3614,120.46666666666668,-0.18619999999999948,-0.05379999999999896,0.03333333333334565,5.814498430645135,-0.9607019533373815,-0.2775819822210004,-37.856,-28.661099999999998,-38,-29,-37.5,-28.5
4723,3654,121.8,0.0858999999999952,0.004799999999999471,0.03333333333331723,2.5810201471522247,0.9984424193063509,0.05579189304621914,-39.34095,-29.6299,-40,-30,-39.5,-29.5
4723,3709,123.63333333333334,0.003999999999997783,-0.02919999999999945,0.03333333333334565,0.8841809769495029,0.13571882129142726,-0.9907473954279494,-40.0517,-30.716,-41,-31,-40.5,-30.5
4723,3749,124.96666666666668,-0.2955000000000041,-0.03990000000000293,0.03333333333334565,8.945447669062922,-0.9910068593498907,-0.13381107847060236,-40.05305,-31.48715,-41,-32,-40.5,-31.5
4723,3790,126.33333333333331,0.08159999999999457,0.0069000000000016826,0.03333333333331723,2.456736249580947,0.9964439611368876,0.08425812906674826,-46.2376,-32.80515,-47,-33,-46.5,-32.5
4723,3830,127.66666666666669,-0.14560000000000173,-0.041399999999995885,0.03333333333334565,4.541143908750845,-0.9618721819366357,-0.2734993704132712,-46.556,-33.2857,-47,-34,-46.5,-33.5
4723,3870,129.0,-0.22710000000000008,-0.0367999999999995,0.03333333333333144,6.901868225343441,-0.987124033313657,-0.15995669055896994,-49.029650000000004,-34.155,-50,-35,-49.5,-34.5
4723,3910,130.33333333333334,0.03450000000000131,0.006899999999994577,0.03333333333333144,1.055497039313773,0.9805806756909513,0.1961161351380287,-50.739050000000006,-34.872550000000004,-51,-35,-50.5,-34.5
4723,3950,131.66666666666666,-0.08050000000000068,-0.017800000000001148,0.03333333333333144,2.4733339847260485,-0.9764148371848973,-0.21590290809803908,-52.65835,-35.3814,-53,-36,-52.5,-35.5
4747,3137,104.56666666666666,0.8275999999999968,0.18090000000000028,0.03333333333334565,25.414206912660447,0.9769338891949569,0.21354197747144596,-48.862700000000004,-7.87255,-49,-8,-48.5,-7.5
4752,3167,105.56666666666666,0.11189999999999856,0.033200000000000784,0.03333333333334565,3.5016374740956113,0.9586943322468722,0.28443835416083396,-41.777649999999994,-28.0326,-42,-29,-41.5,-28.5
4752,3207,106.9,-0.1443000000000012,-0.010000000000001563,0.03333333333334565,4.339382559764283,-0.9976073647292322,-0.06913425951000553,-40.96215,-26.964599999999997,-41,-27,-40.5,-26.5
4752,3247,108.23333333333332,0.06880000000000308,0.0650999999999975,0.03333333333331723,2.8415321571307075,0.7263686933197525,0.6873052606847667,-42.276700000000005,-25.94975,-43,-26,-42.5,-25.5
4752,3287,109.56666666666666,0.05559999999999832,0.015600000000002723,0.03333333333334565,1.7324110366762533,0.9628200032709923,0.27014374192501,-39.3155,-24.407899999999998,-40,-25,-39.5,-24.5
4752,3327,110.9,-0.03640000000000043,0.025900000000000034,0.03333333333334565,1.3402212503906594,-0.8147908411997674,0.5797550216229054,-37.6911,-23.38035,-38,-24,-37.5,-23.5
4752,3367,112.23333333333332,-0.005000000000002558,0.01810000000000045,0.03333333333331723,0.5633373767116331,-0.26627027816926263,0.9638984069722615,-35.2,-22.07875,-36,-23,-35.5,-22.5
4752,3407,113.56666666666666,-0.333599999999997,-0.03330000000000055,0.03333333333334565,10.057736574395031,-0.9950548939086914,-0.09932652268333414,-35.2013,-21.43945,-36,-22,-35.5,-21.5
4752,3447,114.9,-0.12180000000000035,-0.015499999999999403,0.03333333333334565,3.683468609882543,-0.9919997662516195,-0.12623970752791022,-31.3099,-20.078650000000003,-32,-21,-31.5,-20.5
4752,3487,116.23333333333332,0.3609000000000009,0.05600000000000094,0.03333333333331723,10.95656556591146,0.9881746186679783,0.15333271999281678,-28.57065,-19.4794,-29,-20,-28.5,-19.5
4752,3527,117.56666666666666,0.2406000000000006,0.04059999999999775,0.03333333333334565,7.320044262158563,0.9860596113211042,0.166392436490584,-27.1133,-19.0398,-28,-20,-27.5,-19.5
4752,3567,118.9,0.1811000000000007,0.033799999999999386,0.03333333333334565,5.526815086465045,0.9830254703659653,0.18346913803627218,-25.00745,-18.533,-26,-19,-25.5,-18.5
4752,3607,120.23333333333332,-0.08329999999999771,-0.029700000000001836,0.03333333333331723,2.653089142868471,-0.9419208573215396,-0.33583492752043487,-23.730150000000002,-18.09905,-24,-19,-23.5,-18.5
4752,3647,121.56666666666666,-0.07629999999999981,-0.01640000000000086,0.03333333333334565,2.341278496889242,-0.9776709618443283,-0.2101415959927636,-20.460949999999997,-17.451999999999998,-21,-18,-20.5,-17.5
4752,3687,122.9,0.05699999999999861,0.020800000000001262,0.03333333333334565,1.8202955803927714,0.9394078733248112,0.34280146956417085,-19.324199999999998,-17.4437,-20,-18,-19.5,-17.5
4752,3741,124.7,0.03470000000000084,-0.02710000000000079,0.03333333333331723,1.3208519977657516,0.7881276643873811,-0.6155118070575831,-17.15785,-17.59635,-18,-18,-17.5,-17.5
4752,3781,126.03333333333332,-0.018200000000000216,-0.001200000000000756,0.03333333333331723,0.547185526124639,-0.9978334110319674,-0.06579121391423633,-15.8397,-17.6047,-16,-18,-15.5,-17.5
4752,3821,127.36666666666666,-0.07310000000000016,0.0015999999999998238,0.03333333333334565,2.1935252448960934,-0.9997605475942797,0.021882583805070695,-12.97725,-16.9195,-13,-17,-12.5,-16.5
4752,3861,128.7,0.23019999999999996,0.037700000000000955,0.03333333333333144,6.997999499857486,0.9868534572117406,0.16161761658072793,-12.512,-16.83615,-13,-17,-12.5,-16.5
4752,3901,130.03333333333333,-0.03440000000000154,-0.030400000000000205,0.03333333333333144,1.37723200659886,-0.7493290854811587,-0.6621977964716964,-11.596,-16.5885,-12,-17,-11.5,-16.5
4752,3941,131.36666666666667,-0.3407,-0.03739999999999988,0.03333333333333144,10.282398796001447,-0.9940287478419197,-0.10911850651390571,-6.89065,-15.6965,-7,-16,-6.5,-15.5
4752,3981,132.7,0.31989999999999963,0.04619999999999891,0.03333333333333144,9.696566660422151,0.98973176136374,0.14293719091904897,-7.2589500000000005,-15.6738,-8,-16,-7.5,-15.5
4752,4021,134.03333333333333,-0.2715999999999994,-0.06379999999999875,0.03333333333333144,8.369784943474206,-0.973501715399906,-0.22867971076035684,-7.3681,-15.7168,-8,-16,-7.5,-15.5
4752,4061,135.36666666666667,-0.001700000000000479,-0.031500000000001194,0.03333333333333144,0.9463751898693091,-0.05388983200950161,-0.9985468872346394,-4.02835,-15.27205,-5,-16,-4.5,-15.5
4752,4101,136.7,0.1632,0.053300000000000125,0.03333333333333144,5.150496772157325,0.9505879173572516,0.31045549016630897,-1.3058999999999998,-14.81015,-2,-15,-1.5,-14.5
4752,4141,138.03333333333333,0.3671000000000002,0.03200000000000003,0.03333333333333144,11.05476227695621,0.9962222365430118,0.08684040198686023,2.62035,-14.1933,2,-15,2.5,-14.5
4752,4181,139.36666666666667,0.2351000000000001,0.05259999999999998,0.03333333333333144,7.227371098816358,0.9758735096853527,0.21833665082709278,3.97275,-14.447299999999998,3,-15,3.5,-14.5
4752,4221,140.7,0.07760000000000034,-0.03589999999999982,0.03333333333333144,2.565056139736669,0.9075824750717295,-0.41987385122519055,6.5435,-14.265350000000002,6,-15,6.5,-14.5
4752,4261,142.03333333333333,-0.35519999999999996,-0.08810000000000073,0.03333333333333144,10.978879041141395,-0.9705908918450729,-0.24073495937936834,7.8826,-14.20055,7,-15,7.5,-14.5
4752,4301,143.36666666666667,0.5666000000000002,0.09579999999999878,0.03333333333333144,17.239254044187465,0.986005540404004,0.16671254989534476,6.0463000000000005,-14.4524,6,-15,6.5,-14.5
4752,4341,144.7,0.23559999999999803,0.04330000000000034,0.03333333333333144,7.186377738471939,0.9835274817467684,0.18075865857230797,17.8321,-12.58495,17,-13,17.5,-12.5
4752,4381,146.03333333333333,0.028900000000000148,-0.03880000000000017,0.03333333333333144,1.451407937142504,0.5973510119470491,-0.8019799053129926,18.46995,-12.612300000000001,18,-13,18.5,-12.5
4752,4421,147.36666666666667,-0.2394999999999996,-0.060399999999999565,0.03333333333333144,7.409964169954267,-0.9696403160940981,-0.2445355953740426,19.48285,-12.578,19,-13,19.5,-12.5
4752,4465,148.83333333333334,-0.03059999999999974,-0.03369999999999962,0.03333333333333144,1.3655932776636586,-0.6722352951023716,-0.7403375635604529,26.4891,-11.52125,26,-12,26.5,-11.5
4752,4505,150.16666666666666,0.25099999999999945,0.09980000000000011,0.03333333333333144,8.1033904015546,0.9292406791305295,0.36947497919214006,9.9509,-14.3357,9,-15,9.5,-14.5
4752,4545,151.5,0.1593,0.023200000000000998,0.03333333333333144,4.82941580317979,0.9895606828580957,0.1441168100584357,11.63215,-14.011700000000001,11,-15,11.5,-14.5
4752,4585,152.83333333333334,0.4496000000000002,0.0752000000000006,0.03333333333333144,13.67536763674094,0.9862988958163892,0.1649681427166215,22.2192,-12.9068,22,-13,22.5,-12.5
4752,4625,154.16666666666666,0.4764000000000017,0.08619999999999983,0.03333333333333144,14.524071743145083,0.9840215782978524,0.17804924443592446,26.6425,-12.3753,26,-13,26.5,-12.5
4752,4665,155.5,0.07560000000000144,-0.006099999999999994,0.03333333333333144,2.275370958767116,0.9967605463458417,-0.08042644619986128,39.808400000000006,-11.21535,39,-12,39.5,-11.5
4752,4705,156.83333333333334,0.6719000000000008,0.0779999999999994,0.03333333333333144,20.292369230822896,0.99332905737709,0.11531428259474971,41.840050000000005,-10.7721,41,-11,41.5,-10.5
4752,4745,158.16666666666666,0.2775999999999996,0.037499999999999645,0.03333333333333144,8.403642603062544,0.9909988315026016,0.1338705193852567,49.9487,-10.053650000000001,49,-11,49.5,-10.5
4752,4785,159.5,0.6492000000000004,0.07070000000000043,0.03333333333333144,19.59115149755226,0.9941222700684271,0.10826316157399596,45.511399999999995,-10.78595,45,-11,45.5,-10.5
4752,4825,160.83333333333334,0.4666999999999959,0.0627999999999993,0.03333333333333144,14.12718857381111,0.9910676796624373,0.13335986775830494,54.007149999999996,-9.8559,54,-10,54.5,-9.5
4752,4865,162.16666666666666,-0.06500000000000483,-0.006899999999999906,0.03333333333333144,1.960956144333932,-0.994412856011424,-0.1055607493304342,45.486000000000004,-10.980450000000001,45,-11,45.5,-10.5
4752,4905,163.5,-0.12640000000000384,-0.016299999999999315,0.03333333333333144,3.823399665219753,-0.991787501185122,-0.12789664770028733,45.5447,-10.93845,45,-11,45.5,-10.5
4752,4945,164.83333333333334,0.5953999999999979,0.0990000000000002,0.03333333333333144,18.107234576269096,0.9864565417079457,0.16402283780498347,52.687,-10.1065,52,-11,52.5,-10.5
4752,4985,166.16666666666666,0.011899999999997135,-0.0015999999999998238,0.03333333333333144,0.36021243731991387,0.9910818256474401,-0.13325469924673203,52.65855,-10.249,52,-11,52.5,-10.5
4752,5025,167.5,0.01769999999999783,-0.012800000000000367,0.03333333333333144,0.6552991683193166,0.8103169142757365,-0.5859918928096608,48.954750000000004,-10.5262,48,-11,48.5,-10.5
4752,5065,168.83333333333334,0.34270000000000067,0.023600000000000065,0.03333333333333144,10.305349339057484,0.9976372136202512,0.06870218337157265,58.198049999999995,-9.842400000000001,58,-10,58.5,-9.5
4752,5105,170.16666666666666,-0.176400000000001,-0.002200000000000202,0.03333333333333144,5.292411548623511,-0.9999222379780184,-0.012470685507663434,55.4443,-10.093399999999999,55,-11,55.5,-10.5
4752,5145,171.5,-0.2494999999999976,-0.07479999999999976,0.03333333333333144,7.8141385321739625,-0.9578791019869417,-0.2871717708562072,58.38395,-9.6515,58,-10,58.5,-9.5
4752,5185,172.83333333333334,0.01180000000000092,-0.0259999999999998,0.03333333333333144,0.8565722386349522,0.4132751261752167,-0.9106062102165012,63.808099999999996,-9.3811,63,-10,63.5,-9.5
4752,5225,174.16666666666666,-0.3100000000000023,-0.07729999999999926,0.03333333333333144,9.584767133322103,-0.9702896137839913,-0.24194641014677826,63.7693,-9.35105,63,-10,63.5,-9.5
4752,5265,175.5,0.618700000000004,0.07920000000000016,0.03333333333333144,18.71245833662815,0.9919060160935399,0.1269742306038597,65.63034999999999,-9.152,65,-10,65.5,-9.5
4752,5305,176.83333333333334,0.0671999999999997,0.0,0.03333333333333144,2.0160000000001057,1.0,0.0,73.51679999999999,-8.5225,73,-9,73.5,-8.5
4752,5349,178.3,-0.6239999999999952,-0.0713999999999988,0.03333333333333144,18.842148603597067,-0.9935172677932905,-0.11368130275711585,63.9687,-9.842500000000001,63,-10,63.5,-9.5
4752,5389,179.63333333333333,0.12139999999999418,-0.0005000000000006111,0.03333333333333144,3.6420308894901257,0.9999915186084274,-0.004118581213384256,65.0193,-9.64735,65,-10,65.5,-9.5
4752,5429,180.96666666666667,-0.8696999999999946,-0.1451999999999991,0.03333333333335986,26.452126889890682,-0.9863479072433445,-0.16467484894990644,58.40495,-10.4215,58,-11,58.5,-10.5
4755,3151,105.03333333333332,0.038000000000010914,0.005399999999998073,0.03333333333331723,1.151452995133544,0.9900534410166372,0.14069180477595783,80.9341,20.333,80,20,80.5,20.5
4761,3135,104.5,-0.29240000000000066,-0.32259999999999955,0.03333333333331723,13.061840146019433,-0.6715745945396144,-0.740936950063197,-61.0693,-5.2596,-62,-6,-61.5,-5.5
4761,3175,105.83333333333331,-0.014499999999998181,-0.23789999999999978,0.03333333333331723,7.150244331493104,-0.06083708190001383,-0.9981477092424201,-66.46885,-15.23685,-67,-16,-66.5,-15.5
4761,3215,107.16666666666669,-0.24580000000000268,-0.2626000000000026,0.03333333333334565,10.790679311327734,-0.6833675422321512,-0.7300745182675457,-72.9238,-25.601300000000002,-73,-26,-72.5,-25.5
4783,3183,106.1,0.17840000000000344,0.05990000000000251,0.03333333333333144,5.645627777316266,0.9479902344083622,0.3182994116651467,-41.266400000000004,-27.95595,-42,-28,-41.5,-27.5
4783,3223,107.43333333333334,0.036000000000001364,0.04860000000000042,0.03333333333333144,1.8144321425725733,0.5952275506257488,0.8035571933447374,-41.329,-26.9704,-42,-27,-41.5,-26.5
4783,3263,108.76666666666668,0.25970000000000226,0.06109999999999971,0.03333333333335986,8.003722259042917,0.973422083854958,0.22901844175408984,-40.69255,-25.75895,-41,-26,-40.5,-25.5
4783,3303,110.1,0.3930000000000007,0.0630999999999986,0.03333333333333144,11.941002847333072,0.9873542574888418,0.15852939859426063,-38.6458,-24.35325,-39,-25,-38.5,-24.5
4783,3343,111.43333333333334,0.16399999999999437,0.035199999999999676,0.03333333333333144,5.032050874146763,0.9777325633327085,0.20985479408117197,-36.439099999999996,-23.191899999999997,-37,-24,-36.5,-23.5
4783,3383,112.76666666666668,0.1652999999999949,0.026700000000001722,0.03333333333335986,5.023274031939568,0.9872047530086965,0.1594577550231985,-34.658950000000004,-22.09415,-35,-23,-34.5,-22.5
4783,3423,114.1,-0.49210000000000065,-0.058499999999998664,0.03333333333333144,14.866949720774116,-0.9930079994399924,-0.11804707979524111,-33.23255,-21.31975,-34,-22,-33.5,-21.5
4783,3463,115.43333333333334,0.05519999999999925,0.007199999999997431,0.03333333333333144,1.6700275446830837,0.9916004111862274,0.1293391840677244,-31.2043,-20.6873,-32,-21,-31.5,-20.5
4783,3503,116.76666666666668,-0.24510000000000076,-0.02780000000000271,0.03333333333335986,7.400146282332081,-0.9936290067061956,-0.11270047485285535,-27.82405,-20.0908,-28,-21,-27.5,-20.5
4783,3543,118.1,0.3955999999999982,0.06350000000000122,0.03333333333333144,12.019918843320669,0.9873610757859261,0.15848692697777503,-26.2675,-19.690849999999998,-27,-20,-26.5,-19.5
4783,3583,119.43333333333334,-0.20340000000000202,-0.04960000000000164,0.03333333333333144,6.280807909815852,-0.9715310653688362,-0.23691219686477577,-24.6832,-19.088900000000002,-25,-20,-24.5,-19.5
4783,3623,120.76666666666668,0.2181999999999995,0.020600000000001728,0.03333333333335986,6.575107603676996,0.9955730604825475,0.09399085722246675,-20.497700000000002,-18.3854,-21,-19,-20.5,-18.5
4783,3663,122.1,-0.29059999999999775,-0.04420000000000002,0.03333333333333144,8.81826513550186,-0.9886298343312709,-0.1503697132740624,-19.7411,-18.297800000000002,-20,-19,-19.5,-18.5
4783,3703,123.43333333333334,0.16189999999999927,0.03979999999999961,0.03333333333333144,5.001608241356235,0.9710876513357695,0.23872321509057087,-19.06405,-18.3595,-20,-19,-19.5,-18.5
4783,3743,124.76666666666668,0.05589999999999762,-0.0057000000000009265,0.03333333333335986,1.6856957020753323,0.9948414757977774,-0.10144179627993728,-17.24525,-18.30945,-18,-19,-17.5,-18.5
4783,3783,126.1,0.18520000000000003,0.027300000000000324,0.03333333333333144,5.6160392626835876,0.9893093228385691,0.14583231378776054,-15.437000000000001,-18.204749999999997,-16,-19,-15.5,-18.5
4783,3823,127.43333333333334,-0.23050000000000104,-0.03179999999999694,0.03333333333333144,6.9804971885966545,-0.9906171169722371,-0.13666648294886755,-12.885349999999999,-17.5991,-13,-18,-12.5,-17.5
4783,3863,128.76666666666668,-0.04809999999999981,-0.020299999999998875,0.03333333333335986,1.5662471069393993,-0.9213105605146877,-0.3888275338554511,-12.765049999999999,-17.58795,-13,-18,-12.5,-17.5
4783,3903,130.1,0.5727999999999991,0.08779999999999788,0.03333333333333144,17.384700515109056,0.9884553366373107,0.1515125323965676,-11.351099999999999,-17.128700000000002,-12,-18,-11.5,-17.5
4783,3943,131.43333333333334,-0.04809999999999981,0.00280000000000058,0.03333333333333144,1.4454428387176796,-0.9983099721053166,0.05811367820988516,-7.16955,-16.3202,-8,-17,-7.5,-16.5
4783,3983,132.76666666666668,0.1985999999999999,0.03760000000000119,0.03333333333335986,6.063839377815141,0.9825458144212882,0.18602075842014917,-6.4742,-16.330199999999998,-7,-17,-6.5,-16.5
4783,4023,134.1,0.12950000000000017,0.023900000000001143,0.03333333333333144,3.950609320092518,0.9833926073735999,0.18149099085891993,-7.64145,-16.463050000000003,-8,-17,-7.5,-16.5
4783,4063,135.43333333333334,0.14219999999999988,0.016799999999999926,0.03333333333333144,4.295668981660722,0.9930932802813375,0.11732747615138123,-4.2562999999999995,-15.8292,-5,-16,-4.5,-15.5
4783,4103,136.76666666666668,-0.12850000000000006,-0.03160000000000096,0.03333333333335986,3.9698525161490554,-0.9710688203944831,-0.2387998033032419,-0.97745,-15.3102,-1,-16,-0.5,-15.5
4783,4143,138.1,0.12050000000000027,0.015000000000000568,0.03333333333333144,3.6429006299927513,0.9923410949607502,0.123527937132048,2.22835,-15.0272,2,-16,2.5,-15.5
4783,4183,139.43333333333334,-0.1400999999999999,-0.052799999999999514,0.03333333333333144,4.491577117227558,-0.9357514944760768,-0.3526600921365913,3.43035,-15.267700000000001,3,-16,3.5,-15.5
4783,4223,140.76666666666668,0.24849999999999994,0.051000000000000156,0.03333333333335986,7.610382710475722,0.979582799394862,0.20104113790397637,5.68735,-15.087700000000002,5,-16,5.5,-15.5
4783,4263,142.1,-0.40420000000000034,-0.06530000000000058,0.03333333333333144,12.283222582043258,-0.9872002171260496,-0.1594858341868668,6.1546,-15.10925,6,-16,6.5,-15.5
4783,4303,143.43333333333334,0.48139999999999983,0.06119999999999948,0.03333333333333144,14.558236843794782,0.9920157334269836,0.12611417300733463,7.1065000000000005,-14.9719,7,-15,7.5,-14.5
4783,4343,144.76666666666668,0.023900000000001143,0.010400000000000631,0.03333333333335986,0.7819418136914587,0.9169480227877673,0.39900667100388715,18.004849999999998,-13.3356,18,-14,18.5,-13.5
4783,4383,146.1,-0.03229999999999933,-0.006800000000000139,0.03333333333333144,0.990240879786365,-0.9785497849867474,-0.20601048104985004,17.17515,-13.598600000000001,17,-14,17.5,-13.5
4783,4434,147.8,-0.03389999999999915,-0.035400000000000986,0.03333333333333144,1.4704193279470508,-0.6916394396283766,-0.722242954656219,21.063450000000003,-13.1521,21,-14,21.5,-13.5
4783,4474,149.13333333333333,-0.10670000000000002,-0.017100000000001003,0.03333333333333144,3.241846695943722,-0.9874001765738497,-0.15824313982580898,23.77285,-12.770150000000001,23,-13,23.5,-12.5
4783,4514,150.46666666666667,-0.5556000000000001,-0.06770000000000032,0.03333333333333144,16.79128300637066,-0.9926579162340998,-0.12095561722291012,10.875699999999998,-14.599450000000001,10,-15,10.5,-14.5
4783,4554,151.8,0.2638999999999996,0.03270000000000017,0.03333333333333144,7.977546615345287,0.9924103714758139,0.12297013697332071,14.22865,-14.273150000000001,14,-15,14.5,-14.5
4783,4594,153.13333333333333,0.3318999999999974,0.040800000000000836,0.03333333333333144,10.03195020920708,0.9925288495612943,0.12201017493854159,27.46095,-12.7247,27,-13,27.5,-12.5
4783,4634,154.46666666666667,0.42749999999999844,0.050700000000000855,0.03333333333333144,12.914877699770054,0.9930407626104758,0.11777115009205183,31.98075,-12.46385,31,-13,31.5,-12.5
4783,4674,155.8,0.06510000000000105,0.009199999999999875,0.03333333333333144,1.9724058912912836,0.9901613094055217,0.1399306305150619,35.18605,-12.4938,35,-13,35.5,-12.5
4783,4714,157.13333333333333,0.2751000000000019,0.029799999999999827,0.03333333333333144,8.301279720621922,0.9941840629100281,0.107694238730347,41.67775,-11.7273,41,-12,41.5,-11.5
4783,4754,158.46666666666667,0.38170000000000215,0.07019999999999982,0.03333333333333144,11.64305101766787,0.98350509523872,0.1808804235938108,48.823949999999996,-10.8474,48,-11,48.5,-10.5
4783,4794,159.8,0.43769999999999953,0.06369999999999898,0.03333333333333144,13.269328619037948,0.9895753113809579,0.1440163293008135,46.97924999999999,-11.29675,46,-12,46.5,-11.5
4783,4834,161.13333333333333,-0.3616000000000028,-0.052400000000000446,0.03333333333333144,10.961308680993136,-0.9896628510071145,-0.14341353261275674,50.444900000000004,-10.9804,50,-11,50.5,-10.5
4783,4874,162.46666666666667,-0.24210000000000065,-0.04230000000000089,0.03333333333333144,7.373027193765565,-0.985077066600518,-0.17211383691533533,44.741150000000005,-11.70825,44,-12,44.5,-11.5
4783,4914,163.8,0.03249999999999886,-0.0038000000000000256,0.03333333333333144,0.9816419917668778,0.9932337941708245,-0.1161319513184397,44.41415,-11.810199999999998,44,-12,44.5,-11.5
4783,4954,165.13333333333333,-0.2335999999999956,-0.0015999999999998238,0.03333333333333144,7.0081643816340184,-0.9999765442668292,-0.006849154412785876,53.5655,-10.6854,53,-11,53.5,-10.5
4783,4994,166.46666666666667,-0.4502999999999986,-0.0940000000000012,0.03333333333333144,13.800198585528424,-0.9788989568720363,-0.20434488551182073,52.33825,-10.9437,52,-11,52.5,-10.5
4783,5034,167.8,-0.027999999999998693,-0.01130000000000031,0.03333333333333144,0.9058261422591167,-0.927330268814125,-0.374244001342871,49.495099999999994,-11.16225,49,-12,49.5,-11.5
4783,5074,169.13333333333333,-0.0910999999999973,0.014799999999999258,0.03333333333333144,2.768830980757115,-0.9870591664835956,0.16035648368778174,60.14645,-10.113900000000001,60,-11,60.5,-10.5
4783,5114,170.46666666666667,-0.6066999999999965,-0.11099999999999888,0.03333333333333144,18.503115980829683,-0.9836721565631559,-0.17996968745427697,53.651849999999996,-10.894400000000001,53,-11,53.5,-10.5
4783,5154,171.8,0.6547000000000054,0.09660000000000046,0.03333333333333144,19.853646642369036,0.9892892904664701,0.14596814641677208,57.94455,-10.347000000000001,57,-11,57.5,-10.5
4783,5194,173.13333333333333,0.18309999999999604,0.049099999999999255,0.03333333333333144,5.6870711266874725,0.9658750308613919,0.25900854186397954,64.93505,-9.89615,64,-10,64.5,-9.5
4783,5234,174.46666666666667,-0.31689999999999685,-0.04230000000000089,0.03333333333333144,9.591319512976758,-0.9912087682135674,-0.1323071344128596,61.70795,-10.32315,61,-11,61.5,-10.5
4783,5274,175.8,0.3719000000000108,0.030100000000000904,0.03333333333333144,11.193482836008707,0.996740707379263,0.08067194216756077,68.80565,-9.47625,68,-10,68.5,-9.5
4783,5314,177.13333333333333,0.09700000000000841,0.028399999999999537,0.03333333333333144,3.0321616051923237,0.9597113804941285,0.2809876619178396,72.2902,-9.304400000000001,72,-10,72.5,-9.5
4783,5358,178.6,-0.017899999999997362,0.045300000000001006,0.03333333333333144,1.4612494653549883,-0.36749371871933956,0.9300260032396036,61.03295,-10.72485,61,-11,61.5,-10.5
4783,5398,179.93333333333334,-0.04590000000000316,0.004400000000000404,0.03333333333333144,1.3833123291579823,-0.9954368012019009,0.09542313562719966,64.91704999999999,-10.2601,64,-11,64.5,-10.5
4783,5440,181.3333333333333,-0.28349999999999653,-0.03139999999999965,0.033333333333274595,8.557008180448133,-0.9939221537088064,-0.11008520503159279,54.59085,-11.677800000000001,54,-12,54.5,-11.5
4787,3184,106.13333333333334,-0.10780000000000456,0.0045999999999999375,0.03333333333334565,3.236943002277479,-0.9990908081246823,0.04263281741533657,-51.193799999999996,-6.2044,-52,-7,-51.5,-6.5
4787,3224,107.46666666666668,0.010300000000000864,0.03479999999999972,0.03333333333334565,1.088768570449718,0.2838068698771114,0.9588814632740359,-51.89605,-5.449999999999999,-52,-6,-51.5,-5.5
4787,3264,108.8,0.143100000000004,0.040600000000000414,0.03333333333331723,4.462440251703131,0.9620296873137364,0.2729448309219916,-51.38055,-4.2936,-52,-5,-51.5,-4.5
4787,3304,110.13333333333334,0.013500000000000512,0.0026999999999999247,0.03333333333334565,0.41302058060087754,0.9805806756909227,0.19611613513817164,-49.591449999999995,-3.15125,-50,-4,-49.5,-3.5
4788,3156,105.2,-0.1390999999999991,-0.051899999999999835,0.03333333333331723,4.4540069600326095,-0.9369091780609695,-0.3495728708940652,-29.01595,-10.36675,-30,-11,-29.5,-10.5
4788,3196,106.53333333333332,-0.17420000000000258,-0.055600000000000094,0.03333333333331723,5.4857360490666975,-0.9526524705634926,-0.3040612937045321,-31.686700000000002,-11.043700000000001,-32,-12,-31.5,-11.5
4788,3236,107.86666666666666,-0.1659000000000006,-0.013700000000000045,0.03333333333334565,4.993941329249048,-0.9966076234913605,-0.08229972538777357,-34.49055,-11.69625,-35,-12,-34.5,-11.5
4788,3276,109.2,-0.05819999999999936,-0.0020999999999986585,0.03333333333331723,1.747136228232612,-0.9993496624857142,-0.03605900844018354,-36.2432,-11.98245,-37,-12,-36.5,-11.5
4788,3316,110.53333333333332,0.054500000000004434,0.008100000000000662,0.03333333333331723,1.6529591646508044,0.9891351431820306,0.14700907632613672,-37.59995,-11.91215,-38,-12,-37.5,-11.5
4788,3356,111.86666666666666,-0.10119999999999862,-0.044800000000000395,0.03333333333334565,3.320185536983082,-0.9144067300400107,-0.40479665519558694,-37.903000000000006,-11.721900000000002,-38,-12,-37.5,-11.5
4788,3396,113.2,-0.18970000000000198,-0.01640000000000086,0.03333333333331723,5.712227674036831,-0.9962838186351525,-0.08613102069381753,-39.95115,-12.0596,-40,-13,-39.5,-12.5
4788,3436,114.53333333333332,-0.08680000000000376,0.011499999999999844,0.03333333333331723,2.626754842007006,-0.9913372798855302,0.13134076864842106,-41.8969,-12.387250000000002,-42,-13,-41.5,-12.5
4800,3163,105.43333333333334,0.006799999999998363,0.01869999999999905,0.03333333333333144,0.5969396954466912,0.34174306308664704,0.939793423488458,18.6359,-18.371650000000002,18,-19,18.5,-18.5
4800,3203,106.76666666666668,-0.34609999999999985,-0.03760000000000119,0.03333333333335986,10.444092732249478,-0.9941504988682165,-0.1080036369761518,16.17875,-18.700699999999998,16,-19,16.5,-18.5
4800,3243,108.1,-0.37959999999999994,-0.046999999999997044,0.03333333333333144,11.474957254822986,-0.9924219974949544,-0.12287627471617474,10.9537,-19.186,10,-20,10.5,-19.5
4800,3283,109.43333333333334,0.5196000000000005,0.06500000000000128,0.03333333333333144,15.709495345173524,0.9922661204256984,0.12412874870606544,10.1152,-19.253999999999998,10,-20,10.5,-19.5
4800,3323,110.76666666666668,-0.4231999999999996,-0.05620000000000047,0.03333333333335986,12.807459232796278,-0.9912973189466823,-0.13164203526655027,10.341999999999999,-19.1057,10,-20,10.5,-19.5
4808,3183,106.1,-0.20049999999999812,-0.03599999999999781,0.03333333333333144,6.111188509611156,-0.9842602614107561,-0.17672503446775759,-34.161950000000004,-24.4688,-35,-25,-34.5,-24.5
4808,3223,107.43333333333334,0.029800000000001603,-0.005500000000001393,0.03333333333333144,0.9090990045095164,0.9833912429399658,-0.18149838376412383,-36.6991,-25.790950000000002,-37,-26,-36.5,-25.5
4815,3206,106.86666666666666,-0.010799999999996146,0.0033000000000029672,0.03333333333334565,0.3387875440447271,-0.9563515710512362,0.2922185355993559,-33.381699999999995,-32.802350000000004,-34,-33,-33.5,-32.5
4815,3246,108.2,-0.1056999999999988,-0.028099999999994907,0.03333333333331723,3.281141569638518,-0.9664319361723986,-0.256922775841436,-37.29155,-33.79775,-38,-34,-37.5,-33.5
4819,3181,106.03333333333332,0.09499999999999886,0.023100000000000342,0.03333333333331723,2.933044322885035,0.9716866457708329,0.23627327912954568,-51.3457,-7.012449999999999,-52,-8,-51.5,-7.5
4819,3221,107.36666666666666,0.060600000000000875,0.0118999999999998,0.03333333333334565,1.8527204322286606,0.981259756396414,0.19268962213064295,-51.899100000000004,-6.15315,-52,-7,-51.5,-6.5
4819,3261,108.7,0.051499999999997215,0.03160000000000007,0.03333333333331723,1.8126579931147853,0.852339495850405,0.5229888945412489,-51.58855,-5.2242,-52,-6,-51.5,-5.5
4819,3301,110.03333333333332,-0.031999999999996476,0.025500000000000078,0.03333333333331723,1.2275280037543976,-0.7820595514433851,0.623203705056518,-48.8044,-3.66905,-49,-4,-48.5,-3.5
4828,3215,107.16666666666669,-0.5794999999999959,-0.16130000000000067,0.03333333333334565,18.04589000298282,-0.9633772563791463,-0.26814970052451775,75.54415,19.597050000000003,75,19,75.5,19.5
4831,3223,107.43333333333334,0.15200000000000102,0.05339999999999989,0.03333333333333144,4.833218803241059,0.9434706322301085,0.3314561300071536,-42.4007,-28.8301,-43,-29,-42.5,-28.5
4831,3263,108.76666666666668,0.13010000000000588,0.028999999999999915,0.03333333333335986,3.998788441512744,0.976045634092251,0.2175658984525282,-42.872550000000004,-27.883200000000002,-43,-28,-42.5,-27.5
4831,3303,110.1,0.1998000000000033,0.06259999999999977,0.03333333333333144,6.28131514891632,0.9542587591763408,0.2989819735957844,-41.326899999999995,-26.586399999999998,-42,-27,-41.5,-26.5
4831,3343,111.43333333333334,0.32789999999999964,0.07699999999999818,0.03333333333333144,10.104586532857796,0.9735183095332878,0.2286090571334598,-40.36725,-25.355,-41,-26,-40.5,-25.5
4831,3383,112.76666666666668,0.08590000000000231,0.015200000000000102,0.03333333333335986,2.6170336260715987,0.9847026703536575,0.1742430802022735,-39.380250000000004,-24.1798,-40,-25,-39.5,-24.5
4831,3423,114.1,0.03690000000000282,0.025499999999997414,0.03333333333333144,1.3456128715199904,0.8226734623530256,0.5685141813007702,-39.68365,-23.490949999999998,-40,-24,-39.5,-23.5
4831,3463,115.43333333333334,0.01570000000000249,0.03889999999999816,0.03333333333333144,1.2584633486916181,0.3742659653058504,0.9273214044837313,-38.91705,-22.47955,-39,-23,-38.5,-22.5
4831,3503,116.76666666666668,-0.1570999999999998,0.0029000000000003467,0.03333333333335986,4.713802923326831,-0.999829665485883,0.01845643558185494,-37.04625,-21.355649999999997,-38,-22,-37.5,-21.5
4831,3543,118.1,0.13569999999999993,0.05679999999999907,0.03333333333333144,4.413236567418759,0.9224522496833434,0.3861111848342894,-36.80615,-20.4469,-37,-21,-36.5,-20.5
4831,3583,119.43333333333334,-0.23529999999999518,-0.049500000000001876,0.03333333333333144,7.213508577662055,-0.9785806621010665,-0.205863760195519,-36.44245,-19.75845,-37,-20,-36.5,-19.5
4831,3623,120.76666666666668,0.1670000000000016,0.018799999999998818,0.03333333333335986,5.04164615973394,0.9937230502230349,0.11186822361791439,-35.8195,-19.2304,-36,-20,-35.5,-19.5
4831,3663,122.1,-0.2560000000000002,-0.03849999999999909,0.03333333333333144,7.766364979834962,-0.9888796135568233,-0.1487182231325655,-36.2427,-19.02495,-37,-20,-36.5,-19.5
4831,3703,123.43333333333334,0.14269999999999783,0.08660000000000068,0.03333333333333144,5.007650646760654,0.8548919048035967,0.5188061594673663,-36.105050000000006,-18.271,-37,-19,-36.5,-18.5
4831,3743,124.76666666666668,0.060600000000000875,0.019600000000000506,0.03333333333335986,1.9107244699313144,0.9514715641151191,0.30773667750258327,-35.357,-17.615499999999997,-36,-18,-35.5,-17.5
4831,3783,126.1,0.01910000000000167,0.004300000000000637,0.03333333333333144,0.5873414679725087,0.9755824017978288,0.21963373443617373,-34.766450000000006,-17.21425,-35,-18,-34.5,-17.5
4831,3823,127.43333333333334,-0.03640000000000043,-0.016500000000000625,0.03333333333333144,1.1989532935023826,-0.9107944453867126,-0.41286011947475687,-33.3009,-16.65885,-34,-17,-33.5,-16.5
4831,3863,128.76666666666668,-0.03849999999999909,-0.029800000000001603,0.03333333333335986,1.4605687248454378,-0.7907878488369519,-0.6120903349439737,-33.67675,-16.799,-34,-17,-33.5,-16.5
4831,3903,130.1,0.1822000000000017,0.03399999999999892,0.03333333333333144,5.560355744015306,0.9830306281902015,0.18344150032088627,-33.6923,-16.468,-34,-17,-33.5,-16.5
4831,3943,131.43333333333334,-0.1186000000000007,-0.014699999999999491,0.03333333333333144,3.5852259343033874,-0.9924060757112497,-0.12300480027786491,-31.8936,-15.984950000000001,-32,-16,-31.5,-15.5
4831,3983,132.76666666666668,0.2603999999999971,0.05549999999999855,0.03333333333335986,7.987463239345577,0.9780326701865036,0.20845166357661346,-32.4507,-16.12025,-33,-17,-32.5,-16.5
4831,4023,134.1,0.06620000000000203,0.02179999999999893,0.03333333333333144,2.0909117628443092,0.9498248731924384,0.31278220899688075,-34.5654,-16.608,-35,-17,-34.5,-16.5
4831,4063,135.43333333333334,0.0362000000000009,0.009500000000002728,0.03333333333333144,1.1227737973431018,0.9672473676977201,0.2538356351693578,-33.4774,-16.34835,-34,-17,-33.5,-16.5
4831,4103,136.76666666666668,0.11899999999999977,-0.0017999999999993577,0.03333333333335986,3.570408380000761,0.9998856209261953,-0.015124320316525316,-32.281,-16.1239,-33,-17,-32.5,-16.5
4831,4143,138.1,-0.17989999999999995,-0.045099999999999696,0.03333333333333144,5.5640109633252415,-0.969983710595508,-0.2431699018780274,-30.636249999999997,-15.896149999999999,-31,-16,-30.5,-15.5
4831,4183,139.43333333333334,0.01570000000000249,-0.026100000000001344,0.03333333333333144,0.9137450410263404,0.5154610737707128,-0.8569129952493099,-31.24905,-15.946950000000001,-32,-16,-31.5,-15.5
4831,4223,140.76666666666668,0.10699999999999932,0.06170000000000009,0.03333333333335986,3.7054420788858677,0.8662933954057623,0.49953553735080325,-30.265,-15.05535,-31,-16,-30.5,-15.5
4831,4263,142.1,-0.3255000000000017,-0.08500000000000085,0.03333333333333144,10.092458818346136,-0.9675541090392884,-0.2526638994419045,-31.486150000000002,-14.9513,-32,-15,-31.5,-14.5
4831,4303,143.43333333333334,0.209699999999998,0.03879999999999839,0.03333333333333144,6.397779067770611,0.9833099788787295,0.18193813629229133,-32.24395,-14.9055,-33,-15,-32.5,-14.5
4831,4343,144.76666666666668,0.04299999999999926,0.024100000000000676,0.03333333333335986,1.4787930889737384,0.8723329920984368,0.4889122118505414,-24.7718,-13.24305,-25,-14,-24.5,-13.5
4831,4383,146.1,-0.35549999999999926,-0.029500000000000526,0.03333333333333144,10.701656413846063,-0.9965746971844422,-0.08269747838802147,-25.97495,-13.422550000000001,-26,-14,-25.5,-13.5
4831,4423,147.43333333333334,0.15119999999999933,0.013400000000000745,0.03333333333333144,4.553778650747333,0.9960958465242536,0.08827833560466798,-23.521,-12.9114,-24,-13,-23.5,-12.5
4831,4463,148.76666666666668,0.08589999999999876,0.014300000000000423,0.03333333333335986,2.6124643538216854,0.9864249424984904,0.16421276691186304,-21.67575,-12.336649999999999,-22,-13,-21.5,-12.5
4831,4503,150.1,0.2138000000000062,0.0818000000000012,0.03333333333333144,6.867423971185114,0.9339746645777113,0.35733923088145786,-35.8703,-15.1296,-36,-16,-35.5,-15.5
4831,4543,151.43333333333334,0.10719999999999885,0.018800000000000594,0.03333333333333144,3.2650807034437923,0.9849679968425047,0.17273692481940178,-35.122600000000006,-14.645800000000001,-36,-15,-35.5,-14.5
4831,4583,152.76666666666668,0.34199999999999875,0.046499999999999986,0.03333333333335986,10.35440123811264,0.9908829843512951,0.13472531804776425,-28.5133,-13.63765,-29,-14,-28.5,-13.5
4833,3230,107.66666666666669,0.08769999999999811,0.029600000000000293,0.03333333333334565,2.776815622254027,0.9474881871570959,0.31979076784322596,-27.54645,-9.2945,-28,-10,-27.5,-9.5
4833,3272,109.06666666666666,0.12530000000000285,0.04669999999999952,0.03333333333334565,4.0115934489911504,0.9370341356360583,0.3492377823958697,-28.46415,-8.91505,-29,-9,-28.5,-8.5
4833,3322,110.73333333333332,-0.040300000000002,-0.0045999999999999375,0.03333333333331723,1.2168504427420714,-0.9935485557915096,-0.11340752746006588,-28.37855,-7.1297,-29,-8,-28.5,-7.5
4833,3363,112.1,-0.16720000000000113,-0.022199999999999775,0.03333333333333144,5.060020948573557,-0.9913002438091391,-0.1316200084483404,-27.4498,-6.6186,-28,-7,-27.5,-6.5
4833,3403,113.43333333333334,-0.307500000000001,-0.06529999999999969,0.03333333333333144,9.430710789755489,-0.978187138346094,-0.20772559393170548,-29.167450000000002,-6.89475,-30,-7,-29.5,-6.5
4833,3443,114.76666666666668,0.3064999999999998,0.08579999999999988,0.03333333333335986,9.548481607033379,0.9629803332521131,0.26957165609471856,-28.88705,-6.2699,-29,-7,-28.5,-6.5
4833,3483,116.1,0.08720000000000283,0.03170000000000073,0.03333333333333144,2.783497260641973,0.939824887557781,0.3416565244906121,-28.259,-5.92645,-29,-6,-28.5,-5.5
4833,3523,117.43333333333334,-0.18759999999999977,-0.026500000000000412,0.03333333333333144,5.683872711453311,-0.9901699573003435,-0.1398694236058611,-28.8363,-6.20015,-29,-7,-28.5,-6.5
4833,3563,118.76666666666668,0.1142000000000003,0.02430000000000021,0.03333333333335986,3.502701386070549,0.9781022195102642,0.2081250782320452,-29.2466,-6.42445,-30,-7,-29.5,-6.5
4833,3603,120.1,-0.028199999999998226,0.0034999999999998366,0.03333333333333144,0.8524910556715486,-0.992385778562286,0.12316844769390274,-29.8152,-6.43765,-30,-7,-29.5,-6.5
4833,3643,121.43333333333334,-0.1891999999999996,-0.05449999999999999,0.03333333333333144,5.906792784583172,-0.960927563738949,-0.27679995889943354,-28.8459,-6.09685,-29,-7,-28.5,-6.5
4833,3683,122.76666666666668,-0.06579999999999941,-0.0018000000000002458,0.03333333333335986,1.9747384636943002,-0.9996260448107609,-0.027345393323094703,-29.8859,-6.080500000000001,-30,-7,-29.5,-6.5
4833,3723,124.1,0.13260000000000005,0.016600000000000392,0.03333333333333144,4.009050760467103,0.9922548347920501,0.12421893105240132,-29.7474,-5.8617,-30,-6,-29.5,-5.5
4833,3763,125.43333333333334,0.01969999999999672,-0.015499999999999403,0.03333333333333144,0.7520013297860126,0.7859028655815123,-0.6183499703814721,-29.63875,-5.90435,-30,-6,-29.5,-5.5
4833,3803,126.76666666666668,0.09740000000000038,0.045900000000000496,0.03333333333335986,3.2302032443769697,0.9045870426525656,0.42628896568534963,-28.6661,-5.800549999999999,-29,-6,-28.5,-5.5
4833,3843,128.1,-0.014900000000000801,-0.025900000000000034,0.03333333333333144,0.8964028112406355,-0.4986597480449604,-0.8667978170713957,-28.615949999999998,-5.81985,-29,-6,-28.5,-5.5
4833,3883,129.43333333333334,0.10009999999999764,0.02200000000000024,0.03333333333333144,3.0746721776476686,0.9766894896410052,0.21465703069033826,-29.51005,-5.9893,-30,-6,-29.5,-5.5
4833,3923,130.76666666666668,0.340799999999998,0.06269999999999953,0.03333333333335986,10.395592190915663,0.9834937550672863,0.1809420728953015,-27.235300000000002,-5.46295,-28,-6,-27.5,-5.5
4833,3963,132.1,-0.5164000000000009,-0.11280000000000001,0.03333333333333144,15.857286022520668,-0.9769641525037147,-0.21340347870336723,-28.723,-5.8269,-29,-6,-28.5,-5.5
4833,4003,133.43333333333334,-0.21950000000000003,-0.0484,0.03333333333333144,6.743183891901895,-0.9765416612630885,-0.21532854854274933,-30.37005,-6.433299999999999,-31,-7,-30.5,-6.5
4833,4043,134.76666666666668,-0.062300000000000466,-0.015099999999999447,0.03333333333335986,1.923114661166658,-0.9718609283882725,-0.23555537750661748,-31.48575,-6.738049999999999,-32,-7,-31.5,-6.5
4833,4083,136.1,0.07360000000000255,0.016600000000000392,0.03333333333333144,2.2634637174032486,0.975496087268111,0.22001678055231608,-31.953400000000002,-6.6566,-32,-7,-31.5,-6.5
4833,4123,137.43333333333334,0.36880000000000024,0.043099999999999916,0.03333333333333144,11.139297329724808,0.9932403878363814,0.11607554424009742,-28.5321,-5.9392499999999995,-29,-6,-28.5,-5.5
4833,4163,138.76666666666668,-0.04510000000000147,-0.023699999999999832,0.03333333333335986,1.5284403815642906,-0.8852160779828601,-0.46518006758742686,-28.468049999999998,-6.17445,-29,-7,-28.5,-6.5
4833,4203,140.1,-0.1332000000000022,-0.04269999999999996,0.03333333333333144,4.196305160495664,-0.952266302655713,-0.3052685519774642,-27.2179,-5.96255,-28,-6,-27.5,-5.5
4833,4243,141.43333333333334,0.033200000000000784,0.00730000000000075,0.03333333333333144,1.0197926259785246,0.9766691527548411,0.21474954262382243,-27.594,-6.09835,-28,-7,-27.5,-6.5
4833,4283,142.76666666666668,-0.034900000000000375,-0.010800000000000587,0.03333333333335986,1.0959858575721326,-0.9553042977384125,-0.29562425259528097,-30.02815,-6.4487000000000005,-31,-7,-30.5,-6.5
4833,4323,144.1,0.1097999999999999,0.028499999999999304,0.03333333333333144,3.403154565987455,0.9679254750641635,0.25123748669697643,-24.9715,-5.12885,-25,-6,-24.5,-5.5
4833,4363,145.43333333333334,-0.23759999999999692,-0.03770000000000007,0.03333333333333144,7.217170151798045,-0.987644720863964,-0.1567096211135185,-17.698999999999998,-3.28975,-18,-4,-17.5,-3.5
4833,4403,146.76666666666668,0.14999999999999858,0.0398000000000005,0.03333333333335986,4.65571004251394,0.9665550386309099,0.25645927025007376,-23.9345,-4.6287,-24,-5,-23.5,-4.5
4833,4443,148.1,0.011199999999998766,0.008899999999999686,0.03333333333333144,0.42916779935124566,0.7829105550507254,0.6221342803528551,-21.1505,-4.02145,-22,-5,-21.5,-4.5
4833,4483,149.43333333333334,-0.361699999999999,-0.08729999999999993,0.03333333333333144,11.162587603240276,-0.9720864360205118,-0.2346230187022141,-23.34855,-4.240449999999999,-24,-5,-23.5,-4.5
4833,4523,150.76666666666668,0.16089999999999804,0.04940000000000033,0.03333333333335986,5.0493814472625145,0.9559586754161786,0.2935012962433817,-33.80485,-6.1155,-34,-7,-33.5,-6.5
4833,4563,152.1,0.11619999999999919,0.02660000000000018,0.03333333333333144,3.5761711368447253,0.9747855643944071,0.2231436834155902,-29.9662,-5.2623,-30,-6,-29.5,-5.5
4833,4603,153.43333333333334,-0.4720000000000013,-0.08489999999999975,0.03333333333333144,14.387244663243363,-0.9842051297130516,-0.1770318125267746,-20.306,-3.39985,-21,-4,-20.5,-3.5
4833,4643,154.76666666666668,0.25659999999999883,0.029799999999999827,0.03333333333335986,7.749738060083313,0.993323895635136,0.1153587376848286,-17.4362,-2.9089,-18,-3,-17.5,-2.5
4833,4683,156.1,-0.01810000000000045,0.056599999999999984,0.03333333333333144,1.7827094547346671,-0.30459253949537324,0.9524827478142371,-17.21965,-3.417,-18,-4,-17.5,-3.5
4833,4723,157.43333333333334,0.29940000000000033,0.06729999999999992,0.03333333333333144,9.206122147788928,0.9756550973156233,0.21931058132712522,-12.9163,-2.65595,-13,-3,-12.5,-2.5
4833,4766,158.86666666666667,-0.32010000000000005,-0.07010000000000005,0.03333333333333144,9.830575669817664,-0.976850219411277,-0.21392439981484088,-13.97165,-2.62625,-14,-3,-13.5,-2.5
4833,4806,160.2,0.3435000000000006,0.06059999999999999,0.03333333333333144,10.464136323653893,0.9847922161245581,0.17373626869620992,-11.242049999999999,-2.1008,-12,-3,-11.5,-2.5
4833,4846,161.53333333333333,-0.38379999999999725,-0.0674999999999999,0.03333333333333144,11.690715162042638,-0.9848841444178006,-0.17321438183481477,-16.369799999999998,-3.10845,-17,-4,-16.5,-3.5
4833,4886,162.86666666666667,0.062199999999997146,0.05259999999999998,0.03333333333333144,2.4437757671276548,0.763572511480161,0.645722091701902,-17.6114,-3.2609,-18,-4,-17.5,-3.5
4833,4926,164.2,-0.06269999999999953,-0.017799999999999816,0.03333333333333144,1.9553304068623227,-0.9619857561661375,-0.27309962455753106,-17.65305,-3.2049000000000003,-18,-4,-17.5,-3.5
4833,4966,165.53333333333333,-0.20289999999999964,-0.05509999999999993,0.03333333333333144,6.307454161546033,-0.9650486304141983,-0.2620708700631954,-14.08315,-2.21385,-15,-3,-14.5,-2.5
4833,5006,166.86666666666667,-0.0923000000000016,0.0032000000000000917,0.03333333333333144,2.770663638914175,-0.9993995521900949,0.03464873853746847,-18.30835,-3.0115,-19,-4,-18.5,-3.5
4833,5060,168.66666666666666,0.25489999999999924,0.07610000000000006,0.03333333333333144,7.980519907876109,0.958208248118454,0.2860715876101005,-13.74005,-1.9583499999999998,-14,-2,-13.5,-1.5
4833,5100,170.0,-0.47300000000000075,-0.1258999999999999,0.03333333333333144,14.684067181813937,-0.9663535193828993,-0.2572175646729529,-13.0972,-1.2333500000000002,-14,-2,-13.5,-1.5
4833,5140,171.33333333333334,-0.14100000000000001,-0.0037000000000000366,0.03333333333333144,4.2314561323499555,-0.9996558791337615,-0.026232104629751445,-11.3171,-0.36795,-12,-1,-11.5,-0.5
4834,3199,106.63333333333334,0.9547000000000025,0.13359999999999994,0.03333333333334565,28.920078578720812,0.9903500062086048,0.13858883505757744,79.28095,-1.8892,79,-2,79.5,-1.5
4834,3241,108.03333333333332,-0.3761999999999972,-0.04039999999999999,0.03333333333331723,11.350891594941897,-0.994283127946932,-0.10677575324044748,76.4862,-2.8112,76,-3,76.5,-2.5
4834,3285,109.5,0.3108000000000004,0.06990000000000007,0.03333333333331723,9.556902479364771,0.9756299198549807,0.21942255919518383,80.2215,-2.74015,80,-3,80.5,-2.5
4834,3325,110.83333333333331,0.20920000000000982,0.023800000000000043,0.03333333333331723,6.316484148641731,0.9935907147574953,0.113037566975274,83.7448,-2.0986000000000002,83,-3,83.5,-2.5
4834,3365,112.16666666666669,-0.22270000000000323,-0.04059999999999997,0.03333333333334565,6.791118096452689,-0.9837849828421359,-0.17935190975927306,87.94615,-1.0351,87,-2,87.5,-1.5
4861,3255,108.5,-0.024499999999999744,0.03149999999999942,0.03333333333331723,1.1971841963546548,-0.6139406135149235,0.7893522173763239,-30.296750000000003,-7.64255,-31,-8,-30.5,-7.5
4861,3295,109.83333333333331,-0.02790000000000248,-0.0041999999999999815,0.03333333333331723,0.8464307414081891,-0.9888582243692844,-0.14886037786202894,-29.22625,-7.3881,-30,-8,-29.5,-7.5
4862,3223,107.43333333333334,0.4029000000000025,0.08579999999999899,0.03333333333333144,12.358035644875727,0.9780680641597477,0.20828552967213912,32.21325,16.0108,32,16,32.5,16.5
4875,3237,107.9,-0.24600000000000932,-0.37320000000000064,0.03333333333334565,13.409504688834398,-0.5503558983906847,-0.8349301678024231,-71.1674,-13.4892,-72,-14,-71.5,-13.5
4875,3277,109.23333333333332,-0.16570000000000107,-0.2804000000000002,0.03333333333331723,9.771007368746208,-0.5087500001179818,-0.8609143031567971,-76.21305000000001,-25.2863,-77,-26,-76.5,-25.5
4881,3258,108.6,-0.05950000000000011,0.04260000000000019,0.03333333333333144,2.1953380149764126,-0.8130866353258513,0.582142700250107,-1.84105,-11.0437,-2,-12,-1.5,-11.5
4895,3262,108.73333333333332,0.2159000000000013,0.05529999999999902,0.03333333333331723,6.686090786105406,0.9687274982061631,0.24812705257433787,-24.047649999999997,-9.15845,-25,-10,-24.5,-9.5
4895,3302,110.06666666666666,-0.08050000000000068,-0.011900000000000688,0.03333333333334565,2.441244354831304,-0.9892495993773678,-0.14623689729927028,-21.93625,-8.25385,-22,-9,-21.5,-8.5
4895,3342,111.4,0.16359999999999886,0.017999999999999794,0.03333333333334565,4.93761723911257,0.9940017142520062,0.10936449178811755,-19.987299999999998,-7.5397,-20,-8,-19.5,-7.5
4895,3382,112.73333333333332,-0.09209999999999852,-0.02129999999999921,0.03333333333331723,2.8359284194082712,-0.9742841113661825,-0.22532303552767918,-17.236150000000002,-6.72695,-18,-7,-17.5,-6.5
4895,3422,114.06666666666666,0.1606999999999985,0.043400000000000105,0.03333333333334565,4.993720556857498,0.9654124505180532,0.2607274446327567,-17.63815,-6.7802,-18,-7,-17.5,-6.5
4895,3462,115.4,0.03289999999999971,0.012900000000000134,0.03333333333334565,1.0601594219734856,0.9309920560459927,0.3650394383888613,-15.910250000000001,-5.98595,-16,-6,-15.5,-5.5
4895,3502,116.73333333333332,-0.14690000000000047,-0.049300000000000566,0.03333333333331723,4.64855784088152,-0.9480359610124656,-0.31816319181698394,-12.59515,-4.59835,-13,-5,-12.5,-4.5
4895,3542,118.06666666666666,0.053300000000000125,0.033500000000000085,0.03333333333334565,1.888604246526355,0.8466569970603416,0.5321390131617533,-12.39285,-3.84655,-13,-4,-12.5,-3.5
4895,3582,119.4,0.03569999999999851,0.0253000000000001,0.03333333333334565,1.3126774165798067,0.8158897124855398,0.5782075553469216,-10.74925,-2.85565,-11,-3,-10.5,-2.5
4895,3622,120.73333333333332,0.3777000000000008,0.08689999999999998,0.03333333333331723,11.62703788589902,0.9745388387998161,0.22421875851655762,-9.48255,-2.29845,-10,-3,-9.5,-2.5
4895,3665,122.16666666666669,0.1684000000000001,0.0947,0.03333333333334565,5.796031832208585,0.8716308236825306,0.49016293944617345,-8.4973,-1.87995,-9,-2,-8.5,-1.5
4895,3707,123.56666666666666,-0.10800000000000054,-0.015799999999999814,0.03333333333334565,3.2744886623703824,-0.9894674662435395,-0.144755425617108,-7.9655000000000005,-1.5495,-8,-2,-7.5,-1.5
4895,3747,124.9,0.3512999999999993,0.07450000000000001,0.03333333333334565,10.77338136333778,0.9782444011367403,0.20745575828262827,-5.7997499999999995,-1.23755,-6,-2,-5.5,-1.5
4895,3787,126.23333333333332,0.006899999999999906,-0.05229999999999979,0.03333333333331723,1.5825959686547921,0.1307977551440671,-0.9914090715992427,-5.26285,-1.36195,-6,-2,-5.5,-1.5
4899,3245,108.16666666666669,0.07669999999999888,0.04470000000000063,0.03333333333334565,2.663246515062895,0.8639831074536396,0.5035207940440521,-31.696649999999998,-10.380949999999999,-32,-11,-31.5,-10.5
4905,3243,108.1,-0.013999999999995794,-0.03369999999999962,0.03333333333333144,1.0947698388245848,-0.3836422827019391,-0.9234817805042206,-39.655,-26.58195,-40,-27,-39.5,-26.5
4905,3288,109.6,-0.0009999999999976694,-0.024499999999999744,0.03333333333333144,0.735611990114385,-0.040782369514214815,-0.9991680531005812,-40.4513,-27.682949999999998,-41,-28,-40.5,-27.5
4905,3328,110.93333333333334,-0.00730000000000075,-0.018299999999999983,0.03333333333333144,0.5910685239462926,-0.37051541594174686,-0.9288263166757896,-41.43795,-28.545949999999998,-42,-29,-41.5,-28.5
4905,3368,112.26666666666668,-0.04399999999999693,-0.015900000000002024,0.03333333333335986,1.403541591829996,-0.9404780076932286,-0.33985455278012006,-42.195,-29.19405,-43,-30,-42.5,-29.5
4905,3408,113.6,-0.0002999999999957481,-0.0070000000000014495,0.03333333333333144,0.21019276866729025,-0.04281783839157125,-0.999082895817696,-41.42035,-29.6839,-42,-30,-41.5,-29.5
4909,3282,109.4,-0.0004000000000026205,0.010600000000000165,0.03333333333334565,0.31822633454811716,-0.03770900990049813,0.9992887623566694,-30.089100000000002,-8.0752,-31,-9,-30.5,-8.5
4909,3344,111.46666666666668,0.05710000000000193,0.03589999999999982,0.03333333333334565,2.023437174709697,0.8465792866759945,0.5322626338295451,-29.998649999999998,-7.75355,-30,-8,-29.5,-7.5
4924,3290,109.66666666666669,-0.2350999999999992,-0.010100000000000442,0.03333333333334565,7.059505506759155,-0.9990784755737415,-0.042920853267950934,23.693350000000002,5.31995,23,5,23.5,5.5
4924,3331,111.03333333333332,-0.12900000000000134,0.0354000000000001,0.03333333333331723,4.013071641525464,-0.964348595214919,0.26463519589618506,24.608600000000003,7.196999999999999,24,7,24.5,7.5
4924,3376,112.53333333333332,0.02949999999999875,0.06219999999999892,0.03333333333331723,2.0652314640262324,0.42852339576265,0.903530685302966,28.66565,10.037600000000001,28,10,28.5,10.5
4943,3288,109.6,0.09939999999999927,0.005599999999999383,0.03333333333333144,2.9867286451903987,0.9984167811167359,0.056248832738965256,-26.530099999999997,-8.924399999999999,-27,-9,-26.5,-8.5
4943,3328,110.93333333333334,-0.24339999999999762,-0.025900000000000034,0.03333333333333144,7.343223610922187,-0.9943861697387877,-0.10581183975445722,-24.698900000000002,-7.92975,-25,-8,-24.5,-7.5
4943,3368,112.26666666666668,-0.11849999999999739,-0.017700000000000493,0.03333333333335986,3.594438203666728,-0.9890279922939267,-0.14772823176036604,-22.88355,-6.8534500000000005,-23,-7,-22.5,-6.5
4943,3408,113.6,-0.08099999999999952,-0.002200000000000202,0.03333333333333144,2.4308961310596144,-0.9996313577334544,-0.0271504813211582,-22.9578,-6.5172,-23,-7,-22.5,-6.5
4943,3448,114.93333333333334,0.1518999999999977,0.03279999999999994,0.03333333333333144,4.662027992194152,0.9774716084138029,0.21106694375229204,-19.99455,-5.1832,-20,-6,-19.5,-5.5
4943,3488,116.26666666666668,0.0984000000000016,0.03399999999999981,0.03333333333335986,3.1232521512014912,0.945168643800369,0.3265826614757301,-18.4595,-4.5319,-19,-5,-18.5,-4.5
4943,3528,117.6,0.04589999999999961,0.015900000000000247,0.03333333333333144,1.4572775988123252,0.9449126241440309,0.32732267372310353,-17.87505,-4.05005,-18,-5,-17.5,-4.5
4943,3568,118.93333333333334,-0.023699999999998056,0.01429999999999998,0.03333333333333144,0.8303986994209438,-0.8562152138433969,0.5166193062431039,-16.02695,-3.39905,-17,-4,-16.5,-3.5
4943,3608,120.26666666666668,-0.14639999999999986,-0.011400000000000077,0.03333333333335986,4.405295449793246,-0.9969819391347817,-0.07763383952279097,-16.1416,-3.0234,-17,-4,-16.5,-3.5
4943,3648,121.6,-0.1786000000000012,-0.020000000000000018,0.03333333333333144,5.391489961040796,-0.9937883662433844,-0.1112864911806695,-14.2619,-2.5090000000000003,-15,-3,-14.5,-2.5
4943,3688,122.93333333333334,-0.16979999999999862,-0.0006999999999997009,0.03333333333333144,5.094043286035419,-0.9999915026173238,-0.004122462024922458,-13.4176,-2.22325,-14,-3,-13.5,-2.5
4943,3728,124.26666666666668,0.04969999999999963,0.016499999999999737,0.03333333333335986,1.5710206873227452,0.9490645234848498,0.315081783450702,-12.690650000000002,-2.12275,-13,-3,-12.5,-2.5
4943,3768,125.6,0.1343999999999994,-0.008000000000000007,0.03333333333333144,4.039136541391206,0.9982331517348171,-0.059418639984215614,-10.6092,-1.8837,-11,-2,-10.5,-1.5
4943,3808,126.93333333333334,0.20000000000000107,0.039799999999999836,0.03333333333333144,6.117649548642405,0.9807688316065538,0.19517299748970238,-8.9022,-1.8016,-9,-2,-8.5,-1.5
4943,3848,128.26666666666668,-0.12320000000000064,-0.010600000000000165,0.03333333333335986,3.7096549704761284,-0.9963190726394434,-0.08572225787319974,-8.2784,-2.0652,-9,-3,-8.5,-2.5
4943,3888,129.6,0.15339999999999954,0.020000000000000018,0.03333333333333144,4.640948609929044,0.9916076187860672,0.12928391379218657,-6.2702,-1.7568,-7,-2,-6.5,-1.5
4943,3928,130.93333333333334,-0.5246,-0.11299999999999999,0.03333333333333144,16.098967171841473,-0.9775782403934618,-0.21057251461010518,-3.3156999999999996,-1.2094,-4,-2,-3.5,-1.5
4943,3968,132.26666666666668,-0.06330000000000036,-0.02729999999999988,0.03333333333335986,2.068081719853746,-0.9182422443793933,-0.3960191670072225,-2.6906499999999998,-1.19875,-3,-2,-2.5,-1.5
4943,4008,133.6,-0.05469999999999997,-0.018799999999999928,0.03333333333333144,1.7352167011645367,-0.9457032075007037,-0.32503144974429926,-3.42535,-1.5674000000000001,-4,-2,-3.5,-1.5
4964,3300,110.0,-0.1554000000000002,-0.03399999999999892,0.03333333333331723,4.772278701000393,-0.976891814601059,-0.2137343738509325,75.28120000000001,18.8016,75,18,75.5,18.5
4965,3274,109.13333333333334,0.20650000000000002,0.05850000000000222,0.03333333333334565,6.438792588674494,0.9621369091612608,0.2725666304403675,-0.93245,-19.05865,-1,-20,-0.5,-19.5
4965,3314,110.46666666666668,0.11280000000000001,0.008099999999998886,0.03333333333334565,3.392713515755711,0.9974316971602537,0.07162408463649772,1.8232,-18.87425,1,-19,1.5,-18.5
4965,3361,112.03333333333332,0.007800000000000473,0.00560000000000116,0.03333333333331723,0.2880624932199583,0.8123237335915506,0.583206783091455,4.9289000000000005,-19.0682,4,-20,4.5,-19.5
4979,3320,110.66666666666669,0.04329999999999856,0.014899999999999913,0.03333333333334565,1.3737576205424635,0.9455816517957027,0.3253849102022253,-24.866950000000003,-7.49615,-25,-8,-24.5,-7.5
4979,3360,112.0,0.20230000000000103,0.07319999999999993,0.03333333333331723,6.454082196566807,0.9403350957059883,0.3402497726429952,-23.19405,-6.407,-24,-7,-23.5,-6.5
4979,3400,113.33333333333331,0.3380999999999972,0.10749999999999993,0.03333333333331723,10.64335821064516,0.9529886901542127,0.3030058686529981,-22.61505,-5.84505,-23,-6,-22.5,-5.5
4979,3440,114.66666666666669,-0.24140000000000228,-0.033500000000000085,0.03333333333334565,7.3114013020734605,-0.9905077974510322,-0.13745655018479433,-21.3575,-4.91685,-22,-5,-21.5,-4.5
4979,3480,116.0,0.27139999999999986,0.0873999999999997,0.03333333333331723,8.553773903960204,0.9518605578567335,0.3065313660894557,-18.9364,-4.057,-19,-5,-18.5,-4.5
4979,3520,117.33333333333331,0.033500000000000085,0.0343,0.03333333333331723,1.4383553107636526,0.6987147003801951,0.715400424568377,-18.03105,-3.42915,-19,-4,-18.5,-3.5
4979,3560,118.66666666666669,0.07189999999999941,0.022600000000000176,0.03333333333334565,2.2610468814237694,0.9539828730313339,0.29986109778175923,-16.79165,-2.9111000000000002,-17,-3,-16.5,-2.5
4979,3600,120.0,0.15140000000000242,0.02660000000000018,0.03333333333331723,4.611568930420667,0.9849142598824704,0.17304306019070984,-16.2972,-2.6353,-17,-3,-16.5,-2.5
4979,3640,121.33333333333331,-0.20899999999999963,-0.08420000000000005,0.03333333333331723,6.759702360314692,-0.9275556327469904,-0.37368509223586976,-13.2022,-1.6333,-14,-2,-13.5,-1.5
4979,3680,122.66666666666669,0.1551999999999989,0.0532999999999999,0.03333333333334565,4.922919560584123,0.9457802311614034,0.32480725722231363,-13.213899999999999,-1.5942500000000002,-14,-2,-13.5,-1.5
4979,3720,124.0,0.2076999999999991,0.03789999999999982,0.03333333333331723,6.33388743190455,0.9837560371876345,0.17951061054121972,-12.53965,-1.50815,-13,-2,-12.5,-1.5
4979,3760,125.33333333333331,0.018400000000001526,-0.04610000000000003,0.03333333333331723,1.4890913336670106,0.37069586500175705,-0.9287543139445431,-10.9272,-1.34345,-11,-2,-10.5,-1.5
4979,3800,126.66666666666669,0.11800000000000033,0.038899999999999935,0.03333333333334565,3.727397081072769,0.9497244117012258,0.3130871153828603,-8.3169,-1.14055,-9,-2,-8.5,-1.5
4979,3840,128.0,-0.4801000000000002,-0.14379999999999993,0.03333333333331723,15.03519221693619,-0.95795250184982,-0.2869268272568298,-7.58605,-1.1778,-8,-2,-7.5,-1.5
4979,3880,129.33333333333334,0.1645000000000003,0.04180000000000006,0.03333333333333144,5.091830810229562,0.9691995244786616,0.2462768396547601,-6.98815,-1.3493,-7,-2,-6.5,-1.5
4979,3920,130.66666666666666,0.14259999999999984,0.03269999999999995,0.03333333333333144,4.389036910303005,0.9747013040509834,0.22351144910566023,-3.3729,-0.59985,-4,-1,-3.5,-0.5
4979,3960,132.0,-0.09850000000000003,-0.02410000000000001,0.03333333333333144,3.0421627175417587,-0.9713484367423901,-0.23765987132478789,-1.76055,-0.38625,-2,-1,-1.5,-0.5
4979,4000,133.33333333333334,-0.2542,-0.028400000000000092,0.03333333333333144,7.673446422567027,-0.9938168040859635,-0.11103224719135113,-1.5299,-0.6174,-2,-1,-1.5,-0.5
4979,4040,134.66666666666666,0.05259999999999998,0.02639999999999998,0.03333333333333144,1.7656013140005167,0.8937465029546456,0.4485723893156395,-2.2605,-1.226,-3,-2,-2.5,-1.5
4991,3386,112.86666666666666,0.0016999999999995907,-0.003800000000001802,0.03333333333334565,0.12488794977899008,0.4083660600580106,-0.9128182518950293,-130.81885,-28.5113,-131,-29,-130.5,-28.5
4991,3600,120.0,0.006699999999995043,-0.015399999999999636,0.03333333333331723,0.5038303285831207,0.39894382810420254,-0.9169753660909133,-130.82535000000001,-28.4967,-131,-29,-130.5,-28.5
4991,3649,121.63333333333334,0.0,0.0,0.03333333333334565,0.0,,,-130.7911,-28.5756,-131,-29,-130.5,-28.5
4991,3689,122.96666666666668,-0.0003999999999848569,0.0008999999999979025,0.03333333333334565,0.029546573405135387,-0.40613846604139875,0.9138115486256123,-130.81810000000002,-28.513550000000002,-131,-29,-130.5,-28.5
5004,3377,112.56666666666666,-0.1991000000000014,-0.04899999999999949,0.03333333333334565,6.151229877022359,-0.9710253265464369,-0.23897659970253432,28.83645,8.9739,28,8,28.5,8.5
5004,3435,114.5,0.16310000000000002,-0.011499999999999844,0.03333333333331723,4.905147704200481,0.9975234784086696,-0.07033427346229028,26.06315,6.06075,26,6,26.5,6.5
5004,3475,115.83333333333331,-0.05310000000000059,-0.07739999999999991,0.03333333333331723,2.8159071362542667,-0.5657146784037075,-0.8246010566562414,27.79755,4.970599999999999,27,4,27.5,4.5
5009,3329,110.96666666666668,-0.17859999999999943,-0.09960000000000058,0.06666666666667709,3.0674218816454055,-0.8733718749383511,-0.4870539683306862,28.698900000000002,12.524000000000001,28,12,28.5,12.5
5014,3334,111.13333333333334,-0.05630000000000024,0.00039999999999995595,0.03333333333334565,1.6890426282358642,-0.9999747618942421,0.007104616425535543,-36.11525,-4.9152000000000005,-37,-5,-36.5,-4.5
5018,3323,110.76666666666668,-0.10560000000000969,-0.016399999999997306,0.03333333333335986,3.2059769181928623,-0.9881543382363154,-0.15346336313514605,-128.74439999999998,-28.0335,-129,-29,-128.5,-28.5
5026,3358,111.93333333333334,0.17599999999999838,0.10900000000000087,0.03333333333333144,6.210579683089497,0.8501621860479339,0.5265208993137863,-26.476599999999998,-4.9274000000000004,-27,-5,-26.5,-4.5
5026,3398,113.26666666666668,-0.5335999999999999,-0.13339999999999996,0.03333333333335986,16.500668713708745,-0.9701425001453318,-0.24253562503633294,-26.6678,-3.0911,-27,-4,-26.5,-3.5
5027,3362,112.06666666666666,0.3459000000000003,0.055199999999999916,0.03333333333334565,10.508304573046908,0.9875046852574562,0.15758964621628058,82.75275,-1.2706,82,-2,82.5,-1.5
5027,3402,113.4,-0.40800000000000125,-0.06450000000000022,0.03333333333334565,12.39200649612029,-0.9877335041607374,-0.15614904661364604,82.0122,-2.0269500000000003,82,-3,82.5,-2.5
5037,3366,112.2,0.22409999999999997,0.02149999999999963,0.03333333333331723,6.753869557523602,0.9954293524242015,0.09550080801927696,9.69185,-17.83735,9,-18,9.5,-17.5
5037,3406,113.53333333333332,-0.8000999999999996,-0.09539999999999793,0.03333333333331723,24.173023249080032,-0.9929664052643925,-0.11839644427224226,7.239050000000001,-18.2192,7,-19,7.5,-18.5
5037,3446,114.86666666666666,0.026699999999999946,0.015799999999998704,0.03333333333334565,0.9307400281492789,0.8606055136496528,0.5092721766166077,7.05725,-17.9908,7,-18,7.5,-17.5
5037,3486,116.2,-0.37650000000000006,-0.056699999999999307,0.03333333333331723,11.422365166642416,-0.9888494926594614,-0.14891836981086526,5.90475,-18.10645,5,-19,5.5,-18.5
5037,3526,117.53333333333332,0.06599999999999984,0.020700000000001495,0.03333333333331723,2.0751002385437185,0.9541707736444063,0.2992626517339498,3.392,-18.315350000000002,3,-19,3.5,-18.5
5037,3566,118.86666666666666,0.24980000000000002,0.037700000000000955,0.03333333333334565,7.578865152511795,0.9888023931278898,0.14923078551209923,2.5012999999999996,-18.38895,2,-19,2.5,-18.5
5037,3606,120.2,-0.007099999999999995,0.016799999999999926,0.03333333333331723,0.5471608538631826,-0.38928223482406393,0.9211185274710211,-0.7497499999999999,-18.589599999999997,-1,-19,-0.5,-18.5
5037,3646,121.53333333333332,-0.36619999999999986,-0.06479999999999819,0.03333333333331723,11.156672084457801,-0.984702240671727,-0.17424550845310255,-1.8971999999999998,-18.7243,-2,-19,-1.5,-18.5
5037,3686,122.86666666666666,-0.19659999999999922,-0.055399999999998784,0.03333333333334565,6.127695162128405,-0.9625152433250571,-0.2712275914557844,-4.1091999999999995,-19.1527,-5,-20,-4.5,-19.5
5037,3726,124.2,-0.29909999999999926,-0.07900000000000063,0.03333333333331723,9.280712742030266,-0.966843845879165,-0.25536831770128665,-6.59185,-19.5721,-7,-20,-6.5,-19.5
5037,3766,125.53333333333332,-0.04490000000000016,-0.00730000000000075,0.03333333333331723,1.3646867772503046,-0.9870396800610277,-0.16047638450882443,-8.120650000000001,-19.92015,-9,-20,-8.5,-19.5
5037,3806,126.86666666666666,-0.20559999999999867,-0.027599999999999625,0.03333333333334565,6.223327727186708,-0.9911096234017492,-0.13304778991190702,-9.149000000000001,-20.3397,-10,-21,-9.5,-20.5
5037,3846,128.2,-0.22199999999999953,-0.03639999999999688,0.03333333333333144,6.748930581951838,-0.9868230113094815,-0.1618034126651447,-11.2513,-20.9215,-12,-21,-11.5,-20.5
5037,3886,129.53333333333333,0.22680000000000078,0.010500000000000398,0.03333333333333144,6.811287763705597,0.9989300461295998,0.04624676139489047,-12.2151,-21.27685,-13,-22,-12.5,-21.5
5037,3926,130.86666666666667,-0.10250000000000092,-0.009299999999999642,0.03333333333333144,3.0876311308187785,-0.9959091192297875,-0.09036053472035692,-12.469850000000001,-21.703650000000003,-13,-22,-12.5,-21.5
5037,3966,132.2,0.02829999999999977,-0.006000000000000227,0.03333333333333144,0.8678715342722542,0.9782553828222545,-0.20740396808953349,-14.66415,-22.5557,-15,-23,-14.5,-22.5
5037,4006,133.53333333333333,-0.2857999999999983,-0.04649999999999821,0.03333333333333144,8.686742830313761,-0.9870212768449996,-0.16058953594573475,-18.2907,-23.55945,-19,-24,-18.5,-23.5
5037,4046,134.86666666666667,-0.004899999999999238,-0.021699999999999164,0.03333333333333144,0.667390440446978,-0.2202608714346189,-0.9754410020677121,-19.97225,-24.32065,-20,-25,-19.5,-24.5
5037,4086,136.2,-0.06950000000000145,-0.026299999999999102,0.03333333333333144,2.229292712947473,-0.9352742185405821,-0.3539239129153375,-22.604950000000002,-25.07525,-23,-26,-22.5,-25.5
5037,4126,137.53333333333333,0.0146000000000015,-0.014500000000001734,0.03333333333333144,0.6173078648455146,0.7095325119657796,-0.7046727002399984,-20.636,-25.32145,-21,-26,-20.5,-25.5
5037,4166,138.86666666666667,-0.05290000000000106,-0.03720000000000212,0.03333333333333144,1.9401095329905138,-0.8179950528637919,-0.5752252545658636,-22.48515,-26.313499999999998,-23,-27,-22.5,-26.5
5037,4206,140.2,-0.05570000000000164,-0.007400000000000517,0.03333333333333144,1.6856823544192703,-0.9912899637463523,-0.13169740990526577,-22.71285,-26.954099999999997,-23,-27,-22.5,-26.5
5037,4246,141.53333333333333,-0.12519999999999953,-0.024100000000000676,0.03333333333333144,3.8249529408871927,-0.9819728655613212,-0.18902193338680987,-23.1055,-27.55755,-24,-28,-23.5,-27.5
5037,4286,142.86666666666667,0.009400000000002962,-0.007899999999999352,0.03333333333333144,0.36836530781285076,0.7655444039354974,-0.6433830628817051,-29.5771,-28.63225,-30,-29,-29.5,-28.5
5037,4326,144.2,0.18329999999999913,0.006299999999999528,0.03333333333333144,5.502246995546742,0.9994098782644466,0.03434960301726989,-28.74705,-28.67105,-29,-29,-28.5,-28.5
5037,4366,145.53333333333333,-0.13309999999999889,-0.012800000000002143,0.03333333333333144,4.011421817760083,-0.995407658781151,-0.09572665689256929,-25.40135,-28.560299999999998,-26,-29,-25.5,-28.5
5037,4406,146.86666666666667,-0.09789999999999921,-0.02529999999999788,0.03333333333333144,3.033488091290422,-0.9681923619323544,-0.250207014881376,-31.08325,-29.58985,-32,-30,-31.5,-29.5
5037,4446,148.2,0.3005999999999993,0.033500000000000085,0.03333333333333144,9.073827692876309,0.9938473933200599,0.11075810936866988,-30.1199,-29.928350000000002,-31,-30,-30.5,-29.5
5037,4486,149.53333333333333,-0.9262000000000015,-0.11759999999999948,0.03333333333333144,28.00908031335716,-0.9920354288373705,-0.1259591518368323,-36.214,-30.736400000000003,-37,-31,-36.5,-30.5
5037,4526,150.86666666666667,-0.0876000000000019,-0.011699999999997601,0.03333333333333144,2.651336455450543,-0.9911982293298301,-0.13238606487621443,-45.8019,-31.65625,-46,-32,-45.5,-31.5
5037,4566,152.2,0.18259999999999366,0.001200000000000756,0.03333333333333144,5.47811829007017,0.9999784068061722,0.006571599606616672,-44.9026,-31.872300000000003,-45,-32,-44.5,-31.5
5037,4606,153.53333333333333,-0.3958999999999975,-0.0484999999999971,0.03333333333333144,11.965790989316762,-0.9925795971703469,-0.1215966417346786,-41.29045,-32.06325,-42,-33,-41.5,-32.5
5037,4646,154.86666666666667,-0.02909999999999968,-0.020699999999997942,0.03333333333333144,1.0713402820766318,-0.8148671478196087,-0.5796477649437941,-38.83495,-32.36995,-39,-33,-38.5,-32.5
5037,4686,156.2,0.07029999999999603,0.0015000000000000568,0.03333333333333144,2.109480030718472,0.9997724412122985,0.021332271149624313,-39.011250000000004,-32.594750000000005,-40,-33,-39.5,-32.5
5037,4729,157.63333333333333,0.10810000000000031,-0.014000000000002899,0.03333333333333144,3.2700839438768767,0.9917176609709372,-0.12843706987600328,-41.52075000000001,-34.011300000000006,-42,-35,-41.5,-34.5
5038,3356,111.86666666666666,-0.15050000000000008,-0.03069999999999995,0.03333333333334565,4.6079785155732145,-0.9798222766749783,-0.19987072354765295,5.098750000000001,1.93975,5,1,5.5,1.5
5067,3392,113.06666666666666,-0.43299999999999983,-0.14579999999999949,0.03333333333334565,13.706639850811756,-0.9477158619022066,-0.3191154103125665,-49.8231,-5.3407,-50,-6,-49.5,-5.5
5068,3370,112.33333333333331,0.1034000000000006,0.05600000000000005,0.03333333333331723,3.5277193765961803,0.8793216434904098,0.4762283562423859,-36.3986,-3.6479,-37,-4,-36.5,-3.5
5068,3410,113.66666666666669,0.08189999999999742,0.04389999999999983,0.03333333333334565,2.7877119650340245,0.8813679572412448,0.4724304435029513,-38.963049999999996,-4.1107499999999995,-39,-5,-38.5,-4.5
5068,3450,115.0,-0.0009999999999976694,0.0019000000000000128,0.03333333333331723,0.06441273166075055,-0.4657464328317699,0.8849182223824311,-39.209599999999995,-3.64165,-40,-4,-39.5,-3.5
5068,3490,116.33333333333331,-0.14809999999999945,9.999999999976694e-05,0.03333333333331723,4.443001012831184,-0.9999997720394276,0.0006752192923950714,-40.57555,-3.60425,-41,-4,-40.5,-3.5
5068,3530,117.66666666666669,0.012299999999996203,-0.025700000000000056,0.03333333333334565,0.8547525957839371,0.43170386591376314,-0.9020153946331025,-42.43025,-3.45965,-43,-4,-42.5,-3.5
5068,3583,119.43333333333334,-0.24669999999999703,-0.07380000000000031,0.03333333333333144,7.725062912365537,-0.9580504500686362,-0.2865996076816639,-44.027950000000004,-3.197,-45,-4,-44.5,-3.5
5068,3623,120.76666666666668,0.13530000000000086,0.023600000000000065,0.03333333333335986,4.120284577547186,0.9851261299075432,0.17183279132164034,-43.07475,-2.8279,-44,-3,-43.5,-2.5
5068,3663,122.1,-0.26250000000000284,-0.08530000000000015,0.03333333333333144,8.280344558048848,-0.9510473803104845,-0.3090451106304137,-43.98155,-3.10955,-44,-4,-43.5,-3.5
5068,3703,123.43333333333334,0.1302000000000021,0.07850000000000001,0.03333333333333144,4.561015347486002,0.8563882605993078,0.5163323998236912,-44.396,-3.01985,-45,-4,-44.5,-3.5
5068,3743,124.76666666666668,-0.17329999999999757,-0.03200000000000003,0.03333333333335986,5.286889539223867,-0.9833759456148993,-0.18158124789196334,-44.82275,-2.6011,-45,-3,-44.5,-2.5
5068,3796,126.53333333333332,0.2563999999999993,0.006800000000000139,0.03333333333331723,7.69470467269907,0.9996485020789725,0.02651173874468475,-45.8413,-2.3106,-46,-3,-45.5,-2.5
5068,3859,128.63333333333333,-0.42490000000000094,-0.09549999999999992,0.03333333333333144,13.065000344432454,-0.9756601350135277,-0.21928816873097576,-46.191649999999996,-2.5856500000000002,-47,-3,-46.5,-2.5
5068,3913,130.43333333333334,0.4947999999999979,0.19410000000000016,0.03333333333333144,15.945270929025543,0.930934323165366,0.3651866453645886,-44.7415,-2.09825,-45,-3,-44.5,-2.5
5068,3953,131.76666666666668,0.13299999999999557,0.03289999999999993,0.03333333333335986,4.110263860139887,0.9707405986001342,0.2401305691274091,-42.8797,-1.5624500000000001,-43,-2,-42.5,-1.5
5069,3404,113.46666666666668,-0.07910000000000394,0.0057000000000009265,0.03333333333334565,2.3791532107025786,-0.997413697160966,0.0718743119319614,-43.89075,-18.178150000000002,-44,-19,-43.5,-18.5
5069,3444,114.8,0.13159999999999883,0.0677999999999983,0.03333333333331723,4.4411552551130855,0.8889578889313889,0.4579889427777143,-44.934799999999996,-17.2717,-45,-18,-44.5,-17.5
5069,3484,116.13333333333334,0.06689999999999685,0.024099999999997124,0.03333333333334565,2.1332552589871034,0.9408156813601917,0.33891865352434947,-46.421949999999995,-16.81785,-47,-17,-46.5,-16.5
5069,3524,117.46666666666668,0.0799999999999983,0.014599999999999724,0.03333333333334565,2.439640137396364,0.9837516456670505,0.17953467533423717,-41.1777,-15.2756,-42,-16,-41.5,-15.5
5075,3385,112.83333333333331,-0.02039999999999509,-0.1477000000000004,0.03333333333331723,4.473064385856665,-0.13681895613558007,-0.9905960696681418,-71.675,-9.49325,-72,-10,-71.5,-9.5
5075,3425,114.16666666666669,0.056400000000010664,-0.11559999999999881,0.03333333333334565,3.8587417638382893,0.438484900921865,-0.8987385557900264,-74.1192,-15.296800000000001,-75,-16,-74.5,-15.5
5075,3465,115.5,-0.08150000000000546,-0.14499999999999957,0.03333333333331723,4.99004258499111,-0.4899757784343039,-0.8717360475210932,-76.10325,-20.2536,-77,-21,-76.5,-20.5
5089,3425,114.16666666666669,-0.20960000000000178,-0.09889999999999954,0.03333333333334565,6.952843519019026,-0.9043781846660778,-0.4267318819822229,-49.3661,-4.488049999999999,-50,-5,-49.5,-4.5
5089,3465,115.5,-0.22829999999999728,-0.12270000000000003,0.03333333333331723,7.775510401257098,-0.8808424973485884,-0.4734094368141617,-53.88705,-7.73915,-54,-8,-53.5,-7.5
5116,3442,114.73333333333332,0.31840000000000046,0.03160000000000007,0.03333333333331723,9.59892744008878,0.9951111787877296,0.09876103407566672,26.432299999999998,7.4693000000000005,26,7,26.5,7.5
5116,3482,116.06666666666666,-0.08590000000000231,-0.07929999999999993,0.03333333333334565,3.507216845305014,-0.7347706496816285,-0.6783156288678874,25.73705,5.67645,25,5,25.5,5.5
5116,3525,117.5,0.11459999999999937,-0.030299999999999994,0.03333333333331723,3.5561390580251624,0.9667788418574591,-0.25561430111938194,24.399099999999997,3.69815,24,3,24.5,3.5
5120,3443,114.76666666666668,0.4300000000000006,0.09370000000000189,0.03333333333335986,13.202716425028727,0.9770716559158152,0.2129107306030549,5.6629000000000005,-18.93895,5,-19,5.5,-18.5
5120,3483,116.1,0.0884999999999998,0.03950000000000031,0.03333333333333144,2.9074473340029656,0.9131721730431994,0.4075740207367994,5.02545,-18.95765,5,-19,5.5,-18.5
5120,3523,117.43333333333334,0.19910000000000005,0.03440000000000154,0.03333333333333144,6.0614975872307575,0.9854000457878848,0.17025495517380584,3.9179500000000003,-18.9946,3,-19,3.5,-18.5
5120,3563,118.76666666666668,-0.3637999999999999,-0.03810000000000002,0.03333333333335986,10.973688759929738,-0.994560738759388,-0.104158230199925,2.4379999999999997,-19.29275,2,-20,2.5,-19.5
5120,3603,120.1,-0.1775,-0.031800000000000495,0.03333333333333144,5.409781973425857,-0.9843280239680594,-0.1763472178151255,-0.74375,-19.609499999999997,-1,-20,-0.5,-19.5
5120,3643,121.43333333333334,-0.2883,-0.0411999999999999,0.03333333333333144,8.736869977286412,-0.9899426250459994,-0.14146942820636518,-1.13375,-19.686100000000003,-2,-20,-1.5,-19.5
5120,3683,122.76666666666668,-0.07410000000000005,-0.01120000000000232,0.03333333333335986,2.248249318912831,-0.9887693421266961,-0.14944961716358005,-3.7493499999999997,-20.032,-4,-21,-3.5,-20.5
5120,3723,124.1,0.12849999999999984,0.0007000000000019213,0.03333333333333144,3.8550571980194603,0.9999851628610659,0.005447389992254228,-6.80955,-20.50565,-7,-21,-6.5,-20.5
5120,3763,125.43333333333334,-0.04490000000000105,-0.03300000000000125,0.03333333333333144,1.6716784977980894,-0.8057769492006728,-0.592219138610748,-8.02215,-20.8915,-9,-21,-8.5,-20.5
5120,3803,126.76666666666668,0.008300000000000196,0.02500000000000213,0.03333333333335986,0.7902537567130605,0.31508866346360076,0.9490622393482535,-8.416350000000001,-21.189500000000002,-9,-22,-8.5,-21.5
5120,3843,128.1,-0.07899999999999885,-0.024399999999999977,0.03333333333333144,2.480468504133954,-0.9554646616355956,-0.2951055410621374,-10.5964,-21.7271,-11,-22,-10.5,-21.5
5120,3883,129.43333333333334,0.17639999999999922,0.022200000000001552,0.03333333333333144,5.333743525892771,0.9921736908252433,0.12486539646441065,-12.3966,-22.235100000000003,-13,-23,-12.5,-22.5
5120,3923,130.76666666666668,0.2157,0.017600000000001614,0.03333333333335986,6.492505294563337,0.996687673926659,0.08132453899448681,-11.995750000000001,-22.5884,-12,-23,-11.5,-22.5
5120,3963,132.1,-0.3766999999999996,-0.04269999999999996,0.03333333333333144,11.373370740462759,-0.9936368256945447,-0.1126315170086463,-14.56185,-23.293149999999997,-15,-24,-14.5,-23.5
5120,4003,133.43333333333334,-0.21640000000000015,-0.0251000000000019,0.03333333333333144,6.535523926970583,-0.9933404073710759,-0.11521647054073879,-17.2407,-24.22345,-18,-25,-17.5,-24.5
5120,4043,134.76666666666668,-0.33710000000000306,-0.05999999999999872,0.03333333333335986,10.271940858466513,-0.9845266964963623,-0.17523465378160766,-20.13565,-25.252699999999997,-21,-26,-20.5,-25.5
5120,4083,136.1,-0.09299999999999997,-0.003899999999998016,0.03333333333333144,2.79245214820252,-0.9991218656319892,-0.04189865888132018,-22.6509,-26.071550000000002,-23,-27,-22.5,-26.5
5120,4123,137.43333333333334,0.2834000000000003,-0.01670000000000016,0.03333333333333144,8.51674849928119,0.9982682946100919,-0.05882526647843569,-20.7848,-26.35315,-21,-27,-20.5,-26.5
5120,4163,138.76666666666668,0.034199999999998454,-0.01910000000000167,0.03333333333335986,1.1751616910016103,0.8730713465690495,-0.4875924771775163,-22.2273,-27.17465,-23,-28,-22.5,-27.5
5120,4203,140.1,-0.16710000000000136,-0.04099999999999682,0.03333333333333144,5.16169245499993,-0.9711930812817855,-0.23829393376750324,-22.549149999999997,-27.8141,-23,-28,-22.5,-27.5
5120,4243,141.43333333333334,0.03129999999999811,-0.007500000000000284,0.03333333333333144,0.9655806543215348,0.972471844581212,-0.23302041004344434,-23.827550000000002,-28.57275,-24,-29,-23.5,-28.5
5120,4283,142.76666666666668,-0.17490000000000094,-0.022699999999996834,0.03333333333335986,5.291008410497532,-0.9916824153190978,-0.128708924115153,-28.09195,-29.34755,-29,-30,-28.5,-29.5
5120,4323,144.1,-0.15589999999999904,-0.009600000000002495,0.03333333333333144,4.685858832701031,-0.9981094537806023,-0.06146151864205473,-27.49525,-29.295,-28,-30,-27.5,-29.5
5120,4363,145.43333333333334,-0.03669999999999973,-0.007500000000000284,0.03333333333333144,1.1237553114446799,-0.9797506528219461,-0.20022152305626506,-24.759050000000002,-29.24485,-25,-30,-24.5,-29.5
5120,4403,146.76666666666668,0.18909999999999982,0.002400000000001512,0.03333333333335986,5.67345688270817,0.9999194701357327,0.01269067545387241,-30.780250000000002,-30.3845,-31,-31,-30.5,-30.5
5120,4443,148.1,0.08800000000000097,0.01950000000000074,0.03333333333333144,2.704038646173721,0.9763174071997239,0.2163430618226719,-30.3952,-30.75365,-31,-31,-30.5,-30.5
5120,4483,149.43333333333334,-0.26789999999999736,-0.037700000000000955,0.03333333333333144,8.116189376795388,-0.9902430348629596,-0.1393511101692232,-34.05025,-31.23525,-35,-32,-34.5,-31.5
5120,4523,150.76666666666668,-0.03800000000000381,-0.006799999999998363,0.03333333333335986,1.158108803177882,-0.9843634698838453,-0.17614925250547014,-45.691500000000005,-32.3929,-46,-33,-45.5,-32.5
5120,4563,152.1,0.0882000000000005,-0.004199999999997317,0.03333333333333144,2.64899830124537,0.998868137724439,-0.047565149415418825,-45.0767,-32.7491,-46,-33,-45.5,-32.5
5120,4603,153.43333333333334,-0.42909999999999826,-0.0362000000000009,0.03333333333333144,12.91872768503221,-0.9964603569216409,-0.08406400587407235,-40.018150000000006,-32.8445,-41,-33,-40.5,-32.5
5120,4643,154.76666666666668,0.2261000000000024,-0.010000000000005116,0.03333333333335986,6.789630991440381,0.9990233649731383,-0.04418502277636615,-39.41675,-33.2239,-40,-34,-39.5,-33.5
5120,4683,156.1,-0.13190000000000168,0.004199999999997317,0.03333333333333144,3.9590055569552014,-0.9994934190098818,0.03182617407004373,-41.02335,-33.787,-42,-34,-41.5,-33.5
5125,3412,113.73333333333332,-0.03640000000000043,0.025000000000000355,0.03333333333331723,1.3247505425557446,-0.8243061353225224,0.5661443237105249,26.0975,10.5273,26,10,26.5,10.5
5125,3452,115.06666666666666,-0.14000000000000057,0.027300000000000324,0.03333333333334565,4.279107500400829,-0.9815130841197718,0.191395051403357,29.8542,12.93245,29,12,29.5,12.5
5125,3492,116.4,0.38540000000000063,0.09789999999999921,0.03333333333334565,11.92920001508463,0.9692183872661575,0.24620259500092345,31.4994,14.58455,31,14,31.5,14.5
5125,3532,117.73333333333332,0.03130000000000166,0.042500000000000426,0.03333333333331723,1.5834601352741877,0.5930051405038427,0.8051986732080585,30.70185,15.94145,30,15,30.5,15.5
5140,3424,114.13333333333334,-0.1640999999999977,-0.12440000000000007,0.03333333333334565,6.177681846774818,-0.7969008638035094,-0.6041101002873737,-47.93675,-2.939,-48,-3,-47.5,-2.5
5140,3464,115.46666666666668,-0.21510000000000673,-0.10079999999999956,0.03333333333334565,7.126414596412771,-0.9055044318142912,-0.42433680486693304,-51.90775,-5.2107,-52,-6,-51.5,-5.5
5140,3507,116.9,-0.03020000000000067,-0.08029999999999937,0.03333333333334565,2.5737360004466368,-0.3520174562746379,-0.9359934350613435,-53.6075,-9.47195,-54,-10,-53.5,-9.5
5140,3549,118.3,-0.11080000000000467,-0.1822000000000017,0.03333333333331723,6.397353515324991,-0.5195898572806764,-0.8544158122431059,-56.8047,-15.9555,-57,-16,-56.5,-15.5
5140,3589,119.63333333333334,-0.2464999999999975,-0.1623999999999981,0.03333333333334565,8.85564277734487,-0.8350607839462091,-0.5501576929527957,-61.64965,-22.6692,-62,-23,-61.5,-22.5
5140,3629,120.96666666666668,-0.05379999999999541,-0.1534000000000013,0.03333333333334565,4.876822736165663,-0.3309531814700019,-0.9436471754182725,-64.3587,-28.405900000000003,-65,-29,-64.5,-28.5
5140,3698,123.26666666666668,-0.012199999999992883,-0.11129999999999995,0.03333333333335986,3.3589994045819473,-0.10896101961204327,-0.9940460231825808,-73.40209999999999,-36.63245,-74,-37,-73.5,-36.5
5153,3463,115.43333333333334,-0.19940000000000424,-0.01120000000000232,0.03333333333333144,5.991428877989427,-0.9984262722330564,-0.05608011157980095,41.6095,-19.6831,41,-20,41.5,-19.5
5153,3503,116.76666666666668,-0.28770000000000095,-0.026700000000001722,0.03333333333335986,8.668088716659573,-0.9957212347636532,-0.09240791438370236,42.29735,-19.40585,42,-20,42.5,-19.5
5153,3543,118.1,0.03240000000000265,0.01640000000000086,0.03333333333333144,1.089425536693681,0.8922133429606183,0.4516141612516577,40.2171,-19.503500000000003,40,-20,40.5,-19.5
5153,3583,119.43333333333334,-0.41090000000000515,-0.05719999999999814,0.03333333333333144,12.445866181187279,-0.9904493444284258,-0.13787710513824142,38.429050000000004,-19.4187,38,-20,38.5,-19.5
5153,3623,120.76666666666668,0.24779999999999802,0.01640000000000086,0.03333333333335986,7.450263082597204,0.9978171129766991,0.06603793645205348,37.2513,-19.3183,37,-20,37.5,-19.5
5153,3663,122.1,-0.4370000000000047,-0.05380000000000251,0.03333333333333144,13.208977855989607,-0.992506774023863,-0.12218962114985296,33.969300000000004,-19.474,33,-20,33.5,-19.5
5153,3703,123.43333333333334,0.2471000000000032,0.08759999999999835,0.03333333333333144,7.865046280856088,0.9425246508776594,0.3341366224883866,31.71425,-19.2374,31,-20,31.5,-19.5
5153,3743,124.76666666666668,0.12379999999999924,0.006300000000003081,0.03333333333335986,3.718805856720387,0.9987076881911755,0.05082276603883296,30.895200000000003,-18.94135,30,-19,30.5,-18.5
5153,3783,126.1,-0.01699999999999946,0.003400000000002734,0.03333333333333144,0.5200999903864938,-0.9805806756908887,0.1961161351383417,29.258699999999997,-18.740000000000002,29,-19,29.5,-18.5
5153,3843,128.1,-0.19639999999999702,-0.033200000000000784,0.03333333333333144,5.975590347405272,-0.9860113658157101,-0.16667809238840553,27.8597,-17.9422,27,-18,27.5,-17.5
5153,3883,129.43333333333334,0.27199999999999847,0.0583999999999989,0.03333333333333144,8.345963335649579,0.9777181700697362,0.20992184239732292,26.5105,-17.8234,26,-18,26.5,-17.5
5153,3923,130.76666666666668,0.186399999999999,0.03089999999999904,0.03333333333335986,5.668314828937122,0.986536593106648,0.16354066913623733,26.9379,-17.62645,26,-18,26.5,-17.5
5153,3963,132.1,-0.5344000000000015,-0.03960000000000008,0.03333333333333144,16.075956207953258,-0.9972657173617733,-0.07389918115180799,24.1259,-17.5879,24,-18,24.5,-17.5
5153,4003,133.43333333333334,-0.3106000000000009,-0.015999999999998238,0.03333333333333144,9.3303549771705,-0.9986758298906981,-0.05144498801754464,21.1484,-17.6557,21,-18,21.5,-17.5
5153,4043,134.76666666666668,-0.027300000000000324,-0.005500000000001393,0.03333333333335986,0.8354555643473318,-0.9803034834523734,-0.19749703879081887,18.089550000000003,-17.795450000000002,18,-18,18.5,-17.5
5160,3448,114.93333333333334,0.13989999999999725,-0.014300000000000423,0.03333333333333144,4.21886833167395,0.9948165408458914,-0.10168603669833415,87.69415000000001,-12.42465,87,-13,87.5,-12.5
5160,3488,116.26666666666668,0.6691000000000003,0.08769999999999989,0.03333333333335986,20.24469041500383,0.9915192373160445,0.129960001662856,87.61394999999999,-12.429749999999999,87,-13,87.5,-12.5
5160,3528,117.6,-0.39050000000000296,-0.04749999999999943,0.03333333333333144,11.801349499104662,-0.992683082633011,-0.1207489024969708,85.13875,-12.53885,85,-13,85.5,-12.5
5160,3568,118.93333333333334,0.09089999999999065,0.009100000000000108,0.03333333333333144,2.7406309492522567,0.9950263463031748,0.0996120984748067,84.02035000000001,-12.66725,84,-13,84.5,-12.5
5160,3608,120.26666666666668,-0.20690000000000452,-0.013199999999999434,0.03333333333335986,6.21961936133877,-0.9979710396070189,-0.06366949116873755,80.50245000000001,-13.1527,80,-14,80.5,-13.5
5160,3648,121.6,-0.8273999999999972,-0.07290000000000063,0.03333333333333144,24.918159101347488,-0.9961410029948417,-0.08776731824791495,79.7843,-13.21415,79,-14,79.5,-13.5
5160,3688,122.93333333333334,-0.2863000000000113,0.01249999999999929,0.03333333333333144,8.59718244543026,-0.9990482410392743,0.043618941714948394,76.67725,-13.67165,76,-14,76.5,-13.5
5160,3728,124.26666666666668,0.9450000000000074,0.1366000000000014,0.03333333333335986,28.644652275751348,0.9897135328110399,0.14306335299681308,74.58019999999999,-14.0397,74,-15,74.5,-14.5
5160,3768,125.6,0.03810000000000002,-0.034999999999998366,0.03333333333333144,1.5520789284054382,0.7364316202490755,-0.6765119871054179,73.25335000000001,-14.415,73,-15,73.5,-14.5
5160,3808,126.93333333333334,-0.005299999999991201,-0.02030000000000065,0.03333333333333144,0.6294140131900345,-0.25261591999499905,-0.967566636963615,72.38204999999999,-14.66405,72,-15,72.5,-14.5
5160,3848,128.26666666666668,-0.6214999999999975,-0.04349999999999987,0.03333333333335986,18.690613954588038,-0.997559526149661,-0.06982114141192325,70.86825,-15.04335,70,-16,70.5,-15.5
5160,3888,129.6,0.030699999999995953,-0.007999999999999119,0.03333333333333144,0.951756796665969,0.9676841848949437,-0.2521652599074827,70.27995,-15.135,70,-16,70.5,-15.5
5160,3928,130.93333333333334,-0.8755000000000024,-0.11630000000000074,0.03333333333333144,26.49572316431623,-0.9912920601229184,-0.13168162946007517,70.14734999999999,-15.15505,70,-16,70.5,-15.5
5160,3968,132.26666666666668,-0.0020999999999986585,-0.013099999999999667,0.03333333333335986,0.3980175875507701,-0.15828446272333005,-0.9873935531794741,66.56485,-15.66875,66,-16,66.5,-15.5
5160,4008,133.6,-0.12570000000000192,-0.022399999999997533,0.03333333333333144,3.8304079417213512,-0.9844904400197171,-0.17543823274812168,62.218450000000004,-16.331,62,-17,62.5,-16.5
5160,4048,134.93333333333334,2.0490999999999957,0.2668999999999997,0.03333333333333144,61.99227192159052,0.9916236023379825,0.12916126077985837,63.177749999999996,-16.62115,63,-17,63.5,-16.5
5160,4088,136.26666666666668,1.3101999999999947,0.14369999999999905,0.03333333333335986,39.54170402243053,0.9940391030612069,0.10902413304067705,58.7671,-17.43495,58,-18,58.5,-17.5
5160,4128,137.6,-0.1898999999999944,0.004699999999999704,0.03333333333333144,5.6987445985937795,-0.9996938626458091,0.024742291492549476,64.14845,-16.76745,64,-17,64.5,-16.5
5160,4168,138.93333333333334,0.3293999999999997,0.049799999999997624,0.03333333333333144,9.994296373432748,0.9887639540357532,0.1494852608104985,61.5205,-17.108,61,-18,61.5,-17.5
5160,4208,140.26666666666668,0.2080000000000055,0.0,0.03333333333335986,6.2399999999952,1.0,0.0,63.330799999999996,-16.6726,63,-17,63.5,-16.5
5160,4250,141.66666666666666,-0.0882000000000005,-0.022099999999998232,0.03333333333333144,2.7277985629442756,-0.9700129752778299,-0.24305313779635151,63.3015,-16.76945,63,-17,63.5,-16.5
5160,4290,143.0,-0.39269999999999783,-0.03730000000000189,0.03333333333333144,11.834023914122131,-0.9955193673338575,-0.09455786198511579,54.121849999999995,-17.61365,54,-18,54.5,-17.5
5160,4330,144.33333333333334,0.24549999999999983,0.03260000000000218,0.03333333333333144,7.429650664735612,0.9912982901010328,0.13163472202564502,64.01005,-16.2728,64,-17,64.5,-16.5
5160,4370,145.66666666666666,0.3188000000000102,0.03240000000000087,0.03333333333333144,9.613265834253019,0.9948752239767852,0.10111027997756486,71.3759,-15.024000000000001,71,-16,71.5,-15.5
5173,3436,114.53333333333332,-0.17389999999999617,-0.17149999999999999,0.03333333333331723,7.327217343579394,-0.7120029003334937,-0.7021765233306316,-54.87705,-9.55555,-55,-10,-54.5,-9.5
5173,3476,115.86666666666666,0.11189999999999856,-0.11299999999999955,0.03333333333334565,4.770906517631927,0.7036398612280894,-0.7105567856905702,-57.06175,-15.4083,-58,-16,-57.5,-15.5
5173,3516,117.2,-0.12429999999999808,-0.1647000000000034,0.03333333333331723,6.190227944109781,-0.602401080165395,-0.7981935470896551,-59.557649999999995,-21.61815,-60,-22,-59.5,-21.5
5173,3556,118.53333333333332,0.22279999999999944,-0.08990000000000009,0.03333333333331723,7.207611601636841,0.9273529664785605,-0.3741877544273917,-60.641400000000004,-27.69605,-61,-28,-60.5,-27.5
5175,3466,115.53333333333332,-0.32269999999999754,-0.06489999999999974,0.03333333333331723,9.87484531524888,-0.9803697871656848,-0.19716764545104792,36.33945,9.466249999999999,36,9,36.5,9.5
5181,3440,114.66666666666669,-0.23969999999999914,-0.026499999999999968,0.03333333333334565,7.234812091544669,-0.9939442668319534,-0.10988536950791333,80.50985,-2.0749500000000003,80,-3,80.5,-2.5
5181,3480,116.0,0.13850000000000762,0.059800000000000075,0.03333333333331723,4.525755296082821,0.9180788019181052,0.3963979231386263,83.04294999999999,-1.7218,83,-2,83.5,-1.5
5181,3520,117.33333333333331,-0.27360000000000184,-0.027100000000000124,0.03333333333331723,8.248165432389596,-0.9951303798747961,-0.09856737315280306,82.2586,-1.77615,82,-2,82.5,-1.5
5181,3560,118.66666666666669,0.12330000000000041,0.04150000000000009,0.03333333333334565,3.9028996912537792,0.9477568712021824,0.3189935941191446,81.60225,-1.91215,81,-2,81.5,-1.5
5181,3600,120.0,0.117999999999995,0.007999999999999563,0.03333333333331723,3.548126266074968,0.9977097021176765,0.0676413357367908,79.949,-2.2339,79,-3,79.5,-2.5
5181,3640,121.33333333333331,-0.42799999999999727,-0.10430000000000006,0.03333333333331723,13.215757299533262,-0.9715674788049861,-0.23676282252187092,82.5864,-1.69935,82,-2,82.5,-1.5
5181,3680,122.66666666666669,0.2383999999999986,0.07759999999999989,0.03333333333334565,7.521348815203135,0.9508932740282909,0.309518951613237,80.17429999999999,-2.0156,80,-3,80.5,-2.5
5181,3720,124.0,0.2360000000000042,0.04970000000000008,0.03333333333331723,7.235294119802759,0.9785365850747965,0.20607317067040928,77.5101,-2.3949499999999997,77,-3,77.5,-2.5
5181,3760,125.33333333333331,-0.04639999999999134,-0.026899999999999924,0.03333333333331723,1.6090099440344596,-0.8651282766532117,-0.5015506603874067,76.412,-2.6544499999999998,76,-3,76.5,-2.5
5181,3800,126.66666666666669,0.49490000000000123,0.10409999999999986,0.03333333333334565,15.171899617379195,0.9785854358664174,0.20584106662698254,78.89735,-2.71345,78,-3,78.5,-2.5
5181,3853,128.43333333333334,0.010099999999994225,0.017900000000000027,0.03333333333333144,0.6165857604582992,0.49141582474209017,0.8709250755335106,75.72615,-3.19985,75,-4,75.5,-3.5
5181,3906,130.2,0.39459999999999695,0.05390000000000006,0.03333333333333144,11.947925886948498,0.9907995841296608,0.13533729747741813,74.5895,-3.1839500000000003,74,-4,74.5,-3.5
5189,3464,115.46666666666668,-0.033500000000000085,-0.01529999999999987,0.03333333333334565,1.1048556466792843,-0.909621092149209,-0.41543888686217145,7.80155,-19.708150000000003,7,-20,7.5,-19.5
5189,3504,116.8,-0.08450000000000024,0.012199999999999989,0.03333333333331723,2.5612850290442837,-0.9897375619093595,0.1428970207727117,9.70815,-19.3228,9,-20,9.5,-19.5
5189,3544,118.13333333333334,0.08510000000000062,0.0016999999999995907,0.03333333333334565,2.553509349893843,0.9998005294577095,0.019972513514426374,10.91145,-19.11725,10,-20,10.5,-19.5
5189,3584,119.46666666666668,-0.049999999999998934,-0.0437999999999974,0.03333333333334565,1.9941404163189613,-0.7522038005569864,-0.658930529287895,11.9326,-19.0059,11,-20,11.5,-19.5
5189,3624,120.8,0.12790000000000035,-0.005599999999997607,0.03333333333331723,3.840676112354999,0.9990428476014135,-0.04374229825305324,14.18655,-18.6044,14,-19,14.5,-18.5
5189,3664,122.13333333333334,0.1372,0.010600000000000165,0.03333333333334565,4.1282659798016175,0.9970287816087549,0.07702992044499248,12.9972,-18.753100000000003,12,-19,12.5,-18.5
5189,3704,123.46666666666668,0.07719999999999949,0.030100000000000904,0.03333333333334565,2.4858127443545324,0.9316872339877327,0.363261473355334,13.9819,-18.319650000000003,13,-19,13.5,-18.5
5189,3744,124.8,0.24299999999999855,0.02740000000000009,0.03333333333331723,7.33619683487646,0.9937028904877034,0.11204715719902604,16.4366,-17.608,16,-18,16.5,-17.5
5189,3784,126.13333333333334,0.08800000000000097,0.0005999999999986017,0.03333333333334565,2.6400613629222716,0.9999767570087272,0.006818023343225357,17.7334,-17.3007,17,-18,17.5,-17.5
5189,3824,127.46666666666668,0.2926000000000002,0.020999999999997243,0.03333333333334565,8.800578617337768,0.9974344167215864,0.07158620215704221,19.862,-16.737099999999998,19,-17,19.5,-16.5
5189,3864,128.8,0.18999999999999773,0.030199999999997118,0.03333333333333144,5.77155403682603,0.9876022928366925,0.15697678549297697,20.2608,-16.775100000000002,20,-17,20.5,-16.5
5189,3904,130.13333333333333,0.4283000000000001,0.06360000000000099,0.03333333333333144,12.989890877140553,0.9891538059501518,0.1468834509886309,21.67475,-16.4106,21,-17,21.5,-16.5
5189,3944,131.46666666666667,-0.2936000000000014,-0.012100000000000222,0.03333333333333144,8.815476901450628,-0.9991518437931753,-0.041177579393384144,24.9899,-15.72775,24,-16,24.5,-15.5
5189,3984,132.8,0.5494000000000021,0.0702000000000016,0.03333333333333144,16.616003129514443,0.9919352970465313,0.12674528185778633,26.101599999999998,-15.8213,26,-16,26.5,-15.5
5189,4024,134.13333333333333,-0.06680000000000064,-0.02880000000000038,0.03333333333333144,2.18231803365152,-0.9182896209893752,-0.3959092976720674,23.6979,-16.4458,23,-17,23.5,-16.5
5189,4064,135.46666666666667,-0.09890000000000043,-0.02049999999999841,0.03333333333333144,3.0300683160617123,-0.9791858435246428,-0.20296572085190628,26.42035,-16.16575,26,-17,26.5,-16.5
5189,4104,136.8,0.12010000000000076,-0.05109999999999992,0.03333333333333144,3.9155712226955983,0.9201722545911993,-0.3915137569492916,29.88825,-15.87865,29,-16,29.5,-15.5
5189,4144,138.13333333333333,0.03750000000000142,0.0065000000000008384,0.03333333333333144,1.1417749340392152,0.9853080203996383,0.17078672353595284,34.112449999999995,-15.353850000000001,34,-16,34.5,-15.5
5189,4184,139.46666666666667,-0.0730000000000004,0.0235000000000003,0.03333333333333144,2.30067924752684,-0.9518927952926596,0.30643124232024194,34.9028,-15.52035,34,-16,34.5,-15.5
5189,4224,140.8,-0.14269999999999783,0.00870000000000104,0.03333333333333144,4.288948822264209,-0.9981466735572202,0.06085407189873151,37.355050000000006,-15.31625,37,-16,37.5,-15.5
5189,4264,142.13333333333333,-0.22860000000000014,-0.0058000000000006935,0.03333333333333144,6.86020699396202,-0.9996782904708897,-0.025363666162431544,36.6447,-15.4625,36,-16,36.5,-15.5
5189,4304,143.46666666666667,0.3444999999999965,0.0237999999999996,0.03333333333333144,10.35963421168962,0.9976220963804551,0.06892135237693665,37.81845,-15.1543,37,-16,37.5,-15.5
5189,4344,144.8,0.29879999999999995,0.03879999999999839,0.03333333333333144,9.039258376659513,0.991674275308544,0.12877162611101045,50.0878,-13.6372,50,-14,50.5,-13.5
5189,4384,146.13333333333333,-0.28359999999999985,-0.012599999999999056,0.03333333333333144,8.516392898405297,-0.9990145007980563,-0.04438498839934617,48.5077,-14.087,48,-15,48.5,-14.5
5189,4424,147.46666666666667,0.5124999999999957,0.05850000000000044,0.03333333333333144,15.474839256031819,0.9935482847750966,0.1134099017743299,51.49435,-13.76485,51,-14,51.5,-13.5
5189,4464,148.8,-0.16109999999999758,-0.06269999999999953,0.03333333333333144,5.1861401832193375,-0.9319069344940226,-0.3626974847472108,58.66215,-12.52305,58,-13,58.5,-12.5
5189,4504,150.13333333333333,0.4076000000000022,0.09469999999999956,0.03333333333333144,12.553695272708328,0.9740558245494753,0.22630786698928945,36.583,-15.75665,36,-16,36.5,-15.5
5189,4544,151.46666666666667,0.2826999999999984,0.039299999999999,0.03333333333333144,8.56255814578841,0.9904750257575663,0.13769249562176014,38.00565,-15.476849999999999,38,-16,38.5,-15.5
5189,4584,152.8,0.4456999999999951,0.06869999999999976,0.03333333333333144,13.528908381684637,0.9883280766467604,0.15234045067451862,50.08295,-14.14205,50,-15,50.5,-14.5
5189,4624,154.13333333333333,0.259999999999998,0.03989999999999938,0.03333333333333144,7.8913122482896405,0.9884287624901615,0.1516857985513736,55.4747,-13.49905,55,-14,55.5,-13.5
5189,4664,155.46666666666667,0.07609999999999673,0.027300000000000324,0.03333333333333144,2.425458719500342,0.9412652467119055,0.3376680845628966,71.76985,-12.09295,71,-13,71.5,-12.5
5189,4704,156.8,-0.19610000000000127,-0.026699999999999946,0.03333333333333144,5.93727968012325,-0.9908578199028428,-0.13491026920655624,71.70365,-11.885549999999999,71,-12,71.5,-11.5
5189,4744,158.13333333333333,0.032299999999992224,-0.00990000000000002,0.03333333333333144,1.0134939565679044,0.9560984490536512,-0.29304565466357413,82.20455,-11.09065,82,-12,82.5,-11.5
5189,4784,159.46666666666667,0.6957000000000022,0.08910000000000018,0.03333333333333144,21.04147261956855,0.9918982562366495,0.12703483488671174,75.78075000000001,-11.892050000000001,75,-12,75.5,-11.5
5189,4824,160.8,-0.1121000000000123,-0.008900000000000574,0.03333333333333144,3.3735823689371784,-0.996863165685813,-0.07914435481358907,85.27375,-11.03195,85,-12,85.5,-11.5
5189,4864,162.13333333333333,0.39509999999999934,0.02940000000000076,0.03333333333333144,11.885770189601331,0.9972429056697272,0.07420638174307968,74.27165,-12.339400000000001,74,-13,74.5,-12.5
5189,4904,163.46666666666667,-0.08509999999999707,-0.026999999999999247,0.03333333333333144,2.678415389740794,-0.9531755267606664,-0.3024176171861124,74.41075000000001,-12.2283,74,-13,74.5,-12.5
5189,4944,164.8,0.1927000000000021,0.027499999999999858,0.03333333333333144,5.839570703399745,0.9899700326660563,0.14127750855379406,80.66235,-11.56795,80,-12,80.5,-11.5
5189,4984,166.13333333333333,-0.34660000000000935,-0.07929999999999993,0.03333333333333144,10.666679192701858,-0.974811355263706,-0.22303098809119945,80.9214,-11.69865,80,-12,80.5,-11.5
5189,5024,167.46666666666667,0.042899999999988836,-0.00280000000000058,0.03333333333333144,1.2897383455566984,0.9978768208556456,-0.06512948947312618,75.36795000000001,-12.0716,75,-13,75.5,-12.5
5189,5064,168.8,0.10260000000000957,0.01950000000000074,0.03333333333333144,3.133098945134499,0.9824139147537609,0.1867160949093302,85.7575,-11.21095,85,-12,85.5,-11.5
5189,5104,170.13333333333333,-0.40279999999999916,-0.03139999999999965,0.03333333333333144,12.120660873071898,-0.9969753404162404,-0.07771853448130503,82.7465,-11.256699999999999,82,-12,82.5,-11.5
5189,5144,171.46666666666667,0.29110000000000014,0.04829999999999934,0.03333333333333144,8.852394591296127,0.9865127350499018,0.16368452457200133,84.50265,-11.00815,84,-12,84.5,-11.5
5189,5184,172.8,-0.4386999999999972,-0.09080000000000155,0.03333333333333144,13.439944084705806,-0.9792451454450194,-0.20267941464875733,89.89975000000001,-11.0556,89,-12,89.5,-11.5
5189,5224,174.13333333333333,-0.25020000000000664,-0.04659999999999975,0.03333333333333144,7.635079567365987,-0.9830938805252174,-0.18310221755585,88.5984,-11.1766,88,-12,88.5,-11.5
5189,5264,175.46666666666667,0.7015999999999991,0.06359999999999921,0.03333333333333144,21.13430311129396,0.9959164439518864,0.09027976886450866,90.0163,-10.8768,90,-11,90.5,-10.5
5189,5304,176.8,-0.3579000000000008,-0.06789999999999985,0.03333333333333144,10.928519478868767,-0.9824752584978731,-0.18639304289467812,97.79825,-10.40155,97,-11,97.5,-10.5
5189,5344,178.13333333333333,-0.4741999999999962,-0.021000000000000796,0.03333333333333144,14.239942977414616,-0.9990208544067883,-0.044241750195157144,89.5603,-11.2714,89,-12,89.5,-11.5
5189,5384,179.46666666666667,-0.0024999999999977263,0.004300000000000637,0.03333333333333144,0.14921796138534138,-0.5026204573741333,0.8645071866844236,87.75425,-11.37365,87,-12,87.5,-11.5
5189,5424,180.8,-0.5418000000000092,-0.03250000000000064,0.03333333333333144,16.283216543424064,-0.9982057265316745,-0.05987760448925713,82.9716,-11.85425,82,-12,82.5,-11.5
5192,3463,115.43333333333334,-0.03409999999999869,0.041800000000000004,0.03333333333333144,1.6183463782516452,-0.6321267274717792,0.7748650207718883,-27.49405,-0.1762,-28,-1,-27.5,-0.5
5211,3492,116.4,0.08290000000000042,0.006999999999999673,0.03333333333334565,2.4958503560901755,0.9964539716616079,0.08413965985079487,-6.96495,-10.720500000000001,-7,-11,-6.5,-10.5
5211,3532,117.73333333333332,-0.1399000000000008,-0.01699999999999946,0.03333333333331723,4.227872869424702,-0.9926977772567579,-0.12062803583534132,-9.24385,-10.855,-10,-11,-9.5,-10.5
5211,3587,119.56666666666666,-0.008199999999998653,-0.00820000000000043,0.03333333333334565,0.3478965363436334,-0.7071067811864709,-0.7071067811866241,-11.7164,-10.828,-12,-11,-11.5,-10.5
5211,3627,120.9,0.3852999999999991,0.09539999999999971,0.03333333333334565,11.908044549794669,0.9706883402779186,0.24034172764732253,-11.511050000000001,-10.425699999999999,-12,-11,-11.5,-10.5
5212,3464,115.46666666666668,0.06809999999999405,0.009100000000000108,0.03333333333334565,2.0611593824826198,0.9911897242698038,0.13244972820640397,-46.66705,-29.91565,-47,-30,-46.5,-29.5
5212,3504,116.8,-0.16080000000000183,0.009299999999999642,0.03333333333331723,4.832061361367743,-0.998331693088625,0.057739332995794465,-46.747699999999995,-29.456049999999998,-47,-30,-46.5,-29.5
5212,3544,118.13333333333334,-0.12160000000000082,-0.01419999999999888,0.03333333333334565,3.6727891308908798,-0.9932505978402877,-0.11598814547147103,-48.5283,-29.027,-49,-30,-48.5,-29.5
5212,3584,119.46666666666668,-0.17040000000000077,-0.0406000000000013,0.03333333333334565,5.255099237881233,-0.972769450888468,-0.23177488090418363,-49.5846,-28.7183,-50,-29,-49.5,-28.5
5212,3624,120.8,0.1816999999999993,0.036199999999997345,0.03333333333331723,5.558128911785823,0.9807257238031946,0.19538949478080997,-49.339150000000004,-27.955199999999998,-50,-28,-49.5,-27.5
5212,3664,122.13333333333334,0.21010000000000417,0.015800000000002257,0.03333333333334565,6.320797813565319,0.9971842457087734,0.07499053347073087,-50.52365,-27.381999999999998,-51,-28,-50.5,-27.5
5212,3704,123.46666666666668,-0.057699999999996976,-0.011900000000000688,0.03333333333334565,1.7674303380889986,-0.9793879638112818,-0.2019881589143074,-50.85785,-27.257849999999998,-51,-28,-50.5,-27.5
5212,3744,124.8,0.01269999999999527,-0.022599999999997067,0.03333333333331723,0.7777178151491433,0.48989491121143686,-0.8717814955418235,-50.42935,-27.3734,-51,-28,-50.5,-27.5
5212,3784,126.13333333333334,-0.12480000000000047,-0.04639999999999844,0.03333333333334565,3.994396074500898,-0.9373131582767353,-0.3484882255131322,-50.870099999999994,-28.2544,-51,-29,-50.5,-28.5
5212,3824,127.46666666666668,0.20219999999999771,-0.01600000000000179,0.03333333333334565,6.0849614624886375,0.9968838812525211,-0.07888299752741001,-51.0012,-29.390900000000002,-52,-30,-51.5,-29.5
5226,3490,116.33333333333331,-0.11880000000000024,-0.028500000000000192,0.03333333333331723,3.665122235344006,-0.9724095872254626,-0.23328007774348328,-40.58969999999999,-4.38245,-41,-5,-40.5,-4.5
5226,3530,117.66666666666669,0.0777000000000001,0.08209999999999962,0.03333333333334565,3.3911546706087385,0.6873764916127253,0.7263012865045613,-42.67915000000001,-4.239050000000001,-43,-5,-42.5,-4.5
5226,3570,119.0,-0.0006999999999948159,0.03529999999999989,0.03333333333331723,1.0592081948328527,-0.019826130596703427,0.9998034429554454,-43.32235,-3.24915,-44,-4,-43.5,-3.5
5226,3618,120.6,-0.12890000000000157,-0.013900000000000023,0.03333333333333144,3.8894187226373664,-0.9942359709160093,-0.10721396428031331,-44.11795,-2.51175,-45,-3,-44.5,-2.5
5235,3480,116.0,0.08749999999999858,-0.07900000000000063,0.03333333333331723,3.53659794152685,0.7422387399987963,-0.6701355481132151,-53.006150000000005,-9.1835,-54,-10,-53.5,-9.5
5235,3520,117.33333333333331,-0.09740000000000038,-0.14510000000000112,0.03333333333331723,5.242775314661779,-0.5573383989639706,-0.8302854382923249,-55.51390000000001,-14.694749999999999,-56,-15,-55.5,-14.5
5235,3561,118.7,-0.3631999999999991,-0.19850000000000279,0.03333333333331723,12.417118868729146,-0.8774982437709731,-0.4795798496380535,-60.206500000000005,-21.37285,-61,-22,-60.5,-21.5
5235,3601,120.03333333333332,0.0940000000000012,-0.10799999999999699,0.03333333333331723,4.295346318984937,0.6565244780234187,-0.7543047194311313,-63.195499999999996,-27.3582,-64,-28,-63.5,-27.5
5235,3673,122.43333333333334,-0.016199999999997772,-0.1180000000000021,0.03333333333333144,3.573205283775595,-0.13601233665658113,-0.9907071435480905,-69.4369,-36.120999999999995,-70,-37,-69.5,-36.5
5237,3512,117.06666666666666,-0.04839999999999378,-0.07650000000000023,0.03333333333334565,2.715755695933278,-0.5346578126204731,-0.845068650113049,-50.769800000000004,-6.132350000000001,-51,-7,-50.5,-6.5
5250,3513,117.1,-0.08689999999999998,0.0213,0.03333333333333144,2.6841702628560684,-0.9712498629748589,0.2380623944921116,95.24105,-0.11435000000000001,95,-1,95.5,-0.5
5267,3517,117.23333333333332,0.006700000000000372,0.0036000000000004917,0.03333333333331723,0.2281775624378041,0.8808929232684577,0.47331560056219474,-8.16835,-10.279399999999999,-9,-11,-8.5,-10.5
5267,3557,118.56666666666666,-0.010099999999999554,-0.013600000000000279,0.03333333333334565,0.5082056670284264,-0.5962153113552872,-0.8028245776665772,-9.54685,-10.2133,-10,-11,-9.5,-10.5
5272,3559,118.63333333333334,0.09709999999999752,0.06120000000000303,0.03333333333334565,3.443321797333374,0.8459854092797182,0.5332060458076482,-49.98115,-16.648600000000002,-50,-17,-49.5,-16.5
5272,3604,120.13333333333334,0.023299999999998988,0.009599999999998943,0.03333333333334565,0.7560059523572,0.9245958948077776,0.38094938155167696,-52.06555,-16.2099,-53,-17,-52.5,-16.5
5272,3647,121.56666666666666,-0.040300000000002,0.05769999999999875,0.03333333333334565,2.11140758736837,-0.5726037962696224,0.8198322343611628,-53.17035,-15.72755,-54,-16,-53.5,-15.5
5272,3687,122.9,-0.029299999999999216,0.01690000000000147,0.03333333333334565,1.0147364189774812,-0.8662348010386707,0.4996371378005187,-54.772949999999994,-15.10405,-55,-16,-54.5,-15.5
5272,3730,124.33333333333331,-0.02230000000000132,0.03819999999999979,0.03333333333331723,1.3269804067889397,-0.5041521310922937,0.8636148613329316,-55.58535,-13.4297,-56,-14,-55.5,-13.5
5272,3771,125.7,0.084699999999998,0.043900000000000716,0.03333333333331723,2.8620220124953035,0.8878338422651588,0.4601641756250535,-54.81705,-11.44055,-55,-12,-54.5,-11.5
5274,3543,118.1,-0.12219999999999942,0.037499999999999645,0.03333333333333144,3.8347334979111025,-0.9559986377142438,0.29337110404487704,20.5954,10.08485,20,10,20.5,10.5
5274,3607,120.23333333333332,-0.41549999999999976,-0.05230000000000068,0.03333333333331723,12.563358866169207,-0.9921709737649815,-0.12488698418269371,3.75855,10.34865,3,10,3.5,10.5
5278,3543,118.1,0.23639999999999972,0.09009999999999962,0.03333333333333144,7.58964248169875,0.9344313671034779,0.35614325793579993,-25.3932,4.32575,-26,4,-25.5,4.5
5297,3586,119.53333333333332,0.02360000000000184,-0.07929999999999993,0.03333333333331723,2.4821170399491685,0.28524037690619797,-0.9584560122313438,-39.7992,-3.16545,-40,-4,-39.5,-3.5
5303,3563,118.76666666666668,0.0998999999999981,-0.0024999999999995026,0.03333333333335986,2.9979382915572748,0.9996870210563175,-0.025017192719122564,-50.307649999999995,-15.56035,-51,-16,-50.5,-15.5
5309,3582,119.4,0.09609999999999985,-0.1355000000000004,0.03333333333334565,4.983564387060904,0.5785016056949557,-0.8156812442421109,-54.86595,-15.18195,-55,-16,-54.5,-15.5
5309,3622,120.73333333333332,-0.02130000000000365,-0.21640000000000015,0.03333333333331723,6.52337221075429,-0.0979554713966768,-0.9951907986026876,-55.271550000000005,-21.2647,-56,-22,-55.5,-21.5
5309,3662,122.06666666666666,0.5138999999999996,-0.10409999999999897,0.03333333333334565,15.730130895825901,0.9800935607017294,-0.19853617370898832,-56.372550000000004,-27.55525,-57,-28,-56.5,-27.5
5309,3702,123.4,0.07459999999999667,-0.13060000000000116,0.03333333333334565,4.51213563625749,0.49599572805735564,-0.8683249609154706,-58.916799999999995,-33.6627,-59,-34,-58.5,-33.5
5317,3595,119.83333333333331,0.5463000000000022,0.14840000000000053,0.03333333333331723,16.982921568454614,0.9650283041081797,0.2621457080901589,100.50955,4.7065,100,4,100.5,4.5
5327,3594,119.8,0.5364999999999895,0.12179999999999946,0.03333333333331723,16.504567276976786,0.9751846098055139,0.22139326276666058,121.72685,4.4297,121,4,121.5,4.5
5327,3634,121.13333333333334,-0.5137,-0.06410000000000071,0.03333333333334565,15.530513513719432,-0.9923045999979622,-0.12382076087185143,123.49535,5.2505500000000005,123,5,123.5,5.5
5327,3674,122.46666666666668,-0.4902000000000015,-0.0942999999999996,0.03333333333334565,14.975636113362114,-0.9819950143468752,-0.18890683364526653,118.55160000000001,4.78595,118,4,118.5,4.5
5327,3714,123.8,0.08100000000000307,0.010899999999999466,0.03333333333331723,2.451903138381744,0.9910668826848787,0.13336579038597826,113.5747,4.19665,113,4,113.5,4.5
5329,3584,119.46666666666668,-2.364699999999999,-0.7500999999999998,0.10000000000002274,24.808176273150746,-0.9531938075426833,-0.30235999282689846,-59.00435,-31.467950000000002,-60,-32,-59.5,-31.5
5330,3588,119.6,0.032799999999998164,0.03789999999999871,0.03333333333333144,1.5036705091209512,0.6543986824448988,0.7561496970933602,-31.512700000000002,-15.07815,-32,-16,-31.5,-15.5
5330,3628,120.93333333333334,0.07939999999999969,0.037200000000000344,0.03333333333333144,2.630471440635835,0.9055410992884042,0.42425855029633597,-31.2469,-13.923100000000002,-32,-14,-31.5,-13.5
5330,3668,122.26666666666668,0.15909999999999513,0.06850000000000023,0.03333333333335986,5.1965906130804305,0.9184868224912411,0.39545158605061065,-33.47325,-13.18315,-34,-14,-33.5,-13.5
5330,3708,123.6,0.016899999999999693,0.0037000000000002586,0.03333333333333144,0.519008670447829,0.976862293191658,0.21386925945618063,-35.03515,-12.04375,-36,-13,-35.5,-12.5
5330,3748,124.93333333333334,-0.09939999999999571,0.08269999999999911,0.03333333333333144,3.8791345684315734,-0.7687281653664659,0.6395756466379153,-34.9821,-10.60445,-35,-11,-34.5,-10.5
5332,3610,120.33333333333331,-0.18079999999999785,0.009399999999999409,0.03333333333331723,5.431325804997137,-0.9986511939703857,0.05192102446527183,-51.8454,-34.4674,-52,-35,-51.5,-34.5
5332,3650,121.66666666666669,0.03719999999999857,0.02839999999999776,0.03333333333334565,1.4040512811141668,0.7948427632315234,0.60681544289716,-51.2998,-33.415099999999995,-52,-34,-51.5,-33.5
5357,3640,121.33333333333331,-0.31650000000000134,-0.09899999999999931,0.03333333333331723,9.948664483240767,-0.954399458942417,-0.29853253218103704,-29.13395,-7.6690000000000005,-30,-8,-29.5,-7.5
5357,3680,122.66666666666669,0.4685999999999986,0.12849999999999984,0.03333333333334565,14.576981477653106,0.9643971916645462,0.26445804338219037,-29.528,-6.68235,-30,-7,-29.5,-6.5
5357,3720,124.0,-0.05940000000000012,0.0028999999999994586,0.03333333333331723,1.7841224733753807,-0.9988103544424837,0.048763468482872996,-29.675400000000003,-6.340450000000001,-30,-7,-29.5,-6.5
5357,3760,125.33333333333331,0.005199999999998539,-0.020500000000000185,0.03333333333331723,0.6344769499362306,0.24587181617190448,-0.969302352216443,-29.751199999999997,-6.35645,-30,-7,-29.5,-6.5
5357,3800,126.66666666666669,0.22770000000000223,0.05290000000000017,0.03333333333334565,7.01292592289157,0.9740584850183308,0.2262964157113279,-28.38545,-6.212149999999999,-29,-7,-28.5,-6.5
5357,3840,128.0,-0.22059999999999746,-0.07120000000000015,0.03333333333331723,6.954165658081906,-0.9516598144756441,-0.3071540289694777,-28.6296,-6.195399999999999,-29,-7,-28.5,-6.5
5357,3880,129.33333333333334,0.08440000000000225,0.029499999999999638,0.03333333333333144,2.682209723344008,0.943997770928768,0.32995182751655894,-29.6172,-6.43615,-30,-7,-29.5,-6.5
5357,3920,130.66666666666666,0.030799999999999272,0.01529999999999987,0.03333333333333144,1.0317252541253787,0.8955872663825898,0.44488588232642307,-27.5605,-5.92715,-28,-6,-27.5,-5.5
5357,3960,132.0,-0.05649999999999977,-0.028300000000000658,0.03333333333333144,1.8957389060734124,-0.894110467728329,-0.4478464820657062,-27.94865,-6.4113500000000005,-28,-7,-27.5,-6.5
5357,4000,133.33333333333334,-0.6509999999999998,-0.1318999999999999,0.03333333333333144,19.926834896692572,-0.9800854024862055,-0.19857644329943233,-30.536,-7.36655,-31,-8,-30.5,-7.5
5387,3647,121.56666666666666,0.09270000000000067,-0.01910000000000167,0.03333333333334565,2.8394171937202555,0.9794263435995033,-0.20180197586571752,-38.907650000000004,-30.03755,-39,-31,-38.5,-30.5
5387,3687,122.9,0.09529999999999461,-0.0005000000000023874,0.03333333333334565,2.859039349150871,0.9999862369323106,-0.005246517507540094,-39.48715,-30.82705,-40,-31,-39.5,-30.5
5387,3727,124.23333333333332,-0.0007999999999981355,-0.00560000000000116,0.03333333333331723,0.16970562748487994,-0.14142135623695778,-0.9899494936612168,-40.2736,-31.5841,-41,-32,-40.5,-31.5
5387,3767,125.56666666666666,-0.10940000000000083,-0.048799999999999955,0.03333333333334565,3.5937195216085818,-0.9132599192186704,-0.4073773679878495,-45.2197,-32.72,-46,-33,-45.5,-32.5
5387,3807,126.9,-0.05339999999999634,-0.03170000000000073,0.03333333333334565,1.8630096618099234,-0.8598989220715834,-0.5104643413796196,-46.6738,-33.46645,-47,-34,-46.5,-33.5
5387,3847,128.23333333333332,-0.11529999999999774,-0.017200000000002547,0.03333333333333144,3.4972756539914034,-0.9890555798918536,-0.14754341694833245,-48.41175,-34.382,-49,-35,-48.5,-34.5
5387,3887,129.56666666666666,0.10040000000000049,0.015500000000002956,0.03333333333333144,3.04768256221038,0.9882919032800074,0.15257494522751955,-49.768600000000006,-34.99105,-50,-35,-49.5,-34.5
5389,3672,122.4,0.2795000000000005,0.07129999999999903,0.03333333333334565,8.653527951069714,0.9689689624172761,0.24718242225527987,-13.539349999999999,-9.784849999999999,-14,-10,-13.5,-9.5
5389,3720,124.0,-0.016799999999999926,0.02319999999999922,0.03333333333331723,0.8593206619188665,-0.586509812151854,0.809942121543013,-17.0263,-10.0619,-18,-11,-17.5,-10.5
5389,3760,125.33333333333331,-0.08360000000000056,-0.03589999999999982,0.03333333333331723,2.7294675304914824,-0.9188605367104787,-0.3945824553577249,-18.673099999999998,-10.02835,-19,-11,-18.5,-10.5
5389,3800,126.66666666666669,0.21940000000000026,0.0838000000000001,0.03333333333334565,7.045773201002389,0.9341771033818074,0.3568096684749109,-18.4521,-9.7897,-19,-10,-18.5,-9.5
5389,3840,128.0,-0.2646000000000015,-0.052199999999999136,0.03333333333331723,8.090994994440665,-0.9810907070710205,-0.19354850683713581,-20.2162,-9.8826,-21,-10,-20.5,-9.5
5389,3880,129.33333333333334,0.022299999999997766,0.004899999999999238,0.03333333333333144,0.6849598528380747,0.9766995791476313,0.21461111828803267,-22.38745,-10.09755,-23,-11,-22.5,-10.5
5389,3920,130.66666666666666,-0.10989999999999966,-0.017900000000000915,0.03333333333333144,3.3404457786351256,-0.986994017710804,-0.16075698741605413,-21.76325,-9.76155,-22,-10,-21.5,-9.5
5389,3960,132.0,-0.164200000000001,-0.04020000000000046,0.03333333333333144,5.071480257282213,-0.9713140444403772,-0.237800393340459,-23.3623,-9.9419,-24,-10,-23.5,-9.5
5389,4000,133.33333333333334,-0.20659999999999812,-0.030900000000000816,0.03333333333333144,6.266939683769408,-0.9889994658880064,-0.14791908758925693,-25.2935,-10.245650000000001,-26,-11,-25.5,-10.5
5389,4040,134.66666666666666,-0.041100000000000136,0.021300000000000097,0.03333333333333144,1.3887440368909718,-0.8878525972002969,0.4601279883300814,-28.73635,-10.98615,-29,-11,-28.5,-10.5
5389,4080,136.0,-0.073599999999999,-0.01699999999999946,0.03333333333333144,2.2661341531340184,-0.9743465526727424,-0.22505287222060216,-29.3021,-10.9884,-30,-11,-29.5,-10.5
5389,4120,137.33333333333334,0.779799999999998,0.13739999999999952,0.03333333333333144,23.754370545229385,0.9848292951167892,0.17352596197620762,-28.8027,-10.8486,-29,-11,-28.5,-10.5
5402,3661,122.03333333333332,0.21980000000000288,0.044599999999999085,0.03333333333331723,6.728378705159574,0.9800280704988775,0.19885919901841886,32.0691,-20.762999999999998,32,-21,32.5,-20.5
5402,3701,123.36666666666666,-0.48460000000000036,-0.06750000000000256,0.03333333333334565,14.678353756461977,-0.9904380451107776,-0.13795825019599664,30.0339,-20.28295,30,-21,30.5,-20.5
5402,3741,124.7,-0.00039999999999906777,0.013900000000003132,0.03333333333331723,0.41717262613964246,-0.02876507049616675,0.9995861997443495,29.0767,-19.995350000000002,29,-20,29.5,-19.5
5402,3781,126.03333333333332,-0.2049999999999983,-0.006099999999999994,0.03333333333331723,6.152722080513303,-0.9995575811039792,-0.029742932901143018,27.8402,-19.83045,27,-20,27.5,-19.5
5402,3821,127.36666666666666,-0.14729999999999777,-0.019200000000001438,0.03333333333334565,4.456381603945603,-0.991611669001998,-0.12925284483937594,27.612949999999998,-19.4013,27,-20,27.5,-19.5
5402,3861,128.7,0.01249999999999929,0.003400000000002734,0.03333333333333144,0.3886244974265235,0.9649417432077878,0.26246415415274427,24.705550000000002,-19.8315,24,-20,24.5,-19.5
5402,3901,130.03333333333333,-0.1518000000000015,-0.04260000000000019,0.03333333333333144,4.729926003649842,-0.9628057598546392,-0.27019450177738746,22.5339,-19.9247,22,-20,22.5,-19.5
5402,3941,131.36666666666667,-0.46340000000000003,-0.03260000000000218,0.03333333333333144,13.93635849137149,-0.9975346148427531,-0.07017615115208443,23.995,-19.5733,23,-20,23.5,-19.5
5402,3981,132.7,0.4946000000000019,0.06010000000000204,0.03333333333333144,14.947141967614655,0.9926981380219558,0.12062506691290202,20.194499999999998,-20.053150000000002,20,-21,20.5,-20.5
5402,4021,134.03333333333333,-0.2591000000000001,-0.04980000000000118,0.03333333333333144,7.91527415823402,-0.9820253657183092,-0.1887489896286103,16.997549999999997,-20.471600000000002,16,-21,16.5,-20.5
5402,4061,135.36666666666667,-0.4974999999999987,-0.060900000000000176,0.03333333333333144,15.036407616183615,-0.9925908089866561,-0.12150508596439735,17.02445,-20.393949999999997,17,-21,17.5,-20.5
5402,4101,136.7,-0.08240000000000336,0.028700000000000614,0.03333333333333144,2.617652574350024,-0.944357560748508,0.3289206552606997,17.4413,-20.11235,17,-21,17.5,-20.5
5402,4141,138.03333333333333,0.2696000000000005,0.052600000000001756,0.03333333333333144,8.24049925672032,0.9814939299223311,0.19149325190621752,17.233600000000003,-19.848,17,-20,17.5,-19.5
5402,4181,139.36666666666667,0.05389999999999873,0.04790000000000205,0.03333333333333144,2.1632517190564267,0.747485826894598,0.6642777571104568,16.35015,-19.922150000000002,16,-20,16.5,-19.5
5402,4221,140.7,-0.10080000000000133,-0.04480000000000217,0.03333333333333144,3.309216221403742,-0.9138115486202518,-0.4061384660534596,15.817499999999999,-19.7559,15,-20,15.5,-19.5
5402,4261,142.03333333333333,-0.7164999999999999,-0.10959999999999681,0.03333333333333144,21.745021706129727,-0.9885021174268118,-0.15120702312627415,13.86735,-19.7798,13,-20,13.5,-19.5
5402,4301,143.36666666666667,0.6042000000000005,0.08330000000000126,0.03333333333333144,18.297455478837453,0.9906295452373304,0.1365763672927355,9.549,-20.02495,9,-21,9.5,-20.5
5402,4341,144.7,0.15170000000000172,0.03819999999999979,0.03333333333333144,4.693071169288077,0.9697274632830002,0.24418977651555693,17.167650000000002,-18.678600000000003,17,-19,17.5,-18.5
5402,4381,146.03333333333333,-0.2112999999999996,-0.03529999999999944,0.03333333333333144,6.426850083828353,-0.9863307712670848,-0.16477745492535548,14.25265,-18.76555,14,-19,14.5,-18.5
5402,4421,147.36666666666667,-0.13889999999999958,0.002500000000001279,0.03333333333333144,4.167674891351516,-0.9998380652596746,0.01799564552304156,12.55665,-18.605150000000002,12,-19,12.5,-18.5
5402,4461,148.7,0.3030999999999988,0.09949999999999903,0.03333333333333144,9.570416605352642,0.9501153789809792,0.31189864799936284,15.39675,-17.91715,15,-18,15.5,-17.5
5402,4501,150.03333333333333,0.5836999999999999,0.07750000000000057,0.03333333333333144,17.66467508900278,0.991300429346846,0.13161861105770284,-4.12475,-20.76815,-5,-21,-4.5,-20.5
5402,4541,151.36666666666667,0.1719999999999997,0.02179999999999893,0.03333333333333144,5.201280227021319,0.9920634487627531,0.12573827431992438,-4.997199999999999,-20.531,-5,-21,-4.5,-20.5
5402,4586,152.86666666666667,0.5579000000000001,0.07059999999999889,0.03333333333333144,16.87047992796981,0.9920879590539946,0.12554473903783994,2.27415,-19.7533,2,-20,2.5,-19.5
5402,4626,154.2,0.26759999999999984,0.03539999999999921,0.03333333333333144,8.097939737983195,0.9913632676648985,0.13114446814400837,2.6214,-19.613300000000002,2,-20,2.5,-19.5
5402,4666,155.53333333333333,-0.44209999999999994,-0.06400000000000006,0.03333333333333144,13.401252516090441,-0.9896836123396904,-0.1432701904314414,9.86785,-19.1743,9,-20,9.5,-19.5
5402,4706,156.86666666666667,0.08089999999999975,-0.008099999999998886,0.03333333333333144,2.439134682628375,0.9950250050910808,-0.09962549494730125,8.17515,-19.32825,8,-20,8.5,-19.5
5402,4746,158.2,-0.3666999999999998,-0.05900000000000105,0.03333333333333144,11.142481815108074,-0.98730248633517,-0.15885150448261823,11.50505,-19.513399999999997,11,-20,11.5,-19.5
5402,4786,159.53333333333333,0.03479999999999972,-0.03810000000000002,0.03333333333333144,1.5480261625696954,0.6744072065726783,-0.7383596140925075,5.4757,-20.75035,5,-21,5.5,-20.5
5402,4826,160.86666666666667,-0.3519999999999994,-0.038399999999999324,0.03333333333333144,10.62265051670309,-0.9941021766079948,-0.10844751017541589,7.5809999999999995,-21.011200000000002,7,-22,7.5,-21.5
5402,4866,162.2,-0.018100000000000005,0.03669999999999973,0.03333333333333144,1.22761964793667,-0.4423194113198513,0.8968575909081999,-1.56985,-22.336550000000003,-2,-23,-1.5,-22.5
5402,4906,163.53333333333333,-0.21799999999999997,-0.04340000000000188,0.03333333333333144,6.668343422470471,-0.9807533274249766,-0.1952508917901185,-5.0333,-23.320999999999998,-6,-24,-5.5,-23.5
5402,4946,164.86666666666667,0.17079999999999984,-0.0007999999999981355,0.03333333333333144,5.124056205781016,0.9999890309983982,-0.004683789372346926,-3.3079,-23.884,-4,-24,-3.5,-23.5
5402,4986,166.2,0.1216999999999997,0.04370000000000118,0.03333333333333144,3.8792424518199087,0.9411631382532863,0.3379525812791276,-6.2471499999999995,-24.98515,-7,-25,-6.5,-24.5
5402,5026,167.53333333333333,-0.11209999999999987,-0.02359999999999829,0.03333333333333144,3.436718347493906,-0.9785497849867519,-0.20601048104982783,-11.86195,-25.8343,-12,-26,-11.5,-25.5
5402,5066,168.86666666666667,0.0389999999999997,0.00280000000000058,0.03333333333333144,1.173011508895006,0.9974326689277028,0.0716105505896966,-9.0138,-26.1949,-10,-27,-9.5,-26.5
5402,5106,170.2,-0.4886999999999997,-0.06269999999999953,0.03333333333333144,14.781173228131268,-0.9918698450876868,-0.12725647490689082,-14.026150000000001,-26.98915,-15,-27,-14.5,-26.5
5402,5146,171.53333333333333,-0.11079999999999934,-0.02650000000000219,0.03333333333333144,3.4177479427250486,-0.972570258457933,-0.23260931271784752,-15.2837,-27.416449999999998,-16,-28,-15.5,-27.5
5402,5186,172.86666666666667,0.14149999999999885,0.015699999999998937,0.03333333333333144,4.271049753866343,0.9939008545047842,0.11027733862702602,-14.93945,-28.02865,-15,-29,-14.5,-28.5
5402,5226,174.2,-0.06080000000000041,-0.0365000000000002,0.03333333333333144,2.12744001090526,-0.8573684760323628,-0.514703114723375,-17.8613,-28.61175,-18,-29,-17.5,-28.5
5402,5266,175.53333333333333,-0.07440000000000069,-0.011299999999998533,0.03333333333333144,2.2575971739884513,-0.9886617620347735,-0.1501596493412821,-19.774700000000003,-28.90955,-20,-29,-19.5,-28.5
5402,5306,176.86666666666667,-0.22149999999999892,-0.052600000000001756,0.03333333333333144,6.829795677764089,-0.9729427223766902,-0.2310464433273854,-20.64105,-29.5477,-21,-30,-20.5,-29.5
5402,5346,178.2,-0.27809999999999846,-0.04889999999999972,0.03333333333333144,8.470993920432678,-0.9848903302688581,-0.17317920586173013,-27.554949999999998,-30.561950000000003,-28,-31,-27.5,-30.5
5402,5386,179.53333333333333,-0.023399999999998755,0.0016999999999995907,0.03333333333333144,0.7038501260921978,-0.9973714203867986,0.0724586074639846,-30.106099999999998,-31.12685,-31,-32,-30.5,-31.5
5402,5426,180.86666666666667,-0.17970000000000397,0.001300000000000523,0.03333333333338828,5.391141066592995,-0.999973833628165,0.007234090059638892,-34.320750000000004,-31.66135,-35,-32,-34.5,-31.5
5417,3685,122.83333333333331,-0.03889999999999816,-0.03280000000000172,0.03333333333331723,1.5264812478383822,-0.7645033318640977,-0.6446197759677352,-46.98915,-16.5199,-47,-17,-46.5,-16.5
5417,3725,124.16666666666669,-0.06370000000000431,-0.010900000000003018,0.03333333333334565,1.9387753866804105,-0.9856737470096808,-0.16866316864062433,-46.282250000000005,-16.50305,-47,-17,-46.5,-16.5
5449,3718,123.93333333333334,0.33079999999999643,-0.0005999999999999339,0.03333333333333144,9.924016324049909,0.9999983550964732,-0.0018137817807068449,77.2293,-1.4317,77,-2,77.5,-1.5
5449,3764,125.46666666666668,-0.0007000000000090267,-0.024900000000000144,0.03333333333334565,0.7472951224246048,-0.02810134760699144,-0.9996050791500968,77.13595000000001,-1.95885,77,-2,77.5,-1.5
5449,3804,126.8,-0.46179999999999666,-0.0605,0.03333333333331723,13.972384943172225,-0.9915272200381595,-0.12989908361262253,78.89519999999999,-1.93465,78,-2,78.5,-1.5
5449,3851,128.36666666666667,0.40210000000000434,-0.0134000000000003,0.03333333333333144,12.069696475057675,0.9994451828121197,-0.033306554214579856,75.50534999999999,-2.6837999999999997,75,-3,75.5,-2.5
5454,3733,124.43333333333334,0.13970000000000482,0.016599999999998616,0.03333333333333144,4.2204839769869045,0.9930140767866222,0.11799594613211158,-44.65325,-15.986699999999999,-45,-16,-44.5,-15.5
5454,3773,125.76666666666668,0.015399999999999636,0.023200000000002774,0.03333333333335986,0.8353801529836551,0.5530416282330098,0.8331536217537444,-44.1355,-16.398,-45,-17,-44.5,-16.5
5454,3818,127.26666666666668,-0.12460000000000093,-0.014099999999999113,0.03333333333335986,3.7618576528063454,-0.9936580128725779,-0.11244444607947322,-41.9365,-15.93995,-42,-16,-41.5,-15.5
5455,3727,124.23333333333332,-0.014799999999979718,-0.027100000000004343,0.03333333333331723,0.9263395705682127,-0.47930587670702485,-0.8776479228905577,143.2423,38.07595,143,38,143.5,38.5
5463,3728,124.26666666666668,0.3842999999999961,0.12430000000000518,0.03333333333335986,12.11706573390459,0.9514679752649666,0.3077477734203526,142.14485,39.07835,142,39,142.5,39.5
5463,3768,125.6,0.0630999999999915,-0.0257000000000005,0.03333333333333144,2.0439887475227287,0.9261303430824307,-0.37720364211128593,143.51475,39.75935,143,39,143.5,39.5
5470,3740,124.66666666666669,-0.025500000000000966,0.0009999999999994458,0.03333333333334565,0.7655880093102363,-0.9992319507315434,0.039185566695331436,-17.63685,-10.4316,-18,-11,-17.5,-10.5
5470,3780,126.0,-0.18319999999999936,-0.025300000000001432,0.03333333333331723,5.548161587411599,-0.9905984015448804,-0.13680207182907742,-19.0226,-10.53735,-20,-11,-19.5,-10.5
5470,3820,127.33333333333331,-0.1875,-0.033299999999998775,0.03333333333331723,5.713022492519302,-0.9845926578038433,-0.17486365602595616,-19.64035,-10.338049999999999,-20,-11,-19.5,-10.5
5470,3860,128.66666666666666,0.019700000000000273,0.013600000000000279,0.03333333333333144,0.7181538832312161,0.8229434022426139,0.5681233639847524,-22.68465,-11.0184,-23,-12,-22.5,-11.5
5470,3900,130.0,-0.05209999999999937,0.001300000000000523,0.03333333333333144,1.5634864885889548,-0.9996888437524498,0.024944251379630005,-24.28635,-10.93845,-25,-11,-24.5,-10.5
5470,3940,131.33333333333334,0.10109999999999886,0.002600000000001046,0.03333333333333144,3.0340028015809155,0.9996694790195135,0.025708611725537192,-22.99675,-10.3803,-23,-11,-22.5,-10.5
5470,3980,132.66666666666666,-0.1753,-0.026999999999999247,0.03333333333333144,5.321013155405951,-0.9883456113348172,-0.15222664863684723,-25.98875,-10.997900000000001,-26,-11,-25.5,-10.5
5470,4020,134.0,-0.06879999999999953,-0.036599999999999966,0.03333333333333144,2.337883658354402,-0.8828497485854019,-0.4696555348579346,-28.7404,-11.5105,-29,-12,-28.5,-11.5
5470,4060,135.33333333333334,-0.4064000000000014,-0.07060000000000066,0.03333333333333144,12.374602539072459,-0.9852437653253782,-0.17115701238182113,-28.356,-11.3747,-29,-12,-28.5,-11.5
5470,4100,136.66666666666666,-0.23199999999999932,-0.03369999999999962,0.03333333333333144,7.033044930896241,-0.9896140389243102,-0.14374997030926281,-26.6048,-11.22235,-27,-12,-26.5,-11.5
5515,3764,125.46666666666668,-0.00840000000000174,0.009500000000000952,0.03333333333334565,0.3804326484411343,-0.6624037159601247,0.7491470597167277,-37.0594,-9.70785,-38,-10,-37.5,-9.5
5515,3804,126.8,-0.2208000000000041,0.014200000000000657,0.03333333333331723,6.637684234734598,-0.9979384022729395,0.06417900956646799,-35.274100000000004,-8.450299999999999,-36,-9,-35.5,-8.5
5515,3853,128.43333333333334,0.5071000000000012,0.17149999999999999,0.03333333333333144,16.059464312362053,0.947291871266866,0.32037183183251255,-33.334649999999996,-6.76995,-34,-7,-33.5,-6.5
5521,3806,126.86666666666666,-0.03750000000000142,0.04239999999999888,0.03333333333334565,1.6981192537621965,-0.6624976411445666,0.7490639995874085,-36.453450000000004,-13.3769,-37,-14,-36.5,-13.5
5521,3883,129.43333333333334,0.1162000000000063,0.0472999999999999,0.03333333333333144,3.763742419454727,0.9262057844291646,0.3770183614758779,-40.2256,-14.93895,-41,-15,-40.5,-14.5
5521,3923,130.76666666666668,-0.07739999999999725,9.999999999976694e-05,0.03333333333335986,2.322001937981757,-0.9999991653823989,0.001291988585762408,-38.497,-14.46825,-39,-15,-38.5,-14.5
5521,3963,132.1,-0.2289999999999992,0.010399999999998855,0.03333333333333144,6.8770810668484215,-0.9989703383195249,0.04536808523372031,-36.4413,-13.5506,-37,-14,-36.5,-13.5
5521,4003,133.43333333333334,0.6544000000000025,0.15030000000000143,0.03333333333333144,20.143150324615302,0.9746241120988173,0.22384780569751386,-37.380399999999995,-13.48165,-38,-14,-37.5,-13.5
5521,4043,134.76666666666668,-0.3832999999999984,-0.0686,0.03333333333335986,11.68171070519133,-0.9843592509854459,-0.17617282707435913,-37.027150000000006,-12.9845,-38,-13,-37.5,-12.5
5523,3765,125.5,0.23570000000000135,0.04420000000000002,0.03333333333331723,7.194255833653026,0.9828674658645017,0.18431371230891277,-48.266850000000005,-2.3112,-49,-3,-48.5,-2.5
5523,3805,126.83333333333331,-0.28879999999999484,-0.1014999999999997,0.03333333333331723,9.183513543305676,-0.9434297623832282,-0.3315724407267974,-48.5822,-3.59015,-49,-4,-48.5,-3.5
5523,3845,128.16666666666666,-0.08140000000000214,-0.044500000000000206,0.03333333333333144,2.7830898296679556,-0.8774420336592414,-0.4796826842485921,-49.9838,-4.944050000000001,-50,-5,-49.5,-4.5
5523,3885,129.5,-0.11070000000000135,-0.025599999999999845,0.03333333333333144,3.408645625464986,-0.9742872580211971,-0.22530942913588248,-51.563649999999996,-5.951700000000001,-52,-6,-51.5,-5.5
5523,3925,130.83333333333334,-0.27360000000000184,-0.06579999999999941,0.03333333333333144,8.442034115070191,-0.9722775208107858,-0.2338299008382628,-50.9987,-6.3095,-51,-7,-50.5,-6.5
5533,3786,126.2,-0.34600000000000364,-0.05069999999999908,0.03333333333331723,10.490845580796075,-0.9894340661162855,-0.14498354668235328,-43.8268,-15.11345,-44,-16,-43.5,-15.5
5533,3830,127.66666666666669,-0.06470000000000198,-0.05790000000000006,0.03333333333334565,2.6047360710819096,-0.7451810651944953,-0.6668621897180836,-43.05865,-15.90185,-44,-16,-43.5,-15.5
5533,3888,129.6,0.04590000000000316,0.015100000000000335,0.03333333333333144,1.4495992549668717,0.9499177067607159,0.3125001606118985,-41.98585,-16.08435,-42,-17,-41.5,-16.5
5533,3928,130.93333333333334,-0.45889999999999986,-0.06160000000000032,0.03333333333333144,13.890478501477977,-0.9911105653081671,-0.13304077320327615,-39.81235,-15.617,-40,-16,-39.5,-15.5
5533,3968,132.26666666666668,-0.030000000000001137,-0.005300000000000082,0.03333333333335986,0.9139370875496479,-0.9847504956958288,-0.17397258757292586,-39.213,-15.429749999999999,-40,-16,-39.5,-15.5
5533,4008,133.6,-0.06220000000000425,0.00730000000000075,0.03333333333333144,1.87880733445473,-0.9931832635419143,0.1165633090652126,-39.4088,-14.97045,-40,-15,-39.5,-14.5
5533,4048,134.93333333333334,0.28580000000000183,0.12229999999999919,0.03333333333333144,9.326040799825542,0.9193611934617455,0.39341453450094477,-37.7043,-14.07325,-38,-15,-37.5,-14.5
5533,4088,136.26666666666668,0.053199999999996805,0.011799999999999145,0.03333333333335986,1.6347880596564872,0.9762733404928322,0.21654183116194128,-37.1189,-13.4205,-38,-14,-37.5,-13.5
5533,4130,137.66666666666666,-0.053300000000000125,0.03880000000000017,0.03333333333333144,1.9778010516734157,-0.8084736321922683,0.5885324001699827,-32.09755,-11.982399999999998,-33,-12,-32.5,-11.5
5533,4170,139.0,0.15550000000000352,0.01690000000000147,0.03333333333333144,4.692469925316894,0.9941459560202364,0.10804544473789758,-32.30115,-11.806049999999999,-33,-12,-32.5,-11.5
5533,4210,140.33333333333334,0.20690000000000097,0.02660000000000018,0.03333333333333144,6.258087008024483,0.9918366414595076,0.12751500562021728,-30.454050000000002,-11.464300000000001,-31,-12,-30.5,-11.5
5536,3779,125.96666666666668,-0.10369999999999635,0.012199999999999989,0.03333333333334565,3.132455426656869,-0.9931506043228757,0.11684124756740115,-47.079049999999995,-29.7776,-48,-30,-47.5,-29.5
5536,3819,127.3,0.7436999999999969,0.12890000000000157,0.03333333333331723,22.6436395042955,0.9853098039199171,0.1707764336765892,-44.55175,-28.55705,-45,-29,-44.5,-28.5
5536,3859,128.63333333333333,-0.006799999999998363,0.028999999999999915,0.03333333333333144,0.8935972247047694,-0.22829077168112388,0.9735929968756127,-45.3685,-27.8136,-46,-28,-45.5,-27.5
5536,3899,129.96666666666667,0.06640000000000157,0.04720000000000013,0.03333333333333144,2.4439967266755653,0.8150583747752268,0.5793788447197274,-44.6984,-26.7947,-45,-27,-44.5,-26.5
5536,3939,131.3,0.242999999999995,0.0669000000000004,0.03333333333333144,7.561226686193475,0.9641292745939676,0.2654331212771117,-42.076,-25.458849999999998,-43,-26,-42.5,-25.5
5536,3979,132.63333333333333,-0.0409000000000006,0.03790000000000049,0.03333333333333144,1.6728114059870574,-0.7334957160195147,0.6796940742576909,-41.986050000000006,-24.46475,-42,-25,-41.5,-24.5
5536,4019,133.96666666666667,-0.1659000000000006,-0.005200000000002092,0.03333333333333144,4.979444246098455,-0.9995091327510958,-0.03132879740993231,-41.702749999999995,-23.5489,-42,-24,-41.5,-23.5
5536,4062,135.4,-0.09650000000000603,0.010799999999999699,0.03333333333333144,2.9130741494170733,-0.9937955065715217,0.11122270954374575,-39.54645,-22.18,-40,-23,-39.5,-22.5
5536,4102,136.73333333333332,0.041100000000000136,0.041100000000000136,0.03333333333333144,1.743725322406131,0.7071067811865475,0.7071067811865475,-37.36945,-20.72545,-38,-21,-37.5,-20.5
5536,4142,138.06666666666666,0.29110000000000014,0.08149999999999835,0.03333333333333144,9.068809955005628,0.962970890704378,0.26960538506494397,-35.31425,-19.01865,-36,-20,-35.5,-19.5
5536,4182,139.4,-0.14170000000000016,-0.007999999999999119,0.03333333333333144,4.257769486480226,-0.9984100861961939,-0.056367541916504324,-34.67555,-17.7705,-35,-18,-34.5,-17.5
5536,4222,140.73333333333332,0.03609999999999758,0.03879999999999839,0.03333333333333144,1.589900940310439,0.6811745137961399,0.7321210840800806,-33.185050000000004,-16.2153,-34,-17,-33.5,-16.5
5536,4279,142.63333333333333,-0.07909999999999684,0.07230000000000025,0.03333333333333144,3.214916795190936,-0.7381217465875679,0.6746675382842412,-34.00795,-14.205449999999999,-35,-15,-34.5,-14.5
5561,3814,127.13333333333334,0.09980000000000189,-0.01780000000000026,0.03333333333334565,3.041248427865358,0.9844641340597186,-0.17558578743750416,-48.8433,-2.7548,-49,-3,-48.5,-2.5
5561,3855,128.5,0.027599999999999625,-0.024200000000000443,0.03333333333333144,1.1012084271381775,0.7519012564695349,-0.6592757393682364,-51.6844,-4.2245,-52,-5,-51.5,-4.5
5561,3895,129.83333333333334,-0.4001999999999981,-0.10529999999999973,0.03333333333333144,12.414641235251871,-0.9670839271544237,-0.25445761501589464,-52.854,-5.09515,-53,-6,-52.5,-5.5
5561,3935,131.16666666666666,-0.06199999999999761,-0.025699999999999612,0.03333333333333144,2.0134649239557607,-0.9237806816846746,-0.38292199224672085,-52.2913,-5.696350000000001,-53,-6,-52.5,-5.5
5568,3802,126.73333333333332,-0.033799999999999386,0.005199999999998539,0.03333333333331723,1.0259298221618116,-0.988371697650623,0.15205718425390205,34.1571,-18.395200000000003,34,-19,34.5,-18.5
5568,3842,128.06666666666666,0.03119999999999834,0.019200000000001438,0.03333333333333144,1.0990323016181525,0.851658316704514,0.5240974256643834,31.7606,-18.555500000000002,31,-19,31.5,-18.5
5568,3882,129.4,-0.020800000000001262,-0.004899999999999238,0.03333333333333144,0.6410811181122771,-0.9733557616507242,-0.22930015538882298,30.3547,-18.68865,30,-19,30.5,-18.5
5568,3922,130.73333333333332,0.3025999999999982,0.023999999999997357,0.03333333333333144,9.106507782899454,0.9968695153423659,0.07906433697360968,31.3078,-18.5068,31,-19,31.5,-18.5
5568,3962,132.06666666666666,-0.4207000000000001,-0.025800000000000267,0.03333333333333144,12.644711028727317,-0.998124826366318,-0.06121136325232058,29.143949999999997,-18.4938,29,-19,29.5,-18.5
5568,4002,133.4,-0.45560000000000045,-0.07150000000000034,0.03333333333333144,13.835289986119632,-0.9879084582768648,-0.15503831160403006,26.2965,-18.68025,26,-19,26.5,-18.5
5568,4042,134.73333333333332,-0.3818000000000019,-0.04630000000000223,0.03333333333333144,11.537913026193976,-0.9927271919971347,-0.12038572286398459,23.484,-18.99315,23,-19,23.5,-18.5
5568,4082,136.06666666666666,-0.43400000000000105,-0.027300000000000324,0.03333333333333144,13.045733440478545,-0.998027443945932,-0.06277914566756729,21.0952,-19.08985,21,-20,21.5,-19.5
5568,4122,137.4,0.366699999999998,0.00030000000000285354,0.03333333333333144,11.001003681483454,0.9999996653502723,0.0008181071710060999,24.19345,-18.47325,24,-19,24.5,-18.5
5568,4162,138.73333333333332,0.053999999999998494,-0.005500000000001393,0.03333333333333144,1.628381097900663,0.9948531102999039,-0.10132763160464833,23.7001,-18.64015,23,-19,23.5,-18.5
5568,4202,140.06666666666666,-0.4236000000000004,-0.06970000000000098,0.03333333333333144,12.878879803772506,-0.9867317805294125,-0.16235884113054994,25.0029,-18.42875,25,-19,25.5,-18.5
5568,4242,141.4,0.11959999999999837,0.04269999999999996,0.03333333333333144,3.80981692473553,0.9417775370529718,0.3362366290314583,24.2102,-18.467350000000003,24,-19,24.5,-18.5
5568,4282,142.73333333333332,-0.5530000000000008,-0.0650999999999975,0.03333333333333144,16.704559527267765,-0.9931420204717284,-0.11691418722008487,18.382800000000003,-19.09765,18,-20,18.5,-19.5
5568,4322,144.06666666666666,-0.0738999999999983,-0.0005999999999986017,0.03333333333333144,2.217073070514441,-0.9999670419007214,-0.008118812248160329,22.71185,-18.2242,22,-19,22.5,-18.5
5568,4362,145.4,0.08959999999999724,0.030999999999998806,0.03333333333333144,2.8443354232580247,0.945036221122303,0.3269656568615086,30.2318,-16.9408,30,-17,30.5,-16.5
5568,4402,146.73333333333332,-0.30139999999999745,-0.04860000000000042,0.03333333333333144,9.158795117263415,-0.98724776395065,-0.15919124528202525,20.9047,-18.1513,20,-19,20.5,-18.5
5568,4442,148.06666666666666,-0.1728999999999985,-0.033799999999999386,0.03333333333333144,5.285183535129378,-0.9814228712254691,-0.19185710264557862,24.10435,-17.5733,24,-18,24.5,-17.5
5568,4482,149.4,-0.14089999999999847,-0.00039999999999906777,0.03333333333333144,4.227017033322866,-0.9999959703681018,-0.002838881392095904,21.08835,-17.5644,21,-18,21.5,-17.5
5568,4522,150.73333333333332,-0.20429999999999993,-0.01839999999999975,0.03333333333333144,6.153807358051133,-0.9959687789026527,-0.08970056550077615,4.27685,-19.3019,4,-20,4.5,-19.5
5568,4562,152.06666666666666,0.2458000000000009,0.03790000000000049,0.03333333333333144,7.461142338811582,0.9883205098021203,0.152389533447928,8.043,-18.70995,8,-19,8.5,-18.5
5568,4602,153.4,-0.426400000000001,-0.04159999999999897,0.03333333333333144,12.85273387260545,-0.9952746339256162,-0.09709996428542335,18.2999,-17.534100000000002,18,-18,18.5,-17.5
5568,4642,154.73333333333332,0.4685999999999986,0.025500000000000966,0.03333333333333144,14.0787992740866,0.9985226528426947,0.054337020161096365,20.5803,-17.25635,20,-18,20.5,-17.5
5568,4682,156.06666666666666,-0.21170000000000044,-0.00039999999999906777,0.03333333333333144,6.351011336787611,-0.9999982149634703,-0.0018894628530205719,19.50695,-17.3946,19,-18,19.5,-17.5
5568,4722,157.4,0.5818999999999974,0.05560000000000187,0.03333333333333144,17.536506864254136,0.9954662085859707,0.09511586388964097,22.99005,-17.0253,22,-18,22.5,-17.5
5568,4762,158.73333333333332,-0.6737000000000002,-0.10740000000000194,0.03333333333333144,20.46621130058146,-0.987530115035358,-0.15743021278729308,22.519350000000003,-17.0462,22,-18,22.5,-17.5
5568,4802,160.06666666666666,0.4314,0.0727000000000011,0.03333333333333144,13.12448570421027,0.986095782469328,0.1661779401611526,21.455,-17.06125,21,-18,21.5,-17.5
5568,4842,161.4,-0.28359999999999985,-0.03859999999999886,0.03333333333333144,8.58644443294244,-0.9908641541263571,-0.13486373889025485,15.6724,-17.5539,15,-18,15.5,-17.5
5568,4882,162.73333333333332,0.30370000000000097,0.03760000000000119,0.03333333333333144,9.180561257352963,0.9924229842378426,0.12286830493033896,10.818249999999999,-18.0589,10,-19,10.5,-18.5
5568,4922,164.06666666666666,0.15369999999999884,0.03089999999999904,0.03333333333333144,4.703259508043559,0.9803839214303296,0.19709735310472656,8.638449999999999,-18.22705,8,-19,8.5,-18.5
5568,4962,165.4,-0.06740000000000101,0.007999999999999119,0.03333333333333144,2.0361935075037887,-0.9930293916313271,0.1178669901045938,12.6801,-17.610500000000002,12,-18,12.5,-17.5
5568,5002,166.73333333333332,-0.14749999999999996,-0.02650000000000219,0.03333333333333144,4.495848084622343,-0.9842414415948745,-0.17682981832044972,5.45035,-18.39345,5,-19,5.5,-18.5
5568,5042,168.06666666666666,0.20559999999999956,0.00969999999999871,0.03333333333333144,6.174860727174675,0.9988889260053844,0.047126568979819844,4.484999999999999,-18.536450000000002,4,-19,4.5,-18.5
5568,5082,169.4,-0.0064000000000010715,-0.00969999999999871,0.03333333333333144,0.34863304490538993,-0.55072232195358,-0.8346885192106439,8.2914,-18.28035,8,-19,8.5,-18.5
5568,5122,170.73333333333332,-0.08760000000000001,-0.010400000000000631,0.03333333333333144,2.6464557430648274,-0.9930262415636301,-0.11789352639568924,0.5024,-19.329,0,-20,0.5,-19.5
5568,5162,172.06666666666666,0.15979999999999994,0.00980000000000203,0.03333333333333144,4.803006558396797,0.9981248082243859,0.06121165907760332,1.3756,-19.479300000000002,1,-20,1.5,-19.5
5568,5202,173.4,-0.07430000000000003,-0.0373999999999981,0.03333333333333144,2.4954608792767288,-0.893221776590691,-0.44961634514791565,3.30165,-19.5947,3,-20,3.5,-19.5
5568,5242,174.73333333333332,0.18839999999999968,0.02179999999999893,0.03333333333333144,5.689711767743909,0.9933719370535792,0.11494431118772293,-2.3748,-20.6644,-3,-21,-2.5,-20.5
5568,5282,176.06666666666666,0.22590000000000005,0.009100000000000108,0.03333333333333144,6.782496443051427,0.9991896135741183,0.040250666151060564,0.5468500000000001,-20.731650000000002,0,-21,0.5,-20.5
5568,5322,177.4,-0.1604000000000001,-0.0015999999999998238,0.03333333333333144,4.812239395541607,-0.9999502527780407,-0.009974566112498055,-1.2683,-21.153799999999997,-2,-22,-1.5,-21.5
5568,5363,178.76666666666668,0.09759999999999991,0.026099999999999568,0.03333333333335986,3.0308865039762445,0.9660539898661333,0.25834025753591894,-8.9917,-21.94285,-9,-22,-8.5,-21.5
5568,5403,180.1,0.2638999999999996,0.036599999999999966,0.03333333333333144,7.992777552265988,0.9905192466861452,0.1373740220868243,-9.37105,-22.0638,-10,-23,-9.5,-22.5
5568,5443,181.4333333333333,-0.1460000000000008,0.0035999999999987153,0.03333333333330302,4.381331304527783,-0.9996961415535046,0.02465004184651584,-16.2475,-22.8349,-17,-23,-16.5,-22.5
5576,3835,127.83333333333331,-0.13760000000000616,-0.019199999999999662,0.03333333333331723,4.167992322451938,-0.9904048953654905,-0.13819603191145516,-53.3489,-8.531600000000001,-54,-9,-53.5,-8.5
5576,3876,129.2,0.08300000000000551,0.017599999999999838,0.03333333333333144,2.5453651997309845,0.9782486223444364,0.20743585244892504,-53.5887,-8.588899999999999,-54,-9,-53.5,-8.5
5576,3941,131.36666666666667,-0.29939999999999856,-0.0702000000000007,0.03333333333333144,9.22559266388935,-0.9735959875139135,-0.2282780171124841,-50.894800000000004,-7.7562999999999995,-51,-8,-50.5,-7.5
5578,3819,127.3,-0.15439999999999543,-0.03049999999999997,0.03333333333331723,4.7215091866923515,-0.9810422508670462,-0.1937939679497783,-74.3623,-30.707250000000002,-75,-31,-74.5,-30.5
5578,3859,128.63333333333333,0.04370000000000118,0.018499999999999517,0.03333333333333144,1.423638296759506,0.9208799756119346,0.38984621393180513,-75.14355,-30.969250000000002,-76,-31,-75.5,-30.5
5597,3851,128.36666666666667,0.6136000000000053,0.1346999999999987,0.03333333333333144,18.84632974878785,0.9767419038810548,0.21441840686567093,79.1525,22.794150000000002,79,22,79.5,22.5
5598,3838,127.93333333333334,0.07810000000000628,-0.0519999999999996,0.4000000000000199,0.23456888647047885,0.8323780827794428,-0.5542081985214753,-130.82925,-28.4237,-131,-29,-130.5,-28.5
5598,3913,130.43333333333334,0.0,0.0,0.06666666666666288,0.0,,,-130.842,-28.4584,-131,-29,-130.5,-28.5
5626,3868,128.93333333333334,0.056699999999999307,0.0517000000000003,0.03333333333333144,2.301956124690599,0.7389367598084451,0.6737747880440441,-52.012150000000005,-5.00915,-53,-6,-52.5,-5.5
5626,3908,130.26666666666668,0.1424999999999983,0.013099999999999667,0.03333333333335986,4.293026205367283,0.9958010493045208,0.0915438157606249,-52.14505,-5.79755,-53,-6,-52.5,-5.5
5626,3948,131.6,0.1891999999999996,0.02210000000000001,0.03333333333333144,5.7145905365129686,0.9932470163407008,0.11601881110533585,-52.6938,-6.63825,-53,-7,-52.5,-6.5
5648,3951,131.7,0.21949999999999648,0.0257000000000005,0.03333333333333144,6.629982352917965,0.993215313326151,0.11628990228921635,-50.60555,-7.18365,-51,-8,-50.5,-7.5
5665,3969,132.3,-0.11869999999999692,-0.06240000000000023,0.03333333333333144,4.023071587730103,-0.8851445773077325,-0.46531610466726325,-37.92585,-4.8551,-38,-5,-37.5,-4.5
5667,3898,129.93333333333334,-0.24579999999999558,-0.06029999999999802,0.03333333333333144,7.592651513141137,-0.9712022193087073,-0.2382566876497729,-41.661699999999996,-17.79665,-42,-18,-41.5,-17.5
5667,3938,131.26666666666668,0.04550000000000409,-0.06520000000000081,0.03333333333335986,2.3851962183416644,0.5722799614985423,-0.8200583184549906,-41.19175,-19.2611,-42,-20,-41.5,-19.5
5667,3978,132.6,0.008700000000004593,-0.03920000000000101,0.03333333333333144,1.204614876215759,0.21666675810950622,-0.9762456227457906,-43.35895,-21.1477,-44,-22,-43.5,-21.5
5667,4018,133.93333333333334,0.01860000000000639,-0.0406000000000013,0.03333333333333144,1.3397343020168264,0.4165004950311522,-0.9091354891537373,-45.4634,-23.084600000000002,-46,-24,-45.5,-23.5
5667,4061,135.36666666666667,0.002600000000001046,-0.08660000000000068,0.03333333333333144,2.599170636953426,0.0300095726271601,-0.9995496113503998,-45.5178,-24.7143,-46,-25,-45.5,-24.5
5667,4101,136.7,0.007800000000003138,-0.01180000000000092,0.03333333333333144,0.4243489130421852,0.5514330137493367,-0.834219174646162,-45.5781,-26.2739,-46,-27,-45.5,-26.5
5667,4141,138.03333333333333,0.11500000000000199,-0.060300000000001575,0.03333333333333144,3.8955077974510988,0.8856355010398524,-0.4643810496756832,-45.6495,-27.75645,-46,-28,-45.5,-27.5
5667,4181,139.36666666666667,-0.011699999999997601,0.02430000000000021,0.03333333333333144,0.8090994994436922,-0.43381561877282465,0.901001669759136,-46.069950000000006,-29.52435,-47,-30,-46.5,-29.5
5671,3908,130.26666666666668,0.04930000000000234,-0.02680000000000149,0.03333333333335986,1.6834063680513298,0.8785757426538356,-0.4776030406312979,-40.20395,-18.4906,-41,-19,-40.5,-18.5
5671,3948,131.6,0.0911000000000044,-0.036300000000000665,0.03333333333333144,2.9419738272122253,0.9289681555699091,-0.3701596492556168,-40.680350000000004,-19.922150000000002,-41,-20,-40.5,-19.5
5671,3988,132.93333333333334,-0.5183000000000035,-0.10610000000000142,0.03333333333333144,15.871448894163134,-0.9796837140507866,-0.2005487981107257,-41.37125,-21.70895,-42,-22,-41.5,-21.5
5671,4038,134.6,-0.07949999999999591,-0.3935999999999993,0.36666666666667425,1.0951323139803284,-0.19798354870027224,-0.9802053429991323,-44.66975,-24.0229,-45,-25,-44.5,-24.5
5671,4078,135.93333333333334,0.1570999999999998,-0.06400000000000006,0.03333333333333144,5.089083316276409,0.9260999883666041,-0.3772781620334997,-46.31305,-25.8717,-47,-26,-46.5,-25.5
5671,4118,137.26666666666668,0.012700000000002376,-0.04690000000000083,0.03333333333335986,1.4576728027910593,0.26137552904208233,-0.9652371899268964,-45.093149999999994,-27.25185,-46,-28,-45.5,-27.5
5671,4158,138.6,-0.08389999999999986,-0.051300000000001234,0.03333333333333144,2.9502220255433462,-0.8531561279821236,-0.5216556539390235,-45.26755,-28.972949999999997,-46,-29,-45.5,-28.5
5671,4277,142.56666666666666,-0.03569999999999851,-0.020800000000001262,0.03333333333333144,1.2395228920839365,-0.8640421301129882,-0.5034195043796077,-49.306349999999995,-33.4473,-50,-34,-49.5,-33.5
5671,4317,143.9,-0.17860000000000298,-0.02289999999999992,0.03333333333333144,5.401863845007968,-0.9918798684553831,-0.12717832579858798,-48.5524,-34.69745,-49,-35,-48.5,-34.5
5672,3894,129.8,-0.09559999999999746,-0.02950000000000008,0.03333333333333144,3.001441153846031,-0.9555409728173572,-0.2948583545827705,-44.907399999999996,-1.80555,-45,-2,-44.5,-1.5
5674,3918,130.6,-0.043300000000002115,0.016600000000000392,0.03333333333333144,1.3911883409518626,-0.9337341046945165,0.3579673472962721,-74.34825000000001,-30.7292,-75,-31,-74.5,-30.5
5674,3958,131.93333333333334,0.01290000000000191,-0.008199999999998653,0.03333333333333144,0.4585684245563015,0.8439307620766304,-0.536452112327613,-74.19835,-30.592399999999998,-75,-31,-74.5,-30.5
5674,3998,133.26666666666668,-0.066599999999994,-0.0146000000000015,0.03333333333335986,2.0454456727062347,-0.9768042371688945,-0.2141342622022314,-75.024,-30.9237,-76,-31,-75.5,-30.5
5674,4038,134.6,0.12009999999999366,-0.01869999999999905,0.03333333333333144,3.6464133062504183,0.9880942442328224,-0.15384981154999014,-76.65424999999999,-31.98205,-77,-32,-76.5,-31.5
5686,3915,130.5,0.2891000000000048,0.02970000000000006,0.03333333333333144,8.718647257459791,0.9947644105660889,0.10219475265933037,-39.44585,-2.42725,-40,-3,-39.5,-2.5
5686,3956,131.86666666666667,0.09000000000000341,0.07699999999999996,0.03333333333333144,3.5533223889765453,0.7598522465556328,0.6500958109420164,-40.1089,-3.8986,-41,-4,-40.5,-3.5
5686,3996,133.2,0.5178000000000011,0.21700000000000008,0.03333333333333144,16.842958647459575,0.9222845181267432,0.3865116655726205,-40.2945,-1.6267,-41,-2,-40.5,-1.5
5698,3968,132.26666666666668,0.15960000000000463,0.049499999999999655,0.03333333333335986,5.012999999996141,0.9551166965888719,0.29622980251345526,-39.5737,-3.59345,-40,-4,-39.5,-3.5
5698,4008,133.6,0.10379999999999967,0.11609999999999987,0.03333333333333144,4.672075020802041,0.6665132700428248,0.7454931662039702,-42.246300000000005,-2.1872499999999997,-43,-3,-42.5,-2.5
5706,3923,130.76666666666668,0.12290000000000134,0.026099999999999568,0.03333333333335986,3.7692251193020647,0.9781851397296789,0.20773500526398633,-62.21195,-36.18875,-63,-37,-62.5,-36.5
5706,3963,132.1,-0.18589999999999662,0.01829999999999643,0.03333333333333144,5.603956637948078,-0.9951897133240966,0.09796649679304865,-61.27475,-34.98205,-62,-35,-61.5,-34.5
5706,4003,133.43333333333334,-0.12749999999999773,0.018699999999995498,0.03333333333333144,3.8659211062825674,-0.9894149142837093,0.14511418742824503,-60.71765,-33.58865,-61,-34,-60.5,-33.5
5706,4045,134.83333333333334,0.42799999999999727,0.15440000000000254,0.06666666666666288,6.824972966979792,0.9406630665148733,0.3393420034343452,-59.689,-32.1426,-60,-33,-59.5,-32.5
5706,4090,136.33333333333334,0.02459999999999951,0.012400000000003075,0.03333333333333144,0.8264550804490978,0.8929704922365488,0.45011520746895,-58.3899,-30.7325,-59,-31,-58.5,-30.5
5706,4130,137.66666666666666,-0.14060000000000628,-0.015800000000002257,0.03333333333333144,4.2445494460547515,-0.9937450496473775,-0.11167263004573333,-55.1965,-29.4292,-56,-30,-55.5,-29.5
5706,4170,139.0,-0.1956999999999951,-0.018200000000000216,0.03333333333333144,5.896334200162185,-0.9957033981958993,-0.09259990724152291,-53.76275,-28.6789,-54,-29,-53.5,-28.5
5706,4210,140.33333333333334,0.04370000000000118,0.01249999999999929,0.03333333333333144,1.3635783805855415,0.9614408813354363,0.2750116937458111,-50.93305,-27.215449999999997,-51,-28,-50.5,-27.5
5706,4250,141.66666666666666,-0.0009999999999976694,0.02680000000000149,0.03333333333333144,0.8045595068111129,-0.03728748432646998,0.99930457995178,-49.2428,-26.0212,-50,-27,-49.5,-26.5
5706,4290,143.0,0.0847000000000051,0.0406000000000013,0.03333333333333144,2.817836936375449,0.9017555157995609,0.43224644558986,-50.864850000000004,-24.961599999999997,-51,-25,-50.5,-24.5
5706,4330,144.33333333333334,0.4001000000000019,0.10040000000000049,0.03333333333333144,12.37514254463434,0.9699282215706715,0.24339113583028102,-44.248149999999995,-22.7464,-45,-23,-44.5,-22.5
5706,4370,145.66666666666666,-0.15370000000000061,-0.0011999999999972033,0.03333333333333144,4.611140531365595,-0.9999695235128145,-0.007807179103530098,-38.89825,-20.7211,-39,-21,-38.5,-20.5
5706,4411,147.03333333333333,0.09080000000000155,0.05369999999999919,0.03333333333333144,3.164727002444494,0.8607377501743856,0.5090486474048791,-40.2318,-19.93715,-41,-20,-40.5,-19.5
5706,4451,148.36666666666667,-0.047699999999998965,0.01910000000000167,0.03333333333333144,1.5414571028738486,-0.9283424088365059,0.37172620563478403,-36.04505,-18.42275,-37,-19,-36.5,-18.5
5706,4491,149.7,-0.9909000000000034,-0.18629999999999924,0.03333333333333144,30.24783380673912,-0.9827811204575818,-0.18477356215687366,-42.82925,-18.868650000000002,-43,-19,-42.5,-18.5
5706,4542,151.4,0.6562999999999946,0.14780000000000015,0.03333333333333144,20.182097933565775,0.9755675581801273,0.21969965731986008,-40.880250000000004,-17.0017,-41,-18,-40.5,-17.5
5721,3963,132.1,-0.1909999999999954,-0.06390000000000384,0.03333333333333144,6.042167574637682,-0.9483351676726355,-0.31727024719521735,-52.987700000000004,-33.37905,-53,-34,-52.5,-33.5
5721,4003,133.43333333333334,-1.0807000000000002,-0.1121000000000052,0.03333333333333144,32.594953750544306,-0.9946631692784792,-0.10317548003712655,-53.576049999999995,-34.796549999999996,-54,-35,-53.5,-34.5
5729,3970,132.33333333333334,-0.19440000000000168,-0.11169999999999902,0.03333333333333144,6.7261746186079305,-0.8670604512505788,-0.4982029444685595,127.7934,41.34975,127,41,127.5,41.5
5738,3964,132.13333333333333,-0.27000000000001023,-0.11370000000000147,0.03333333333333144,8.788908976659963,-0.9216160983702666,-0.38810277920258035,133.22660000000002,38.973150000000004,133,38,133.5,38.5
5738,4008,133.6,-0.45070000000001187,-0.11570000000000391,0.03333333333333144,13.959415532178724,-0.9685935610150023,-0.2486493787651134,129.10014999999999,37.56525,129,37,129.5,37.5
5746,3997,133.23333333333332,0.20080000000000098,0.07260000000000044,0.03333333333333144,6.4056428248853425,0.9404208390448616,0.3400127137184115,99.26580000000001,4.962400000000001,99,4,99.5,4.5
5762,4004,133.46666666666667,-0.26129999999999853,-0.06490000000000018,0.03333333333333144,8.077173391726017,-0.9705127796353126,-0.24104967240081254,-45.86735,-2.30405,-46,-3,-45.5,-2.5
5762,4053,135.1,0.18999999999999773,0.027599999999999625,0.03333333333333144,5.759824997341757,0.9896134001694302,0.1437543676035591,-45.7231,-2.2477,-46,-3,-45.5,-2.5
5771,4008,133.6,-0.3615000000000066,-0.059499999999999886,0.03333333333333144,10.990916704261663,-0.9867238822577675,-0.16240683539235404,70.16005,-2.81415,70,-3,70.5,-2.5
5771,4048,134.93333333333334,0.6924000000000063,0.17300000000000004,0.03333333333333144,21.41056010477213,0.9701754600698917,0.24240374724449706,70.6574,-2.582,70,-3,70.5,-2.5
5771,4088,136.26666666666668,0.46529999999999916,0.06499999999999995,0.03333333333335986,14.094544370063302,0.9903832031376388,0.13835140383397074,68.34004999999999,-2.8864,68,-3,68.5,-2.5
5771,4128,137.6,-0.08629999999999427,0.017199999999999882,0.03333333333333144,2.639919885148013,-0.9807115793799239,0.19546047700273111,73.26835,-1.9173,73,-2,73.5,-1.5
5771,4169,138.96666666666667,-0.18770000000000664,-0.01650000000000018,0.03333333333333144,5.652714922937992,-0.9961584967164439,-0.08756854126702676,71.90315,-2.37075,71,-3,71.5,-2.5
5771,4209,140.3,0.1337999999999937,-0.011199999999999877,0.03333333333333144,4.028038232191984,0.9965148711648882,-0.08341529564310277,74.19040000000001,-1.8862,74,-2,74.5,-1.5
5771,4249,141.63333333333333,0.466700000000003,0.06030000000000002,0.03333333333333144,14.117382264429379,0.9917561016448684,0.12813990342658066,73.93325,-1.9507500000000002,73,-2,73.5,-1.5
5776,4018,133.93333333333334,0.2819999999999965,0.03869999999999996,0.03333333333333144,8.539292769310963,0.9907143634194678,0.1359597371075668,69.0864,-3.67955,69,-4,69.5,-3.5
5776,4058,135.26666666666668,0.03499999999999659,0.015000000000000124,0.03333333333335986,1.1423659658785845,0.9191450300180428,0.3939192985792029,70.7561,-3.2234,70,-4,70.5,-3.5
5776,4098,136.6,0.33030000000000825,0.09060000000000024,0.03333333333333144,10.275008759121178,0.9643787399406877,0.2645253219455778,72.19235,-2.8481,72,-3,72.5,-2.5
5776,4145,138.16666666666666,-0.2693000000000012,-0.01059999999999972,0.03333333333333144,8.085256025631347,-0.9992262427298505,-0.03933085099493535,73.54814999999999,-2.5479000000000003,73,-3,73.5,-2.5
5776,4224,140.8,-0.13230000000000075,-0.0049000000000001265,0.6000000000000227,0.22065118273972906,-0.9993148337667671,-0.03701166050988101,73.28535,-2.56245,73,-3,73.5,-2.5
5776,4264,142.13333333333333,-0.18789999999999907,-0.02210000000000001,0.03333333333333144,5.675855706411443,-0.9931542117310593,-0.11681058051759728,69.09875,-3.08855,69,-4,69.5,-3.5
5776,4312,143.73333333333332,0.4198999999999984,0.07040000000000024,0.03333333333333144,12.772820870896819,0.9862347657832764,0.1653511014792645,72.45605,-2.1313,72,-3,72.5,-2.5
5776,4352,145.06666666666666,0.6211000000000126,0.10080000000000001,0.03333333333333144,18.87679170304251,0.9870851092242662,0.16019671391048787,83.91995,0.1592,83,0,83.5,0.5
5813,4038,134.6,0.7953000000000046,0.20539999999999997,0.03333333333333144,24.64187746500001,0.9682297963655376,0.25006211514331733,-40.83655,-0.45709999999999995,-41,-1,-40.5,-0.5
5829,4049,134.96666666666667,-0.22690000000000055,-0.05709999999999926,0.03333333333333144,7.019232009273219,-0.969764212239682,-0.24404379250279856,-52.21925,-7.5901499999999995,-53,-8,-52.5,-7.5
5833,4062,135.4,-0.07469999999999999,-0.022700000000000387,0.03333333333333144,2.3421874391262194,-0.9567978901108608,-0.2907538434473482,-57.257450000000006,-11.21285,-58,-12,-57.5,-11.5
5835,4054,135.13333333333333,0.14379999999999882,0.03470000000000084,0.03333333333333144,4.437823453000579,0.9720981570556513,0.23457445097240745,-37.9512,-9.40705,-38,-10,-37.5,-9.5
5841,4093,136.43333333333334,0.08599999999999852,0.005799999999998917,0.03333333333333144,2.585860785115958,0.9977335264335999,0.06728900527109184,-56.7779,-12.8311,-57,-13,-56.5,-12.5
5842,4095,136.5,0.5742999999999938,0.11270000000000024,0.03333333333333144,17.55760809449934,0.9812840056156912,0.1925660933882811,80.92005,23.333350000000003,80,23,80.5,23.5
5870,4089,136.3,0.18329999999999913,0.03229999999999933,0.03333333333333144,5.5837229515801745,0.9848267988375191,0.17354012876405542,16.725050000000003,-17.83045,16,-18,16.5,-17.5
5870,4129,137.63333333333333,0.3149000000000015,0.025099999999998346,0.03333333333333144,9.476962488055493,0.996838386973392,0.07945583840276396,18.54825,-17.46765,18,-18,18.5,-17.5
5870,4169,138.96666666666667,-0.17960000000000065,-0.008399999999998187,0.03333333333333144,5.393889876518012,-0.9989080465763072,-0.0467195300180353,17.0589,-17.662599999999998,17,-18,17.5,-17.5
5870,4209,140.3,-0.12310000000000088,-0.03999999999999915,0.03333333333333144,3.883072108524621,-0.9510510999507029,-0.30903366367203117,17.36245,-17.3287,17,-18,17.5,-17.5
5870,4249,141.63333333333333,0.07629999999999981,0.005399999999998073,0.03333333333333144,2.294725473776886,0.9975049417273701,0.07059668001737732,16.698549999999997,-17.159399999999998,16,-18,16.5,-17.5
5870,4289,142.96666666666667,-0.4208999999999996,-0.03669999999999973,0.03333333333333144,12.674909467133007,-0.9962201333858411,-0.0868645257668333,10.38135,-17.303849999999997,10,-18,10.5,-17.5
5870,4329,144.3,0.43100000000000094,0.08649999999999913,0.03333333333333144,13.187832460265044,0.9804492162725655,0.19677229050481646,16.611800000000002,-15.66725,16,-16,16.5,-15.5
5870,4369,145.63333333333333,-0.39699999999999847,-0.018200000000000216,0.03333333333333144,11.922508796390762,-0.998950825148989,-0.045795730523203744,22.1649,-13.7261,22,-14,22.5,-13.5
5870,4409,146.96666666666667,-0.0948000000000011,0.028200000000000003,0.03333333333333144,2.9671622806987137,-0.9584915589215712,0.2851209067678059,15.0272,-13.910599999999999,15,-14,15.5,-13.5
5870,4456,148.53333333333333,-0.33800000000000097,-0.026499999999998636,0.03333333333333144,10.17111719527468,-0.9969406315278196,-0.07816250513457332,19.2167,-11.92455,19,-12,19.5,-11.5
5870,4496,149.86666666666667,-0.2738999999999998,0.020200000000000884,0.03333333333333144,8.239315808973926,-0.9972915458648691,0.07354979637265882,-1.94545,-14.0043,-2,-15,-1.5,-14.5
5870,4536,151.2,-0.2294,-0.04560000000000031,0.03333333333333144,7.016647917631725,-0.9808102217452033,-0.19496489150645846,0.2306,-12.1709,0,-13,0.5,-12.5
5870,4576,152.53333333333333,-0.1565000000000003,-0.012900000000000134,0.03333333333333144,4.7109228395297045,-0.9966200169113748,-0.08214950938119388,4.8549500000000005,-10.313949999999998,4,-11,4.5,-10.5
5870,4616,153.86666666666667,-0.028300000000000658,0.036599999999999966,0.03333333333333144,1.3879499270507745,-0.6116935369592837,0.7910948216505033,6.1232500000000005,-9.3028,6,-10,6.5,-9.5
5870,4656,155.2,-0.1056000000000008,-0.008599999999999497,0.03333333333333144,3.1784883199409895,-0.9967002175609757,-0.08117066165742258,14.311499999999999,-7.7859,14,-8,14.5,-7.5
5870,4696,156.53333333333333,0.23830000000000062,0.026399999999999757,0.03333333333333144,7.192736961686152,0.9939192880375437,0.11011107513298717,11.77645,-7.553100000000001,11,-8,11.5,-7.5
5871,4109,136.96666666666667,-0.444700000000001,-0.07779999999999987,0.03333333333333144,13.543627172955611,-0.985038928614379,-0.17233197356914412,-30.37675,-7.1928,-31,-8,-30.5,-7.5
5871,4149,138.3,0.01869999999999905,-0.019099999999999895,0.03333333333333144,0.801903984277443,0.699585001445645,-0.7145493865033382,-28.441850000000002,-6.72015,-29,-7,-28.5,-6.5
5871,4189,139.63333333333333,0.2970000000000006,0.07060000000000066,0.03333333333333144,9.158276257026207,0.972890503621224,0.23126622746013104,-27.453899999999997,-6.4882,-28,-7,-27.5,-6.5
5871,4229,140.96666666666667,-0.06380000000000052,-0.011400000000000077,0.03333333333333144,1.9443147893282333,-0.9844084972790941,-0.17589744308748678,-27.9744,-6.4818,-28,-7,-27.5,-6.5
5871,4269,142.3,-0.05309999999999704,-0.029799999999999827,0.03333333333333144,1.8267142633701876,-0.8720575691246885,-0.48940330621312644,-29.46185,-6.7804,-30,-7,-29.5,-6.5
5871,4309,143.63333333333333,0.2102999999999966,0.031500000000000306,0.03333333333333144,6.379381317965196,0.988967375603221,0.1481334870732395,-26.62425,-6.069850000000001,-27,-7,-26.5,-6.5
5871,4349,144.96666666666667,0.009899999999998244,0.021600000000000286,0.03333333333333144,0.7128204542520069,0.41665471049314795,0.9090648228943143,-19.42105,-4.129099999999999,-20,-5,-19.5,-4.5
5871,4389,146.3,-0.120000000000001,-0.004799999999999471,0.03333333333333144,3.6028788489209136,-0.9992009587217896,-0.03996803834886685,-23.109299999999998,-4.9123,-24,-5,-23.5,-4.5
5871,4429,147.63333333333333,0.19490000000000052,0.013399999999999856,0.03333333333333144,5.860803101965129,0.9976448446186235,0.06859128228778541,-21.31655,-4.507300000000001,-22,-5,-21.5,-4.5
5871,4469,148.96666666666667,-0.36859999999999715,-0.06689999999999952,0.03333333333333144,11.238657081698525,-0.9839253853565679,-0.17858005501995233,-20.5801,-4.34745,-21,-5,-20.5,-4.5
5872,4110,137.0,-0.009300000000003195,-0.03599999999999959,0.03333333333333144,1.115455512335731,-0.25012203258191257,-0.968214319671576,-37.216449999999995,-12.1894,-38,-13,-37.5,-12.5
5893,4105,136.83333333333334,0.18759999999999621,0.050200000000000244,0.03333333333333144,5.826012358380525,0.9660123689755851,0.2584958471352643,-33.788799999999995,-11.6312,-34,-12,-33.5,-11.5
5893,4148,138.26666666666668,0.08400000000000318,0.009700000000000486,0.03333333333335986,2.5367461441756936,0.9933985731224813,0.11471388284866887,-32.101,-11.14895,-33,-12,-32.5,-11.5
5893,4188,139.6,0.3451999999999984,0.07749999999999879,0.03333333333333144,10.613781654057693,0.975712553502681,0.21905481719715225,-30.6566,-11.131450000000001,-31,-12,-30.5,-11.5
5893,4235,141.16666666666666,-0.054700000000000415,-0.007200000000000983,0.03333333333333144,1.6551546755516129,-0.9914481252051021,-0.13050139856449097,-30.553649999999998,-11.4512,-31,-12,-30.5,-11.5
5893,4275,142.5,-0.038800000000001944,-0.020500000000000185,0.03333333333333144,1.3164805353670594,-0.8841756248796944,-0.46715464716579874,-31.9408,-11.754349999999999,-32,-12,-31.5,-11.5
5893,4315,143.83333333333334,0.16629999999999967,0.05900000000000105,0.03333333333333144,5.293677455229322,0.9424450284691834,0.3343611345741607,-28.13605,-11.1212,-29,-12,-28.5,-11.5
5906,4116,137.2,0.1415999999999995,0.012399999999999523,0.03333333333333144,4.264257027900866,0.9961876060016386,0.08723676775720259,7.6236,-9.2622,7,-10,7.5,-9.5
5906,4156,138.53333333333333,0.20929999999999982,0.021300000000000097,0.03333333333333144,6.3114310580093065,0.9948615365182831,0.10124486730931459,7.3618500000000004,-10.20445,7,-11,7.5,-10.5
5906,4196,139.86666666666667,0.13199999999999967,-0.01630000000000109,0.03333333333333144,3.9900778187902257,0.9924618465714211,-0.12255400075087339,7.6973,-11.21415,7,-12,7.5,-11.5
5906,4236,141.2,-0.3631000000000002,-0.08709999999999951,0.03333333333333144,11.202018478828462,-0.9724140359693323,-0.23326153272632422,6.821149999999999,-12.07685,6,-13,6.5,-12.5
5906,4276,142.53333333333333,0.12670000000000048,0.009199999999999875,0.03333333333333144,3.8110073471461265,0.9973740939771764,0.0724217968791623,5.79515,-12.8306,5,-13,5.5,-12.5
5906,4316,143.86666666666667,-0.1927999999999992,-0.02829999999999977,0.03333333333333144,5.845977848059603,-0.9893982068235392,-0.14522805629204383,7.9793,-13.06045,7,-14,7.5,-13.5
5906,4356,145.2,0.3660999999999994,0.056699999999999307,0.03333333333333144,11.113941245121534,0.9882182888830365,0.15305101606027743,14.73775,-12.24215,14,-13,14.5,-12.5
5906,4396,146.53333333333333,0.4004000000000012,0.019600000000000506,0.03333333333333144,12.026382997394409,0.9988040462874992,0.04889250576232625,9.1257,-13.2548,9,-14,9.5,-13.5
5906,4436,147.86666666666667,-0.20199999999999996,-0.056400000000000006,0.03333333333333144,6.291777491298027,-0.9631618423222614,-0.26892241538106715,10.642900000000001,-13.275,10,-14,10.5,-13.5
5906,4478,149.26666666666668,-0.16630000000000056,-0.05770000000000053,0.03333333333335986,5.28076528544451,-0.9447494312514394,-0.32779339857611767,7.8020499999999995,-14.04675,7,-15,7.5,-14.5
5906,4518,150.6,-0.3323999999999998,-0.062000000000001165,0.03333333333333144,10.14398264982801,-0.9830458454273515,-0.18335993506768042,-7.4825,-16.5462,-8,-17,-7.5,-16.5
5906,4558,151.93333333333334,-0.06390000000000029,-0.036599999999999966,0.03333333333333144,2.2091837859265095,-0.8677412953201388,-0.4970161409814852,-5.08615,-16.8242,-6,-17,-5.5,-16.5
5906,4598,153.26666666666668,0.14360000000000017,-0.03300000000000125,0.03333333333335986,4.420290035729446,0.9745966814789929,-0.22396720396105813,4.307600000000001,-16.4782,4,-17,4.5,-16.5
5906,4638,154.6,-0.15010000000000012,-0.01670000000000016,0.03333333333333144,4.530784700248112,-0.9938675743638116,-0.11057687203115121,4.76075,-16.95935,4,-17,4.5,-16.5
5906,4678,155.93333333333334,0.19890000000000008,0.03549999999999898,0.03333333333333144,6.061296395986929,0.9844428667027372,0.17570498626418374,4.36705,-17.45075,4,-18,4.5,-17.5
5906,4718,157.26666666666668,0.27499999999999947,0.022200000000001552,0.03333333333335986,8.276838526870677,0.9967573939264217,0.08046550598242964,7.4815000000000005,-17.374299999999998,7,-18,7.5,-17.5
5906,4758,158.6,-0.1296999999999997,-0.03859999999999886,0.03333333333333144,4.059660700108044,-0.9584544836214164,-0.28524551324429964,7.99255,-17.456699999999998,7,-18,7.5,-17.5
5906,4798,159.93333333333334,0.2353000000000005,0.0033999999999991815,0.03333333333333144,7.059736893114776,0.9998956203148196,0.014448130510282877,5.04605,-18.1498,5,-19,5.5,-18.5
5906,4838,161.26666666666668,-0.3193999999999999,-0.03170000000000073,0.03333333333335986,9.629077058568615,-0.9951109479870294,-0.09876335958418775,3.1558,-18.45835,3,-19,3.5,-18.5
5906,4878,162.6,0.3591000000000002,0.061700000000001864,0.03333333333333144,10.930861356728203,0.9855581960491689,0.16933706682326796,-2.42235,-19.28305,-3,-20,-2.5,-19.5
5906,4918,163.93333333333334,-0.01580000000000048,-0.01150000000000162,0.03333333333333144,0.5862601811483416,-0.8085147435249487,-0.5884759209201226,-5.6764,-19.92355,-6,-20,-5.5,-19.5
5906,4958,165.26666666666668,0.15910000000000002,0.009199999999999875,0.03333333333335986,4.780973227279527,0.9983323003697593,0.05772883195098466,-2.2247500000000002,-19.5347,-3,-20,-2.5,-19.5
5906,4998,166.6,-0.12239999999999984,-0.007200000000000983,0.03333333333333144,3.678347455040309,-0.9982743731749953,-0.058722021951478416,-7.031700000000001,-20.2068,-8,-21,-7.5,-20.5
5906,5038,167.93333333333334,0.3796999999999997,0.0517000000000003,0.03333333333333144,11.496107254197609,0.9908571439120324,0.13491523397485491,-9.97875,-20.571649999999998,-10,-21,-9.5,-20.5
5906,5078,169.26666666666668,0.004999999999999893,0.026600000000001955,0.03333333333335986,0.8119753690839663,0.18473466771424435,0.9827884322398731,-6.365,-20.2269,-7,-21,-6.5,-20.5
5906,5118,170.6,-0.19040000000000035,-0.023999999999997357,0.03333333333333144,5.757199319113745,-0.9921490786390963,-0.12506080823180488,-13.2799,-21.0375,-14,-22,-13.5,-21.5
5906,5158,171.93333333333334,-0.3248999999999995,-0.05450000000000088,0.03333333333333144,9.88317934674925,-0.9862210993071272,-0.1654325943743902,-12.66615,-21.327849999999998,-13,-22,-12.5,-21.5
5906,5198,173.26666666666668,0.056100000000000705,0.01939999999999742,0.03333333333335986,1.7807899932319178,0.9450861732125083,0.3268212434994651,-10.82185,-21.3474,-11,-22,-10.5,-21.5
5906,5238,174.6,-0.6295000000000002,-0.090799999999998,0.03333333333333144,19.080445513667684,-0.9897567636181973,-0.14276396209139047,-17.18625,-22.2491,-18,-23,-17.5,-22.5
5906,5278,175.93333333333334,0.13949999999999818,0.017499999999998295,0.03333333333333144,4.2178015600548955,0.9922230670201835,0.1244724277623781,-16.18485,-22.44305,-17,-23,-16.5,-22.5
5906,5318,177.26666666666668,-0.159200000000002,-0.039699999999999847,0.03333333333335986,4.92226137054525,-0.9702857366688781,-0.24196195820197128,-16.822699999999998,-22.806849999999997,-17,-23,-16.5,-22.5
5906,5358,178.6,-0.11759999999999948,0.004999999999999005,0.03333333333333144,3.531187335727361,-0.9990973756348388,0.04247862991643896,-24.7964,-23.550600000000003,-25,-24,-24.5,-23.5
5906,5398,179.93333333333334,-0.12079999999999913,-0.008699999999997488,0.03333333333333144,3.6333864369209716,-0.9974166147521744,-0.07183381248627047,-25.0935,-23.33935,-26,-24,-25.5,-23.5
5906,5438,181.26666666666668,-0.26670000000000016,-0.06390000000000029,0.03333333333338828,8.22744735624464,-0.9724765961478985,-0.23300057927953116,-33.45785,-24.323749999999997,-34,-25,-33.5,-24.5
5907,4136,137.86666666666667,0.14329999999999643,0.027200000000000557,0.03333333333333144,4.375757877214104,0.9824583810695586,0.18648198161265322,-32.61575,-10.574,-33,-11,-32.5,-10.5
5907,4176,139.2,0.019899999999999807,-0.0218999999999987,0.03333333333333144,0.887726309174191,0.6725045701927979,-0.7400929692071126,-31.53335,-10.74245,-32,-11,-31.5,-10.5
5908,4117,137.23333333333332,-0.3763000000000005,-0.08540000000000036,0.03333333333333144,11.576068633176622,-0.9752015436092669,-0.22131866017600751,-43.33565,-2.49,-44,-3,-43.5,-2.5
5908,4209,140.3,0.12109999999999843,-0.028099999999999348,0.03333333333333144,3.7295224895422208,0.9741193437463601,-0.22603429859019356,-48.91945,-5.38015,-49,-6,-48.5,-5.5
5908,4249,141.63333333333333,-0.38870000000000005,-0.10170000000000012,0.03333333333333144,12.053527367539203,-0.9674346475044611,-0.2531209252667965,-49.68745,-6.25975,-50,-7,-49.5,-6.5
5908,4289,142.96666666666667,0.0022999999999981924,-0.009599999999999831,0.03333333333333144,0.29615029967906426,0.23298980306528289,-0.9724791780123627,-53.772149999999996,-7.6022,-54,-8,-53.5,-7.5
5909,4147,138.23333333333332,-0.2004000000000019,-0.03020000000000067,0.03333333333333144,6.079883222563154,-0.9888347818407378,-0.14901602001791747,-29.5902,-12.0944,-30,-13,-29.5,-12.5
5909,4187,139.56666666666666,0.04660000000000153,0.01869999999999905,0.03333333333333144,1.5063615103952817,0.9280640738313067,0.37242056181639455,-31.0205,-12.98005,-32,-13,-31.5,-12.5
5909,4227,140.9,-0.21950000000000358,-0.04749999999999943,0.03333333333333144,6.737421613644683,-0.9773768627844938,-0.2115052436549528,-32.864450000000005,-13.40935,-33,-14,-32.5,-13.5
5909,4267,142.23333333333332,-0.30570000000000164,-0.03570000000000029,0.03333333333333144,9.233324536699152,-0.9932500437463382,-0.11599289029029888,-34.77435,-13.59865,-35,-14,-34.5,-13.5
5914,4143,138.1,-0.03719999999999857,-0.020700000000001495,0.03333333333333144,1.277144079577612,-0.8738246669624884,-0.4862411453259547,-32.3277,-19.67085,-33,-20,-32.5,-19.5
5914,4183,139.43333333333334,-0.18350000000000222,-0.0583999999999989,0.03333333333333144,5.777069239675461,-0.9529053178371867,-0.30326795946425056,-34.135850000000005,-21.0187,-35,-22,-34.5,-21.5
5914,4223,140.76666666666668,0.07719999999999771,0.010699999999999932,0.03333333333335986,2.3381396451005614,0.990531085194648,0.1372886348650645,-35.1687,-21.93535,-36,-22,-35.5,-21.5
5914,4263,142.1,-0.36759999999999593,-0.07379999999999853,0.03333333333333144,11.248047830624277,-0.9804367981060089,-0.19683415587655825,-37.1565,-23.0654,-38,-24,-37.5,-23.5
5914,4303,143.43333333333334,0.08579999999999899,-0.00420000000000087,0.03333333333333144,2.5770820708701936,0.9988040462874987,-0.048892505762335815,-39.253299999999996,-23.9653,-40,-24,-39.5,-23.5
5914,4343,144.76666666666668,0.290300000000002,0.029999999999997584,0.03333333333335986,8.755380117383762,0.9947026723261797,0.10279393789108777,-35.05815,-24.0831,-36,-25,-35.5,-24.5
5914,4383,146.1,0.0840999999999994,-0.052199999999999136,0.03333333333333144,2.969492380862566,0.8496401661981212,-0.5273628617781393,-37.653549999999996,-25.325,-38,-26,-37.5,-25.5
5914,4423,147.43333333333334,0.19839999999999947,-0.024100000000000676,0.03333333333333144,5.995751245674217,0.9927029584982432,-0.12058538961596973,-38.9577,-26.361449999999998,-39,-27,-38.5,-26.5
5914,4463,148.76666666666668,0.10699999999999932,-0.013600000000000279,0.03333333333335986,3.235825087977286,0.9920190099038994,-0.126088397520499,-37.4356,-26.9191,-38,-27,-37.5,-26.5
5916,4133,137.76666666666668,-0.4079999999999999,-0.0622,0.03333333333335986,12.381419789335792,-0.9885780636024197,-0.15070969499036893,3.8205,-0.071,3,-1,3.5,-0.5
5916,4174,139.13333333333333,0.009400000000000075,0.04150000000000009,0.03333333333333144,1.276537896029802,0.22091001048780046,0.9752941952386879,0.9326,-0.86595,0,-1,0.5,-0.5
5916,4214,140.46666666666667,-0.15569999999999995,-0.02789999999999998,0.03333333333333144,4.745398824124537,-0.9843219027774764,-0.17638138142255352,1.57725,-0.43325,1,-1,1.5,-0.5
5916,4257,141.9,-0.4104,-0.07919999999999994,0.03333333333333144,12.539167436477506,-0.9818833716331152,-0.18948626470112737,-0.1553,-0.647,-1,-1,-0.5,-0.5
5916,4297,143.23333333333332,0.2373000000000003,0.07339999999999991,0.03333333333333144,7.451775962816275,0.9553427311185434,0.29550002724020613,-5.415850000000001,-1.3385,-6,-2,-5.5,-1.5
5916,4338,144.6,0.11759999999999948,0.027300000000000102,0.03333333333333144,3.6218151526550035,0.9740972002433512,0.22612970719935124,4.9996,1.2116500000000001,4,1,4.5,1.5
5916,4378,145.93333333333334,-0.8876,-0.17030000000000012,0.03333333333333144,27.11369146759776,-0.9820868557062149,-0.18842878720906775,3.7571,1.40995,3,1,3.5,1.5
5916,4418,147.26666666666668,0.15470000000000006,0.049900000000000055,0.03333333333335986,4.876462857436953,0.9517144158943923,0.3069848051268921,0.65035,1.09905,0,1,0.5,1.5
5916,4458,148.6,-0.1520999999999999,0.0253000000000001,0.03333333333333144,4.625694542444671,-0.986446458608726,0.16408346747403604,1.92185,1.72065,1,1,1.5,1.5
5916,4498,149.93333333333334,0.32349999999999923,0.07609999999999983,0.03333333333333144,9.969910430892085,0.9734290059346247,0.22898901808848515,-18.702350000000003,-2.56485,-19,-3,-18.5,-2.5
5916,4538,151.26666666666668,-0.6354000000000006,-0.13180000000000003,0.03333333333335986,19.46776720631818,-0.979156972546824,-0.20310495590442446,-14.9056,-0.8674999999999999,-15,-1,-14.5,-0.5
5916,4578,152.6,-0.1673000000000009,-0.0242,0.03333333333333144,5.071236239814034,-0.9896995057332139,-0.14316035886876058,-10.04425,0.061399999999999996,-11,0,-10.5,0.5
5916,4618,153.93333333333334,0.2256999999999998,0.04269999999999999,0.03333333333333144,6.891110360457545,0.9825702456970676,0.18589166810485075,-9.65565,0.22015,-10,0,-9.5,0.5
5916,4658,155.26666666666668,-0.15180000000000016,-0.03509999999999991,0.03333333333335986,4.674155003844573,-0.9742937485493393,-0.22528136083057762,-1.8994,1.54365,-2,1,-1.5,1.5
5916,4698,156.6,0.03990000000000027,0.007099999999999884,0.03333333333333144,1.2158034380606866,0.9845341463332233,0.17519279295653445,-4.69495,1.19285,-5,1,-4.5,1.5
5916,4738,157.93333333333334,-0.8641000000000001,-0.18900000000000006,0.03333333333333144,26.535840461535795,-0.9769051799047916,-0.21367327740077036,1.12385,2.4715,1,2,1.5,2.5
5916,4778,159.26666666666668,-0.2917000000000005,-0.05049999999999999,0.03333333333335986,8.881172557713015,-0.9853428635831524,-0.17058558317089165,-6.44055,1.35375,-7,1,-6.5,1.5
5916,4818,160.6,-0.015800000000000036,0.0013000000000000789,0.03333333333333144,0.47560172413483426,-0.9966322154577553,0.08200138481614921,-3.3571999999999997,2.5618499999999997,-4,2,-3.5,2.5
5921,4147,138.23333333333332,0.1384000000000185,0.026199999999999335,0.03333333333333144,4.225742538301003,0.9825492117345462,0.18600281320405357,-130.4251,-27.5298,-131,-28,-130.5,-27.5
5921,4189,139.63333333333333,0.08279999999999177,0.060600000000000875,0.03333333333333144,3.0782105191165767,0.8069623518513555,0.5906028807028708,-130.978,-27.8794,-131,-28,-130.5,-27.5
5925,4191,139.7,-0.08789999999999765,-0.03560000000000052,0.03333333333333144,2.8450646741331878,-0.9268682093504607,-0.37538689707483236,-39.778850000000006,-15.6724,-40,-16,-39.5,-15.5
5925,4231,141.03333333333333,-0.20700000000000074,-0.0589999999999975,0.03333333333333144,6.45732142610268,-0.9616990684244789,-0.27410746394706115,-42.227900000000005,-17.0959,-43,-18,-42.5,-17.5
5925,4271,142.36666666666667,-0.12100000000000222,-0.026700000000001722,0.03333333333333144,3.7173244410465625,-0.9765087921618957,-0.21547755992333736,-45.207300000000004,-18.57645,-46,-19,-45.5,-18.5
5925,4311,143.7,0.0975000000000037,-0.001200000000000756,0.03333333333333144,2.9252215300728293,0.9999242689586841,-0.012306760233344939,-45.27305,-19.0978,-46,-20,-45.5,-19.5
5925,4351,145.03333333333333,0.22350000000000136,0.005100000000002325,0.03333333333333144,6.7067454104062785,0.9997397529950746,0.02281285342405894,-42.19705,-19.09165,-43,-20,-42.5,-19.5
5925,4391,146.36666666666667,-0.4163999999999959,-0.08670000000000044,0.03333333333333144,12.759908502807358,-0.9790038852748962,-0.20384158706372424,-47.2967,-21.14455,-48,-22,-47.5,-21.5
5925,4431,147.7,-0.03259999999999508,-0.02459999999999951,0.03333333333333144,1.2252052889209466,-0.7982335767267579,-0.6023480364257919,-47.2041,-22.3176,-48,-23,-47.5,-22.5
5925,4471,149.03333333333333,-0.13929999999999865,-0.03960000000000008,0.03333333333333144,4.344581107540957,-0.9618879004805875,-0.27344408369728435,-48.05005,-23.6,-49,-24,-48.5,-23.5
5925,4511,150.36666666666667,-0.21369999999999578,-0.05999999999999872,0.03333333333333144,6.658897881782186,-0.9627719352086535,-0.270315002866257,-58.06815,-26.348399999999998,-59,-27,-58.5,-26.5
5925,4551,151.7,0.14679999999999893,-0.019999999999999574,0.03333333333333144,4.444684015765569,0.9908465898540724,-0.13499272341335947,-58.8244,-27.793999999999997,-59,-28,-58.5,-27.5
5925,4591,153.03333333333333,0.16169999999999618,-0.02640000000000242,0.03333333333333144,4.915227868573516,0.986932880775679,-0.16113189890217025,-54.62285,-28.8519,-55,-29,-54.5,-28.5
5925,4631,154.36666666666667,0.7561999999999998,0.005099999999998772,0.03333333333333144,22.686515929072453,0.9999772583382665,0.006744094178159128,-54.387299999999996,-30.28595,-55,-31,-54.5,-30.5
5925,4671,155.7,-0.23859999999999815,-0.03950000000000031,0.03333333333333144,7.25542479803941,-0.986572144188527,-0.1633260674578685,-54.4033,-31.90245,-55,-32,-54.5,-31.5
5925,4712,157.06666666666666,-0.21229999999999905,-0.06610000000000582,0.03333333333333144,6.670565943007039,-0.9547915505845728,-0.2972761257354974,-54.95915,-33.22775,-55,-34,-54.5,-33.5
5925,4752,158.4,-0.026299999999999102,-0.017499999999998295,0.03333333333333144,0.9477056505054752,-0.832536979788177,-0.5539694732430485,-54.80185,-34.31845,-55,-35,-54.5,-34.5
5925,4792,159.73333333333332,0.04609999999999559,-0.0146000000000015,0.03333333333333144,1.4507008650993192,0.9533323052821522,-0.30192302943865906,-57.40005,-35.6042,-58,-36,-57.5,-35.5
5933,4176,139.2,-0.15800000000001546,-0.06160000000000565,0.03333333333333144,5.087504692873311,-0.9316944722705868,-0.36324290817637844,142.8243,39.288399999999996,142,39,142.5,39.5
5933,4216,140.53333333333333,-0.2411999999999921,-0.07569999999999766,0.03333333333333144,7.5840053401881775,-0.954113252222556,-0.2994459916801311,147.6335,40.01375,147,40,147.5,40.5
5933,4256,141.86666666666667,-0.13269999999999982,-0.052300000000002456,0.03333333333333144,4.279032834648768,-0.930350421189743,-0.36667164301602045,148.41225,39.59265,148,39,148.5,39.5
5933,4296,143.2,0.28350000000000364,0.09749999999999659,0.03333333333333144,8.99392294830295,0.9456385215758811,0.32521959736735095,137.31905,36.75875,137,36,137.5,36.5
5933,4336,144.53333333333333,1.2368999999999915,0.29129999999999967,0.03333333333333144,38.12216638650204,0.9733707057409092,0.22923670998652154,171.29815,44.10795,171,44,171.5,44.5
5944,4182,139.4,0.005200000000002092,-0.012000000000000455,0.03333333333333144,0.39234678538258333,0.39760743763442247,-0.9175556253098713,-130.829,-28.4883,-131,-29,-130.5,-28.5
5956,4170,139.0,-0.37450000000000117,-0.09060000000000024,0.03333333333333144,11.559098104956806,-0.9719616442378707,-0.2351394525178933,-30.956049999999998,-11.994800000000001,-31,-12,-30.5,-11.5
5956,4210,140.33333333333334,0.0367999999999995,-0.027300000000000324,0.03333333333333144,1.3746188562653279,0.8031317153610721,-0.5958015171021149,-31.2306,-12.27805,-32,-13,-31.5,-12.5
5956,4250,141.66666666666666,-0.06119999999999948,-0.05430000000000135,0.03333333333333144,2.4544932267172297,-0.7480159162857634,-0.6636807884692534,-31.8579,-12.51675,-32,-13,-31.5,-12.5
5956,4290,143.0,0.07620000000000005,0.026999999999999247,0.03333333333333144,2.4252620476972457,0.9425785564783228,0.33398452788601035,-36.6479,-13.2091,-37,-14,-36.5,-13.5
5956,4400,146.66666666666666,-0.01279999999999859,0.029600000000000293,0.03333333333333144,0.9674709297958722,-0.39691115068542693,0.91785703596016,-34.6971,-13.6493,-35,-14,-34.5,-13.5
5956,4440,148.0,-0.11999999999999744,-0.05010000000000048,0.03333333333333144,3.9011548290219427,-0.9228036716765438,-0.3852705329249689,-33.2131,-14.29955,-34,-15,-33.5,-14.5
5956,4480,149.33333333333334,-0.2682000000000002,-0.09810000000000052,0.03333333333333144,8.56734293699094,-0.9391476516319325,-0.3435137383485943,-34.91030000000001,-15.152650000000001,-35,-16,-34.5,-15.5
5956,4520,150.66666666666666,0.04719999999999658,0.00420000000000087,0.03333333333333144,1.4215948790003239,0.9960643646913807,0.08863284601069849,-46.273399999999995,-17.4322,-47,-18,-46.5,-17.5
5956,4560,152.0,-0.022100000000001785,-0.0034999999999989484,0.03333333333333144,0.6712629887012359,-0.9876903853776714,-0.15642155424527296,-44.56425,-17.571649999999998,-45,-18,-44.5,-17.5
5956,4600,153.33333333333334,0.20839999999999748,-0.0023999999999979593,0.03333333333333144,6.25241457358703,0.9999336938422954,-0.01151555117667705,-38.0696,-17.348300000000002,-39,-18,-38.5,-17.5
5956,4640,154.66666666666666,0.011100000000006105,-0.023399999999998755,0.03333333333333144,0.7769768336315687,0.42858420687238397,-0.9035018415142104,-38.05875,-18.081699999999998,-39,-19,-38.5,-18.5
5956,4680,156.0,0.04740000000000322,-0.022700000000000387,0.03333333333333144,1.5766562719884676,0.9019086945354051,-0.431926737678326,-38.9404,-18.99425,-39,-19,-38.5,-18.5
5956,4720,157.33333333333334,-0.23859999999999815,-0.10210000000000008,0.03333333333333144,7.785816142191267,-0.9193641192233162,-0.3934076972870971,-37.2124,-19.64985,-38,-20,-37.5,-19.5
5956,4760,158.66666666666666,-0.044299999999999784,-0.012100000000000222,0.03333333333333144,1.3776828372307623,-0.9646632476539019,-0.2634858983433969,-37.57984999999999,-20.43475,-38,-21,-37.5,-20.5
5956,4800,160.0,-0.036999999999999034,-0.04340000000000188,0.03333333333333144,1.7109365856163155,-0.6487674700112797,-0.7609867080673377,-39.254000000000005,-21.439500000000002,-40,-22,-39.5,-21.5
5956,4840,161.33333333333334,-0.23329999999999984,-0.06540000000000035,0.03333333333333144,7.268799419436883,-0.9628825334325443,-0.269920778767633,-42.12255,-22.5171,-43,-23,-42.5,-22.5
5956,4880,162.66666666666666,-0.28300000000000125,-0.10099999999999909,0.03333333333333144,9.014488338225842,-0.9418171815696699,-0.33612556656726283,-45.4457,-23.6129,-46,-24,-45.5,-23.5
5956,4920,164.0,0.05819999999999936,0.005400000000001626,0.03333333333333144,1.753499358425973,0.9957232043514264,0.09238668906356323,-47.216,-24.5535,-48,-25,-47.5,-24.5
5956,4960,165.33333333333334,0.12180000000000035,-0.0034999999999989484,0.03333333333333144,3.6555083093875727,0.9995873872360019,-0.028723775495278697,-44.456199999999995,-24.954549999999998,-45,-25,-44.5,-24.5
5956,5000,166.66666666666666,-0.003900000000001569,-0.012599999999999056,0.03333333333333144,0.39569306286566036,-0.29568372807125953,-0.9552858906913058,-48.24865,-26.1039,-49,-27,-48.5,-26.5
5956,5040,168.0,0.3201000000000036,0.022800000000000153,0.03333333333333144,9.627329068854593,0.9974729160414133,0.07104774284831028,-49.56155,-26.8461,-50,-27,-49.5,-26.5
5956,5080,169.33333333333334,-0.2709999999999937,-0.041100000000000136,0.03333333333333144,8.222967165202876,-0.9886942069286119,-0.1499458741873322,-48.009100000000004,-27.27005,-49,-28,-48.5,-27.5
5956,5120,170.66666666666666,-0.3896999999999977,-0.021100000000000563,0.03333333333333144,11.708124102520182,-0.9985374170644552,-0.054065023094843956,-51.33865,-27.87495,-52,-28,-51.5,-27.5
5956,5160,172.0,-0.01659999999999684,-0.022500000000000853,0.03333333333333144,0.8388259652633674,-0.5936869155493723,-0.8046961204737305,-51.5816,-28.64685,-52,-29,-51.5,-28.5
5958,4178,139.26666666666668,0.21689999999999987,-0.00870000000000104,0.03333333333335986,6.512232336144993,0.9991965372425161,-0.04007842265565207,6.38095,-9.37735,6,-10,6.5,-9.5
5958,4218,140.6,-0.02320000000000011,0.009299999999999642,0.03333333333333144,0.7498379825002615,-0.9282005129685467,0.37208037804341,7.1236999999999995,-10.02485,7,-11,7.5,-10.5
5958,4258,141.93333333333334,0.008500000000000618,-0.07649999999999935,0.03333333333333144,2.309123210225155,0.1104315260748554,-0.9938837346736179,4.97045,-11.40855,4,-12,4.5,-11.5
5958,4298,143.26666666666668,0.09759999999999991,-0.0003000000000010772,0.03333333333335986,2.928013831932209,0.9999952760009563,-0.0030737559713254546,1.6074,-12.47065,1,-13,1.5,-12.5
5958,4338,144.6,0.26370000000000005,0.03589999999999982,0.03333333333333144,7.983974574108266,0.9908598689248751,0.13489521916724623,12.45885,-11.221350000000001,12,-12,12.5,-11.5
5958,4378,145.93333333333334,-0.9067000000000007,-0.17239999999999966,0.03333333333333144,27.68833662393045,-0.9823992090768036,-0.18679345279016266,11.36345,-11.743,11,-12,11.5,-11.5
5958,4418,147.26666666666668,-0.030900000000000816,-0.012699999999998823,0.03333333333335986,1.0022424856283132,-0.9249258670352051,-0.38014752463901963,9.21995,-12.53735,9,-13,9.5,-12.5
5958,4458,148.6,2.1092999999999993,0.3465999999999987,0.03333333333333144,64.1276090697327,0.9867668687163068,0.1621454495316317,12.173950000000001,-12.3932,12,-13,12.5,-12.5
5958,4499,149.96666666666667,0.8491,0.15549999999999997,0.03333333333333144,25.896639820642296,0.9836411278229554,0.18013920077313572,-9.09725,-16.09765,-10,-17,-9.5,-16.5
5958,4539,151.3,-0.10559999999999992,-0.005399999999999849,0.03333333333333144,3.1721393412019476,-0.9986950947746823,-0.05106963552824942,-7.7925,-15.6935,-8,-16,-7.5,-15.5
5958,4579,152.63333333333333,0.3074999999999999,0.036599999999999966,0.03333333333333144,9.290114584869755,0.9929909815132655,0.11819014609231056,-1.5260500000000001,-15.3425,-2,-16,-1.5,-15.5
5958,4619,153.96666666666667,-0.11929999999999996,-0.047100000000000364,0.03333333333333144,3.847831857033478,-0.930134198420891,-0.3672197883120228,-0.70365,-15.65775,-1,-16,-0.5,-15.5
5958,4659,155.3,0.2032000000000007,0.007399999999998741,0.03333333333333144,6.100040983469248,0.9993375481443763,0.03639319811155069,7.8361,-15.2177,7,-16,7.5,-15.5
5958,4699,156.63333333333333,0.4026999999999994,0.054199999999999804,0.03333333333333144,12.189931788160935,0.9910637901791983,0.13338876937599314,5.34145,-15.6022,5,-16,5.5,-15.5
5958,4739,157.96666666666667,-0.31129999999999924,-0.06810000000000116,0.03333333333333144,9.559851986302409,-0.9768979701130999,-0.2137062375994327,10.50615,-15.42835,10,-16,10.5,-15.5
5958,4779,159.3,0.009599999999999831,-0.003400000000002734,0.03333333333333144,0.30552904935541636,0.942627225161121,-0.333847142244838,3.7959,-16.682299999999998,3,-17,3.5,-16.5
5958,4819,160.63333333333333,0.03739999999999988,0.02009999999999934,0.03333333333333144,1.2737711725424439,0.8808489500987459,0.4733974304006489,7.2983,-16.60535,7,-17,7.5,-16.5
5958,4859,161.96666666666667,-0.1665000000000001,-0.034499999999997755,0.03333333333333144,5.101102821939865,-0.9792000228885351,-0.20289730203995343,-1.50525,-18.04555,-2,-19,-1.5,-18.5
5958,4899,163.3,-0.1753,-0.04210000000000136,0.03333333333333144,5.408534921769799,-0.9723520465463561,-0.23351980125272623,-3.15865,-18.408250000000002,-4,-19,-3.5,-18.5
5958,4939,164.63333333333333,0.05070000000000041,-0.027699999999999392,0.03333333333333144,1.7332057004292216,0.8775646189159365,-0.47945838153788384,-2.59175,-18.33025,-3,-19,-2.5,-18.5
5958,4979,165.96666666666667,-0.06590000000000007,-0.025600000000000733,0.03333333333333144,2.1209321064099513,-0.9321373343470823,-0.3621049432365093,-3.82985,-18.782899999999998,-4,-19,-3.5,-18.5
5958,5019,167.3,0.21419999999999995,0.044299999999999784,0.03333333333333144,6.561990323065469,0.9792760555304239,0.20253001521940978,-9.216000000000001,-19.24025,-10,-20,-9.5,-19.5
5958,5059,168.63333333333333,0.20110000000000028,0.03219999999999956,0.03333333333333144,6.109848197787268,0.9874222410607931,0.15810540110470941,-7.16705,-19.066499999999998,-8,-20,-7.5,-19.5
5958,5099,169.96666666666667,-0.5831,-0.0876000000000019,0.03333333333333144,17.689302784452412,-0.9889027404390436,-0.1485643629951331,-8.950050000000001,-19.2819,-9,-20,-8.5,-19.5
5958,5139,171.3,-0.11630000000000074,-0.02179999999999893,0.03333333333333144,3.549765766920621,-0.9828817530760307,-0.1842375083151873,-10.876149999999999,-19.5945,-11,-20,-10.5,-19.5
5958,5179,172.63333333333333,0.07850000000000001,0.012399999999999523,0.03333333333333144,2.3841998657832018,0.987752760914834,0.15602718771138174,-10.78855,-19.8936,-11,-20,-10.5,-19.5
5958,5219,173.96666666666667,0.22189999999999976,0.023099999999999454,0.03333333333333144,6.692973778523637,0.9946251427670764,0.10354141864767438,-12.69315,-19.93715,-13,-20,-12.5,-19.5
5958,5259,175.3,0.6093999999999973,0.11460000000000292,0.03333333333333144,18.602455966888808,0.9827734591895694,0.18481430656896622,-17.162399999999998,-20.3795,-18,-21,-17.5,-20.5
5958,5299,176.63333333333333,0.07510000000000083,0.0071000000000012164,0.03333333333333144,2.263046177169328,0.9955607723472346,0.0941209252152663,-14.46895,-20.29365,-15,-21,-14.5,-20.5
5958,5339,177.96666666666667,-0.12600000000000122,-0.021000000000000796,0.03333333333333144,3.8321403940881367,-0.986393923832143,-0.1643989873053618,-19.499499999999998,-21.0475,-20,-22,-19.5,-21.5
5958,5379,179.3,0.042200000000001125,0.03129999999999811,0.03333333333333144,1.5762223827874864,0.803186158136668,0.5957281220302256,-23.2684,-21.39935,-24,-22,-23.5,-21.5
5958,5419,180.63333333333333,-0.4620999999999995,-0.0329999999999977,0.03333333333333144,13.898304536885837,-0.9974597954166736,-0.07123171012496855,-25.98515,-21.4964,-26,-22,-25.5,-21.5
5964,4191,139.7,0.034300000000001774,0.008999999999999897,0.03333333333333144,1.0638331636117746,0.9672569301248306,0.2537991944933798,-43.54255,-2.2537000000000003,-44,-3,-43.5,-2.5
5964,4231,141.03333333333333,-0.12959999999999638,-0.02859999999999996,0.03333333333333144,3.981545930916904,-0.9765051232511466,-0.21549418614956428,-43.9696,-2.581,-44,-3,-43.5,-2.5
5964,4271,142.36666666666667,-0.12189999999999657,0.00649999999999995,0.03333333333333144,3.6621952432933953,-0.9985813854947235,0.053246751482492506,-45.27745,-2.85865,-46,-3,-45.5,-2.5
5964,4311,143.7,0.19299999999999784,0.05530000000000013,0.03333333333333144,6.022987713751655,0.9613169203019567,0.2754446927082846,-42.0341,-1.8951500000000001,-43,-2,-42.5,-1.5
5964,4351,145.03333333333333,0.13680000000000092,0.06029999999999999,0.03333333333333144,4.48500802674895,0.9150485295731186,0.4033437597460429,-34.994699999999995,0.13324999999999998,-35,0,-34.5,0.5
5964,4391,146.36666666666667,-0.08380000000000365,-0.018199999999999994,0.03333333333333144,2.5726080152252697,-0.977218443354696,-0.21223598650423256,-39.0617,-1.0779999999999998,-40,-2,-39.5,-1.5
5964,4431,147.7,0.013500000000000512,-0.006699999999999984,0.03333333333333144,0.45213493561108004,0.8957502906796247,-0.4445575516706107,-36.50695,-0.32025000000000003,-37,-1,-36.5,-0.5
5964,4471,149.03333333333333,-0.37989999999999924,-0.0688,0.03333333333333144,11.582387707205053,-0.9839939991743581,-0.1782015981658225,-35.17425,0.2081,-36,0,-35.5,0.5
5964,4511,150.36666666666667,-0.10770000000000124,-0.00849999999999973,0.03333333333333144,3.2410470530372484,-0.9969000594953992,-0.07867827767604946,-45.75375,-2.35365,-46,-3,-45.5,-2.5
5964,4551,151.7,0.2530000000000001,0.0625,0.03333333333333144,7.818166345122556,0.9708158748419998,0.23982605603804333,-44.8724,-2.05695,-45,-3,-44.5,-2.5
5964,4591,153.03333333333333,0.17940000000000111,0.027900000000000036,0.03333333333333144,5.446695603758643,0.988122045279406,0.1536711541989704,-37.5506,-0.52635,-38,-1,-37.5,-0.5
5964,4631,154.36666666666667,0.8723000000000027,0.17489999999999994,0.03333333333333144,26.689840201846195,0.9804854507218594,0.1965916603591111,-37.473150000000004,-0.84345,-38,-1,-37.5,-0.5
5964,4671,155.7,-0.14500000000000313,-0.0164,0.03333333333333144,4.3777350308125085,-0.9936645250073484,-0.11238688420772526,-33.233999999999995,0.0296,-34,0,-33.5,0.5
5964,4711,157.03333333333333,0.05409999999999826,-0.012800000000000006,0.03333333333333144,1.667808442237941,0.9731333400748501,-0.23024226900108108,-32.556349999999995,0.2333,-33,0,-32.5,0.5
5964,4751,158.36666666666667,0.07580000000000098,0.027599999999999958,0.03333333333333144,2.420053718412217,0.9396485634592098,0.3421411655867258,-29.334,0.8673,-30,0,-29.5,0.5
5964,4791,159.7,0.12769999999999726,0.008400000000000005,0.03333333333333144,3.8392792292305393,0.9978435459532692,0.06563732017233864,-32.263549999999995,0.08610000000000001,-33,0,-32.5,0.5
5964,4832,161.06666666666666,-0.09819999999999851,0.0030000000000000027,0.03333333333333144,2.9473744248060383,-0.9995336782478846,0.030535652084966416,-30.1204,0.619,-31,0,-30.5,0.5
5964,4872,162.4,-0.16509999999999536,-0.01599999999999996,0.03333333333333144,4.976204276353759,-0.9953369526118773,-0.09645906263955448,-34.79985,-0.3617,-35,-1,-34.5,-0.5
5964,4912,163.73333333333332,0.153100000000002,0.05069999999999997,0.03333333333333144,4.83829412086566,0.9493015276174547,0.3143669983684147,-35.944050000000004,-0.51735,-36,-1,-35.5,-0.5
5966,4205,140.16666666666666,-0.20900000000000318,-0.062100000000000044,0.03333333333333144,6.540922641340903,-0.9585803630166597,-0.2848222035566206,-49.6505,-4.674049999999999,-50,-5,-49.5,-4.5
5966,4245,141.5,-0.07669999999999533,-0.03139999999999965,0.03333333333333144,2.486355766981073,-0.9254508266907673,-0.37886774391253636,-50.74135,-5.662,-51,-6,-50.5,-5.5
5966,4285,142.83333333333334,-0.008300000000005525,-0.02039999999999953,0.03333333333333144,0.660715521234453,-0.37686416013802554,-0.9262685381699309,-54.13765,-7.0268,-55,-8,-54.5,-7.5
5967,4185,139.5,0.18039999999999878,-0.035199999999999676,0.03333333333333144,5.514062023590507,0.9814905920256991,-0.19151035941964814,-60.078,-6.7981,-61,-7,-60.5,-6.5
5967,4225,140.83333333333334,-0.16259999999999764,-0.07950000000000124,0.03333333333333144,5.429835080368725,-0.8983698266704916,-0.43923985990348235,-61.449,-10.08945,-62,-11,-61.5,-10.5
5967,4265,142.16666666666666,-0.08050000000000068,-0.09569999999999901,0.03333333333333144,3.751648437687296,-0.6437170326889384,-0.7652636028364006,-63.96355,-13.98285,-64,-14,-63.5,-13.5
5967,4305,143.5,0.12940000000000396,-0.06500000000000128,0.03333333333333144,4.344240324844289,0.8935969720182279,-0.4488701945995686,-65.0665,-17.552599999999998,-66,-18,-65.5,-17.5
5972,4206,140.2,0.04529999999999745,0.018400000000000194,0.03333333333333144,1.466828210800448,0.9264888621540723,0.37632218683523333,-42.64705,-2.4612,-43,-3,-42.5,-2.5
5978,4247,141.56666666666666,0.04189999999999827,0.020499999999999297,0.03333333333333144,1.3993834356601718,0.8982527361466291,0.4394792623151796,-50.24385,-7.38245,-51,-8,-50.5,-7.5
5978,4287,142.9,-0.31109999999999616,-0.059800000000000075,0.03333333333333144,9.503858426976285,-0.9820222041091338,-0.18876543814119898,-53.09505,-7.871600000000001,-54,-8,-53.5,-7.5
5978,4337,144.56666666666666,0.2956000000000003,0.061799999999999855,0.03333333333333144,9.059731784109808,0.9788369249026136,0.20464181988829946,-47.9323,-6.2912,-48,-7,-47.5,-6.5
6004,4259,141.96666666666667,0.11630000000000251,0.060399999999999565,0.03333333333333144,3.9314710987112997,0.8874540629699493,0.46089617715720893,-50.514849999999996,-7.9696,-51,-8,-50.5,-7.5
6004,4299,143.3,0.36760000000000304,0.07539999999999836,0.03333333333333144,11.257594236781506,0.9796053906410445,0.200931029527564,-52.5774,-8.25,-53,-9,-52.5,-8.5
6004,4345,144.83333333333334,-0.02850000000000108,-0.019000000000000128,0.03333333333333144,1.0275821135073244,-0.8320502943378516,-0.5547001962252172,-46.17085,-6.5759,-47,-7,-46.5,-6.5
6004,4385,146.16666666666666,0.36489999999999867,0.08309999999999995,0.03333333333333144,11.227281861608954,0.9750356439730279,0.22204840234080261,-48.437250000000006,-8.04185,-49,-9,-48.5,-8.5
6004,4431,147.7,-0.10580000000000211,-0.025100000000000122,0.03333333333333144,3.2620982511263543,-0.9729933790020913,-0.23083302280673085,-47.9332,-8.962050000000001,-48,-9,-47.5,-8.5
6015,4272,142.4,-0.12389999999999901,-0.06389999999999674,0.03333333333333144,4.182221658401357,-0.8887620751839813,-0.45836881843627086,-48.153549999999996,-33.597449999999995,-49,-34,-48.5,-33.5
6015,4312,143.73333333333332,0.2172000000000054,-0.009500000000002728,0.03333333333333144,6.522229756763172,0.999044842485627,-0.04369671272383032,-48.0229,-34.94305,-49,-35,-48.5,-34.5
6023,4290,143.0,-0.17709999999999582,-0.13140000000000285,0.03333333333333144,6.615688399554828,-0.8030910283437306,-0.5958563586921004,-55.73225,-22.381999999999998,-56,-23,-55.5,-22.5
6023,4330,144.33333333333334,0.22639999999999816,-0.030799999999999272,0.03333333333333144,6.854563443429826,0.9908727311453419,-0.13480070724061863,-53.8729,-25.1405,-54,-26,-53.5,-25.5
6023,4370,145.66666666666666,-0.2331000000000003,-0.10529999999999973,0.03333333333333144,7.673417100614743,-0.911328018314054,-0.41168099669013086,-52.01465,-28.17545,-53,-29,-52.5,-28.5
6023,4415,147.16666666666666,0.22630000000000194,-0.05109999999999815,0.03333333333333144,6.959928878947408,0.9754410020677087,-0.22026087143463402,-55.59985,-32.341750000000005,-56,-33,-55.5,-32.5
6023,4455,148.5,0.33739999999999526,-0.017499999999998295,0.03333333333333144,10.135606000630093,0.9986576036372355,-0.051797593549644826,-54.309200000000004,-35.41305,-55,-36,-54.5,-35.5
6026,4299,143.3,0.055800000000001404,0.0600000000000005,0.03333333333333144,2.458104147508987,0.6810126420788757,0.7322716581493163,22.4583,5.7679,22,5,22.5,5.5
6026,4339,144.63333333333333,0.35579999999999856,0.2118000000000002,0.03333333333333144,12.422060698612638,0.8592777204182147,0.5115093344142181,27.895899999999997,9.7292,27,9,27.5,9.5
6037,4310,143.66666666666666,0.25239999999999796,0.040899999999998826,0.03333333333333144,7.670770039572669,0.9871238429697728,0.15995786520389413,-27.7571,-10.654250000000001,-28,-11,-27.5,-10.5
6037,4351,145.03333333333333,0.9044999999999987,0.11720000000000041,0.03333333333333144,27.361843523419306,0.9917094941638839,0.12850011356109206,-21.98595,-9.1145,-22,-10,-21.5,-9.5
6037,4391,146.36666666666667,-0.1329000000000029,-0.0472999999999999,0.03333333333333144,4.231988894125636,-0.9421102228161828,-0.3353033373905521,-25.004649999999998,-9.75525,-26,-10,-25.5,-9.5
6037,4431,147.7,0.019300000000001205,0.018299999999999983,0.03333333333333144,0.7978984897843293,0.725656217442612,0.688057449699428,-22.26615,-9.12445,-23,-10,-22.5,-9.5
6037,4471,149.03333333333333,-0.3143999999999991,-0.06620000000000026,0.03333333333333144,9.638818392313972,-0.9785431798903506,-0.20604185276317316,-21.5712,-8.7806,-22,-9,-21.5,-8.5
6037,4511,150.36666666666667,-0.2694000000000045,-0.044299999999999784,0.03333333333333144,8.190541190911002,-0.9867479830232886,-0.16226034019276442,-32.4827,-10.83055,-33,-11,-32.5,-10.5
6037,4551,151.7,0.2693999999999974,0.03829999999999956,0.03333333333333144,8.163266809311473,0.9900448176925453,0.14075247408175354,-31.9534,-10.68605,-32,-11,-31.5,-10.5
6043,4337,144.56666666666666,0.05630000000000024,-0.01529999999999987,0.03333333333333144,1.7502576953124271,0.9650007564735265,-0.2622470972299248,-54.97215,-20.10275,-55,-21,-54.5,-20.5
6043,4377,145.9,-0.6909999999999954,-0.17279999999999873,0.03333333333333144,21.368358757753153,-0.9701259808959125,-0.24260169247295743,-55.431200000000004,-21.4095,-56,-22,-55.5,-21.5
6043,4419,147.3,0.08660000000000423,0.0024999999999977263,0.03333333333333144,2.599082338057303,0.9995835691539354,0.0288563386014139,-58.2288,-23.20345,-59,-24,-58.5,-23.5
6043,4459,148.63333333333333,0.19360000000000355,0.06770000000000209,0.03333333333333144,6.152871280955404,0.9439495375074032,0.3300897917833264,-57.7898,-24.50985,-58,-25,-57.5,-24.5
6043,4499,149.96666666666667,0.41629999999999256,0.043600000000001415,0.03333333333333144,12.557308031581151,0.9945602965692271,0.10416245239111334,-68.32565,-27.584200000000003,-69,-28,-68.5,-27.5
6043,4539,151.3,-0.026099999999999568,-0.021599999999999397,0.03333333333333144,1.0163626321348467,-0.7703943211246932,-0.6375677140342216,-68.07135,-28.5302,-69,-29,-68.5,-28.5
6050,4346,144.86666666666667,0.0020000000000024443,-0.019499999999997186,0.03333333333333144,0.5880688735173367,0.10202886549870743,-0.9947814386110382,-54.8916,-20.74555,-55,-21,-54.5,-20.5
6050,4386,146.2,-0.4438000000000031,-0.07199999999999918,0.03333333333333144,13.488076067402016,-0.9870940772774944,-0.16014144561509305,-57.5412,-22.5379,-58,-23,-57.5,-22.5
6050,4426,147.53333333333333,-0.022700000000000387,-0.016600000000000392,0.03333333333333144,0.8436616620423785,-0.8071956219409703,-0.5902840230934007,-57.73245,-23.914099999999998,-58,-24,-57.5,-23.5
6050,4466,148.86666666666667,-0.10999999999999943,-0.058499999999998664,0.03333333333333144,3.737649662555512,-0.8829077891007818,-0.4695464151126802,-56.8183,-25.00425,-57,-26,-56.5,-25.5
6050,4506,150.2,0.2458999999999918,0.047100000000000364,0.03333333333333144,7.511104978630163,0.9821457722916226,0.1881214553677809,-65.84745000000001,-27.77615,-66,-28,-65.5,-27.5
6056,4342,144.73333333333332,0.07609999999999673,0.04510000000000003,0.03333333333333144,2.6538082070866302,0.8602731704211305,0.5098333769513098,-36.03335,0.41775,-37,0,-36.5,0.5
6056,4382,146.06666666666666,-0.050600000000002865,-0.029599999999999987,0.03333333333333144,1.758655168019192,-0.8631595480482542,-0.504931277119108,-37.2928,0.1395,-38,0,-37.5,0.5
6056,4422,147.4,0.06029999999999802,-0.03600000000000003,0.03333333333333144,2.106865206889205,0.8586216119022818,-0.5126099175536183,-36.93605,0.4264,-37,0,-36.5,0.5
6056,4462,148.73333333333332,0.2611999999999952,0.08889999999999998,0.03333333333333144,8.277426230417612,0.946671076476022,0.3222016029813165,-33.9494,1.4236499999999999,-34,1,-33.5,1.5
6056,4502,150.06666666666666,0.5202000000000027,0.15610000000000035,0.03333333333333144,16.293487195810258,0.9578060124547143,0.28741545279542574,-47.4504,-2.28165,-48,-3,-47.5,-2.5
6056,4542,151.4,0.017800000000001148,0.01980000000000004,0.03333333333333144,0.7987440140621467,0.6685496111380143,0.7436675449736998,-45.5865,-1.4369,-46,-2,-45.5,-1.5
6056,4582,152.73333333333332,-0.09790000000000276,-0.020800000000000013,0.03333333333333144,3.0025564107942273,-0.9781664682274407,-0.20782290642625337,-40.128550000000004,-0.2415,-41,-1,-40.5,-0.5
6056,4622,154.06666666666666,0.07110000000000127,0.0189,0.03333333333333144,2.20707453431023,0.9664376833865194,0.2569011563432474,-39.19675,-0.15675,-40,-1,-39.5,-0.5
6056,4662,155.4,0.3741000000000021,0.10499999999999998,0.03333333333333144,11.656681731951716,0.962795438537001,0.27023127785721607,-31.82495,1.1951,-32,1,-31.5,1.5
6056,4702,156.73333333333332,-0.06759999999999877,0.03530000000000011,0.03333333333333144,2.2878516123211425,-0.8864211249883328,0.4628796702971718,-32.607,1.3204500000000001,-33,1,-32.5,1.5
6056,4742,158.06666666666666,-0.08940000000000126,0.0043999999999999595,0.03333333333333144,2.68524635741323,-0.9987910392638361,0.04915750081387893,-28.125999999999998,2.1830999999999996,-29,2,-28.5,2.5
6056,4782,159.4,-0.1144999999999996,-0.03579999999999983,0.03333333333333144,3.5989861072253917,-0.9544354708966541,-0.298417378673364,-32.664550000000006,1.0534,-33,1,-32.5,1.5
6056,4822,160.73333333333332,-0.10300000000000153,-0.024899999999999922,0.03333333333333144,3.1790106951693997,-0.9720005046524592,-0.2349787627752019,-28.4557,2.00985,-29,2,-28.5,2.5
6056,4866,162.2,0.19060000000000343,0.10570000000000002,0.1666666666666572,1.3076813832123795,0.8745249528526434,0.4849805221223649,-34.2879,0.76735,-35,0,-34.5,0.5
6056,4906,163.53333333333333,-0.12460000000000093,-0.028800000000000048,0.03333333333333144,3.8365531405158313,-0.9743120616589869,-0.22520214587302295,-34.8374,0.8191999999999999,-35,0,-34.5,0.5
6056,4977,165.9,0.002400000000001512,-0.03090000000000015,0.03333333333333144,0.9297919122040765,0.07743668132084854,-0.9969972720053016,-39.9541,-1.31025,-40,-2,-39.5,-1.5
6056,5017,167.23333333333332,0.000499999999995282,-0.01650000000000018,0.03333333333333144,0.4952272205766047,0.030289126640483253,-0.99954117914539,-44.86165,-2.7794499999999998,-45,-3,-44.5,-2.5
6056,5057,168.56666666666666,0.21589999999999776,-0.0032999999999998586,0.03333333333333144,6.477756556092849,0.9998832070816497,-0.015283068936402673,-43.673550000000006,-3.8653500000000003,-44,-4,-43.5,-3.5
6065,4333,144.43333333333334,1.1103000000000236,0.3292999999999964,0.03333333333333144,34.743116181485256,0.95872229266968,0.28434409706936453,152.23885,49.141850000000005,152,49,152.5,49.5
6066,4327,144.23333333333332,0.19760000000000133,0.01869999999999905,0.03333333333333144,5.954486123924085,0.9955519043335593,0.09421467920565024,-32.578900000000004,-12.98155,-33,-13,-32.5,-12.5
6066,4372,145.73333333333332,-0.12849999999999895,-0.035800000000000054,0.03333333333333144,4.00181221448503,-0.9633135672999751,-0.268378410189412,-29.115450000000003,-12.706800000000001,-30,-13,-29.5,-12.5
6066,4412,147.06666666666666,-0.12039999999999651,-0.025100000000000122,0.03333333333333144,3.689654861907926,-0.9789533534126631,-0.20408412932440761,-34.0513,-14.57235,-35,-15,-34.5,-14.5
6066,4452,148.4,0.06389999999999674,0.0031999999999996476,0.03333333333333144,1.9194022507020363,0.998748438113404,0.05001557123572307,-33.22165,-15.1936,-34,-16,-33.5,-15.5
6066,4492,149.73333333333332,-0.9331999999999994,-0.17799999999999727,0.03333333333333144,28.500730095913163,-0.9822906257414098,-0.18736362128372094,-44.51,-17.9756,-45,-18,-44.5,-17.5
6066,4532,151.06666666666666,-0.06770000000000209,-0.03229999999999933,0.03333333333333144,2.2503159778130697,-0.9025399188490721,-0.4306061946650447,-45.88335,-18.31915,-46,-19,-45.5,-18.5
6066,4572,152.4,0.13110000000000355,0.03190000000000026,0.03333333333333144,4.047757156747761,0.9716491992223084,0.2364272269656068,-43.28235,-18.66875,-44,-19,-43.5,-18.5
6066,4612,153.73333333333332,-0.04830000000000467,0.005400000000001626,0.03333333333333144,1.4580277775133996,-0.9938082266659052,0.11110899428565185,-42.044650000000004,-19.1584,-43,-20,-42.5,-19.5
6066,4652,155.06666666666666,0.30469999999999686,0.018000000000000682,0.03333333333333144,9.156936223432368,0.9982596555176215,0.05897168952844783,-37.30225,-19.1433,-38,-20,-37.5,-19.5
6066,4692,156.4,0.20469999999999544,-0.015600000000002723,0.03333333333333144,6.158807108523753,0.9971086757208395,-0.07598874128601933,-39.389849999999996,-19.9184,-40,-20,-39.5,-19.5
6066,4732,157.73333333333332,0.33840000000000003,0.023999999999997357,0.03333333333333144,10.177499889462622,0.9974944839362322,0.07074428964085974,-35.691500000000005,-20.2143,-36,-21,-35.5,-20.5
6066,4772,159.06666666666666,0.13049999999999784,-0.0008999999999979025,0.03333333333333144,3.9150931023414026,0.9999762196354439,-0.006896387721607792,-39.53165,-21.643050000000002,-40,-22,-39.5,-21.5
6066,4812,160.4,-0.23329999999999984,-0.05089999999999861,0.03333333333333144,7.163639438163093,-0.977017347176128,-0.21315980699212855,-37.79885,-22.19125,-38,-23,-37.5,-22.5
6066,4852,161.73333333333332,-0.14589999999999748,-0.034900000000000375,0.03333333333333144,4.500481974189172,-0.9725624999950709,-0.23264174948477673,-44.33345,-23.65275,-45,-24,-44.5,-23.5
6066,4892,163.06666666666666,0.07800000000000296,-0.007799999999999585,0.03333333333333144,2.351670895342509,0.99503719020999,-0.09950371902098994,-45.9441,-24.5298,-46,-25,-45.5,-24.5
6066,4932,164.4,0.12049999999999983,0.020699999999997942,0.03333333333333144,3.667951199239354,0.9855638212280102,0.16930432447649638,-46.063950000000006,-25.19875,-47,-26,-46.5,-25.5
6066,4972,165.73333333333332,-0.24580000000000268,-0.041100000000000136,0.03333333333333144,7.476373786803838,-0.9863070266786242,-0.1649195231753098,-45.5524,-25.87935,-46,-26,-45.5,-25.5
6066,5012,167.06666666666666,-0.1477000000000004,-0.05560000000000187,0.03333333333333144,4.734552249157552,-0.9358857536715744,-0.35230364186960833,-49.90475,-27.037100000000002,-50,-28,-49.5,-27.5
6066,5052,168.4,0.1477999999999966,-0.005299999999998306,0.03333333333333144,4.436849896041258,0.9993576758042569,-0.035836236006501966,-48.8351,-27.68815,-49,-28,-48.5,-27.5
6066,5092,169.73333333333332,-0.027999999999998693,-0.01290000000000191,0.03333333333333144,0.9248616112695324,-0.9082439899813372,-0.4184409810986261,-48.227900000000005,-28.13015,-49,-29,-48.5,-28.5
6066,5132,171.06666666666666,0.07869999999999777,-0.015699999999998937,0.03333333333333144,2.407521962516711,0.9806764119950078,-0.19563684457841188,-51.65235,-28.78535,-52,-29,-51.5,-28.5
6066,5172,172.4,-0.020800000000001262,-0.0015999999999998238,0.03333333333333144,0.6258434308995272,-0.9970544855015825,-0.07669649888472402,-48.3781,-29.202800000000003,-49,-30,-48.5,-29.5
6087,4361,145.36666666666667,-0.018000000000000682,0.0030000000000001137,0.03333333333333144,0.5474486277268916,-0.9863939238321436,0.16439898730535726,-21.3038,-9.5133,-22,-10,-21.5,-9.5
6087,4401,146.7,0.15060000000000073,0.026500000000000412,0.03333333333333144,4.587412015505323,0.9848690252215337,0.17330032648320667,-26.9114,-10.57535,-27,-11,-26.5,-10.5
6087,4441,148.03333333333333,-0.024100000000000676,0.0051000000000005485,0.03333333333333144,0.7390115019403259,-0.9783338934533153,0.20703331355237778,-24.00365,-10.029150000000001,-25,-11,-24.5,-10.5
6087,4481,149.36666666666667,-0.27369999999999806,-0.06489999999999974,0.03333333333333144,8.43868058407279,-0.9730194096335264,-0.23072327250718325,-24.42765,-9.919049999999999,-25,-10,-24.5,-9.5
6087,4521,150.7,0.001100000000000989,0.019499999999998963,0.03333333333333144,0.5859300299523866,0.05632071802620045,0.9984127286453298,-35.43495,-11.78405,-36,-12,-35.5,-11.5
6087,4570,152.33333333333334,0.4823999999999984,0.08950000000000102,0.03333333333333144,14.718967660811792,0.9832211289200293,0.18241768457368143,-30.7717,-11.03345,-31,-12,-30.5,-11.5
6087,4630,154.33333333333334,0.5085999999999977,0.11110000000000042,0.03333333333333144,15.617792833817006,0.9769626324510368,0.21341043740721802,-23.6944,-9.45135,-24,-10,-23.5,-9.5
6087,4724,157.46666666666667,0.41550000000000153,0.13100000000000023,0.03333333333333144,13.069855584512807,0.9537213261002838,0.30069192230839215,-17.04645,-7.3158,-18,-8,-17.5,-7.5
6087,4764,158.8,-0.07750000000000057,-0.017199999999999882,0.03333333333333144,2.3815711200803387,-0.9762463024500057,-0.21666369551148207,-12.62865,-5.3795,-13,-6,-12.5,-5.5
6087,4804,160.13333333333333,0.26730000000000054,0.07670000000000066,0.03333333333333144,8.342599235250862,0.9612112213321896,0.2758133208985388,-11.371749999999999,-4.23515,-12,-5,-11.5,-4.5
6087,4844,161.46666666666667,-0.15219999999999878,-0.009999999999999787,0.03333333333333144,4.5758448400270355,-0.9978485197005164,-0.06556166358084776,-13.961400000000001,-4.2847,-14,-5,-13.5,-4.5
6087,4884,162.8,0.20770000000000088,0.04499999999999993,0.03333333333333144,6.375567504152468,0.9773247630022065,0.2117458562113579,-13.70535,-3.9782,-14,-4,-13.5,-3.5
6087,4924,164.13333333333333,0.5461999999999989,0.11799999999999988,0.03333333333333144,16.764026843214932,0.9774501170423121,0.2111664478414371,-11.8787,-3.3419999999999996,-12,-4,-11.5,-3.5
6087,4964,165.46666666666667,0.06440000000000001,0.06459999999999999,0.03333333333333144,2.736506532058868,0.7060096430855327,0.708202219616854,-5.050700000000001,-1.5222,-6,-2,-5.5,-1.5
6087,5004,166.8,-0.2278999999999991,-0.037000000000000144,0.03333333333333144,6.9265192557304776,-0.9870758670516863,-0.16025365107903763,-7.98625,-1.9042,-8,-2,-7.5,-1.5
6087,5044,168.13333333333333,0.02660000000000018,0.008000000000000007,0.03333333333333144,0.8333090663133863,0.9576278865300899,0.2880083869263412,-4.5683,-1.191,-5,-2,-4.5,-1.5
6087,5084,169.46666666666667,-0.05799999999999983,-0.01880000000000004,0.03333333333333144,1.8291243806806479,-0.951274838593869,-0.30834425802697973,2.9865,0.4954,2,0,2.5,0.5
6087,5124,170.8,0.11120000000000002,0.052800000000000014,0.03333333333333144,3.692959788570891,0.9033404615789663,0.42892424794396966,-0.31520000000000004,0.49470000000000003,-1,0,-0.5,0.5
6087,5164,172.13333333333333,-0.1313999999999993,-0.04739999999999989,0.03333333333333144,4.190638137563517,-0.9406681919551577,-0.33932779527149626,4.1223,1.4766,4,1,4.5,1.5
6087,5204,173.46666666666667,0.12729999999999997,0.03819999999999979,0.03333333333333144,3.9872392704729656,0.9578055744688748,0.2874169123700772,10.34825,2.8224,10,2,10.5,2.5
6087,5244,174.8,-0.20289999999999964,-0.05950000000000033,0.03333333333333144,6.343326729721912,-0.959591119826676,-0.28139808590284693,8.08385,2.56945,8,2,8.5,2.5
6087,5284,176.13333333333333,0.43370000000000175,0.10740000000000016,0.03333333333333144,13.404007050133247,0.9706798833615543,0.2403758807309907,16.67615,4.3656,16,4,16.5,4.5
6087,5324,177.46666666666667,-0.19369999999999976,-0.042599999999999305,0.03333333333333144,5.949874368421899,-0.9766592771842997,-0.2147944512547782,17.52485,4.1236999999999995,17,4,17.5,4.5
6087,5365,178.83333333333334,0.6137999999999995,0.12150000000000016,0.03333333333333144,18.771292470153448,0.9809660165531747,0.1941794900801743,12.701699999999999,3.20655,12,3,12.5,3.5
6095,4357,145.23333333333332,0.4328000000000003,0.10790000000000077,0.03333333333333144,13.38142088868072,0.9703005464078818,0.24190256228607007,-21.902,-8.41065,-22,-9,-21.5,-8.5
6095,4397,146.56666666666666,-0.04469999999999885,-0.024799999999999045,0.03333333333333144,1.5335634972182053,-0.874433958836747,-0.48514456776624265,-26.65025,-8.2547,-27,-9,-26.5,-8.5
6095,4437,147.9,0.024100000000000676,-0.006800000000000139,0.03333333333333144,0.7512289930507842,0.962422918561645,-0.27155501436593926,-19.739849999999997,-6.5189,-20,-7,-19.5,-6.5
6095,4477,149.23333333333332,-0.013400000000000745,-0.011200000000000543,0.03333333333333144,0.5239274758972468,-0.7672817679805857,-0.6413101344315297,-19.1147,-6.0491,-20,-7,-19.5,-6.5
6095,4517,150.56666666666666,0.09919999999999973,0.04610000000000003,0.03333333333333144,3.2816558320459475,0.9068592662700935,0.42143359047430895,-28.9672,-7.683450000000001,-29,-8,-28.5,-7.5
6095,4557,151.9,-0.06319999999999837,-0.004699999999999704,0.03333333333333144,1.9012356508334844,-0.9972461852211059,-0.07416229541992127,-24.104100000000003,-6.44175,-25,-7,-24.5,-6.5
6095,4597,153.23333333333332,0.27970000000000006,0.02719999999999967,0.03333333333333144,8.430583431768415,0.9953047814438588,0.09679045425553316,-13.43385,-4.209,-14,-5,-13.5,-4.5
6095,4637,154.56666666666666,0.1100999999999992,0.08870000000000022,0.03333333333333144,4.241548066449551,0.7787251136269658,0.6273652822771348,-8.87595,-3.11375,-9,-4,-8.5,-3.5
6095,4677,155.9,0.1504000000000003,0.07120000000000015,0.03333333333333144,4.992057691974617,0.9038357083200167,0.42787967042809305,-6.0685,-2.3984,-7,-3,-6.5,-2.5
6095,4717,157.23333333333332,0.4717,0.08720000000000006,0.03333333333333144,14.390769854320634,0.9833386360321895,0.1817831864787089,-0.42974999999999997,-0.9238,-1,-1,-0.5,-0.5
6095,4757,158.56666666666666,0.13819999999999943,0.016199999999999992,0.03333333333333144,4.174387619759555,0.9931995726451078,0.1164242624953025,4.7054,0.3846,4,0,4.5,0.5
6095,4797,159.9,0.07019999999999982,0.0116,0.03333333333333144,2.1345585023607327,0.9866208856168458,0.16303137141247065,4.7276,0.39390000000000003,4,0,4.5,0.5
6095,4837,161.23333333333332,-0.25260000000000016,-0.05049999999999999,0.03333333333333144,7.727956327516795,-0.9805956036549518,-0.19604148054067705,6.731400000000001,1.05285,6,1,6.5,1.5
6095,4877,162.56666666666666,0.11129999999999995,0.05879999999999996,0.03333333333333144,3.7763232118029313,0.884193384073724,0.46712103309555225,3.88045,0.6806,3,0,3.5,0.5
6095,4917,163.9,-0.14449999999999985,-0.012900000000000023,0.03333333333333144,4.352240112861665,-0.9960387955594464,-0.08891972638558406,4.28595,0.9097500000000001,4,0,4.5,0.5
6095,4957,165.23333333333332,0.04609999999999914,0.010600000000000165,0.03333333333333144,1.4190887921480322,0.9745690387045106,0.22408745792338755,11.89485,2.5271,11,2,11.5,2.5
6095,4997,166.56666666666666,-0.12950000000000017,0.00019999999999997797,0.03333333333333144,3.8850046332020964,-0.9999988074140682,0.0015443997025698173,10.97095,2.3532,10,2,10.5,2.5
6095,5037,167.9,-0.10079999999999956,-0.06289999999999996,0.03333333333333144,3.564455778937559,-0.8483763546370909,-0.5293935784392184,11.0518,2.47965,11,2,11.5,2.5
6095,5077,169.23333333333332,-0.33039999999999736,-0.052899999999999725,0.03333333333333144,10.038242525462806,-0.9874238418585627,-0.15809540325156815,19.6295,3.90825,19,3,19.5,3.5
6097,4362,145.4,-0.012000000000000455,-0.010399999999999743,0.03333333333333144,0.47638639779073333,-0.7556890827898378,-0.6549305384178185,-45.446,-6.082599999999999,-46,-7,-45.5,-6.5
6097,4402,146.73333333333332,0.11890000000000356,-0.013099999999999667,0.03333333333333144,3.58858440056831,0.9939852604373518,-0.10951393533833968,-51.006550000000004,-8.443750000000001,-52,-9,-51.5,-8.5
6101,4381,146.03333333333333,-0.24620000000000175,-0.06370000000000009,0.03333333333333144,7.629214704018192,-0.9681206109077488,-0.2504844959984697,77.33449999999999,-0.72175,77,-1,77.5,-0.5
6105,4414,147.13333333333333,1.0570999999999913,0.19860000000000255,0.03333333333333144,32.267818844788735,0.9828058150612557,0.18464216712815204,80.99575,20.349800000000002,80,20,80.5,20.5
6105,4458,148.6,-0.48100000000000875,-0.0929000000000002,0.03333333333333144,14.696675440385562,-0.9818547098310635,-0.18963472462225434,103.36959999999999,22.25245,103,22,103.5,22.5
6112,4403,146.76666666666668,0.07380000000000564,0.009900000000001796,0.03333333333335986,2.233831909520687,0.9911220224593644,0.13295539325675798,60.3234,-16.27085,60,-17,60.5,-16.5
6112,4443,148.1,0.6265000000000001,0.10449999999999982,0.03333333333333144,19.054664783197875,0.9863726396579922,0.16452664141142856,64.28735,-15.752949999999998,64,-16,64.5,-15.5
6117,4414,147.13333333333333,0.11540000000000106,0.047699999999999854,0.03333333333333144,3.746091963633808,0.9241631101447912,0.3819980966542981,-46.3918,-6.284549999999999,-47,-7,-46.5,-6.5
6123,4494,149.8,-0.8533999999999935,-0.25179999999999936,0.03333333333333144,26.693169912920997,-0.9591217559967822,-0.28299374052026127,-56.8566,-7.1799,-57,-8,-56.5,-7.5
6130,4424,147.46666666666667,0.301499999999999,0.12630000000000052,0.03333333333333144,9.806556276288353,0.9223421296088143,0.3863741657366306,9.11085,10.30555,9,10,9.5,10.5
6151,4456,148.53333333333333,0.10369999999998925,-0.11929999999999996,0.03333333333333144,4.742105228693322,0.6560377406169632,-0.7547280853964493,-64.95745,-7.411250000000001,-65,-8,-64.5,-7.5
6151,4496,149.86666666666667,-0.44250000000000966,-0.22409999999999997,0.03333333333333144,14.88033447204843,-0.8921170438028202,-0.45180436048860473,-79.78835000000001,-16.40805,-80,-17,-79.5,-16.5
6151,4538,151.26666666666668,-0.12750000000001194,-0.15809999999999746,0.03333333333335986,6.093166172027719,-0.6277524511898235,-0.7784130394752957,-81.31915000000001,-21.88495,-82,-22,-81.5,-21.5
6151,4579,152.63333333333333,0.1629999999999967,-0.14480000000000004,0.03333333333333144,6.5408283879034705,0.7476117259158926,-0.664136060813641,-81.9536,-28.1832,-82,-29,-81.5,-28.5
6152,4453,148.43333333333334,0.2909999999999968,0.12849999999999895,0.03333333333333144,9.543265950397089,0.9147811708671025,0.4039497610186357,106.5078,29.84435,106,29,106.5,29.5
6155,4471,149.03333333333333,-0.07500000000000284,-0.07549999999999812,0.03333333333333144,3.192604735948578,-0.7047536999069506,-0.7094520579062857,-70.4642,-32.89645,-71,-33,-70.5,-32.5
6155,4512,150.4,-0.20430000000000348,-0.08230000000000359,0.03333333333333144,6.607616968318213,-0.9275658727476785,-0.37365967365215846,-77.52335,-36.47755,-78,-37,-77.5,-36.5
6160,4481,149.36666666666667,0.0893999999999977,-0.021300000000000097,0.03333333333333144,2.757071816257331,0.9727711785327536,-0.23176762978465637,92.30000000000001,-10.04965,92,-11,92.5,-10.5
6164,4474,149.13333333333333,-1.0048999999999921,-0.10590000000000188,0.03333333333333144,30.31393966478278,-0.9944929736409271,-0.10480326988613482,202.27395,16.86155,202,16,202.5,16.5
6193,4525,150.83333333333334,0.18959999999999866,0.019200000000001438,0.03333333333333144,5.71709016895862,0.9949117176572997,0.10075055368682342,40.2603,-17.8774,40,-18,40.5,-17.5
6193,4565,152.16666666666666,-0.001100000000000989,-0.019600000000000506,0.03333333333333144,0.588925292375917,-0.05603427196495292,-0.9984288459201074,44.98125,-17.2414,44,-18,44.5,-17.5
6193,4605,153.5,-0.8059000000000012,-0.12990000000000101,0.03333333333333144,24.489057515553146,-0.9872572672364566,-0.15913229806925988,57.03915000000001,-16.04455,57,-17,57.5,-16.5
6193,4645,154.83333333333334,0.0009000000000014552,-0.06450000000000067,0.03333333333333144,1.9351883629250424,0.013952130199478163,-0.9999026642943286,61.55935,-15.64425,61,-16,61.5,-15.5
6193,4685,156.16666666666666,-0.6910000000000025,-0.03319999999999901,0.03333333333333144,20.753913269551166,-0.9988477705751523,-0.04799094932430383,59.1783,-15.6314,59,-16,59.5,-15.5
6193,4725,157.5,0.6996000000000038,0.07970000000000077,0.03333333333333144,21.123754992899716,0.9935733493905776,0.11319010283937875,67.9579,-14.85105,67,-15,67.5,-14.5
6193,4765,158.83333333333334,-0.28889999999999105,-0.005599999999999383,0.03333333333333144,8.668628092149524,-0.9998121857193558,-0.01938022928358584,64.02745,-15.124500000000001,64,-16,64.5,-15.5
6193,4805,160.16666666666666,0.16989999999999839,0.004999999999999005,0.03333333333333144,5.099206703008072,0.9995672458214865,0.029416340371433113,66.21255,-14.8233,66,-15,66.5,-14.5
6193,4846,161.53333333333333,-0.7075999999999993,-0.09109999999999907,0.03333333333333144,21.40320707277419,-0.9918139803919445,-0.12769114416860558,55.7489,-15.73525,55,-16,55.5,-15.5
6193,4886,162.86666666666667,0.4527999999999963,0.06869999999999976,0.03333333333333144,13.739460578931707,0.9886851031714133,0.1500058891075009,52.3256,-15.90035,52,-16,52.5,-15.5
6193,4926,164.2,0.5122,0.04589999999999961,0.03333333333333144,15.427575473807511,0.9960087394217465,0.08925576169359191,50.6606,-15.85685,50,-16,50.5,-15.5
6193,4966,165.53333333333333,-0.20769999999999555,-0.014200000000000657,0.03333333333333144,6.245545372503733,-0.9976710804844123,-0.06820861503553016,53.518950000000004,-15.3874,53,-16,53.5,-15.5
6193,5006,166.86666666666667,0.5452999999999975,0.10640000000000072,0.03333333333333144,16.667505662216804,0.9814905920256985,0.1915103594196507,44.88585,-16.2152,44,-17,44.5,-16.5
6193,5062,168.73333333333332,-0.17129999999999512,-0.030799999999999272,0.03333333333333144,5.22140756884593,-0.9842173651914329,-0.1769637761114786,49.541650000000004,-15.4194,49,-16,49.5,-15.5
6193,5102,170.06666666666666,-0.5244999999999962,-0.027499999999999858,0.03333333333333144,15.756612897447999,-0.9986283284619678,-0.05235896860382111,44.80615,-15.73345,44,-16,44.5,-15.5
6193,5142,171.4,-0.2406000000000006,-0.016500000000000625,0.03333333333333144,7.234953282503366,-0.9976567530098728,-0.06841785712661465,42.4378,-15.66535,42,-16,42.5,-15.5
6193,5182,172.73333333333332,0.2593999999999994,0.03589999999999982,0.03333333333333144,7.856172923250019,0.9905586442693894,0.13708965045979563,44.6805,-15.50355,44,-16,44.5,-15.5
6193,5222,174.06666666666666,-0.3861999999999952,-0.02710000000000079,0.03333333333333144,11.614489442072434,-0.9975470775350038,-0.06999877214189469,41.8869,-15.48385,41,-16,41.5,-15.5
6193,5262,175.4,0.5936000000000021,0.09030000000000094,0.03333333333333144,18.01287164779784,0.9886263749721544,0.15039245562666131,38.402699999999996,-15.732949999999999,38,-16,38.5,-15.5
6193,5302,176.73333333333332,-0.2591999999999999,-0.0024999999999995026,0.03333333333333144,7.776361681403895,-0.9999534896371498,-0.009644613133072447,42.9025,-15.272549999999999,42,-16,42.5,-15.5
6193,5342,178.06666666666666,-0.21310000000000429,-0.005599999999999383,0.03333333333333144,6.395207033396675,-0.999654892580544,-0.026269673385501253,34.834450000000004,-15.9921,34,-16,34.5,-15.5
6193,5382,179.4,-0.09099999999999753,-0.03550000000000253,0.03333333333333144,2.9303796682342598,-0.9316198953991104,-0.36343413501837,30.5497,-16.19675,30,-17,30.5,-16.5
6193,5422,180.7333333333333,-0.5052999999999983,-0.030300000000000438,0.03333333333330302,15.18622935426757,-0.9982069706957124,-0.059856859711222295,24.91055,-16.725050000000003,24,-17,24.5,-16.5
6196,4510,150.33333333333334,0.10119999999999862,0.08509999999999973,0.03333333333333144,3.9667499290983166,0.7653620859054873,0.6435999358750756,-52.7088,-7.47425,-53,-8,-52.5,-7.5
6200,4518,150.6,-0.15040000000000475,-0.15910000000000046,0.03333333333333144,6.568079856396869,-0.6869587609544688,-0.726696402046894,-62.2008,-8.722850000000001,-63,-9,-62.5,-8.5
6200,4558,151.93333333333334,-0.0040000000000048885,-0.1424000000000003,0.03333333333333144,4.273685060928354,-0.028078812146744007,-0.9996057124228671,-65.7764,-15.9159,-66,-16,-65.5,-15.5
6200,4598,153.26666666666668,0.19069999999999965,-0.05770000000000053,0.03333333333335986,5.977139951510511,0.9571467368017135,-0.28960339126093065,-62.26505,-19.951549999999997,-63,-20,-62.5,-19.5
6204,4534,151.13333333333333,-0.24459999999999127,-0.04800000000000004,0.03333333333333144,7.4779572076873055,-0.9812840320156854,-0.19256595885835906,70.6361,-13.280100000000001,70,-14,70.5,-13.5
6204,4574,152.46666666666667,0.4519999999999982,0.0343,0.03333333333333144,13.598986763726904,0.9971331126058466,0.07566740212916079,82.2244,-12.248249999999999,82,-13,82.5,-12.5
6204,4614,153.8,0.12449999999999761,0.015399999999999636,0.03333333333333144,3.7634650257443694,0.9924364845828217,0.12275921174759347,87.97354999999999,-11.9122,87,-12,87.5,-11.5
6204,4654,155.13333333333333,0.2849999999999966,0.006999999999999673,0.03333333333333144,8.55257855854049,0.9996985051324044,0.02455399837167224,107.64,-10.143,107,-11,107.5,-10.5
6204,4694,156.46666666666667,0.6263999999999896,0.07200000000000095,0.03333333333333144,18.915730596517523,0.9934588518331117,0.11419067262449899,107.0282,-10.072099999999999,107,-11,107.5,-10.5
6204,4734,157.8,0.6718999999999937,0.08420000000000094,0.03333333333333144,20.31465788538019,0.9922392054904998,0.1243437135024584,122.80605,-8.856300000000001,122,-9,122.5,-8.5
6204,4774,159.13333333333333,-0.07729999999999393,0.0030999999999998806,0.03333333333333144,2.320864063231573,-0.9991968236049862,0.04007128270602304,114.72485,-10.05835,114,-11,114.5,-10.5
6204,4814,160.46666666666667,-0.40269999999999584,-0.07929999999999993,0.03333333333333144,12.31300946154165,-0.9811573716185515,-0.19321027953650824,126.19125,-8.80915,126,-9,126.5,-8.5
6204,4854,161.8,0.18290000000000362,0.06579999999999941,0.03333333333333144,5.831281591554724,0.9409595324545952,0.3385190663505226,111.37295,-10.2789,111,-11,111.5,-10.5
6204,4894,163.13333333333333,0.19469999999999743,0.06460000000000043,0.03333333333333144,6.154114477323562,0.9491211158848184,0.31491126906091677,111.29855,-10.302,111,-11,111.5,-10.5
6204,4934,164.46666666666667,-0.17720000000001335,0.006099999999999994,0.03333333333333144,5.3191488980858095,-0.9994080071557614,0.03440400024633002,114.8401,-9.68405,114,-10,114.5,-9.5
6204,4974,165.8,-0.25139999999998963,-0.0522999999999989,0.03333333333333144,7.70347486528008,-0.9790386977170864,-0.20367431937392466,118.8553,-9.30185,118,-10,118.5,-9.5
6204,5014,167.13333333333333,0.0478999999999985,0.02120000000000033,0.03333333333333144,1.571453149158499,0.9144402432675381,0.40472094274055775,109.84765,-10.135,109,-11,109.5,-10.5
6204,5054,168.46666666666667,0.3662999999999954,0.006800000000000139,0.03333333333333144,10.990893366783736,0.9998277331314149,0.018560820598672798,118.26705,-9.5013,118,-10,118.5,-9.5
6204,5094,169.8,-0.7878999999999934,-0.09169999999999945,0.03333333333333144,23.796549539797883,-0.9932952657892731,-0.11560499539646728,124.09445,-8.92735,124,-9,124.5,-8.5
6204,5134,171.13333333333333,0.268100000000004,0.02210000000000001,0.03333333333333144,8.070279920796386,0.9966197057520259,0.0821532842115608,118.22015,-9.501750000000001,118,-10,118.5,-9.5
6204,5174,172.46666666666667,0.19719999999999516,-0.010399999999998855,0.03333333333333144,5.924221467838812,0.9986122281411569,-0.05266514793441756,123.62610000000001,-9.0735,123,-10,123.5,-9.5
6204,5214,173.8,-0.9259000000000128,-0.0901000000000014,0.03333333333333144,27.90820556754071,-0.9952986741759081,-0.0968532352772972,128.11705,-8.413450000000001,128,-9,128.5,-8.5
6204,5254,175.13333333333333,-0.2617000000000047,-0.06920000000000037,0.03333333333333144,8.12083597913477,-0.9667723889723321,-0.2556387058344843,120.85034999999999,-9.2316,120,-10,120.5,-9.5
6204,5294,176.46666666666667,-0.6277000000000044,-0.10110000000000063,0.03333333333333144,19.073689994336345,-0.98727619068952,-0.15901485244338126,134.19565,-8.137049999999999,134,-9,134.5,-8.5
6204,5334,177.8,-0.5790000000000077,-0.06579999999999941,0.03333333333333144,17.481807000423117,-0.9936043796605699,-0.1129173889147911,129.2988,-8.7316,129,-9,129.5,-8.5
6204,5374,179.13333333333333,0.030400000000000205,-0.019899999999999807,0.03333333333333144,1.0900243116555424,0.8366785862004317,-0.5476942060982999,119.6873,-9.70555,119,-10,119.5,-9.5
6204,5414,180.46666666666667,-0.4998999999999967,-0.045099999999999696,0.03333333333335986,15.057908818944151,-0.9959550280395139,-0.08985311415199454,120.78525,-9.70515,120,-10,120.5,-9.5
6209,4510,150.33333333333334,-0.08769999999999811,0.0034999999999989484,0.03333333333333144,2.6330943773439803,-0.9992045946541422,0.03987703627466958,-49.14745,-29.33685,-50,-30,-49.5,-29.5
6212,4594,153.13333333333333,1.9153999999999982,0.41059999999999963,0.2666666666666515,7.345932726686655,0.977785975892015,0.20960578558069404,-46.0566,-5.6007,-47,-6,-46.5,-5.5
6216,4546,151.53333333333333,0.15840000000000032,0.031299999999999883,0.03333333333333144,4.84388532069069,0.9810306572911787,0.19385264882079367,71.7461,-12.61025,71,-13,71.5,-12.5
6216,4586,152.86666666666667,1.4167000000000058,0.18239999999999945,0.03333333333333144,42.85181192202056,0.9918133701637551,0.12769588389769723,87.30195,-11.2178,87,-12,87.5,-11.5
6216,4626,154.2,0.570999999999998,0.0669000000000004,0.03333333333333144,17.24717220300278,0.9932062948277708,0.11636690214357005,91.5839,-10.82985,91,-11,91.5,-10.5
6216,4666,155.53333333333333,-0.9288000000000096,-0.10529999999999973,0.03333333333333144,28.042499478472056,-0.9936346801536997,-0.11265044338951682,110.0298,-9.35085,110,-10,110.5,-9.5
6216,4706,156.86666666666667,0.20420000000000016,0.02829999999999977,0.03333333333333144,6.184551479291315,0.9905326231842327,0.13727753788498304,111.06209999999999,-8.87875,111,-9,111.5,-8.5
6216,4746,158.2,-0.49550000000000693,-0.06329999999999991,0.03333333333333144,14.985807485752368,-0.9919385401243028,-0.1267198982641118,123.55635000000001,-7.74555,123,-8,123.5,-7.5
6216,4786,159.53333333333333,0.2873000000000019,-0.01529999999999987,0.03333333333333144,8.631213240327773,0.9985849914737176,-0.053179082386173505,116.33725000000001,-8.71145,116,-9,116.5,-8.5
6216,4826,160.86666666666667,-0.38119999999999266,-0.02970000000000006,0.03333333333333144,11.470657217440069,-0.996978619726606,-0.07767645594407352,126.33760000000001,-7.87895,126,-8,126.5,-7.5
6216,4866,162.2,-0.3071000000000055,-0.017400000000000304,0.03333333333333144,9.22777616763718,-0.9983987292964134,-0.05656834220044802,111.91964999999999,-9.5867,111,-10,111.5,-9.5
6216,4906,163.53333333333333,0.013300000000000978,0.017100000000001003,0.03333333333333144,0.6498999923065875,0.6139406135149261,0.7893522173763218,110.64325,-9.57265,110,-10,110.5,-9.5
6216,4946,164.86666666666667,0.7552000000000021,0.08949999999999925,0.03333333333333144,22.814547135546256,0.9930506121991841,0.11768806910993906,119.3908,-8.571349999999999,119,-9,119.5,-8.5
6216,4986,166.2,0.11370000000000857,0.03610000000000113,0.03333333333333144,3.5788000782389737,0.9531127543952966,0.3026153951949753,118.64654999999999,-8.77275,118,-9,118.5,-8.5
6216,5026,167.53333333333333,-0.066599999999994,0.010499999999998622,0.03333333333333144,2.022678669487499,-0.987799016294655,0.15573407914554732,111.7003,-9.254249999999999,111,-10,111.5,-9.5
6216,5066,168.86666666666667,-0.08360000000000412,0.010400000000000631,0.03333333333333144,2.5273321902752235,-0.9923507521688899,0.12345033280570064,124.14920000000001,-8.3239,124,-9,124.5,-8.5
6216,5106,170.2,-0.6702999999999975,-0.10449999999999982,0.03333333333333144,20.351906692004167,-0.988064671498394,-0.1540396213211732,117.86265,-8.76265,117,-9,117.5,-8.5
6216,5146,171.53333333333333,0.11030000000000939,0.03080000000000105,0.03333333333333144,3.435586849433917,0.9631542280893569,0.2689496847248475,119.80115,-8.302299999999999,119,-9,119.5,-8.5
6216,5186,172.86666666666667,1.4403000000000077,0.1919000000000004,0.03333333333333144,43.59083309596452,0.991240518502566,0.13206905193407054,127.67575000000001,-7.69665,127,-8,127.5,-7.5
6216,5226,174.2,-0.2886999999999915,-0.07699999999999996,0.03333333333333144,8.96376154301333,-0.9662238289628448,-0.2577043118466962,125.34094999999999,-7.9087,125,-8,125.5,-7.5
6216,5266,175.53333333333333,0.813200000000009,0.09729999999999972,0.03333333333333144,24.570009706959453,0.9929178006426059,0.11880337186734408,127.82320000000001,-7.5253499999999995,127,-8,127.5,-7.5
6216,5307,176.9,-0.4572000000000003,-0.0461999999999998,0.03333333333333144,13.785849701778334,-0.9949332320249701,-0.1005378725274571,136.8966,-6.8279,136,-7,136.5,-6.5
6216,5347,178.23333333333332,-0.9204000000000008,-0.10159999999999947,0.03333333333333144,27.779720084984458,-0.9939624991011511,-0.10972032801898776,121.9562,-8.568000000000001,121,-9,121.5,-8.5
6216,5387,179.56666666666666,0.3843000000000103,0.0727000000000011,0.03333333333333144,11.733482091861006,0.9825727699365663,0.18587832520007164,121.86105,-8.63415,121,-9,121.5,-8.5
6216,5427,180.9,-0.9085000000000036,-0.0948999999999991,0.03333333333333144,27.403292393434974,-0.9945885190982073,-0.10389262571537546,113.87755,-9.36675,113,-10,113.5,-9.5
6221,4531,151.03333333333333,-0.061299999999999244,0.02940000000000076,0.03333333333333144,2.0395698075820867,-0.9016607292202563,0.4324441344058164,-31.75595,-11.5505,-32,-12,-31.5,-11.5
6221,4578,152.6,0.06070000000000064,0.009800000000000253,0.03333333333333144,1.8445804401002581,0.9872163666124241,0.15938583843166232,-27.481650000000002,-10.0639,-28,-11,-27.5,-10.5
6244,4546,151.53333333333333,-0.09849999999999426,-0.04049999999999976,0.03333333333333144,3.1950352110736002,-0.9248724363845281,-0.38027749922411525,-57.90035,-13.55875,-58,-14,-57.5,-13.5
6244,4586,152.86666666666667,0.7073000000000036,0.11319999999999908,0.03333333333333144,21.489038531308395,0.9874336615426675,0.15803405978598684,-53.62845,-13.9788,-54,-14,-53.5,-13.5
6244,4626,154.2,0.09429999999999694,-0.009499999999999176,0.03333333333333144,2.8433195388489816,0.9949637954323244,-0.10023495288023933,-52.93915,-15.11805,-53,-16,-52.5,-15.5
6244,4666,155.53333333333333,-0.21650000000000347,-0.06580000000000119,0.03333333333333144,6.7883503887179195,-0.9567862040231471,-0.29079229664999173,-47.81625,-15.806899999999999,-48,-16,-47.5,-15.5
6244,4706,156.86666666666667,-0.042300000000004445,-0.04260000000000019,0.03333333333333144,1.8010122153946435,-0.7046037717862664,-0.7096009616570197,-48.600049999999996,-16.8554,-49,-17,-48.5,-16.5
6244,4746,158.2,-0.22910000000000252,-0.06499999999999773,0.03333333333333144,7.144272461210209,-0.9620293791029646,-0.2729459172487552,-45.89835,-17.6815,-46,-18,-45.5,-17.5
6253,4553,151.76666666666668,0.26640000000000086,0.05609999999999982,0.03333333333335986,8.167285534367844,0.9785380915560528,0.20606601702813138,-31.030099999999997,-6.38555,-32,-7,-31.5,-6.5
6253,4593,153.1,0.19549999999999912,0.02059999999999995,0.03333333333333144,5.897469711664796,0.9944942978511164,0.1047907035075859,-21.83995,-4.2888,-22,-5,-21.5,-4.5
6253,4633,154.43333333333334,0.12780000000000058,-0.006299999999999972,0.03333333333333144,3.838655624043632,0.9987871732972773,-0.04923598741606253,-19.3549,-3.85815,-20,-4,-19.5,-3.5
6256,4534,151.13333333333333,-0.1606000000000023,-0.2367000000000008,0.03333333333333144,8.581219318955167,-0.5614586716549477,-0.827504779456567,-76.9795,-14.070450000000001,-77,-15,-76.5,-14.5
6258,4560,152.0,-0.08739999999999526,-0.07030000000000136,0.03333333333333144,3.3649316486372665,-0.7792134503123911,-0.6267586448165345,-56.1369,-14.10715,-57,-15,-56.5,-14.5
6258,4600,153.33333333333334,0.25430000000000064,0.00820000000000043,0.03333333333333144,7.632965151237554,0.9994805228166858,0.03222862873416135,-50.15695,-14.4545,-51,-15,-50.5,-14.5
6258,4640,154.66666666666666,0.08100000000000307,-0.037200000000000344,0.03333333333333144,2.674014958821525,0.9087458512465332,-0.41734994649839585,-49.2431,-15.636600000000001,-50,-16,-49.5,-15.5
6258,4680,156.0,0.08929999999999438,-0.02260000000000062,0.03333333333333144,2.7634625020072177,0.969435987661897,-0.24534438209586618,-49.29625,-16.807499999999997,-50,-17,-49.5,-16.5
6258,4720,157.33333333333334,0.11810000000000542,-0.027899999999998926,0.03333333333333144,3.6405244127738805,0.9732114383215444,-0.22991193166103976,-47.04975,-17.713549999999998,-48,-18,-47.5,-17.5
6258,4760,158.66666666666666,-0.12040000000000362,-0.03480000000000061,0.03333333333333144,3.759851060880261,-0.9606763516730016,-0.27767057340714313,-46.1597,-18.761899999999997,-47,-19,-46.5,-18.5
6258,4800,160.0,-0.016200000000004877,-0.020600000000001728,0.03333333333333144,0.786206079854561,-0.6181585368687027,-0.7860534481168217,-41.8963,-19.2728,-42,-20,-41.5,-19.5
6258,4840,161.33333333333334,-0.410499999999999,-0.06020000000000181,0.03333333333333144,12.446720893472989,-0.9894172212424724,-0.1450984572930543,-44.84885,-20.8762,-45,-21,-44.5,-20.5
6258,4880,162.66666666666666,-0.11990000000000123,-0.0730000000000004,0.03333333333333144,4.211236041829327,-0.8541435256233544,-0.5200373425396545,-48.11085,-22.4004,-49,-23,-48.5,-22.5
6258,4920,164.0,0.255900000000004,0.007600000000000051,0.03333333333333144,7.680384951290435,0.9995592732250603,0.02968601202231493,-50.036249999999995,-23.644799999999996,-51,-24,-50.5,-23.5
6258,4960,165.33333333333334,0.10110000000000241,0.03229999999999933,0.03333333333333144,3.1840304646786204,0.9525662626806494,0.3043312589968704,-47.23945,-24.21455,-48,-25,-47.5,-24.5
6258,5002,166.73333333333332,-0.059499999999999886,-0.01290000000000191,0.03333333333333144,1.8264703665815143,-0.9772948045913092,-0.21188408368453412,-51.51605,-25.62885,-52,-26,-51.5,-25.5
6258,5042,168.06666666666666,0.14359999999999928,-0.020400000000002194,0.03333333333333144,4.351253612466417,0.990059505531401,-0.14064912195573018,-49.38849999999999,-26.2806,-50,-27,-49.5,-26.5
6261,4563,152.1,-0.023299999999998988,-0.0037000000000000366,0.03333333333333144,0.7077584333655196,-0.9876251091437197,-0.15683317183828144,60.05945,-1.7163499999999998,60,-2,60.5,-1.5
6261,4603,153.43333333333334,-0.8870000000000005,-0.14379999999999993,0.03333333333333144,26.957423764152303,-0.9871121303285376,-0.16003012890782814,75.6067,0.4931,75,0,75.5,0.5
6261,4643,154.76666666666668,0.7261000000000024,0.07309999999999994,0.03333333333335986,21.893111656391838,0.9949704885199837,0.1001684929222015,80.04835,1.3099500000000002,80,1,80.5,1.5
6261,4686,156.2,-0.47939999999999827,-0.058900000000000174,0.03333333333333144,14.490141924771558,-0.9925368622797324,-0.12194497536144477,77.2976,1.1834500000000001,77,1,77.5,1.5
6261,4739,157.96666666666667,0.2056999999999931,0.04360000000000008,0.03333333333333144,6.30809836638602,0.9782662922448336,0.20735250530810043,91.59694999999999,3.3986,91,3,91.5,3.5
6261,4780,159.33333333333334,-0.6895999999999987,-0.1583000000000001,0.03333333333333144,21.22607700447847,-0.9746501906893204,-0.2237342302582944,81.1377,1.91625,81,1,81.5,1.5
6261,4822,160.73333333333332,-0.3097000000000065,-0.020300000000000207,0.03333333333333144,9.310937761579845,-0.9978586730907608,-0.06540694563688158,88.32985,3.1148499999999997,88,3,88.5,3.5
6261,4862,162.06666666666666,0.02379999999999427,0.06309999999999993,0.03333333333333144,2.023176957164205,0.3529103064719805,0.935657157075097,74.4723,1.23515,74,1,74.5,1.5
6261,4902,163.4,-0.2289999999999992,-0.03860000000000019,0.03333333333333144,6.966912084991829,-0.9860896644296357,-0.16621424037984392,71.8845,1.1795,71,1,71.5,1.5
6261,4942,164.73333333333332,-0.1921999999999997,-0.0484,0.03333333333333144,5.946012108968827,-0.96972557309512,-0.24419728271490052,75.17349999999999,2.0503,75,2,75.5,2.5
6261,4994,166.46666666666667,-0.8893999999999949,-0.15749999999999997,0.03333333333333144,27.097135439010437,-0.9846797297100481,-0.1743726753196913,72.7788,1.8503500000000002,72,1,72.5,1.5
6261,5036,167.86666666666667,0.10099999999999909,0.015900000000000025,0.03333333333333144,3.0673162536655565,0.9878342333886122,0.15551053773147624,67.3863,1.37065,67,1,67.5,1.5
6261,5082,169.4,0.12650000000000716,-0.03370000000000006,0.03333333333333144,3.927358654363437,0.9662983022403744,-0.2574249232055244,75.27165,2.78535,75,2,75.5,2.5
6261,5122,170.73333333333332,-0.29820000000000846,-0.038799999999999946,0.03333333333333144,9.021408537474278,-0.9916411570144203,-0.12902641479597038,64.434,1.4956,64,1,64.5,1.5
6261,5162,172.06666666666666,0.08059999999998979,-0.031199999999999672,0.03333333333333144,2.5928401416206253,0.9325680982740755,-0.36099410255774855,67.6791,2.1250999999999998,67,2,67.5,2.5
6261,5204,173.46666666666667,-0.00039999999999906777,0.05889999999999995,0.03333333333333144,1.7670407465591587,-0.006791014878032394,0.9999769407925997,72.55969999999999,3.0379500000000004,72,3,72.5,3.5
6268,4572,152.4,0.47120000000000317,0.09019999999999984,0.03333333333333144,14.392669384100582,0.9821666587865054,0.18801237823120126,63.296099999999996,-2.0587999999999997,63,-3,63.5,-2.5
6268,4612,153.73333333333332,-0.11909999999998888,0.024399999999999977,0.03333333333333144,3.647211674690561,-0.9796524903652629,0.2007012658683008,67.77165,-1.4129,67,-2,67.5,-1.5
6268,4652,155.06666666666666,0.8553999999999888,0.15080000000000005,0.03333333333333144,26.057720928739336,0.9848136784555948,0.17361456945418013,81.6599,0.6409,81,0,81.5,0.5
6268,4692,156.4,0.484099999999998,0.10909999999999997,0.03333333333333144,14.887244808896757,0.9755330947014241,0.21985263505871885,78.74085,0.66695,78,0,78.5,0.5
6268,4734,157.8,0.6537999999999897,0.12449999999999983,0.03333333333333144,19.966452388945644,0.9823477710472006,0.18706377714190614,90.7188,2.4324500000000002,90,2,90.5,2.5
6268,4774,159.13333333333333,-0.10249999999999204,-0.029699999999999838,0.03333333333333144,3.2014849679484185,-0.9604917814030728,-0.2783083503187641,81.43455,1.13735,81,1,81.5,1.5
6268,4814,160.46666666666667,-0.3791000000000082,-0.11009999999999964,0.03333333333333144,11.842927763016267,-0.9603199671213997,-0.27890062880523203,88.23605,2.31775,88,2,88.5,2.5
6268,4854,161.8,0.32849999999999113,0.10490000000000005,0.03333333333333144,10.345271093596674,0.9526091593771923,0.3041969583521163,73.94385,0.49165000000000003,73,0,73.5,0.5
6268,4894,163.13333333333333,0.1325000000000074,0.042800000000000005,0.03333333333333144,4.177233653987259,0.9515867028903746,0.3073804594996662,71.80545000000001,0.4253,71,0,71.5,0.5
6268,4934,164.46666666666667,-0.05329999999999302,0.011399999999999855,0.03333333333333144,1.6351651292758267,-0.9778828886279137,0.20915318818685805,73.01175,1.0957,73,1,73.5,1.5
6268,4974,165.8,-0.26829999999999643,-0.05570000000000008,0.03333333333333144,8.220622969094615,-0.979122875512053,-0.2032692663660908,74.32925,1.33515,74,1,74.5,1.5
6268,5014,167.13333333333333,-0.2979000000000127,-0.022299999999999986,0.03333333333333144,8.962004798035757,-0.9972099102155861,-0.07464847599129441,65.70655,0.43555,65,0,65.5,0.5
6268,5057,168.56666666666666,0.5264000000000095,0.08730000000000016,0.03333333333333144,16.0076989289541,0.9865253007374616,0.16360877422944337,70.9313,1.27215,70,1,70.5,1.5
6268,5097,169.9,-0.6516999999999911,-0.12430000000000008,0.03333333333333144,19.903442968492524,-0.982292361726079,-0.18735451981364643,71.14105,1.5326499999999998,71,1,71.5,1.5
6268,5137,171.23333333333332,0.05879999999999086,0.03420000000000001,0.03333333333333144,2.040679298664909,0.8644180401858844,0.5027737580673785,68.3939,1.5882999999999998,68,1,68.5,1.5
6268,5177,172.56666666666666,0.19549999999999557,0.005900000000000016,0.03333333333333144,5.867670236133108,0.9995449239603711,0.030165294380390485,69.41725,1.71125,69,1,69.5,1.5
6268,5221,174.03333333333333,-0.43070000000000164,-0.07829999999999981,0.03333333333333144,13.13278500547469,-0.983873564869476,-0.17886533580050962,68.80805,2.00115,68,2,68.5,2.5
6268,5261,175.36666666666667,0.7175000000000011,0.11480000000000001,0.03333333333333144,21.79877888781974,0.9874406319167053,0.15799050110667262,65.38495,1.6724999999999999,65,1,65.5,1.5
6275,4613,153.76666666666668,0.1675999999999931,0.06109999999999971,0.03333333333335986,5.3516981417072005,0.9395148730103546,0.34250810704615015,96.1225,27.34205,96,27,96.5,27.5
6287,4580,152.66666666666666,-0.09090000000000487,-0.15360000000000085,0.03333333333333144,5.35445543449605,-0.5092954892166285,-0.8605917177521494,-60.83755,-8.7828,-61,-9,-60.5,-8.5
6287,4620,154.0,0.18540000000000134,-0.07820000000000071,0.03333333333333144,6.036518864379096,0.9213919686097846,-0.38863458438665205,-59.9028,-14.107800000000001,-60,-15,-59.5,-14.5
6287,4660,155.33333333333334,-0.06450000000000244,-0.11080000000000112,0.03333333333333144,3.846193052877376,-0.5030948715776475,-0.8642311902449891,-58.118750000000006,-18.454900000000002,-59,-19,-58.5,-18.5
6287,4700,156.66666666666666,0.20249999999999346,-0.056400000000000006,0.03333333333333144,6.306226209073231,0.9633336640001273,-0.26830626493634047,-63.59985,-22.3737,-64,-23,-63.5,-22.5
6287,4740,158.0,0.1495999999999995,-0.04399999999999693,0.03333333333333144,4.678091918720934,0.9593655015712756,-0.2821663239915329,-59.9705,-24.9269,-60,-25,-59.5,-24.5
6287,4780,159.33333333333334,-0.19079999999999586,-0.07610000000000028,0.03333333333333144,6.162488539543333,-0.9288455407698615,-0.3704672204014059,-65.4148,-27.998849999999997,-66,-28,-65.5,-27.5
6291,4562,152.06666666666666,0.0049999999999954525,-0.03989999999999938,0.03333333333333144,1.2063618860027367,0.12434079834608752,-0.9922395708026654,-54.942,-8.90455,-55,-9,-54.5,-8.5
6291,4603,153.43333333333334,-0.5972000000000008,-0.1933000000000007,0.03333333333333144,18.83112999795927,-0.9514033412728073,-0.3079475315941629,-49.9062,-10.02425,-50,-11,-49.5,-10.5
6291,4646,154.86666666666667,-0.07949999999999591,-0.07929999999999993,0.03333333333333144,3.368659377259846,-0.7079967823698556,-0.7062156583890867,-48.78745,-11.93805,-49,-12,-48.5,-11.5
6291,4692,156.4,0.05919999999999703,-0.019600000000000506,0.03333333333333144,1.8708073123654663,0.9493227807381301,-0.31430281254170206,-50.3785,-14.2628,-51,-15,-50.5,-14.5
6291,4732,157.73333333333332,0.11419999999999675,-0.02340000000000053,0.03333333333333144,3.497181722473218,0.9796459754962974,-0.2007330632803374,-47.4764,-15.752500000000001,-48,-16,-47.5,-15.5
6293,4599,153.3,0.17299999999999827,0.031599999999999184,0.03333333333333144,5.275869975653549,0.9837240159348944,0.17968600522278713,-29.1727,-13.558900000000001,-30,-14,-29.5,-13.5
6297,4571,152.36666666666667,0.49900000000000233,0.08889999999999976,0.03333333333333144,15.205715668788114,0.9844982193589853,0.17539457254712054,-49.802400000000006,-6.95435,-50,-7,-49.5,-6.5
6297,4611,153.7,-0.1430999999999969,-0.014000000000000234,0.03333333333333144,4.31349614581969,-0.9952483681156404,-0.09736881309307828,-47.09625,-6.5882000000000005,-48,-7,-47.5,-6.5
6297,4651,155.03333333333333,0.10839999999999606,0.0016999999999995907,0.03333333333333144,3.252399883163267,0.9998770498162693,0.01568072864102685,-41.6553,-5.62155,-42,-6,-41.5,-5.5
6298,4598,153.26666666666668,0.5478999999999985,0.0022999999999999687,0.03333333333335986,16.43714482504697,0.9999911891595749,0.0041978093357674705,-70.16395,-15.17435,-71,-16,-70.5,-15.5
6298,4640,154.66666666666666,-0.13240000000000407,-0.20860000000000056,0.03333333333333144,7.412108202124915,-0.5358799266936833,-0.8442942047454622,-77.08070000000001,-25.301499999999997,-78,-26,-77.5,-25.5
6298,4680,156.0,0.0712999999999937,-0.09050000000000225,0.03333333333333144,3.456377583540449,0.6188559983104925,-0.7855044578836734,-80.96515,-30.855150000000002,-81,-31,-80.5,-30.5
6299,4598,153.26666666666668,-0.002899999999996794,-0.1880999999999986,0.03333333333335986,5.643670614055077,-0.015415499229024557,-0.9998811741319666,-79.21045000000001,-26.84995,-80,-27,-79.5,-26.5
6301,4592,153.06666666666666,0.32450000000000045,0.07519999999999882,0.03333333333333144,9.992985589903123,0.974183332140174,0.22575835616930612,-24.76625,-9.9695,-25,-10,-24.5,-9.5
6301,4632,154.4,0.4772999999999996,0.0702000000000016,0.03333333333333144,14.473043805641703,0.9893565024945994,0.1455118928873298,-23.73965,-9.9714,-24,-10,-23.5,-9.5
6304,4606,153.53333333333333,-0.41070000000000206,-0.0901000000000014,0.03333333333333144,12.614010068174984,-0.9767710611779609,-0.21428554324844218,-25.29555,-13.30985,-26,-14,-25.5,-13.5
6304,4646,154.86666666666667,-0.04469999999999885,-0.050499999999999545,0.03333333333333144,2.0232414586500376,-0.6627978060981381,-0.748798416285381,-20.01325,-12.49985,-21,-13,-20.5,-12.5
6304,4686,156.2,-0.11159999999999926,-0.0004000000000008441,0.03333333333333144,3.348021505307444,-0.999993576711726,-0.003584206368149975,-21.493499999999997,-12.3798,-22,-13,-21.5,-12.5
6304,4726,157.53333333333333,0.21850000000000058,0.022500000000000853,0.03333333333333144,6.58966235857386,0.9947398885273128,0.1024331692991548,-15.12095,-11.58605,-16,-12,-15.5,-11.5
6304,4766,158.86666666666667,-0.27050000000000196,-0.047100000000000364,0.03333333333333144,8.237098639691569,-0.9851769846359858,-0.1715409832767281,-16.93925,-11.95205,-17,-12,-16.5,-11.5
6304,4806,160.2,0.20560000000000045,0.07280000000000086,0.03333333333333144,6.543246900431401,0.9426512699060313,0.3337792434297653,-14.3353,-11.6729,-15,-12,-14.5,-11.5
6304,4846,161.53333333333333,-0.36880000000000024,-0.0511000000000017,0.03333333333333144,11.169699414040402,-0.9905369508953034,-0.13724630745865415,-19.2773,-12.36205,-20,-13,-19.5,-12.5
6304,4886,162.86666666666667,0.19080000000000297,0.027200000000000557,0.03333333333333144,5.781870977460916,0.9899909600739801,0.14113078676107124,-20.5838,-12.3904,-21,-13,-20.5,-12.5
6304,4926,164.2,-0.009399999999999409,-0.0030999999999998806,0.03333333333333144,0.29693938775446976,-0.949688763530339,-0.31319523052597054,-20.5318,-12.29405,-21,-13,-20.5,-12.5
6304,4966,165.53333333333333,-0.16939999999999955,-0.04190000000000005,0.03333333333333144,5.235147848915347,-0.9707462227744338,-0.2401078319613278,-17.369500000000002,-11.657050000000002,-18,-12,-17.5,-11.5
6304,5006,166.86666666666667,-0.015699999999998937,0.04750000000000121,0.03333333333333144,1.5008217748954502,-0.3138280693140966,0.9494798275427375,-21.71665,-12.238949999999999,-22,-13,-21.5,-12.5
6304,5046,168.2,0.01899999999999835,-0.02660000000000018,0.03333333333333144,0.9806650804428908,0.5812381937190604,-0.8137334712067607,-21.0019,-12.002400000000002,-22,-13,-21.5,-12.5
6304,5086,169.53333333333333,-0.0015000000000000568,-0.005999999999998451,0.03333333333333144,0.1855397531527606,-0.24253562503640055,-0.970142500145315,-17.08805,-11.6208,-18,-12,-17.5,-11.5
6304,5126,170.86666666666667,0.23730000000000118,0.026999999999999247,0.03333333333333144,7.164932728226155,0.9935892310551969,0.11305060783181388,-22.943649999999998,-11.9058,-23,-12,-22.5,-11.5
6304,5166,172.2,0.14470000000000027,0.030300000000000438,0.03333333333333144,4.43515073024608,0.978771695490809,0.20495357548978496,-21.69305,-10.74595,-22,-11,-21.5,-10.5
6309,4641,154.7,0.10369999999999635,-0.035000000000003695,0.03333333333333144,3.2834160564876296,0.947488818498378,-0.3197888972752931,-42.521249999999995,-32.215,-43,-33,-42.5,-32.5
6309,4693,156.43333333333334,0.13510000000000133,-0.012700000000002376,0.03333333333333144,4.0708684577129555,0.9956106521499533,-0.09359182296303958,-43.530550000000005,-33.655649999999994,-44,-34,-43.5,-33.5
6313,4625,154.16666666666666,0.09009999999999962,0.0026000000000001577,0.03333333333333144,2.704125182013727,0.9995839016547501,0.02884481847172607,-46.75005,-5.8306000000000004,-47,-6,-46.5,-5.5
6316,4662,155.4,0.04140000000000299,-0.037800000000004275,0.03333333333333144,1.6818204422591714,0.7384854939281121,-0.6742693640213474,-55.712900000000005,-32.1098,-56,-33,-55.5,-32.5
6316,4702,156.73333333333332,-0.09949999999999903,-0.035899999999998045,0.03333333333333144,3.1733505951912795,-0.9406461437079928,-0.3393889101418636,-57.409549999999996,-33.52635,-58,-34,-57.5,-33.5
6316,4742,158.06666666666666,-0.012500000000002842,-0.02659999999999485,0.03333333333333144,0.8817193431018204,-0.4253054023754153,-0.9050498962545027,-55.99015,-34.990700000000004,-56,-35,-55.5,-34.5
6321,4656,155.2,-0.14990000000000236,-0.043199999999998795,0.03333333333333144,4.680024038400128,-0.9608925003593853,-0.2769216545398508,-42.63425,-32.3152,-43,-33,-42.5,-32.5
6324,4644,154.8,0.22719999999999985,0.08539999999999992,0.03333333333333144,7.281600098879775,0.9360579965176855,0.3518457434093764,-19.823,-8.9954,-20,-9,-19.5,-8.5
6349,4707,156.9,0.026499999999998636,-0.007100000000000328,0.03333333333333144,0.8230394887245788,0.9659317819998822,-0.25879681706414465,-15.68825,-2.73875,-16,-3,-15.5,-2.5
6357,4696,156.53333333333333,0.10260000000000247,-0.0035000000000007248,0.03333333333333144,3.079790414947345,0.999418656887038,-0.034093229036113774,-20.4648,-9.40185,-21,-10,-20.5,-9.5
6357,4736,157.86666666666667,0.012299999999999756,0.005999999999998451,0.03333333333333144,0.41056181020644994,0.8987684456439408,0.43842363202133006,-14.54145,-8.5354,-15,-9,-14.5,-8.5
6357,4776,159.2,0.09450000000000003,0.036599999999999966,0.03333333333333144,3.0402021314381473,0.9325037867331157,0.36116019676647615,-18.82325,-9.3661,-19,-10,-18.5,-9.5
6357,4816,160.53333333333333,0.13670000000000115,0.036000000000001364,0.03333333333333144,4.240825509261424,0.967028704917051,0.25466739851510506,-14.27505,-8.689,-15,-9,-14.5,-8.5
6357,4856,161.86666666666667,-0.06900000000000261,-0.025000000000000355,0.03333333333333144,2.201681175829255,-0.940190624657786,-0.3406487770499144,-21.282,-9.8447,-22,-10,-21.5,-9.5
6357,4896,163.2,0.05659999999999954,0.03220000000000134,0.03333333333333144,1.9535506136264975,0.8691865919194076,0.4944842448729031,-21.539,-9.6643,-22,-10,-21.5,-9.5
6357,4936,164.53333333333333,0.39050000000000296,0.09280000000000044,0.03333333333333144,12.041257450948327,0.9729050348539904,0.2312050889486557,-20.41075,-9.2224,-21,-10,-20.5,-9.5
6357,4976,165.86666666666667,-0.05030000000000001,-0.008899999999998798,0.03333333333333144,1.5324392320742277,-0.9847046254209927,-0.17423203113808447,-19.17075,-9.09185,-20,-10,-19.5,-9.5
6357,5016,167.2,0.0481999999999978,0.01929999999999943,0.03333333333333144,1.5576125962510912,0.9283438022267491,0.3717227257878951,-23.269199999999998,-9.69605,-24,-10,-23.5,-9.5
6357,5056,168.53333333333333,0.11939999999999884,0.03140000000000143,0.03333333333333144,3.703793730757882,0.9671164920048635,0.2543338178304388,-20.0081,-9.2972,-21,-10,-20.5,-9.5
6357,5096,169.86666666666667,-0.33030000000000115,-0.06199999999999939,0.03333333333333144,10.08205737932552,-0.9828351126348678,-0.184486154960221,-18.78785,-8.9409,-19,-9,-18.5,-8.5
6357,5136,171.2,0.14239999999999853,0.03279999999999994,0.03333333333333144,4.383861311675108,0.974483382634163,0.22445965555056757,-20.0039,-8.9119,-21,-9,-20.5,-8.5
6357,5176,172.53333333333333,-0.03480000000000061,-0.015000000000000568,0.03333333333333144,1.1368535525740333,-0.9183240863665164,-0.3958293475717824,-18.233800000000002,-8.7559,-19,-9,-18.5,-8.5
6357,5225,174.16666666666666,-0.37230000000000274,-0.10270000000000046,0.03333333333333144,11.586160796399176,-0.9639949070508234,-0.2659207009243064,-18.29045,-8.70465,-19,-9,-18.5,-8.5
6357,5265,175.5,0.4518999999999984,0.07659999999999911,0.03333333333333144,13.750383740100496,0.9859361204927101,0.16712260860752595,-18.685850000000002,-8.6883,-19,-9,-18.5,-8.5
6357,5305,176.83333333333334,0.03410000000000046,0.011099999999999888,0.03333333333333144,1.0758336302608122,0.9508905198957837,0.3095274126346906,-14.795449999999999,-7.88955,-15,-8,-14.5,-7.5
6357,5345,178.16666666666666,-0.4983000000000004,-0.08829999999999938,0.03333333333333144,15.181890593731286,-0.9846599741782762,-0.17448419771210336,-18.25845,-8.04135,-19,-9,-18.5,-8.5
6357,5385,179.5,-0.10200000000000031,0.0030000000000001137,0.03333333333333144,3.0613232433052744,-0.9995677544643531,0.029399051601893763,-18.5225,-7.5006,-19,-8,-18.5,-7.5
6357,5425,180.8333333333333,-0.252200000000002,0.00849999999999973,0.033333333333274595,7.57029596516562,-0.9994325234875894,0.033684284098509806,-20.759,-7.43365,-21,-8,-20.5,-7.5
6363,4701,156.7,0.40740000000000975,0.09199999999999875,0.03333333333333144,12.529759933854471,0.9754376831257605,0.22027556909073784,94.5053,31.0715,94,31,94.5,31.5
6363,4755,158.5,0.16770000000001062,0.0688999999999993,0.03333333333333144,5.439067015583324,0.9249748138028862,0.38002841187247566,112.44845000000001,34.58595,112,34,112.5,34.5
6363,4808,160.26666666666668,0.5370000000000061,0.12480000000000047,0.03333333333335986,16.539336020516984,0.9740415201676155,0.22636942591604742,116.7454,34.9794,116,34,116.5,34.5
6363,4853,161.76666666666668,-2.3344999999999914,-0.5084000000000017,0.0666666666666913,35.83826421925373,-0.9770981034615552,-0.21278932353817015,103.04495,31.4068,103,31,103.5,31.5
6363,4893,163.1,0.16400000000000148,0.09580000000000055,0.03333333333333144,5.697918567337043,0.8634732037421371,0.5043947129176614,102.15639999999999,30.9122,102,30,102.5,30.5
6363,4933,164.43333333333334,-0.366100000000003,-0.021699999999999164,0.03333333333333144,11.002276582599425,-0.9982479460088107,-0.059169572325567285,106.40854999999999,31.73375,106,31,106.5,31.5
6363,4974,165.8,-0.011799999999993815,-0.07130000000000081,0.03333333333333144,2.1680952469853594,-0.16327695957640972,-0.9865802726952752,110.9152,32.01665,110,32,110.5,32.5
6363,5014,167.13333333333333,-0.19310000000000116,-0.04720000000000013,0.03333333333333144,5.963548021103247,-0.9714015850129212,-0.23744254175354598,102.73835,29.7862,102,29,102.5,29.5
6363,5065,168.83333333333334,0.4568000000000012,0.09820000000000562,0.03333333333333144,14.01708000976039,0.9776643916178284,0.21017216124535024,117.9879,32.3521,117,32,117.5,32.5
6363,5105,170.16666666666666,-0.3824999999999932,-0.06609999999999872,0.03333333333333144,11.645081107489572,-0.9853945965752239,-0.1702864910682933,112.96745,31.04485,112,31,112.5,31.5
6363,5145,171.5,-0.531400000000005,-0.15779999999999816,0.03333333333333144,16.630036680658154,-0.9586268693287171,-0.28466563790001576,116.3126,31.8438,116,31,116.5,31.5
6363,5185,172.83333333333334,0.5716000000000037,0.11500000000000199,0.03333333333333144,17.491609531430747,0.9803557510924179,0.1972374236802472,122.8571,32.962500000000006,122,32,122.5,32.5
6366,4705,156.83333333333334,0.2243999999999886,0.02990000000000137,0.06666666666666288,3.3957485551789874,0.9912394705628024,0.13207691697785495,115.5293,31.80955,115,31,115.5,31.5
6366,4765,158.83333333333334,-0.3633999999999986,-0.08889999999999532,0.03333333333333144,11.22347954067778,-0.9713565174229573,-0.23762684204429466,120.4905,32.54305,120,32,120.5,32.5
6373,4697,156.56666666666666,0.01249999999999929,0.0030000000000001137,0.03333333333333144,0.3856488039654752,0.9723873019805125,0.2333729524753451,-18.548650000000002,-8.7221,-19,-9,-18.5,-8.5
6373,4752,158.4,0.2469999999999999,0.053300000000000125,0.03333333333333144,7.580560731239246,0.9775002486905813,0.21093426419112601,-12.7712,-7.93545,-13,-8,-12.5,-7.5
6386,4724,157.46666666666667,0.23120000000000118,-9.999999999621423e-05,0.03333333333333144,6.936000648789326,0.9999999064606637,-0.0004325259110825264,-38.8731,-33.10925,-39,-34,-38.5,-33.5
6386,4764,158.8,-0.24260000000000304,-0.03119999999999834,0.03333333333333144,7.337941128137194,-0.9918313424583299,-0.127556215518128,-41.6148,-33.6229,-42,-34,-41.5,-33.5
6386,4804,160.13333333333333,0.14320000000000022,-0.005599999999994054,0.03333333333333144,4.299283661262896,0.999236230609245,-0.039076277174621664,-41.710899999999995,-33.846199999999996,-42,-34,-41.5,-33.5
6386,4844,161.46666666666667,-0.08449999999999847,-0.0016999999999995907,0.03333333333333144,2.535512965851387,-0.9997976875455983,-0.020114273003871464,-46.83125,-34.43645,-47,-35,-46.5,-34.5
6386,4884,162.8,-0.11580000000000013,-0.02449999999999619,0.03333333333333144,3.5509014348473955,-0.9783431232158379,-0.20698969359917338,-50.1502,-35.09085,-51,-36,-50.5,-35.5
6394,4721,157.36666666666667,0.08710000000000129,0.015000000000000568,0.03333333333333144,2.651465443863264,0.9854927606346505,0.16971746738829047,-15.94625,-8.18,-16,-9,-15.5,-8.5
6394,4761,158.7,-0.24519999999999875,-0.04750000000000032,0.03333333333333144,7.4927538996023255,-0.9817485131055481,-0.19018374540177035,-14.5918,-7.924250000000001,-15,-8,-14.5,-7.5
6394,4801,160.03333333333333,0.45840000000000103,0.08729999999999905,0.03333333333333144,13.999166582337072,0.9823441930715996,0.1870825655653349,-14.7303,-7.99025,-15,-8,-14.5,-7.5
6394,4841,161.36666666666667,-0.18959999999999866,-0.04079999999999906,0.03333333333333144,5.818205909041319,-0.9776209520466265,-0.2103741289214226,-17.3293,-8.415700000000001,-18,-9,-17.5,-8.5
6394,4881,162.7,-0.33999999999999986,-0.09249999999999936,0.03333333333333144,10.570743824348998,-0.9649273664645586,-0.26251700411167966,-19.8076,-8.726949999999999,-20,-9,-19.5,-8.5
6394,4921,164.03333333333333,0.05530000000000257,0.0051000000000005485,0.03333333333333144,1.666040215601225,0.9957742823161606,0.09183451789896437,-20.84985,-8.79675,-21,-9,-20.5,-8.5
6394,4961,165.36666666666667,-0.2646000000000015,-0.032300000000001106,0.03333333333333144,7.996924721416855,-0.9926315773289012,-0.12117157954544377,-15.939,-8.010950000000001,-16,-9,-15.5,-8.5
6394,5001,166.7,-0.46809999999999974,-0.13079999999999892,0.03333333333333144,14.58093361208478,-0.9631070529229936,-0.26911856979774956,-19.51885,-8.5256,-20,-9,-19.5,-8.5
6394,5041,168.03333333333333,-0.009399999999999409,-0.011499999999999844,0.03333333333333144,0.44558837507279,-0.6328710886003963,-0.7742571828622252,-19.7498,-8.35775,-20,-9,-19.5,-8.5
6394,5081,169.36666666666667,0.028400000000001313,0.007799999999999585,0.03333333333333144,0.8835496590459135,0.9642921496004038,0.26484080165078877,-15.0121,-7.6571,-16,-8,-15.5,-7.5
6394,5121,170.7,0.22770000000000223,0.06869999999999976,0.03333333333333144,7.135144147107798,0.9573737907971169,0.2888519078953055,-19.96515,-8.39285,-20,-9,-19.5,-8.5
6394,5161,172.03333333333333,0.09220000000000184,0.0016999999999995907,0.03333333333333144,2.766470133581994,0.9998300601274981,0.018435044492584637,-17.784,-8.01725,-18,-9,-17.5,-8.5
6394,5201,173.36666666666667,0.027200000000000557,0.00039999999999995595,0.03333333333333144,0.8160882305241897,0.9998918860475786,0.014704292441874236,-14.0467,-7.3283000000000005,-15,-8,-14.5,-7.5
6394,5241,174.7,-0.5892999999999997,-0.10780000000000012,0.03333333333333144,17.97236203174297,-0.983677046388013,-0.17994295876570163,-15.178650000000001,-7.4388000000000005,-16,-8,-15.5,-7.5
6405,4789,159.63333333333333,0.04560000000000031,0.006099999999999994,0.03333333333333144,1.380185857049782,0.9911708579047876,0.13259083844778854,9.3139,-7.04935,9,-8,9.5,-7.5
6405,4829,160.96666666666667,-0.16330000000000133,0.016300000000000203,0.03333333333333144,4.923344594887012,-0.9950552730125827,0.09932272474038681,11.44775,-6.03335,11,-7,11.5,-6.5
6407,4786,159.53333333333333,0.10360000000000014,-0.010600000000000165,0.03333333333333144,3.1242259841440947,0.9948063986964248,-0.10178521067743489,-14.6945,-3.0692,-15,-4,-14.5,-3.5
6407,4826,160.86666666666667,-0.10679999999999978,-0.03600000000000003,0.03333333333333144,3.3811264395170526,-0.9476131867040805,-0.3194201752935112,-10.9265,-2.3993,-11,-3,-10.5,-2.5
6407,4866,162.2,0.01869999999999905,0.014800000000000146,0.03333333333333144,0.7154418215340994,0.7841308449051367,0.6205955350051726,-18.59585,-4.257,-19,-5,-18.5,-4.5
6407,4906,163.53333333333333,0.4552000000000014,0.12199999999999989,0.03333333333333144,14.137960814771834,0.9659101605185207,0.25887750347816135,-20.329700000000003,-4.7016,-21,-5,-20.5,-4.5
6408,4795,159.83333333333334,0.14470000000000027,0.011199999999998766,0.03333333333333144,4.353984037637506,0.9970178949842232,0.07717070092482411,-128.16625,-27.6301,-129,-28,-128.5,-27.5
6408,4839,161.3,-0.09239999999999782,-0.02359999999999829,0.03333333333333144,2.86098724219464,-0.9688963163197167,-0.24746702451454758,-124.8233,-26.9369,-125,-27,-124.5,-26.5
6408,4887,162.9,-0.015999999999991132,0.02710000000000079,0.03333333333333144,0.9441234029510572,-0.508408115400402,0.8611162454599331,-125.5416,-26.93445,-126,-27,-125.5,-26.5
6420,4814,160.46666666666667,-0.06750000000000256,-0.03960000000000008,0.03333333333333144,2.347758292499665,-0.8625249057662442,-0.5060146113828451,-37.180949999999996,-4.6587,-38,-5,-37.5,-4.5
6420,4854,161.8,0.06069999999999709,0.021399999999999864,0.03333333333333144,1.9308560277763074,0.943105013426191,0.3324950129706973,-42.66625,-5.7439,-43,-6,-42.5,-5.5
6420,4927,164.23333333333332,0.2715999999999994,0.06080000000000041,0.03333333333333144,8.34966346627262,0.9758477132537415,0.2184519181363329,-42.5898,-5.5782,-43,-6,-42.5,-5.5
6420,4967,165.56666666666666,-0.03520000000000323,-0.010999999999999233,0.03333333333333144,1.1063616045400022,-0.9544799780350436,-0.29827499313590294,-39.9212,-4.859,-40,-5,-39.5,-4.5
6422,4806,160.2,0.19149999999999778,0.00870000000000104,0.03333333333333144,5.750925664621567,0.9989696155076807,0.045383998198005024,-40.47265,-18.54135,-41,-19,-40.5,-18.5
6422,4846,161.53333333333333,-0.30509999999999593,-0.05460000000000065,0.03333333333333144,9.298411315918846,-0.9843617032009,-0.17615912485994917,-45.82215,-20.3798,-46,-21,-45.5,-20.5
6422,4886,162.86666666666667,0.05320000000000391,-0.0030999999999998806,0.03333333333333144,1.598707290281953,0.998306575382372,-0.05817199969332719,-48.0075,-21.84465,-49,-22,-48.5,-21.5
6422,4926,164.2,0.060399999999994236,-0.01559999999999917,0.03333333333333144,1.8714614609977274,0.9682272586227361,-0.2500719409687967,-48.865700000000004,-22.9982,-49,-23,-48.5,-22.5
6422,4966,165.53333333333333,-0.09729999999999706,-0.02009999999999934,0.03333333333333144,2.98063248321568,-0.9793223473331037,-0.20230605530724907,-47.406549999999996,-23.77805,-48,-24,-47.5,-23.5
6429,4815,160.5,-0.33210000000001116,-0.03630000000000422,0.03333333333333144,10.022339547232392,-0.9940792719153208,-0.10865726459057248,127.74934999999999,34.09555,127,34,127.5,34.5
6429,4911,163.7,-0.05369999999999209,0.08859999999999957,0.03333333333333144,3.1080999018693505,-0.5183231076423659,0.8551848666130384,106.59885,29.7465,106,29,106.5,29.5
6429,4965,165.5,-0.5014000000000038,-0.1745999999999981,0.03333333333333144,15.927912857622989,-0.9443798528067645,-0.3288566459913403,120.01419999999999,33.0632,120,33,120.5,33.5
6429,5012,167.06666666666666,-0.0969000000000051,-0.03130000000000166,0.03333333333333144,3.0548927968100688,-0.9515882203905222,-0.3073757615915723,108.51975,30.64245,108,30,108.5,30.5
6443,4834,161.13333333333333,-0.3702000000000041,-0.03509999999999991,0.03333333333333144,11.155807680307907,-0.9955352690065576,-0.09439029698036115,50.5132,-18.04325,50,-19,50.5,-18.5
6443,4874,162.46666666666667,-0.537700000000001,-0.0838000000000001,0.03333333333333144,16.32572684446335,-0.98807239357135,-0.15399008105129083,41.98145,-18.670699999999997,41,-19,41.5,-18.5
6443,4914,163.8,-0.08140000000000214,-0.005300000000001859,0.03333333333333144,2.447170815452205,-0.9978870230801413,-0.06497298798926861,38.2913,-18.762549999999997,38,-19,38.5,-18.5
6443,4954,165.13333333333333,-0.2441999999999993,0.012699999999998823,0.03333333333333144,7.335900558214089,-0.9986503963439625,0.051936363773821395,44.0416,-17.75175,44,-18,44.5,-17.5
6443,4994,166.46666666666667,-0.547699999999999,-0.030300000000000438,0.03333333333333144,16.456124756455566,-0.9984732276385541,-0.055237792217361116,40.00095,-17.93945,40,-18,40.5,-17.5
6443,5038,167.93333333333334,0.3322999999999965,0.056100000000000705,0.03333333333333144,10.110066765358654,0.9860469007146869,0.16646774339480958,35.198350000000005,-18.16525,35,-19,35.5,-18.5
6443,5078,169.26666666666668,-0.17609999999999815,0.03399999999999892,0.03333333333335986,5.380565862430575,-0.9818669885418407,0.18957113918467847,40.87325,-17.3587,40,-18,40.5,-17.5
6443,5118,170.6,-0.0030999999999998806,0.0069000000000016826,0.03333333333333144,0.22693170778898678,-0.40981492144093884,0.9121686961107343,31.638849999999998,-17.93695,31,-18,31.5,-17.5
6443,5158,171.93333333333334,-0.22760000000000247,-0.05099999999999838,0.03333333333333144,6.997319772599107,-0.9758021959691356,-0.21865514936038574,33.4785,-17.5193,33,-18,33.5,-17.5
6443,5198,173.26666666666668,-0.023900000000004695,0.0030000000000001137,0.03333333333335986,0.7226264595206652,-0.992213875582653,0.12454567475930907,37.31175,-17.1463,37,-18,37.5,-17.5
6443,5238,174.6,-0.2787000000000006,-0.027000000000001023,0.03333333333333144,8.400144105907254,-0.9953400673353647,-0.09642691717996343,30.14675,-17.9605,30,-18,30.5,-17.5
6443,5278,175.93333333333334,0.23679999999999524,0.027999999999998693,0.03333333333333144,7.153489777724137,0.9930817294409245,0.1174252044947008,35.4451,-17.4737,35,-18,35.5,-17.5
6443,5318,177.26666666666668,-0.3304999999999936,-0.02979999999999805,0.03333333333335986,9.955222800110418,-0.9959596283351835,-0.08980210869708655,36.52815,-17.432299999999998,36,-18,36.5,-17.5
6443,5358,178.6,-0.02400000000000091,0.01839999999999975,0.03333333333333144,0.9072507922289871,-0.7936063612919311,0.6084315436571158,25.325,-18.369,25,-19,25.5,-18.5
6460,4884,162.8,-0.5436000000000121,-0.10470000000000113,0.03333333333333144,16.60773148265721,-0.9819522923423396,-0.18912878036836234,-128.1635,-27.52235,-129,-28,-128.5,-27.5
6464,4850,161.66666666666666,-0.04560000000000031,-0.007899999999999963,0.03333333333333144,1.388377830419459,-0.985322561356936,-0.17070281216490582,-28.6609,0.32075,-29,0,-28.5,0.5
6464,4890,163.0,-0.14699999999999847,-0.0938,0.03333333333333144,5.231318762989186,-0.8429996717463115,-0.5379140762571758,-27.5414,-0.5037,-28,-1,-27.5,-0.5
6469,4887,162.9,0.11329999999999996,0.09220000000000006,0.03333333333333144,4.382231965563004,0.7756321497151757,0.6311852092121736,1.81075,-6.4164,1,-7,1.5,-6.5
6469,4927,164.23333333333332,0.25,0.05940000000000012,0.03333333333333144,7.708795236611668,0.9729146734084201,0.23116452640184107,-0.021900000000000003,-6.1445,-1,-7,-0.5,-6.5
6469,4967,165.56666666666666,-0.21089999999999987,-0.03810000000000002,0.03333333333333144,6.429415058930684,-0.9840708590141385,-0.17777667012061982,1.4962499999999999,-5.37785,1,-6,1.5,-5.5
6469,5007,166.9,0.08790000000000031,0.07720000000000038,0.03333333333333144,3.5096474181891124,0.7513575256402204,0.6598953467511387,-5.45205,-6.1309000000000005,-6,-7,-5.5,-6.5
6469,5047,168.23333333333332,0.2873000000000001,0.05400000000000027,0.03333333333333144,8.76992365987349,0.9827907669751399,0.18472224649028124,-5.69375,-5.5952,-6,-6,-5.5,-5.5
6469,5087,169.56666666666666,-0.23140000000000027,-0.012599999999999945,0.03333333333333144,6.952283653592222,-0.998520823645263,-0.05437062393228281,-2.9882999999999997,-4.6592,-3,-5,-2.5,-4.5
6469,5127,170.9,0.22920000000000051,0.08319999999999972,0.03333333333333144,7.3150114148924095,0.9399848626349053,0.34121614559870717,-10.190100000000001,-5.4188,-11,-6,-10.5,-5.5
6469,5167,172.23333333333332,-0.03880000000000017,0.0019000000000000128,0.03333333333333144,1.16539478289555,-0.9988031670332235,0.048910464365029105,-9.974599999999999,-4.950749999999999,-10,-5,-9.5,-4.5
6469,5223,174.1,0.008899999999998798,0.017199999999999882,0.03333333333333144,0.5809862304736796,0.45956338721193674,0.8881449730389129,-11.19555,-4.357900000000001,-12,-5,-11.5,-4.5
6469,5263,175.43333333333334,0.15869999999999962,0.0365000000000002,0.03333333333333144,4.885298967310252,0.9745565280361073,0.22414186057541394,-13.91435,-4.72115,-14,-5,-13.5,-4.5
6469,5303,176.76666666666668,0.029600000000000293,0.010099999999999554,0.03333333333335986,0.9382712827314956,0.9464213776362804,0.32293432142317285,-10.5489,-4.30375,-11,-5,-10.5,-4.5
6469,5343,178.1,-0.12989999999999924,0.004799999999999471,0.03333333333333144,3.8996596005294544,-0.9993179916193468,0.03692629992126532,-17.09035,-5.7634,-18,-6,-17.5,-5.5
6469,5384,179.46666666666667,0.3460000000000001,0.07949999999999946,0.03333333333333144,10.650475341505318,0.9746043878012962,0.2239336671393136,-20.887700000000002,-6.58465,-21,-7,-20.5,-6.5
6469,5424,180.8,-0.41559999999999775,-0.0754999999999999,0.03333333333333144,12.672065695853087,-0.983896414306057,-0.17873960365762176,-27.2898,-7.77885,-28,-8,-27.5,-7.5
6472,4895,163.16666666666666,0.12219999999999942,0.15549999999999642,0.03333333333333144,5.933108881522643,0.6178885426183798,0.7862656986674,-57.913700000000006,-33.52945,-58,-34,-57.5,-33.5
6476,4903,163.43333333333334,0.056100000000000705,0.011099999999999,0.03333333333333144,1.7156275819653828,0.9809821302080673,0.19409806854382228,-72.19315,-30.38905,-73,-31,-72.5,-30.5
6477,4897,163.23333333333332,-0.008099999999998886,-0.0022999999999981924,0.03333333333333144,0.25260641322021804,-0.9619708260856271,-0.2731522098759886,-127.62385,-26.50205,-128,-27,-127.5,-26.5
6483,4915,163.83333333333334,0.09130000000000038,-0.042200000000000015,0.03333333333333144,3.0174288724013194,0.9077264505063299,-0.41956249957685626,-31.341450000000002,-1.2046000000000001,-32,-2,-31.5,-1.5
6483,5025,167.5,0.03640000000000043,-0.028699999999999726,0.03333333333333144,1.3906059830161217,0.7852691656277845,-0.6191545344372784,-21.7834,-2.77135,-22,-3,-21.5,-2.5
6486,4925,164.16666666666666,0.1757999999999953,-0.12420000000000009,0.03333333333333144,6.457410626559478,0.8167360425103021,-0.5770114703059289,-70.102,-12.586400000000001,-71,-13,-70.5,-12.5
6494,4935,164.5,-0.011399999999994748,-0.06150000000000011,0.03333333333333144,1.8764298548041447,-0.1822610097170718,-0.9832501840004474,-44.2162,-2.78435,-45,-3,-44.5,-2.5
6496,4911,163.7,-0.08789999999999765,0.0017999999999993577,0.03333333333333144,2.6375528430726116,-0.999790395451608,0.020473523456340164,48.535849999999996,22.7093,48,22,48.5,22.5
6496,4951,165.03333333333333,0.09440000000000026,-0.05239999999999867,0.03333333333333144,3.2390443034946452,0.874331974077875,-0.4853283415432136,57.6195,22.9958,57,22,57.5,22.5
6496,4993,166.43333333333334,-0.05380000000000251,-0.16440000000000055,0.03333333333333144,5.189375684993665,-0.31102007215770455,-0.9504033431733161,53.093199999999996,19.876,53,19,53.5,19.5
6496,5033,167.76666666666668,-0.2734000000000023,-0.08129999999999882,0.03333333333335986,8.556957695342685,-0.9585182365056757,-0.2850312093193476,46.313,16.62565,46,16,46.5,16.5
6512,4972,165.73333333333332,-0.2488000000000028,-0.06800000000000006,0.03333333333333144,7.73775781476831,-0.9646205242757396,-0.2636422654772894,-16.8979,-3.5782,-17,-4,-16.5,-3.5
6512,5012,167.06666666666666,-0.08660000000000068,-0.0034999999999998366,0.03333333333333144,2.600120958724973,-0.9991842845934964,-0.04038273667525458,-19.996000000000002,-3.89025,-20,-4,-19.5,-3.5
6512,5073,169.1,-0.14390000000000036,-0.0714999999999999,0.03333333333333144,4.820530468735026,-0.8955445936913863,-0.44497177518369607,-15.423549999999999,-3.1031500000000003,-16,-4,-15.5,-3.5
6512,5113,170.43333333333334,-0.06059999999999732,-0.040600000000000414,0.03333333333333144,2.1882979687419817,-0.8307826566439499,-0.5565969613819505,-18.540300000000002,-4.5555,-19,-5,-18.5,-4.5
6512,5153,171.76666666666668,-0.10679999999999978,-0.10529999999999973,0.03333333333335986,4.499432964270907,-0.7120897289591297,-0.7020884687209393,-15.5561,-5.10025,-16,-6,-15.5,-5.5
6512,5193,173.1,0.27779999999999916,0.04430000000000067,0.03333333333333144,8.439300741175641,0.9875225751037137,0.15747750207737693,-10.8721,-5.48795,-11,-6,-10.5,-5.5
6512,5233,174.43333333333334,0.8208000000000002,0.15219999999999967,0.03333333333333144,25.043756347642248,0.9832390819566347,0.18232089214644182,-14.8884,-6.9587,-15,-7,-14.5,-6.5
6528,5006,166.86666666666667,0.15970000000000084,-0.030400000000000205,0.03333333333333144,4.877030346430392,0.9823600961406642,-0.18699904146948176,-75.42185,-32.9414,-76,-33,-75.5,-32.5
6528,5048,168.26666666666668,0.09609999999999275,-0.0951999999999984,0.03333333333335986,4.058130727314272,0.7104256106371167,-0.703772301068236,-77.32475,-36.156499999999994,-78,-37,-77.5,-36.5
6542,5008,166.93333333333334,-0.24349999999999739,-0.06590000000000007,0.03333333333333144,7.567797169586759,-0.9652742847492605,-0.26123850252557296,-44.01775,-4.30785,-45,-5,-44.5,-4.5
6569,5052,168.4,0.1529999999999987,0.006800000000000139,0.03333333333333144,4.594531096858747,0.9990138064662086,0.044400613620721674,-18.3251,-7.9979000000000005,-19,-8,-18.5,-7.5
6569,5101,170.03333333333333,-0.0633999999999979,0.007899999999999352,0.03333333333333144,1.91670889808551,-0.9923259613913429,0.12364944944781112,-17.813499999999998,-7.74885,-18,-8,-17.5,-7.5
6575,5033,167.76666666666668,0.033699999999996066,0.04770000000000607,0.03333333333335986,1.7521078733900481,0.5770192665380554,0.8167305345362598,-59.80285,-34.39085,-60,-35,-59.5,-34.5
6575,5084,169.46666666666667,0.03140000000000498,0.02079999999999771,0.03333333333333144,1.1299292013220745,0.8336805517531675,0.5522469896962173,-55.1937,-31.547800000000002,-56,-32,-55.5,-31.5
6589,5046,168.2,0.0771000000000015,-0.031500000000001194,0.03333333333333144,2.4985984071076697,0.9257189924641237,-0.37821203972270345,-58.05015,-32.049850000000006,-59,-33,-58.5,-32.5
6589,5086,169.53333333333333,0.003900000000001569,-0.03170000000000073,0.03333333333333144,0.9581701310311009,0.12210775123427016,-0.9925168497756143,-56.14795,-33.63735,-57,-34,-56.5,-33.5
6589,5126,170.86666666666667,0.018799999999998818,-0.02930000000000632,0.03333333333333144,1.0443835502344996,0.5400314854378542,-0.8416448150709328,-61.0696,-35.46875,-62,-36,-61.5,-35.5
6594,5032,167.73333333333332,0.46000000000000085,0.14339999999999975,0.03333333333333144,14.455006191628712,0.9546865506009099,0.2976131551221087,-51.949200000000005,-13.6314,-52,-14,-51.5,-13.5
6594,5072,169.06666666666666,0.4172000000000011,0.10779999999999923,0.03333333333333144,12.927065096146908,0.9682012047522924,0.25017279451652946,-45.2213,-9.191099999999999,-46,-10,-45.5,-9.5
6600,5045,168.16666666666666,-0.13830000000000098,-0.09369999999999834,0.03333333333333144,5.011578793155189,-0.8278828232067241,-0.5609010884632547,-46.36165,-9.06785,-47,-10,-46.5,-9.5
6600,5114,170.46666666666667,-0.09240000000000492,-0.07379999999999853,0.03333333333333144,3.5476442888206896,-0.7813635681388383,-0.6240760966303252,-47.521100000000004,-12.7432,-48,-13,-47.5,-12.5
6608,5067,168.9,0.21940000000000026,0.044899999999998386,0.03333333333333144,6.718417447584297,0.9796950027817986,0.20049364459845542,-39.8107,-33.68475,-40,-34,-39.5,-33.5
6608,5107,170.23333333333332,-0.13810000000000144,-0.013599999999996726,0.03333333333333144,4.163041316153642,-0.9951858954472544,-0.09800527283185562,-41.25295,-32.1849,-42,-33,-41.5,-32.5
6626,5059,168.63333333333333,0.28070000000000306,-0.004899999999999238,0.03333333333333144,8.42228294466587,0.9998476725759835,-0.017453700020026733,-47.87205,-8.22575,-48,-9,-47.5,-8.5
6626,5110,170.33333333333334,-0.008600000000001273,-0.10479999999999912,0.03333333333333144,3.154568116240476,-0.08178615597862882,-0.9966499007626697,-52.8819,-13.344899999999999,-53,-14,-52.5,-13.5
6629,5083,169.43333333333334,0.14800000000000324,0.0013000000000000789,0.03333333333333144,4.440171280480416,0.9999614248034036,0.008783444947597804,-39.752700000000004,-2.1304499999999997,-40,-3,-39.5,-2.5
6633,5083,169.43333333333334,0.013199999999997658,-0.06990000000000052,0.03333333333333144,2.1340630262484113,0.18556152987482416,-0.9826326468373187,52.7234,15.60645,52,15,52.5,15.5
6633,5123,170.76666666666668,0.1916000000000011,0.038000000000000256,0.03333333333335986,5.859957679023436,0.9808944560421066,0.19454065412108604,41.954499999999996,12.0871,41,12,41.5,12.5
6633,5163,172.1,-0.4498999999999995,-0.15219999999999878,0.03333333333333144,14.248416227778522,-0.9472631753757433,-0.3204566687979265,43.82735,10.902899999999999,43,10,43.5,10.5
6650,5103,170.1,0.014000000000002899,0.008900000000000574,0.03333333333333144,0.49768363445075264,0.8439096062775421,0.5364853925620753,-27.9879,-9.25095,-28,-10,-27.5,-9.5
6656,5085,169.5,0.12049999999999983,0.02359999999999962,0.03333333333333144,3.6836787319202378,0.981355938745441,0.1921991714057433,-16.08055,2.232,-17,2,-16.5,2.5
6656,5125,170.83333333333334,0.19259999999999877,0.06869999999999998,0.03333333333333144,6.1345745573759105,0.9418746069445204,0.33596461836494784,-22.1169,1.6626500000000002,-23,1,-22.5,1.5
6656,5165,172.16666666666666,0.16540000000000177,0.0365000000000002,0.03333333333333144,5.081384555414348,0.9765055066956494,0.21549244857552005,-21.368499999999997,2.24995,-22,2,-21.5,2.5
6656,5205,173.5,-0.18799999999999883,0.020199999999999996,0.03333333333333144,5.672462957129228,-0.9942770966731229,0.10683190081275108,-19.594900000000003,3.297,-20,3,-19.5,3.5
6672,5100,170.0,-0.21250000000000568,-0.11639999999999873,0.03333333333333144,7.2687474161651755,-0.8770424441799956,-0.4804128964825771,-68.08295,-18.3553,-69,-19,-68.5,-18.5
6672,5140,171.33333333333334,-0.1634999999999991,-0.09169999999999945,0.03333333333333144,5.623791070088151,-0.872187451288685,-0.4891717998970788,-70.43795,-21.24955,-71,-22,-70.5,-21.5
6672,5187,172.9,0.05289999999999395,0.007200000000000983,0.03333333333333144,1.601631980200111,0.9908643306445628,0.13486244197812178,-73.06885,-26.241999999999997,-74,-27,-73.5,-26.5
6672,5227,174.23333333333332,-0.3704999999999927,-0.14620000000000033,0.03333333333333144,11.949067787907618,-0.9301980871887533,-0.3670579226639641,-76.65275,-29.5564,-77,-30,-76.5,-29.5
6679,5096,169.86666666666667,-0.31460000000000043,-0.04880000000000018,0.03333333333333144,9.550871164454614,-0.988182107944861,-0.15328444649621528,-12.6201,-1.9082,-13,-2,-12.5,-1.5
6679,5136,171.2,0.4430999999999994,0.0945999999999998,0.03333333333333144,13.592574921626161,0.977960399456854,0.20879046217246292,-12.20775,-1.1875,-13,-2,-12.5,-1.5
6679,5176,172.53333333333333,0.0045000000000001705,-0.020100000000000007,0.03333333333333144,0.6179271801758238,0.2184723448507317,-0.9758431403332315,-9.37815,-0.73255,-10,-1,-9.5,-0.5
6681,5117,170.56666666666666,-0.0037999999999982492,0.007299999999999973,0.03333333333333144,0.24689471440270772,-0.4617352796545073,0.8870177740735379,-34.609,0.40285,-35,0,-34.5,0.5
6681,5157,171.9,0.002400000000001512,-0.0016999999999999238,0.03333333333333144,0.08823264701915717,0.816024481101839,-0.5780173407800793,-32.7278,0.8725499999999999,-33,0,-32.5,0.5
6681,5197,173.23333333333332,0.057099999999998374,0.04580000000000006,0.03333333333333144,2.1959610652287047,0.7800684753131738,0.6256941535787115,-29.43515,1.5781999999999998,-30,1,-29.5,1.5
6681,5262,175.4,0.4482999999999997,0.12729999999999997,0.03333333333333144,13.980713930269154,0.9619680416235967,0.27316201583467303,-31.51695,1.23515,-32,1,-31.5,1.5
6681,5302,176.73333333333332,-0.514599999999998,-0.09080000000000021,0.03333333333333144,15.676479834453461,-0.9847874116529325,-0.1737634997630914,-27.5066,2.0484999999999998,-28,2,-27.5,2.5
6688,5120,170.66666666666666,0.10479999999999734,0.052999999999999936,0.03333333333333144,3.5231854904334665,0.8923742472648764,0.4512961364984694,-34.5145,1.4636,-35,1,-34.5,1.5
6690,5129,170.96666666666667,0.4129999999999967,0.11629999999999985,0.03333333333333144,12.8718771358344,0.9625635693420129,0.2710560365967963,-25.6906,-6.25925,-26,-7,-25.5,-6.5
6690,5169,172.3,0.19899999999999807,0.0376000000000003,0.03333333333333144,6.075630337668967,0.9826140940448966,0.18565974842255661,-24.2271,-6.1782,-25,-7,-24.5,-6.5
6695,5124,170.8,-0.15859999999999985,-0.09130000000000038,0.03333333333333144,5.490053278430315,-0.8666582560671701,-0.49890226216225114,42.0042,12.91445,42,12,42.5,12.5
6695,5164,172.13333333333333,-0.46640000000000015,-0.14510000000000112,0.03333333333333144,14.65348671818502,-0.9548580668269679,-0.2970624045810336,44.557500000000005,12.022549999999999,44,12,44.5,12.5
6695,5204,173.46666666666667,0.07800000000000296,0.036099999999999355,0.03333333333333144,2.5784664046679238,0.9075161870497926,0.42001710708327805,46.762,11.37105,46,11,46.5,11.5
6695,5244,174.8,-0.40039999999999765,-0.11749999999999972,0.03333333333333144,12.518537015163394,-0.9595370437816154,-0.28158242418666385,38.482699999999994,8.84375,38,8,38.5,8.5
6703,5112,170.4,0.001999999999995339,-0.027699999999999392,0.03333333333333144,0.8331632493095407,0.0720146982594189,-0.9974035708952544,-51.6282,-27.94715,-52,-28,-51.5,-27.5
6705,5140,171.33333333333334,-0.08520000000000039,-0.029800000000000715,0.03333333333333144,2.7078352977980273,-0.943927425009438,-0.33015301954556103,-24.8259,-7.7978000000000005,-25,-8,-24.5,-7.5
6705,5180,172.66666666666666,0.24380000000000024,0.0387000000000004,0.03333333333333144,7.40557337415587,0.9876345328674992,0.1567738163329474,-23.4921,-7.82355,-24,-8,-23.5,-7.5
6705,5220,174.0,-0.05630000000000024,-0.016799999999999926,0.03333333333333144,1.7625938272898765,-0.958246859741402,-0.2859422245764727,-23.12915,-7.3835,-24,-8,-23.5,-7.5
6705,5260,175.33333333333334,0.0002999999999993008,-0.0027999999999996916,0.03333333333333144,0.08448076704196571,0.10653312363403138,-0.994309153919834,-24.94415,-7.8103,-25,-8,-24.5,-7.5
6705,5300,176.66666666666666,-0.12120000000000175,-0.0041999999999999815,0.03333333333333144,3.638182513289003,-0.9994001089058144,-0.034632677041289944,-21.0888,-7.2438,-22,-8,-21.5,-7.5
6705,5340,178.0,-0.13480000000000203,-0.016500000000000625,0.03333333333333144,4.074182249237556,-0.9925918264351296,-0.12149677400727012,-25.3191,-7.49545,-26,-8,-25.5,-7.5
6719,5143,171.43333333333334,0.09009999999999962,0.10070000000000001,0.03333333333333144,4.053720513306487,0.6667948594698242,0.7452413135251008,-46.373050000000006,-1.48795,-47,-2,-46.5,-1.5
6725,5163,172.1,-0.014499999999998181,-0.03339999999999854,0.03333333333333144,1.0923502185654566,-0.3982239327706088,-0.9172882313475463,-46.51985,-8.817499999999999,-47,-9,-46.5,-8.5
6725,5212,173.73333333333332,-0.2366000000000028,-0.041700000000000514,0.03333333333333144,7.207399322918576,-0.984821248550748,-0.17357162326528408,-45.739000000000004,-10.68645,-46,-11,-45.5,-10.5
6725,5252,175.06666666666666,-0.08040000000000447,-0.051000000000000156,0.03333333333333144,2.8563340140819644,-0.8444390565350237,-0.5356516403393525,-48.8368,-12.830400000000001,-49,-13,-48.5,-12.5
6725,5293,176.43333333333334,0.10849999999999937,-0.03330000000000055,0.03333333333333144,3.4048533008047834,0.9559883238525438,-0.2934047113759486,-40.94555,-13.44875,-41,-14,-40.5,-13.5
6726,5162,172.06666666666666,0.3254000000000019,0.08680000000000021,0.03333333333333144,10.103339052017049,0.966215223476214,0.2577365746703598,44.923,10.5631,44,10,44.5,10.5
6726,5210,173.66666666666666,-0.09450000000000358,-0.033500000000000085,0.03333333333333144,3.0078646911059086,-0.9425290999236796,-0.33412407245970527,45.795950000000005,10.02245,45,10,45.5,10.5
6726,5250,175.0,-0.23179999999999978,-0.04899999999999949,0.03333333333333144,7.1076730369373085,-0.9783792760108255,-0.20681874255621222,37.4541,7.4558,37,7,37.5,7.5
6733,5156,171.86666666666667,0.07140000000000413,-0.0730000000000004,0.03333333333333144,3.063374609805606,0.6992288808374537,-0.7148978753659867,-44.0817,-14.2993,-45,-15,-44.5,-14.5
6733,5198,173.26666666666668,-0.0905999999999949,-0.07650000000000112,0.03333333333335986,3.557323291462161,-0.76405762909463,-0.6451479980766373,-40.8153,-16.03615,-41,-17,-40.5,-16.5
6733,5239,174.63333333333333,-0.11209999999999809,-0.06879999999999953,0.03333333333333144,3.94586682491963,-0.8522842126251009,-0.5230789815219228,-45.69885,-19.014400000000002,-46,-20,-45.5,-19.5
6733,5280,176.0,-0.028300000000001546,-0.05940000000000012,0.03333333333333144,1.973911092222883,-0.43011055733214876,-0.9027762228101869,-44.61775,-20.8016,-45,-21,-44.5,-20.5
6733,5320,177.33333333333334,-0.20179999999999865,-0.10409999999999897,0.03333333333333144,6.812051453123691,-0.8887190652713317,-0.45845220364095807,-46.048500000000004,-23.11385,-47,-24,-46.5,-23.5
6733,5360,178.66666666666666,0.029299999999999216,-0.0370999999999988,0.03333333333333144,1.4182418693580117,0.6197814484195977,-0.784774461992046,-52.04474999999999,-25.581850000000003,-53,-26,-52.5,-25.5
6733,5400,180.0,0.11540000000000106,-0.049500000000001876,0.03333333333333144,3.7670504376769367,0.9190214087324973,-0.3942076233298087,-51.48909999999999,-27.40325,-52,-28,-51.5,-27.5
6733,5440,181.3333333333333,-0.09530000000000172,-0.0835000000000008,0.033333333333274595,3.801171661481672,-0.752136513321966,-0.6590073332883907,-56.18055,-29.62575,-57,-30,-56.5,-29.5
6737,5191,173.03333333333333,0.10040000000000049,0.07929999999999637,0.03333333333333144,3.8382007503518163,0.7847426947962793,0.619821670292249,-56.9868,-34.065349999999995,-57,-35,-56.5,-34.5
6737,5243,174.76666666666668,-0.029699999999998283,0.036000000000001364,0.03333333333335986,1.4001003535450152,-0.6363829547955275,0.7713732785401072,-57.199749999999995,-31.0507,-58,-32,-57.5,-31.5
6752,5203,173.43333333333334,-0.07119999999999749,-0.03549999999999898,0.03333333333333144,2.386780467491776,-0.8949293950962861,-0.44620777424042646,-53.7775,-30.41865,-54,-31,-53.5,-30.5
6752,5244,174.8,-0.1851000000000056,-0.051400000000001,0.03333333333333144,5.76312181026965,-0.9635402795244171,-0.26756331911158565,-57.01115,-31.7482,-58,-32,-57.5,-31.5
6752,5284,176.13333333333333,0.1634999999999991,-0.006799999999998363,0.03333333333333144,4.909240368937179,0.9991362474398772,-0.04155429041339185,-54.95475,-32.5999,-55,-33,-54.5,-32.5
6752,5324,177.46666666666667,-0.06289999999999907,-0.009900000000001796,0.03333333333333144,1.9102298291044302,-0.9878392491047836,-0.15547867354752426,-56.38695,-33.75665,-57,-34,-56.5,-33.5
6752,5364,178.8,0.06069999999999709,-0.008200000000002206,0.03333333333333144,1.83754101995033,0.990998285333102,-0.13387456243383875,-60.75405,-34.9846,-61,-35,-60.5,-34.5
6752,5404,180.13333333333333,-0.026899999999997704,-0.024600000000006617,0.03333333333333144,1.093568927868892,-0.7379507404006346,-0.6748545804409681,-61.06085,-35.9405,-62,-36,-61.5,-35.5
6758,5211,173.7,-0.3224000000000018,0.02149999999999963,0.03333333333333144,9.693482810631673,-0.9977837882368237,0.06653955163489833,52.0732,14.13235,52,14,52.5,14.5
6758,5256,175.2,0.3579000000000008,0.15809999999999924,0.03333333333333144,11.737939256957157,0.9147261512396003,0.40407433504045764,46.90035,14.80435,46,14,46.5,14.5
6760,5217,173.9,-0.027599999999999625,0.008599999999999997,0.03333333333333144,0.8672646654857252,-0.9547258558450568,0.29748704203868104,-7.2017,-0.1635,-8,-1,-7.5,-0.5
6760,5257,175.23333333333332,-0.13830000000000098,-0.026100000000000012,0.03333333333333144,4.2222375584519485,-0.982654325476055,-0.18544669482953627,-9.88355,-0.65305,-10,-1,-9.5,-0.5
6760,5297,176.56666666666666,0.07099999999999973,0.015400000000000025,0.03333333333333144,2.1795283893541066,0.9772756392640193,0.21197246260092928,-4.6165,0.27290000000000003,-5,0,-4.5,0.5
6760,5337,177.9,-0.39169999999999927,-0.09300000000000003,0.03333333333333144,12.077669518579157,-0.9729526033084451,-0.23100483050213325,-8.128449999999999,-0.38280000000000003,-9,-1,-8.5,-0.5
6760,5377,179.23333333333332,0.1291000000000011,0.027100000000000013,0.03333333333333144,3.9574105169923977,0.9786702651570512,0.20543736782150174,-10.75535,-0.75695,-11,-1,-10.5,-0.5
6760,5417,180.56666666666663,0.0039999999999995595,-0.018899999999999917,0.03333333333330302,0.5795593153427914,0.20705387149047833,-0.9783295427926135,-10.707899999999999,-1.19085,-11,-2,-10.5,-1.5
6766,5204,173.46666666666667,-0.1256000000000057,-0.0823999999999998,0.03333333333333144,4.506507295012798,-0.8361242428632714,-0.548540108375241,-42.7198,-7.861,-43,-8,-42.5,-7.5
6766,5247,174.9,-0.1938999999999993,-0.06869999999999976,0.03333333333333144,6.171321576453788,-0.9425857861944247,-0.33396412331901487,-46.66495,-10.30885,-47,-11,-46.5,-10.5
6766,5294,176.46666666666667,-0.26729999999999876,-0.0818000000000012,0.03333333333333144,8.386088301467352,-0.9562265160739244,-0.29262749350859907,-43.85235,-11.7798,-44,-12,-43.5,-11.5
6766,5334,177.8,-0.12599999999999767,-0.053599999999999426,0.03333333333333144,4.107805253417125,-0.9201994171597372,-0.3914499107917643,-45.0059,-13.6168,-46,-14,-45.5,-13.5
6766,5374,179.13333333333333,0.057300000000005014,0.039699999999999847,0.03333333333333144,2.091277599937656,0.821985565212143,0.5695083235413455,-44.751850000000005,-15.02815,-45,-16,-44.5,-15.5
6782,5228,174.26666666666668,-0.126100000000001,0.02049999999999841,0.03333333333335986,3.8326640865039012,-0.9870418890395937,0.1604627971872319,-38.494150000000005,-27.17445,-39,-28,-38.5,-27.5
6782,5268,175.6,0.18350000000000222,0.048100000000001586,0.03333333333333144,5.690981813360903,0.9673199072743673,0.2535590601629321,-37.129549999999995,-25.248849999999997,-38,-26,-37.5,-25.5
6782,5308,176.93333333333334,-0.04180000000000206,0.06580000000000297,0.03333333333333144,2.33863036839966,-0.5362112871467813,0.844083796513351,-35.5603,-23.4405,-36,-24,-35.5,-23.5
6782,5348,178.26666666666668,-0.1518999999999977,0.030300000000000438,0.03333333333335986,4.646776301907058,-0.980679874373572,0.1956194877782759,-40.66395,-22.18895,-41,-23,-40.5,-22.5
6782,5388,179.6,-0.03059999999999974,0.042899999999999494,0.03333333333333144,1.5808519854813197,-0.5806995268570588,0.8141179641231289,-40.8822,-20.237949999999998,-41,-21,-40.5,-20.5
6782,5428,180.9333333333333,-0.4299999999999997,-0.022400000000001086,0.03333333333330302,12.91749139733808,-0.9986459137623299,-0.052022484809947186,-44.561499999999995,-18.951500000000003,-45,-19,-44.5,-18.5
6785,5233,174.43333333333334,-0.12510000000000332,-0.03529999999999944,0.03333333333333144,3.899549974035778,-0.9624187470320336,-0.27156979832317624,-56.59055,-30.96065,-57,-31,-56.5,-30.5
6785,5278,175.93333333333334,0.0020000000000024443,0.0036999999999984823,0.03333333333333144,0.1261784450688805,0.4755170343660748,0.8797065135758024,-55.688199999999995,-31.90235,-56,-32,-55.5,-31.5
6785,5318,177.26666666666668,-0.17079999999999984,-0.035000000000003695,0.03333333333335986,5.230475695379593,-0.9796432099899188,-0.20074655942418507,-55.4517,-33.041399999999996,-56,-34,-55.5,-33.5
6785,5358,178.6,0.10259999999999536,0.012700000000002376,0.03333333333333144,3.1014907705811883,0.9924259743720757,0.12284415082386248,-61.1935,-34.369749999999996,-62,-35,-61.5,-34.5
6785,5402,180.06666666666666,0.02790000000000248,-0.020600000000001728,0.03333333333333144,1.0404292383436329,0.804475661730373,-0.5939856140374767,-61.44805,-35.4236,-62,-36,-61.5,-35.5
6797,5226,174.2,-0.4680000000000035,-0.2613000000000021,0.06666666666666288,8.040079617143622,-0.873125682117863,-0.48749517251580704,52.6081,20.36455,52,20,52.5,20.5
6802,5237,174.56666666666666,-0.029699999999998283,-0.037499999999999645,0.03333333333333144,1.435097906067777,-0.620863563546945,-0.7839186408421402,-23.67115,-11.07205,-24,-12,-23.5,-11.5
6802,5277,175.9,0.20349999999999824,0.0030000000000001137,0.03333333333333144,6.105663354624426,0.9998913542091001,0.014740413084164324,-18.68215,-11.0424,-19,-12,-18.5,-11.5
6802,5317,177.23333333333332,-0.10259999999999891,-0.03769999999999918,0.03333333333333144,3.2792140826730063,-0.9386395405728293,-0.34489971422607474,-16.0933,-11.495049999999999,-17,-12,-16.5,-11.5
6802,5357,178.56666666666666,0.17280000000000229,0.01159999999999961,0.03333333333333144,5.195667425846633,0.9977543932492237,0.06697888288015309,-19.9649,-12.475100000000001,-20,-13,-19.5,-12.5
6802,5397,179.9,0.07050000000000267,0.0057000000000009265,0.03333333333333144,2.1219015057256687,0.996747490066412,0.08058809494154973,-16.10735,-12.14485,-17,-13,-16.5,-12.5
6802,5437,181.2333333333333,0.1485999999999983,0.024100000000000676,0.03333333333330302,4.516247668146275,0.9871026408597781,0.16008865171414263,-20.907400000000003,-13.29405,-21,-14,-20.5,-13.5
6821,5258,175.26666666666668,0.2433000000000014,0.08399999999999963,0.03333333333335986,7.721774472224999,0.9452490520473664,0.3263498576735634,-24.440849999999998,-8.789,-25,-9,-24.5,-8.5
6821,5298,176.6,-0.02919999999999945,-0.00590000000000046,0.03333333333333144,0.8937029707906686,-0.9801914379058477,-0.19805237957688568,-21.356900000000003,-7.95725,-22,-8,-21.5,-7.5
6821,5338,177.93333333333334,-0.30570000000000164,-0.058400000000000674,0.03333333333333144,9.336848772471946,-0.9822371791047585,-0.187643608962114,-25.29645,-8.384,-26,-9,-25.5,-8.5
6821,5378,179.26666666666668,-0.30020000000000024,-0.0813000000000006,0.03333333333335986,9.33042105158506,-0.9652297522482003,-0.26140299419646634,-28.257199999999997,-8.238050000000001,-29,-9,-28.5,-8.5
6821,5418,180.6,-0.2228999999999992,-0.00990000000000002,0.03333333333335986,6.693592309061582,-0.9990151313730292,-0.04437079318345915,-29.61105,-8.049949999999999,-30,-9,-29.5,-8.5
6832,5283,176.1,0.2569999999999997,0.054199999999999804,0.03333333333333144,7.879592375244222,0.9784770116057511,0.20635585225304118,-5.1803,-6.1063,-6,-7,-5.5,-6.5
6832,5323,177.43333333333334,-0.3045,-0.05910000000000082,0.03333333333333144,9.305469037077602,-0.9816807689759808,-0.19053311476676937,-4.315049999999999,-6.67265,-5,-7,-4.5,-6.5
6832,5363,178.76666666666668,0.242,0.04350000000000076,0.03333333333335986,7.376355807572833,0.9842258412400394,0.17691662848736556,-8.0397,-7.4163499999999996,-9,-8,-8.5,-7.5
6832,5403,180.1,0.2668999999999997,0.04929999999999968,0.03333333333333144,8.142449877033776,0.9833649725722753,0.18164066372354032,-5.14145,-7.14565,-6,-8,-5.5,-7.5
6850,5298,176.6,-0.07550000000000523,-0.04619999999999891,0.03333333333333144,2.655413527118031,-0.8529744903644186,-0.5219526020507613,-52.07105,-33.0326,-53,-34,-52.5,-33.5
6850,5338,177.93333333333334,-0.205600000000004,-0.052099999999995816,0.03333333333333144,6.362954738170443,-0.969360973605475,-0.2456405969107014,-55.3639,-34.28145,-56,-35,-55.5,-34.5
6855,5275,175.83333333333334,0.25479999999999947,0.05250000000000021,0.03333333333333144,7.804573082495076,0.9794257698919102,0.2018047602799278,-13.5486,-7.10745,-14,-8,-13.5,-7.5
6855,5315,177.16666666666666,0.20480000000000054,0.022499999999999964,0.03333333333333144,6.180967642691923,0.9940191172598573,0.10920620184739596,-12.3661,-7.09465,-13,-8,-12.5,-7.5
6895,5302,176.73333333333332,0.01379999999999626,0.018899999999998585,0.03333333333333144,0.7020576899371697,0.5896951289529527,0.8076259374792023,53.1773,16.358150000000002,53,16,53.5,16.5
6895,5342,178.06666666666666,-0.4095999999999975,-0.1053999999999995,0.03333333333333144,12.688309107206381,-0.9684505552455055,-0.24920578252655373,44.3626,13.2502,44,13,44.5,13.5
6895,5382,179.4,-0.7710000000000008,-0.14329999999999998,0.03333333333333144,23.52611954828216,-0.983162563317428,-0.18273306786431553,39.874,11.43945,39,11,39.5,11.5
6895,5436,181.2,0.12170000000000059,0.03729999999999922,0.03333333333335986,3.8186335252255965,0.9561011749042923,0.29303676108405247,26.80655,7.95105,26,7,26.5,7.5
6900,5331,177.7,-0.5504000000000033,-0.0826000000000029,0.03333333333333144,16.69690474309641,-0.9889258071516623,-0.14841074068083154,55.736999999999995,19.6928,55,19,55.5,19.5
6900,5371,179.03333333333333,-0.4281999999999968,-0.053300000000000125,0.03333333333333144,12.945134877629378,-0.9923419200675877,-0.12352130859318763,50.248000000000005,20.50675,50,20,50.5,20.5
6900,5415,180.5,-0.2569000000000017,-0.020999999999997243,0.03333333333333144,7.732706447293048,-0.9966756209526667,-0.08147212160374899,51.60765,22.664,51,22,51.5,22.5
6908,5317,177.23333333333332,-0.09530000000000172,-0.010299999999999976,0.03333333333333144,2.8756498396016914,-0.9942100601498187,-0.10745397292280089,-36.744150000000005,-3.88825,-37,-4,-36.5,-3.5
6908,5357,178.56666666666666,-0.07630000000000337,0.009399999999999409,0.03333333333333144,2.3063054871376116,-0.992496446271366,0.12227348092987997,-42.37095,-4.8986,-43,-5,-42.5,-4.5
6908,5397,179.9,0.37409999999999854,0.08529999999999927,0.03333333333333144,11.511047302483556,0.9749764469805615,0.22230818211024192,-40.71485,-4.4186499999999995,-41,-5,-40.5,-4.5
6908,5437,181.2333333333333,0.08689999999999998,0.011800000000000033,0.03333333333330302,2.6309247423696083,0.9909063372349871,0.13455344970509647,-46.32885,-5.6023,-47,-6,-46.5,-5.5
6931,5322,177.4,-0.47110000000000696,-0.12950000000000017,0.03333333333333144,14.657247831705321,-0.9642328602392667,-0.26505658119504005,132.56005,33.96655,132,33,132.5,33.5
6938,5339,177.96666666666667,-0.1706000000000074,-0.014699999999999935,0.03333333333333144,5.136964570639481,-0.9963082146317768,-0.08584836315994383,72.9268,2.0993500000000003,72,2,72.5,2.5
6938,5382,179.4,0.22870000000000346,0.03639999999999999,0.03333333333333144,6.947358130973738,0.9875696445547798,0.15718205099166344,69.63485,1.3591,69,1,69.5,1.5
6938,5422,180.7333333333333,-0.648699999999991,-0.0958,0.03333333333330302,19.67207149744768,-0.989270499679831,-0.14609544299264549,66.04235,0.6488,66,0,66.5,0.5
6947,5354,178.46666666666667,-0.22650000000000148,-0.00930000000000053,0.03333333333333144,6.800725402485081,-0.9991581188555918,-0.0410250353437416,-19.26035,-7.578749999999999,-20,-8,-19.5,-7.5
6947,5394,179.8,-0.06449999999999889,-0.0035999999999996035,0.03333333333333144,1.9380116098724218,-0.9984460310469744,-0.05572722033750036,-17.48335,-6.5908,-18,-7,-17.5,-6.5
6947,5434,181.13333333333333,-0.06009999999999849,-0.0011999999999998678,0.03333333333333144,1.8033593651849336,-0.9998007245855628,-0.019962743252954634,-23.68505,-7.3644,-24,-8,-23.5,-7.5
6965,5335,177.83333333333334,-0.3436000000000021,-0.07899999999999996,0.03333333333333144,10.57694492753054,-0.974572532108978,-0.22407226436731298,-30.2789,1.4827,-31,1,-30.5,1.5
6965,5375,179.16666666666666,0.02009999999999934,0.02079999999999993,0.03333333333333144,0.8677470829683376,0.6949029410013203,0.7191035409367108,-33.35565,0.9374,-34,0,-33.5,0.5
6965,5415,180.5,-0.1851000000000056,-0.021700000000000053,0.03333333333333144,5.591029422208885,-0.9931981359179868,-0.1164365183653145,-33.17315,1.01135,-34,1,-33.5,1.5
6967,5336,177.86666666666667,-0.9697999999999993,-0.23599999999999888,0.03333333333333144,29.943066576423,-0.9716439672518407,-0.23644872785258142,47.481899999999996,14.929400000000001,47,14,47.5,14.5
6967,5376,179.2,0.20400000000000063,0.042500000000000426,0.03333333333333144,6.25140184278732,0.9789804197376047,0.2039542541120024,39.4939,12.19885,39,12,39.5,12.5
6980,5344,178.13333333333333,-0.14049999999999585,0.060899999999996624,0.03333333333333144,4.5939257721474975,-0.9175159131989526,0.3976990684257279,-60.01705,-35.140249999999995,-61,-36,-60.5,-35.5
6991,5398,179.93333333333334,0.18009999999999593,0.06790000000000163,0.03333333333333144,5.774233975169579,0.9357085326355361,0.3527740664406211,115.21164999999999,32.474450000000004,115,32,115.5,32.5
6991,5438,181.26666666666668,-0.4291999999999945,-0.06520000000000081,0.03333333333338828,13.023721127213857,-0.9886575329898167,-0.15018749103200765,99.1132,28.956400000000002,99,28,99.5,28.5
6996,5371,179.03333333333333,-0.1051000000000002,0.01910000000000167,0.03333333333333144,3.2046431938674953,-0.983884884917567,0.1788030571068234,-44.806650000000005,-34.313649999999996,-45,-35,-44.5,-34.5
6996,5411,180.36666666666667,-0.12460000000000093,0.01839999999999975,0.03333333333338828,3.7785378124286555,-0.9892715609986886,0.1460882561988402,-43.0999,-32.8547,-44,-33,-43.5,-32.5
6998,5364,178.8,0.07440000000000424,0.03399999999999892,0.03333333333333144,2.4540220047915597,0.9095272966754984,0.4156441947172607,-57.387699999999995,-35.766999999999996,-58,-36,-57.5,-35.5
6998,5412,180.4,-0.12689999999999912,0.012800000000005696,0.03333333333333144,3.826317420183746,-0.9949514329151949,0.10035759134216116,-55.695449999999994,-34.0624,-56,-35,-55.5,-34.5
7006,5374,179.13333333333333,-0.00549999999999784,0.04840000000000089,0.03333333333333144,1.461344928482081,-0.11290968804424041,0.993605254789724,-60.27805,-33.6993,-61,-34,-60.5,-33.5
7006,5414,180.46666666666667,-0.1991000000000014,0.03359999999999985,0.03333333333335986,6.0574576350100955,-0.9860572470987383,0.16640644652193487,-59.34655,-31.7315,-60,-32,-59.5,-31.5
7009,5390,179.66666666666666,0.15060000000000073,0.01690000000000058,0.03333333333333144,4.546358212899921,0.9937624332330042,0.11151782949294999,-17.721600000000002,-7.7749500000000005,-18,-8,-17.5,-7.5
7009,5430,181.0,-0.6606999999999985,-0.13790000000000013,0.03333333333333144,20.248131024863625,-0.9789051629339,-0.20431515357739555,-23.01285,-8.48885,-24,-9,-23.5,-8.5
7014,5398,179.93333333333334,-0.11939999999999884,-0.012299999999999756,0.03333333333333144,3.60095612303194,-0.9947358083841882,-0.10247278428078216,-41.1637,-3.91465,-42,-4,-41.5,-3.5
7016,5378,179.26666666666668,-0.7395999999999958,-0.09309999999999974,0.03333333333335986,22.363098913147045,-0.99217018563282,-0.12489324537914522,96.9482,-13.39175,96,-14,96.5,-13.5
7016,5418,180.6,-0.5360999999999905,-0.0495000000000001,0.03333333333335986,16.15141213639153,-0.9957643247644908,-0.09194242506219599,94.50195,-13.56655,94,-14,94.5,-13.5
7041,5413,180.4333333333333,-0.16960000000000264,-0.021100000000000563,0.03333333333330302,5.1272246878841425,-0.9923497232387483,-0.12345860353972772,22.1553,-18.28465,22,-19,22.5,-18.5
7047,5415,180.5,-0.11619999999999919,0.043699999999999406,0.03333333333333144,3.7243680000775115,-0.9359977316762531,0.35200603162006877,-53.0364,-14.19755,-54,-15,-53.5,-14.5
7050,5420,180.66666666666663,-0.47529999999999895,-0.1028,0.03333333333330302,14.588698948171706,-0.9774003871537779,-0.2113965070469358,-10.74195,-0.7967,-11,-1,-10.5,-0.5
7056,5432,181.06666666666663,-1.4617999999999967,-0.38789999999999836,0.03333333333330302,45.37172120389235,-0.9665491816580597,-0.2564813432515807,107.8577,28.165750000000003,107,28,107.5,28.5